{
    "hyperparameters": {
        "activation": "tanh",
        "dropout_rate": 0.1704443501474,
        "hidden_units": 47,
        "learning_rate": 0.0725089943776,
        "num_layers": 2,
        "weight_decay": 0.0068265513536
    },
    "dataset_stats": {
        "name": "CinCECGTorso",
        "train_size": 52,
        "val_size": 13,
        "input_shape": [
            1639,
            1
        ],
        "num_classes": 4
    },
    "epochs": 40,
    "train_loss": [
        1.6478978395462036,
        1.1299372911453247,
        0.9388962984085083,
        0.7379744648933411,
        0.647280752658844,
        0.591769814491272,
        0.5023078322410583,
        0.5919533967971802,
        0.4695107340812683,
        0.572141170501709,
        0.3972221612930298,
        0.4475421905517578,
        0.5964647531509399,
        0.4955439865589142,
        0.5059719681739807,
        0.4059341251850128,
        0.5868543982505798,
        0.6265062689781189,
        0.6163855791091919,
        0.5554550886154175,
        0.5247778296470642,
        0.3808201253414154,
        0.30508655309677124,
        0.34205421805381775,
        0.4895760416984558,
        0.3651311695575714,
        0.25135722756385803,
        0.3349984288215637,
        0.17038008570671082,
        0.22987636923789978,
        0.3880315124988556,
        0.3193834722042084,
        0.43205201625823975,
        0.3601153790950775,
        0.39974719285964966,
        0.4216229319572449,
        0.2363034188747406,
        0.4768468141555786,
        0.2294061928987503,
        0.22193863987922668
    ],
    "val_loss": [
        1.4192944765090942,
        3.5216786861419678,
        3.633908271789551,
        3.9781229496002197,
        2.958611488342285,
        2.249854803085327,
        1.549324870109558,
        1.2561980485916138,
        1.1158394813537598,
        0.8968420028686523,
        0.6487153768539429,
        0.7188384532928467,
        0.8653669953346252,
        1.0489856004714966,
        1.0595612525939941,
        1.0998260974884033,
        1.2271850109100342,
        1.2738829851150513,
        1.4378794431686401,
        1.6933149099349976,
        1.6962049007415771,
        1.4466817378997803,
        1.2943596839904785,
        1.1715251207351685,
        1.1983015537261963,
        1.1513123512268066,
        1.1346322298049927,
        1.2695189714431763,
        1.2860352993011475,
        1.1964341402053833,
        1.2278860807418823,
        1.5030086040496826,
        1.470075011253357,
        1.2747973203659058,
        1.2040841579437256,
        1.269297480583191,
        1.6133530139923096,
        1.7103641033172607,
        1.5376518964767456,
        1.383223295211792,
        1.2273223400115967
    ],
    "train_accuracy": [
        0.23076923191547394,
        0.557692289352417,
        0.75,
        0.7307692170143127,
        0.7884615659713745,
        0.7884615659713745,
        0.8269230723381042,
        0.7884615659713745,
        0.807692289352417,
        0.75,
        0.8461538553237915,
        0.8269230723381042,
        0.7307692170143127,
        0.8461538553237915,
        0.8269230723381042,
        0.8653846383094788,
        0.7115384340286255,
        0.7307692170143127,
        0.75,
        0.75,
        0.8269230723381042,
        0.8269230723381042,
        0.9615384340286255,
        0.8653846383094788,
        0.75,
        0.8461538553237915,
        0.9230769276618958,
        0.9230769276618958,
        0.9615384340286255,
        0.9230769276618958,
        0.8846153616905212,
        0.8653846383094788,
        0.8461538553237915,
        0.8461538553237915,
        0.8269230723381042,
        0.7884615659713745,
        0.9038461446762085,
        0.8461538553237915,
        0.9807692170143127,
        0.9807692170143127
    ],
    "val_accuracy": [
        0.07692307978868484,
        0.3076923191547394,
        0.4615384638309479,
        0.4615384638309479,
        0.4615384638309479,
        0.4615384638309479,
        0.5384615659713745,
        0.6153846383094788,
        0.6153846383094788,
        0.692307710647583,
        0.7692307829856873,
        0.7692307829856873,
        0.692307710647583,
        0.692307710647583,
        0.6153846383094788,
        0.6153846383094788,
        0.6153846383094788,
        0.6153846383094788,
        0.6153846383094788,
        0.38461539149284363,
        0.38461539149284363,
        0.38461539149284363,
        0.6153846383094788,
        0.6153846383094788,
        0.6153846383094788,
        0.6153846383094788,
        0.6153846383094788,
        0.6153846383094788,
        0.6153846383094788,
        0.5384615659713745,
        0.4615384638309479,
        0.5384615659713745,
        0.6153846383094788,
        0.5384615659713745,
        0.6153846383094788,
        0.6153846383094788,
        0.38461539149284363,
        0.4615384638309479,
        0.5384615659713745,
        0.6153846383094788,
        0.6153846383094788
    ],
    "epoch_times": [
        0.2226872444152832,
        0.02190399169921875,
        0.022420883178710938,
        0.021884918212890625,
        0.02209305763244629,
        0.022472143173217773,
        0.02267313003540039,
        0.022471904754638672,
        0.022120237350463867,
        0.02225780487060547,
        0.02245497703552246,
        0.022219181060791016,
        0.02189803123474121,
        0.02247905731201172,
        0.021960020065307617,
        0.02166914939880371,
        0.021936893463134766,
        0.021914243698120117,
        0.021733999252319336,
        0.02375507354736328,
        0.022655963897705078,
        0.022092103958129883,
        0.0221860408782959,
        0.022686004638671875,
        0.022466659545898438,
        0.02159714698791504,
        0.02218317985534668,
        0.021837949752807617,
        0.02182793617248535,
        0.021727323532104492,
        0.02225017547607422,
        0.02189779281616211,
        0.02172684669494629,
        0.021982908248901367,
        0.0216829776763916,
        0.021416187286376953,
        0.021475791931152344,
        0.02184605598449707,
        0.022040128707885742,
        0.021620988845825195
    ]
}