{
    "hyperparameters": {
        "activation": "tanh",
        "dropout_rate": 0.2158965672313,
        "hidden_units": 25,
        "learning_rate": 0.0204941880566,
        "num_layers": 4,
        "weight_decay": 0.0072219114144
    },
    "dataset_stats": {
        "name": "CBF",
        "train_size": 44,
        "val_size": 11,
        "input_shape": [
            128,
            1
        ],
        "num_classes": 3
    },
    "epochs": 46,
    "train_loss": [
        1.2367631196975708,
        0.8645411133766174,
        0.8535926342010498,
        0.576270341873169,
        0.49852877855300903,
        0.37276700139045715,
        0.47914886474609375,
        0.2620622515678406,
        0.25319305062294006,
        0.3256782591342926,
        0.2666722536087036,
        0.1642388105392456,
        0.2030991166830063,
        0.33899813890457153,
        0.29925861954689026,
        0.27401164174079895,
        0.23000286519527435,
        0.3638348877429962,
        0.19800177216529846,
        0.16224323213100433,
        0.1494402289390564,
        0.14545868337154388,
        0.1675819456577301,
        0.30345189571380615,
        0.2196667194366455,
        0.2873743176460266,
        0.5532940626144409,
        0.09584551304578781,
        0.23231706023216248,
        0.12051114439964294,
        0.20107802748680115,
        0.15153713524341583,
        0.11131908744573593,
        0.13829803466796875,
        0.3408817946910858,
        0.4431506097316742,
        0.29739123582839966,
        0.28342682123184204,
        0.2750452160835266,
        0.2164589762687683,
        0.24152936041355133,
        0.2762817442417145,
        0.22193755209445953,
        0.197533518075943,
        0.23419450223445892,
        0.1351662129163742
    ],
    "val_loss": [
        1.1193275451660156,
        1.0894906520843506,
        1.0409350395202637,
        0.9622621536254883,
        0.81793612241745,
        0.5895623564720154,
        0.3998521864414215,
        0.3359350264072418,
        0.39809486269950867,
        0.4755905866622925,
        0.5010867118835449,
        0.37450122833251953,
        0.3042956292629242,
        0.29762256145477295,
        0.3108588457107544,
        0.2926845848560333,
        0.28136879205703735,
        0.3631827235221863,
        0.4754333794116974,
        0.5414132475852966,
        0.596169650554657,
        0.616967499256134,
        0.6293221712112427,
        0.5461624264717102,
        0.5802533626556396,
        0.632893979549408,
        0.494841068983078,
        0.44676467776298523,
        0.45400479435920715,
        0.4259229898452759,
        0.3835796117782593,
        0.3703801929950714,
        0.43637144565582275,
        0.486624151468277,
        0.5374402403831482,
        0.5720980167388916,
        0.5688652396202087,
        0.4215259552001953,
        0.3278520405292511,
        0.3674948811531067,
        0.45214948058128357,
        0.5417613983154297,
        0.5575294494628906,
        0.6123245358467102,
        0.6177769899368286,
        0.4386489689350128,
        0.37529441714286804
    ],
    "train_accuracy": [
        0.2954545319080353,
        0.6590909361839294,
        0.5909090638160706,
        0.8181818127632141,
        0.7954545617103577,
        0.8636363744735718,
        0.8181818127632141,
        0.8863636255264282,
        0.9090909361839294,
        0.9090909361839294,
        0.8863636255264282,
        0.9318181872367859,
        0.9318181872367859,
        0.8636363744735718,
        0.9090909361839294,
        0.8636363744735718,
        0.8863636255264282,
        0.8863636255264282,
        0.8863636255264282,
        0.9772727489471436,
        0.9318181872367859,
        0.9318181872367859,
        0.9318181872367859,
        0.8863636255264282,
        0.8863636255264282,
        0.8863636255264282,
        0.8409090638160706,
        0.9772727489471436,
        0.9090909361839294,
        0.9545454382896423,
        0.9318181872367859,
        0.9772727489471436,
        1.0,
        0.9318181872367859,
        0.8863636255264282,
        0.8409090638160706,
        0.9318181872367859,
        0.8863636255264282,
        0.9318181872367859,
        0.9318181872367859,
        0.8863636255264282,
        0.8863636255264282,
        0.9318181872367859,
        0.9318181872367859,
        0.9318181872367859,
        0.9772727489471436
    ],
    "val_accuracy": [
        0.27272728085517883,
        0.27272728085517883,
        0.3636363744735718,
        0.4545454680919647,
        0.9090909361839294,
        0.9090909361839294,
        0.8181819319725037,
        0.8181819319725037,
        0.8181819319725037,
        0.8181819319725037,
        0.8181819319725037,
        0.8181819319725037,
        0.9090909361839294,
        0.9090909361839294,
        0.9090909361839294,
        0.9090909361839294,
        0.9090909361839294,
        0.8181819319725037,
        0.8181819319725037,
        0.8181819319725037,
        0.8181819319725037,
        0.8181819319725037,
        0.8181819319725037,
        0.8181819319725037,
        0.8181819319725037,
        0.8181819319725037,
        0.8181819319725037,
        0.8181819319725037,
        0.8181819319725037,
        0.8181819319725037,
        0.8181819319725037,
        0.9090909361839294,
        0.8181819319725037,
        0.8181819319725037,
        0.8181819319725037,
        0.9090909361839294,
        0.8181819319725037,
        0.9090909361839294,
        0.9090909361839294,
        0.8181819319725037,
        0.8181819319725037,
        0.7272727489471436,
        0.7272727489471436,
        0.8181819319725037,
        0.7272727489471436,
        0.8181819319725037,
        0.8181819319725037
    ],
    "epoch_times": [
        0.016897201538085938,
        0.015840768814086914,
        0.015724658966064453,
        0.01566767692565918,
        0.015845298767089844,
        0.015995502471923828,
        0.015816450119018555,
        0.015700817108154297,
        0.016000986099243164,
        0.01593780517578125,
        0.01578235626220703,
        0.015758514404296875,
        0.015678882598876953,
        0.01627826690673828,
        0.01568603515625,
        0.01577448844909668,
        0.0159609317779541,
        0.01567554473876953,
        0.01568150520324707,
        0.01564764976501465,
        0.015639066696166992,
        0.015671730041503906,
        0.016004562377929688,
        0.015699386596679688,
        0.015694856643676758,
        0.01619100570678711,
        0.01573491096496582,
        0.01568126678466797,
        0.015552282333374023,
        0.01571798324584961,
        0.01564812660217285,
        0.015938520431518555,
        0.01572108268737793,
        0.015685319900512695,
        0.015825748443603516,
        0.01576852798461914,
        0.01567983627319336,
        0.015707015991210938,
        0.015775203704833984,
        0.015703201293945312,
        0.015717267990112305,
        0.015965938568115234,
        0.015746355056762695,
        0.015657663345336914,
        0.015685319900512695,
        0.015611886978149414
    ]
}