{
    "hyperparameters": {
        "activation": "tanh",
        "dropout_rate": 0.2158965672313,
        "hidden_units": 25,
        "learning_rate": 0.0204941880566,
        "num_layers": 4,
        "weight_decay": 0.0072219114144
    },
    "dataset_stats": {
        "name": "CBF",
        "train_size": 44,
        "val_size": 11,
        "input_shape": [
            128,
            1
        ],
        "num_classes": 3
    },
    "epochs": 60,
    "train_loss": [
        1.1064468622207642,
        1.0855402946472168,
        0.7807245850563049,
        0.7793432474136353,
        0.7024133801460266,
        0.7034496068954468,
        0.6452529430389404,
        0.5189011096954346,
        0.5408549308776855,
        0.518217146396637,
        0.4529069662094116,
        0.4919990599155426,
        0.29486483335494995,
        0.3091062009334564,
        0.2919885814189911,
        0.3081130087375641,
        0.22655099630355835,
        0.2744625210762024,
        0.37437161803245544,
        0.28896576166152954,
        0.23538169264793396,
        0.1949729472398758,
        0.1918584406375885,
        0.29285651445388794,
        0.26926010847091675,
        0.1639523059129715,
        0.18972896039485931,
        0.20117324590682983,
        0.13664355874061584,
        0.459079384803772,
        0.12799978256225586,
        0.11142618954181671,
        0.260189414024353,
        0.23255786299705505,
        0.1205289363861084,
        0.2541457712650299,
        0.17469049990177155,
        0.11741413921117783,
        0.2719610333442688,
        0.1260690838098526,
        0.11185090243816376,
        0.2762766182422638,
        0.15674495697021484,
        0.05741511657834053,
        0.05060217157006264,
        0.08913885056972504,
        0.23432159423828125,
        0.07029695063829422,
        0.10247399657964706,
        0.16438724100589752,
        0.27832043170928955,
        0.0911121815443039,
        0.09423406422138214,
        0.15094557404518127,
        0.15677928924560547,
        0.14893953502178192,
        0.19944871962070465,
        0.1498369574546814,
        0.12511205673217773,
        0.04036298021674156
    ],
    "val_loss": [
        1.0841928720474243,
        1.0759464502334595,
        1.035130262374878,
        0.9567239880561829,
        0.7989370822906494,
        0.6377941966056824,
        0.5360841751098633,
        0.5022769570350647,
        0.46571141481399536,
        0.43929746747016907,
        0.4348171353340149,
        0.43625909090042114,
        0.43654385209083557,
        0.4231826961040497,
        0.42422330379486084,
        0.45706653594970703,
        0.5102551579475403,
        0.5259755253791809,
        0.5740179419517517,
        0.5912293791770935,
        0.5842304229736328,
        0.46956726908683777,
        0.44846370816230774,
        0.4838549792766571,
        0.5104016661643982,
        0.5060253739356995,
        0.5198656916618347,
        0.5207698345184326,
        0.4861377775669098,
        0.4481641948223114,
        0.4164804220199585,
        0.4306957423686981,
        0.45150020718574524,
        0.4810333549976349,
        0.6388183236122131,
        0.7819983959197998,
        0.8515396118164062,
        0.6928799152374268,
        0.5623665452003479,
        0.6038998365402222,
        0.6927354335784912,
        0.7697522640228271,
        0.8283017873764038,
        0.9054030776023865,
        0.9478023052215576,
        0.9829018115997314,
        0.9676058292388916,
        0.8498169183731079,
        0.9311614632606506,
        0.9600170254707336,
        0.8598273992538452,
        0.6810211539268494,
        0.5274667143821716,
        0.5775896310806274,
        0.7742047905921936,
        0.6936401724815369,
        0.7801204323768616,
        0.9140554070472717,
        1.1371461153030396,
        1.1908469200134277,
        1.1322169303894043
    ],
    "train_accuracy": [
        0.3636363744735718,
        0.34090909361839294,
        0.6590909361839294,
        0.6136363744735718,
        0.7045454382896423,
        0.7045454382896423,
        0.7272727489471436,
        0.75,
        0.7954545617103577,
        0.7954545617103577,
        0.8409090638160706,
        0.7727272510528564,
        0.8863636255264282,
        0.8636363744735718,
        0.9090909361839294,
        0.8863636255264282,
        0.9090909361839294,
        0.8863636255264282,
        0.9090909361839294,
        0.9090909361839294,
        0.9318181872367859,
        0.9545454382896423,
        0.9318181872367859,
        0.8863636255264282,
        0.9318181872367859,
        0.9545454382896423,
        0.9772727489471436,
        0.9318181872367859,
        0.9318181872367859,
        0.8636363744735718,
        0.9545454382896423,
        0.9772727489471436,
        0.8863636255264282,
        0.9090909361839294,
        0.9545454382896423,
        0.9090909361839294,
        0.9318181872367859,
        0.9772727489471436,
        0.9318181872367859,
        0.9545454382896423,
        0.9772727489471436,
        0.9318181872367859,
        0.9318181872367859,
        1.0,
        1.0,
        0.9772727489471436,
        0.8863636255264282,
        1.0,
        0.9772727489471436,
        0.9772727489471436,
        0.8636363744735718,
        0.9772727489471436,
        0.9545454382896423,
        0.9772727489471436,
        0.9545454382896423,
        0.9545454382896423,
        0.9545454382896423,
        0.9318181872367859,
        0.9318181872367859,
        1.0
    ],
    "val_accuracy": [
        0.3636363744735718,
        0.1818181872367859,
        0.4545454680919647,
        0.5454545617103577,
        0.7272727489471436,
        0.7272727489471436,
        0.8181818127632141,
        0.8181818127632141,
        0.8181818127632141,
        0.7272727489471436,
        0.7272727489471436,
        0.7272727489471436,
        0.7272727489471436,
        0.7272727489471436,
        0.7272727489471436,
        0.7272727489471436,
        0.7272727489471436,
        0.7272727489471436,
        0.7272727489471436,
        0.7272727489471436,
        0.7272727489471436,
        0.9090909361839294,
        0.8181818127632141,
        0.8181818127632141,
        0.8181818127632141,
        0.8181818127632141,
        0.8181818127632141,
        0.8181818127632141,
        0.7272727489471436,
        0.7272727489471436,
        0.9090909361839294,
        0.9090909361839294,
        0.9090909361839294,
        0.8181818127632141,
        0.7272727489471436,
        0.6363636255264282,
        0.7272727489471436,
        0.6363636255264282,
        0.7272727489471436,
        0.8181818127632141,
        0.8181818127632141,
        0.8181818127632141,
        0.8181818127632141,
        0.6363636255264282,
        0.6363636255264282,
        0.6363636255264282,
        0.7272727489471436,
        0.7272727489471436,
        0.7272727489471436,
        0.6363636255264282,
        0.7272727489471436,
        0.7272727489471436,
        0.9090909361839294,
        0.9090909361839294,
        0.5454545617103577,
        0.7272727489471436,
        0.5454545617103577,
        0.7272727489471436,
        0.7272727489471436,
        0.7272727489471436,
        0.8181818127632141
    ],