{
    "hyperparameters": {
        "activation": "relu",
        "dropout_rate": 0.1094612738984,
        "kernel_size": 5,
        "learning_rate": 0.0094414308661,
        "num_filters": 213,
        "num_layers": 1,
        "pooling": "average",
        "pooling_size": 2
    },
    "dataset_stats": {
        "name": "CBF",
        "train_size": 48,
        "val_size": 12,
        "input_shape": [
            1,
            128
        ],
        "num_classes": 3
    },
    "epochs": 34,
    "train_loss": [
        1.4731642007827759,
        0.6261113286018372,
        0.6253034472465515,
        0.5874847173690796,
        0.37629127502441406,
        0.2956395149230957,
        0.2618350684642792,
        0.206019327044487,
        0.16564269363880157,
        0.10628954321146011,
        0.0743480995297432,
        0.06582183390855789,
        0.06367955356836319,
        0.058077991008758545,
        0.05281477048993111,
        0.03754623979330063,
        0.0285483431071043,
        0.0333298034965992,
        0.015335758216679096,
        0.04203955829143524,
        0.01121216919273138,
        0.03415681794285774,
        0.00950733944773674,
        0.02352934516966343,
        0.011592954397201538,
        0.005512236151844263,
        0.0144527368247509,
        0.037031661719083786,
        0.017367592081427574,
        0.00950236152857542,
        0.008758236654102802,
        0.04363974556326866,
        0.006744748447090387,
        0.00871992390602827
    ],
    "val_loss": [
        1.150834560394287,
        0.9473419785499573,
        1.04263174533844,
        0.8968573212623596,
        0.749721348285675,
        0.8235282897949219,
        0.9292543530464172,
        1.0614837408065796,
        1.0659235715866089,
        0.92586749792099,
        0.8018803596496582,
        0.7637580037117004,
        0.7701859474182129,
        0.8003063797950745,
        0.8805842399597168,
        0.9731793999671936,
        1.0616520643234253,
        1.1808854341506958,
        1.2694871425628662,
        1.2596853971481323,
        1.2652688026428223,
        1.2687045335769653,
        1.3017799854278564,
        1.3097230195999146,
        1.2912616729736328,
        1.280526876449585,
        1.3200827836990356,
        1.4087721109390259,
        1.488739013671875,
        1.5921224355697632,
        1.5989350080490112,
        1.5961017608642578,
        1.5836409330368042,
        1.5322303771972656,
        1.4767860174179077
    ],
    "train_accuracy": [
        0.3541666567325592,
        0.7083333134651184,
        0.7708333134651184,
        0.7916666865348816,
        0.8125,
        0.8958333134651184,
        0.9166666865348816,
        0.9583333134651184,
        0.9583333134651184,
        1.0,
        1.0,
        1.0,
        1.0,
        1.0,
        1.0,
        1.0,
        1.0,
        1.0,
        1.0,
        0.9791666865348816,
        1.0,
        1.0,
        1.0,
        1.0,
        1.0,
        1.0,
        1.0,
        0.9791666865348816,
        1.0,
        1.0,
        1.0,
        0.9791666865348816,
        1.0,
        1.0
    ],
    "val_accuracy": [
        0.25,
        0.5,
        0.4166666567325592,
        0.5,
        0.75,
        0.75,
        0.6666666865348816,
        0.5833333730697632,
        0.5833333730697632,
        0.5833333730697632,
        0.6666666865348816,
        0.5833333730697632,
        0.5833333730697632,
        0.5833333730697632,
        0.5,
        0.5,
        0.5,
        0.5,
        0.5,
        0.5,
        0.5,
        0.5,
        0.5,
        0.5833333730697632,
        0.5,
        0.5,
        0.5,
        0.5,
        0.5,
        0.5,
        0.5,
        0.5833333730697632,
        0.5833333730697632,
        0.5,
        0.5
    ],
    "epoch_times": [
        0.23912334442138672,
        0.03785514831542969,
        0.027732133865356445,
        0.030109405517578125,
        0.027790069580078125,
        0.029941082000732422,
        0.028015613555908203,
        0.02758622169494629,
        0.02738785743713379,
        0.02619791030883789,
        0.0270538330078125,
        0.02775430679321289,
        0.02721118927001953,
        0.021811246871948242,
        0.021744966506958008,
        0.02598094940185547,
        0.02556300163269043,
        0.024988412857055664,
        0.02558612823486328,
        0.027462005615234375,
        0.025712966918945312,
        0.026290178298950195,
        0.025595664978027344,
        0.025615930557250977,
        0.025370359420776367,
        0.025925159454345703,
        0.0270688533782959,
        0.02616715431213379,
        0.025932788848876953,
        0.02742791175842285,
        0.026859521865844727,
        0.027731657028198242,
        0.025823593139648438,
        0.028614044189453125
    ]
}