{
    "hyperparameters": {
        "activation": "sigmoid",
        "dropout_rate": 0.3796743974782,
        "kernel_size": 3,
        "learning_rate": 0.0001959140091,
        "num_filters": 76,
        "num_layers": 1,
        "pooling": "max",
        "pooling_size": 2
    },
    "dataset_stats": {
        "name": "BeetleFly",
        "train_size": 32,
        "val_size": 8,
        "input_shape": [
            1,
            512
        ],
        "num_classes": 2
    },
    "epochs": 50,
    "train_loss": [
        0.5734337568283081,
        0.5959526300430298,
        0.5269386768341064,
        0.425878643989563,
        0.4969772398471832,
        0.44648972153663635,
        0.4752485156059265,
        0.35679686069488525,
        0.34200984239578247,
        0.3881039023399353,
        0.33731263875961304,
        0.32413849234580994,
        0.2985098659992218,
        0.3189373016357422,
        0.27691125869750977,
        0.21240143477916718,
        0.23884177207946777,
        0.25762277841567993,
        0.23044739663600922,
        0.2569185197353363,
        0.245280921459198,
        0.1846916526556015,
        0.17621050775051117,
        0.2131544053554535,
        0.2717934250831604,
        0.17925718426704407,
        0.20698416233062744,
        0.18414098024368286,
        0.16884474456310272,
        0.20498402416706085,
        0.15878529846668243,
        0.13943219184875488,
        0.1524706333875656,
        0.14063246548175812,
        0.12001238763332367,
        0.1413101851940155,
        0.09414967894554138,
        0.12892058491706848,
        0.12402081489562988,
        0.13118188083171844,
        0.12861287593841553,
        0.1047610267996788,
        0.09299799799919128,
        0.12273414433002472,
        0.08548551797866821,
        0.07495453208684921,
        0.09563880413770676,
        0.10280153155326843,
        0.05975382402539253,
        0.09295449405908585
    ],
    "val_loss": [
        0.6646679043769836,
        0.6598918437957764,
        0.6539888978004456,
        0.6473599076271057,
        0.6400306820869446,
        0.6335096955299377,
        0.627513587474823,
        0.6229959726333618,
        0.6189609169960022,
        0.615370512008667,
        0.6113530993461609,
        0.6089969873428345,
        0.6058288216590881,
        0.6012663245201111,
        0.5974946618080139,
        0.5961048603057861,
        0.5952420830726624,
        0.5944546461105347,
        0.5934610962867737,
        0.5930761098861694,
        0.592804491519928,
        0.5950143337249756,
        0.5992338061332703,
        0.6039254665374756,
        0.6068874597549438,
        0.6107624769210815,
        0.61423659324646,
        0.6169543862342834,
        0.6185191869735718,
        0.6183287501335144,
        0.6199972629547119,
        0.623873233795166,
        0.6276888251304626,
        0.6356338858604431,
        0.6473291516304016,
        0.655637800693512,
        0.6698160171508789,
        0.6858442425727844,
        0.7016801238059998,
        0.7245550751686096,
        0.7538937330245972,
        0.7786434292793274,
        0.8027802109718323,
        0.8222724199295044,
        0.8410413265228271,
        0.8537359833717346,
        0.8650550246238708,
        0.8730593323707581,
        0.8887848854064941,
        0.9055138230323792,
        0.9274626970291138
    ],
    "train_accuracy": [
        0.71875,
        0.78125,
        0.75,
        0.8125,
        0.75,
        0.78125,
        0.78125,
        0.9375,
        0.90625,
        0.84375,
        0.90625,
        0.875,
        0.90625,
        0.84375,
        0.9375,
        0.9375,
        0.90625,
        0.9375,
        0.90625,
        0.90625,
        0.9375,
        0.96875,
        0.9375,
        0.96875,
        0.875,
        0.96875,
        0.90625,
        0.9375,
        0.96875,
        0.90625,
        0.96875,
        1.0,
        0.9375,
        0.96875,
        1.0,
        1.0,
        1.0,
        1.0,
        1.0,
        0.96875,
        0.96875,
        1.0,
        1.0,
        1.0,
        1.0,
        1.0,
        0.96875,
        1.0,
        1.0,
        1.0
    ],
    "val_accuracy": [
        0.875,
        0.75,
        0.875,
        0.75,
        0.75,
        0.75,
        0.75,
        0.75,
        0.75,
        0.75,
        0.75,
        0.75,
        0.75,
        0.75,
        0.75,
        0.75,
        0.75,
        0.75,
        0.75,
        0.75,
        0.75,
        0.75,
        0.75,
        0.75,
        0.75,
        0.75,
        0.625,
        0.625,
        0.625,
        0.625,
        0.625,
        0.625,
        0.625,
        0.625,
        0.625,
        0.625,
        0.625,
        0.625,
        0.625,
        0.625,
        0.625,
        0.625,
        0.625,
        0.625,
        0.625,
        0.625,
        0.625,
        0.625,
        0.625,
        0.625,
        0.625
    ],
    "epoch_times": [
        0.518747091293335,
        0.01733231544494629,
        0.014578104019165039,
        0.014870882034301758,
        0.015101909637451172,
        0.015262842178344727,
        0.017001628875732422,
        0.01916956901550293,
        0.016685962677001953,
        0.016655445098876953,
        0.01697063446044922,
        0.020013093948364258,
        0.01719832420349121,
        0.018453359603881836,
        0.017156362533569336,
        0.020595550537109375,
        0.018393278121948242,
        0.018210649490356445,
        0.018498659133911133,
        0.018029212951660156,
        0.01875448226928711,
        0.018236160278320312,
        0.0174560546875,
        0.017913818359375,
        0.017313003540039062,
        0.018033266067504883,
        0.017806529998779297,
        0.018617868423461914,
        0.019522905349731445,
        0.018296480178833008,
        0.01788616180419922,
        0.018912315368652344,
        0.01770949363708496,
        0.01834893226623535,
        0.017993688583374023,
        0.01768350601196289,
        0.016948699951171875,
        0.01783609390258789,
        0.017588138580322266,
        0.017925262451171875,
        0.0175168514251709,
        0.017560482025146484,
        0.01800370216369629,
        0.017852067947387695,
        0.0184328556060791,
        0.018165111541748047,
        0.018204689025878906,
        0.018309354782104492,
        0.018886566162109375,
        0.018671274185180664
    ]
}