{
    "hyperparameters": {
        "activation": "relu",
        "dropout_rate": 0.4890716569931,
        "kernel_size": 6,
        "learning_rate": 0.0026115694706,
        "num_filters": 191,
        "num_layers": 4,
        "pooling": "max",
        "pooling_size": 2
    },
    "dataset_stats": {
        "name": "CBF",
        "train_size": 48,
        "val_size": 12,
        "input_shape": [
            1,
            128
        ],
        "num_classes": 3
    },
    "epochs": 37,
    "train_loss": [
        1.4758802652359009,
        1.1504188776016235,
        0.9631515145301819,
        0.8500115871429443,
        0.9531025886535645,
        0.6096794605255127,
        0.8314487934112549,
        0.9488909840583801,
        0.6133567690849304,
        0.9057647585868835,
        0.5435425639152527,
        0.5381215214729309,
        0.6379483938217163,
        0.38245609402656555,
        0.5251114368438721,
        0.5872296690940857,
        0.3692437410354614,
        0.36453405022621155,
        0.34850597381591797,
        0.1723119020462036,
        0.24612627923488617,
        0.13871647417545319,
        0.16936016082763672,
        0.2006004899740219,
        0.12929774820804596,
        0.10589735954999924,
        0.28779336810112,
        0.3171939551830292,
        0.1021045669913292,
        0.15171410143375397,
        0.16345995664596558,
        0.1494777947664261,
        0.24751435220241547,
        0.310106486082077,
        0.12344380468130112,
        0.09673579782247543,
        0.109279103577137
    ],
    "val_loss": [
        1.099018931388855,
        1.0915091037750244,
        1.0881845951080322,
        1.0604335069656372,
        0.9953253269195557,
        0.9966945052146912,
        0.8511941432952881,
        0.6692514419555664,
        1.025948405265808,
        1.732094168663025,
        2.1236982345581055,
        1.7809581756591797,
        1.4038430452346802,
        1.4095042943954468,
        2.5446650981903076,
        3.3762624263763428,
        3.102179765701294,
        2.537421703338623,
        2.071388006210327,
        1.8123327493667603,
        1.7839032411575317,
        1.90659761428833,
        1.9723930358886719,
        1.8794142007827759,
        1.8994234800338745,
        2.0729453563690186,
        2.1465799808502197,
        2.3199546337127686,
        2.507488489151001,
        2.740237236022949,
        2.904916763305664,
        3.1052045822143555,
        2.9538981914520264,
        2.518721580505371,
        2.0665016174316406,
        1.6659369468688965,
        1.4519602060317993,
        1.3555809259414673
    ],
    "train_accuracy": [
        0.25,
        0.5625,
        0.6041666865348816,
        0.7083333134651184,
        0.6458333134651184,
        0.8125,
        0.6875,
        0.7083333134651184,
        0.7291666865348816,
        0.7291666865348816,
        0.8125,
        0.7916666865348816,
        0.7916666865348816,
        0.875,
        0.75,
        0.7708333134651184,
        0.9166666865348816,
        0.875,
        0.875,
        0.9166666865348816,
        0.875,
        0.9583333134651184,
        0.9375,
        0.9166666865348816,
        0.9375,
        0.9583333134651184,
        0.8958333134651184,
        0.8541666865348816,
        0.9583333134651184,
        0.9166666865348816,
        0.9375,
        0.9583333134651184,
        0.875,
        0.8958333134651184,
        0.9166666865348816,
        0.9583333134651184,
        0.9583333134651184
    ],
    "val_accuracy": [
        0.3333333432674408,
        0.3333333432674408,
        0.4166666567325592,
        0.4166666567325592,
        0.5,
        0.5833333730697632,
        0.5,
        0.6666666865348816,
        0.6666666865348816,
        0.6666666865348816,
        0.6666666865348816,
        0.5833333730697632,
        0.5833333730697632,
        0.5833333730697632,
        0.5,
        0.5,
        0.4166666567325592,
        0.5833333730697632,
        0.5833333730697632,
        0.5833333730697632,
        0.5833333730697632,
        0.5833333730697632,
        0.5833333730697632,
        0.5833333730697632,
        0.5833333730697632,
        0.5833333730697632,
        0.5833333730697632,
        0.5833333730697632,
        0.6666666865348816,
        0.5833333730697632,
        0.5,
        0.5,
        0.5,
        0.5833333730697632,
        0.6666666865348816,
        0.6666666865348816,
        0.6666666865348816,
        0.5833333730697632
    ],
    "epoch_times": [
        0.11906242370605469,
        0.12334585189819336,
        0.03954887390136719,
        0.03965473175048828,
        0.03897595405578613,
        0.03918004035949707,
        0.039240121841430664,
        0.041269540786743164,
        0.03862309455871582,
        0.03874921798706055,
        0.03894758224487305,
        0.038752079010009766,
        0.03860759735107422,
        0.03855729103088379,
        0.03894233703613281,
        0.03847789764404297,
        0.03903460502624512,
        0.0390009880065918,
        0.03904247283935547,
        0.0389559268951416,
        0.039081573486328125,
        0.03956866264343262,
        0.03856468200683594,
        0.039137840270996094,
        0.038234710693359375,
        0.038544654846191406,
        0.03801679611206055,
        0.0380711555480957,
        0.037492990493774414,
        0.037705421447753906,
        0.0375363826751709,
        0.03733706474304199,
        0.03728318214416504,
        0.03793501853942871,
        0.04231119155883789,
        0.03858494758605957,
        0.03874611854553223
    ]
}