{
    "hyperparameters": {
        "activation": "relu",
        "dropout_rate": 0.0137457461769,
        "ff_dim": 839,
        "hidden_units": 476,
        "learning_rate": 2.32106058e-05,
        "num_heads": 2,
        "num_layers": 6,
        "pooling": "max",
        "weight_decay": 2.58271673e-05
    },
    "dataset_stats": {
        "name": "CBF",
        "train_size": 48,
        "val_size": 12,
        "input_shape": [
            128,
            1
        ],
        "num_classes": 3
    },
    "epochs": 84,
    "train_loss": [
        1.2030926942825317,
        0.9133917093276978,
        0.8596183657646179,
        0.7960696220397949,
        0.7703343033790588,
        0.5145232081413269,
        0.5718631744384766,
        0.5910843014717102,
        0.4905448853969574,
        0.42200198769569397,
        0.2830285131931305,
        0.5362423658370972,
        0.4496997594833374,
        0.311213880777359,
        0.43802258372306824,
        0.13574589788913727,
        0.1945497989654541,
        0.10938237607479095,
        0.1826072335243225,
        0.30510181188583374,
        0.2932295799255371,
        0.19997696578502655,
        0.25456294417381287,
        0.2706981301307678,
        0.36339160799980164,
        0.10901498049497604,
        0.06461302936077118,
        0.11446522921323776,
        0.04675162583589554,
        0.03703826293349266,
        0.06568347662687302,
        0.034803356975317,
        0.08115865290164948,
        0.1246945783495903,
        0.11498355120420456,
        0.045310623943805695,
        0.06869928538799286,
        0.025051873177289963,
        0.054139286279678345,
        0.014054502360522747,
        0.01152921561151743,
        0.022270582616329193,
        0.06965683400630951,
        0.02563083916902542,
        0.017008276656270027,
        0.007849686779081821,
        0.018980184569954872,
        0.021578213199973106,
        0.00756816565990448,
        0.009474372491240501,
        0.021395258605480194,
        0.017974933609366417,
        0.009566234424710274,
        0.007833939045667648,
        0.002761324867606163,
        0.0031695161014795303,
        0.008114451542496681,
        0.0071970075368881226,
        0.0059339976869523525,
        0.002451751148328185,
        0.004385738167911768,
        0.004879256710410118,
        0.006862584501504898,
        0.0026058435905724764,
        0.007410293910652399,
        0.005973115563392639,
        0.0029199502896517515,
        0.004545383621007204,
        0.0054118698462843895,
        0.0016901511698961258,
        0.0027063125744462013,
        0.0017241189489141107,
        0.0015634509036317468,
        0.0038674252573400736,
        0.0033080787397921085,
        0.006123195867985487,
        0.0064855339005589485,
        0.005068041849881411,
        0.0023942997213453054,
        0.0034539303742349148,
        0.005907856393605471,
        0.0039398036897182465,
        0.004169920925050974,
        0.005638835020363331
    ],
    "val_loss": [
        1.1802891492843628,
        1.1864999532699585,
        0.8467040657997131,
        0.8095149993896484,
        0.7333915829658508,
        0.6662529706954956,
        0.6014112830162048,
        0.5548346638679504,
        0.5385391116142273,
        0.4954276978969574,
        0.4683397710323334,
        0.43096527457237244,
        0.426692932844162,
        0.4708072245121002,
        0.48856520652770996,
        0.381709486246109,
        0.40377843379974365,
        0.34267494082450867,
        0.339093416929245,
        0.4142385423183441,
        0.4752836525440216,
        0.3946356475353241,
        0.3365890085697174,
        0.34058475494384766,
        0.4711051285266876,
        0.4301093518733978,
        0.3356558382511139,
        0.37295159697532654,
        0.39542749524116516,
        0.37154415249824524,
        0.3889824450016022,
        0.38121891021728516,
        0.33299437165260315,
        0.2821592092514038,
        0.32186535000801086,
        0.34793803095817566,
        0.28289732336997986,
        0.28254908323287964,
        0.3888794183731079,
        0.4481494426727295,
        0.35046446323394775,
        0.2988471984863281,
        0.28364840149879456,
        0.3185712695121765,
        0.3114679157733917,
        0.2765626609325409,
        0.3089997470378876,
        0.29891452193260193,
        0.29068097472190857,
        0.4059997498989105,
        0.3598114252090454,
        0.3520069420337677,
        0.3044256567955017,
        0.2296728491783142,
        0.22856497764587402,
        0.28189581632614136,
        0.33501192927360535,
        0.32582658529281616,
        0.279191792011261,
        0.2500110864639282,
        0.26625773310661316,
        0.2811688482761383,
        0.3065539300441742,
        0.2886773645877838,
        0.28957271575927734,
        0.26961711049079895,
        0.2619675099849701,
        0.2657161056995392,
        0.27487802505493164,
        0.2864625155925751,
        0.28490838408470154,
        0.28013935685157776,
        0.27514877915382385,
        0.27070996165275574,
        0.26675310730934143,
        0.2631678879261017,
        0.2600046694278717,
        0.2612653076648712,
        0.2696034908294678,
        0.27628299593925476,
        0.2836783528327942,
        0.2915264070034027,
        0.3003166615962982,
        0.3086436986923218,
        0.3142307996749878
    ],
    "train_accuracy": [
        0.375,
        0.625,
        0.5625,
        0.8125,
        0.6875,
        0.9375,
        0.75,
        0.8125,
        0.8125,
        0.875,
        0.9375,
        0.75,
        0.875,
        0.9375,
        0.875,
        1.0,
        0.9375,
        1.0,
        0.9375,
        0.875,
        0.9375,
        0.875,
        0.8125,
        0.9375,
        0.9375,
        1.0,
        1.0,
        1.0,
        1.0,
        1.0,
        1.0,
        1.0,
        1.0,
        1.0,
        0.9375,
        1.0,
        1.0,
        1.0,
        1.0,
        1.0,
        1.0,
        1.0,
        1.0,
        1.0,
        1.0,
        1.0,
        1.0,
        1.0,
        1.0,
        1.0,
        1.0,
        1.0,
        1.0,
        1.0,
        1.0,
        1.0,
        1.0,
        1.0,
        1.0,
        1.0,
        1.0,
        1.0,
        1.0,
        1.0,
        1.0,
        1.0,
        1.0,
        1.0,
        1.0,
        1.0,
        1.0,
        1.0,
        1.0,
        1.0,
        1.0,
        1.0,
        1.0,
        1.0,
        1.0,
        1.0,
        1.0,
        1.0,
        1.0,
        1.0
    ],