{
    "hyperparameters": {
        "bidirectional": true,
        "dropout_rate": 0.1133603298791,
        "hidden_units": 112,
        "learning_rate": 3.14233966e-05,
        "num_layers": 3,
        "output_activation": "elu",
        "weight_decay": 0.0008109366109
    },
    "dataset_stats": {
        "name": "BirdChicken",
        "train_size": 36,
        "val_size": 9,
        "input_shape": [
            512,
            1
        ],
        "num_classes": 2
    },
    "epochs": 31,
    "train_loss": [
        0.3527010381221771,
        0.5843654274940491,
        0.41330987215042114,
        0.4938664436340332,
        0.4598785936832428,
        0.6033915877342224,
        0.37469589710235596,
        0.4232296645641327,
        0.3871331512928009,
        0.23707212507724762,
        0.38072025775909424,
        0.41376587748527527,
        0.3214528262615204,
        0.38989248871803284,
        0.2973234951496124,
        0.3451615273952484,
        0.31291085481643677,
        0.3660639524459839,
        0.35471802949905396,
        0.41023847460746765,
        0.2800579369068146,
        0.40668532252311707,
        0.2553865313529968,
        0.2257077693939209,
        0.390665739774704,
        0.2658674418926239,
        0.4826138913631439,
        0.4118780791759491,
        0.3431936800479889,
        0.3710681200027466,
        0.37195900082588196
    ],
    "val_loss": [
        0.8382278680801392,
        0.8575734496116638,
        0.883492648601532,
        0.9138322472572327,
        0.9479562044143677,
        0.9832348227500916,
        1.0159685611724854,
        1.0469733476638794,
        1.0624552965164185,
        1.0776814222335815,
        1.0932999849319458,
        1.1075388193130493,
        1.1223998069763184,
        1.1378072500228882,
        1.1454918384552002,
        1.1526775360107422,
        1.159220814704895,
        1.1660327911376953,
        1.1732430458068848,
        1.1803524494171143,
        1.183856725692749,
        1.187330722808838,
        1.190840244293213,
        1.1943382024765015,
        1.1978689432144165,
        1.2011936902999878,
        1.2028183937072754,
        1.2045111656188965,
        1.2062729597091675,
        1.2080459594726562,
        1.2097845077514648,
        1.2114853858947754
    ],
    "train_accuracy": [
        0.8888888955116272,
        0.7222222089767456,
        0.8888888955116272,
        0.6666666865348816,
        0.7777777910232544,
        0.7222222089767456,
        0.8333333134651184,
        0.8333333134651184,
        0.7777777910232544,
        0.944444477558136,
        0.8333333134651184,
        0.8333333134651184,
        0.8333333134651184,
        0.7777777910232544,
        0.8333333134651184,
        0.8888888955116272,
        0.8888888955116272,
        0.8333333134651184,
        0.944444477558136,
        0.8333333134651184,
        0.944444477558136,
        0.8333333134651184,
        0.8888888955116272,
        0.944444477558136,
        0.8888888955116272,
        0.8888888955116272,
        0.7222222089767456,
        0.8333333134651184,
        0.8333333134651184,
        0.7777777910232544,
        0.8888888955116272
    ],
    "val_accuracy": [
        0.5555555820465088,
        0.5555555820465088,
        0.5555555820465088,
        0.5555555820465088,
        0.5555555820465088,
        0.5555555820465088,
        0.5555555820465088,
        0.5555555820465088,
        0.5555555820465088,
        0.5555555820465088,
        0.5555555820465088,
        0.5555555820465088,
        0.5555555820465088,
        0.5555555820465088,
        0.5555555820465088,
        0.5555555820465088,
        0.5555555820465088,
        0.5555555820465088,
        0.5555555820465088,
        0.5555555820465088,
        0.5555555820465088,
        0.5555555820465088,
        0.5555555820465088,
        0.5555555820465088,
        0.5555555820465088,
        0.5555555820465088,
        0.5555555820465088,
        0.5555555820465088,
        0.5555555820465088,
        0.5555555820465088,
        0.5555555820465088,
        0.5555555820465088
    ],
    "epoch_times": [
        0.5494067668914795,
        0.9290754795074463,
        1.0303518772125244,
        1.0857725143432617,
        0.9505701065063477,
        0.8865888118743896,
        0.9883723258972168,
        0.9242784976959229,
        0.9128224849700928,
        0.9970946311950684,
        0.8914394378662109,
        0.8980724811553955,
        0.8846266269683838,
        0.9234342575073242,
        0.9118869304656982,
        0.9738614559173584,
        0.8854403495788574,
        0.9078819751739502,
        0.899688720703125,
        1.007080316543579,
        0.9624884128570557,
        0.9268171787261963,
        0.8893945217132568,
        0.9466552734375,
        0.9235084056854248,
        0.9308691024780273,
        1.0539603233337402,
        0.9672641754150391,
        0.9988842010498047,
        0.8788118362426758,
        0.938974142074585
    ]
}