{
    "hyperparameters": {
        "bidirectional": false,
        "dropout_rate": 0.2113796872378,
        "hidden_units": 169,
        "learning_rate": 0.0001274025946,
        "num_layers": 3,
        "output_activation": "relu",
        "weight_decay": 4.11602287e-05
    },
    "dataset_stats": {
        "name": "ArrowHead",
        "train_size": 58,
        "val_size": 14,
        "input_shape": [
            251,
            1
        ],
        "num_classes": 3
    },
    "epochs": 58,
    "train_loss": [
        1.0047940015792847,
        0.8343258500099182,
        0.7298280000686646,
        0.668212890625,
        0.581612229347229,
        0.5444021224975586,
        0.5132201910018921,
        0.47243329882621765,
        0.43770986795425415,
        0.42334800958633423,
        0.4094514846801758,
        0.3810696303844452,
        0.3713546097278595,
        0.3541158139705658,
        0.3467066287994385,
        0.338611900806427,
        0.3291679322719574,
        0.3241415321826935,
        0.3311185836791992,
        0.31304508447647095,
        0.31917163729667664,
        0.30557486414909363,
        0.30113163590431213,
        0.30832579731941223,
        0.2981066405773163,
        0.29786035418510437,
        0.2988048493862152,
        0.29700183868408203,
        0.2964770197868347,
        0.29562726616859436,
        0.2961668372154236,
        0.29577627778053284,
        0.2942822575569153,
        0.2963313162326813,
        0.29413479566574097,
        0.29453423619270325,
        0.2943132519721985,
        0.29500389099121094,
        0.2952355444431305,
        0.29476645588874817,
        0.294171541929245,
        0.2943477928638458,
        0.2946400046348572,
        0.2948065996170044,
        0.29569947719573975,
        0.29406678676605225,
        0.2940100431442261,
        0.2948836386203766,
        0.29457685351371765,
        0.29509490728378296,
        0.2940676212310791,
        0.2937605381011963,
        0.2949885427951813,
        0.2947461009025574,
        0.29422351717948914,
        0.2957116961479187,
        0.2945098280906677,
        0.2963563799858093
    ],
    "val_loss": [
        1.1256768703460693,
        1.0665463209152222,
        1.035744071006775,
        1.005784034729004,
        0.9627710580825806,
        0.9479600191116333,
        0.9120635390281677,
        0.9486491084098816,
        0.9535390734672546,
        0.9499241709709167,
        0.9507535696029663,
        0.9326506853103638,
        0.9087150692939758,
        0.8983826637268066,
        0.8865782618522644,
        0.8738495111465454,
        0.8662258982658386,
        0.8615861535072327,
        0.8931410908699036,
        0.8421672582626343,
        0.809951901435852,
        0.7867129445075989,
        0.7789199948310852,
        0.7733708620071411,
        0.760748028755188,
        0.7463719248771667,
        0.7331333756446838,
        0.720988929271698,
        0.7155269980430603,
        0.7187286019325256,
        0.7247641682624817,
        0.734889805316925,
        0.7452253699302673,
        0.7490857839584351,
        0.7448142766952515,
        0.7426255941390991,
        0.7383893728256226,
        0.7336285710334778,
        0.7294697165489197,
        0.727927565574646,
        0.7301183342933655,
        0.7331136465072632,
        0.7360135316848755,
        0.7384819984436035,
        0.7395376563072205,
        0.740964949131012,
        0.7416737675666809,
        0.7419494390487671,
        0.741916298866272,
        0.741701066493988,
        0.7416424751281738,
        0.7419854998588562,
        0.7421832084655762,
        0.7424516677856445,
        0.7425884008407593,
        0.7424603700637817,
        0.7425451874732971,
        0.7425263524055481,
        0.7428813576698303
    ],
    "train_accuracy": [
        0.5862069129943848,
        0.8275862336158752,
        0.8275862336158752,
        0.8448275923728943,
        0.8620689511299133,
        0.8965517282485962,
        0.8965517282485962,
        0.8965517282485962,
        0.9137930870056152,
        0.8965517282485962,
        0.9655172228813171,
        0.9655172228813171,
        0.9655172228813171,
        0.982758641242981,
        0.982758641242981,
        1.0,
        1.0,
        1.0,
        0.982758641242981,
        1.0,
        1.0,
        1.0,
        1.0,
        1.0,
        1.0,
        1.0,
        1.0,
        1.0,
        1.0,
        1.0,
        1.0,
        1.0,
        1.0,
        1.0,
        1.0,
        1.0,
        1.0,
        1.0,
        1.0,
        1.0,
        1.0,
        1.0,
        1.0,
        1.0,
        1.0,
        1.0,
        1.0,
        1.0,
        1.0,
        1.0,
        1.0,
        1.0,
        1.0,
        1.0,
        1.0,
        1.0,
        1.0,
        1.0
    ],
    "val_accuracy": [
        0.3571428656578064,
        0.3571428656578064,
        0.5,
        0.5,
        0.4285714626312256,
        0.5714285969734192,
        0.7142857313156128,
        0.7142857313156128,
        0.7142857313156128,
        0.7142857313156128,
        0.7142857313156128,
        0.7142857313156128,
        0.7142857313156128,
        0.785714328289032,
        0.785714328289032,
        0.8571429252624512,
        0.8571429252624512,
        0.8571429252624512,
        0.8571429252624512,
        0.8571429252624512,
        0.8571429252624512,
        0.8571429252624512,
        0.8571429252624512,
        0.8571429252624512,
        0.8571429252624512,
        0.8571429252624512,
        0.8571429252624512,
        0.8571429252624512,
        0.8571429252624512,
        0.8571429252624512,
        0.8571429252624512,
        0.8571429252624512,
        0.8571429252624512,
        0.8571429252624512,
        0.8571429252624512,
        0.8571429252624512,
        0.8571429252624512,
        0.8571429252624512,
        0.8571429252624512,
        0.8571429252624512,
        0.8571429252624512,
        0.8571429252624512,
        0.8571429252624512,
        0.8571429252624512,
        0.8571429252624512,
        0.8571429252624512,
        0.8571429252624512,
        0.8571429252624512,
        0.8571429252624512,
        0.8571429252624512,
        0.8571429252624512,
        0.8571429252624512,
        0.8571429252624512,
        0.8571429252624512,
        0.8571429252624512,
        0.8571429252624512,
        0.8571429252624512,
        0.8571429252624512,
        0.8571429252624512
    ],