{
    "hyperparameters": {
        "activation": "tanh",
        "dropout_rate": 0.4730523147835,
        "kernel_size": 3,
        "learning_rate": 0.0012784622208,
        "num_filters": 78,
        "num_layers": 3,
        "pooling": "average",
        "pooling_size": 1
    },
    "dataset_stats": {
        "name": "FiftyWords",
        "train_size": 720,
        "val_size": 180,
        "input_shape": [
            1,
            270
        ],
        "num_classes": 50
    },
    "epochs": 69,
    "train_loss": [
        3.9450321197509766,
        3.609480381011963,
        3.4721384048461914,
        3.4316470623016357,
        3.3437082767486572,
        3.253049612045288,
        3.2793643474578857,
        3.125605344772339,
        3.0813114643096924,
        3.0855698585510254,
        3.026362419128418,
        3.0315463542938232,
        3.043410301208496,
        2.943676710128784,
        2.945812225341797,
        2.8892710208892822,
        2.9306318759918213,
        2.912421941757202,
        2.9071037769317627,
        2.8475446701049805,
        2.8064193725585938,
        2.8225085735321045,
        2.7271459102630615,
        2.743695020675659,
        2.7416958808898926,
        2.7557287216186523,
        2.687654495239258,
        2.6890203952789307,
        2.6832680702209473,
        2.714921712875366,
        2.654862403869629,
        2.650623083114624,
        2.6993603706359863,
        2.6935245990753174,
        2.626023530960083,
        2.6733617782592773,
        2.573307991027832,
        2.5664639472961426,
        2.574449062347412,
        2.566368579864502,
        2.5922625064849854,
        2.5777266025543213,
        2.6134872436523438,
        2.5542612075805664,
        2.527183771133423,
        2.5615952014923096,
        2.5175790786743164,
        2.4266550540924072,
        2.4615488052368164,
        2.49688720703125,
        2.499424457550049,
        2.469541549682617,
        2.464125156402588,
        2.4805402755737305,
        2.4868788719177246,
        2.465787649154663,
        2.4281156063079834,
        2.397606134414673,
        2.418062925338745,
        2.428630828857422,
        2.4370083808898926,
        2.416260242462158,
        2.397003650665283,
        2.380695343017578,
        2.338883399963379,
        2.314152240753174,
        2.352707624435425,
        2.3631513118743896,
        2.3402421474456787
    ],
    "val_loss": [
        3.8933799266815186,
        3.612416982650757,
        3.4704318046569824,
        3.4100613594055176,
        3.336164712905884,
        3.3377840518951416,
        3.280695676803589,
        3.2653110027313232,
        3.2064409255981445,
        3.241344451904297,
        3.2183644771575928,
        3.1516506671905518,
        3.165395736694336,
        3.1682465076446533,
        3.160029172897339,
        3.165334701538086,
        3.1315016746520996,
        3.1409921646118164,
        3.106267213821411,
        3.1206085681915283,
        3.097296714782715,
        3.0987439155578613,
        3.0955817699432373,
        3.0790226459503174,
        3.071855306625366,
        3.053276538848877,
        3.0900821685791016,
        3.0861172676086426,
        3.060493230819702,
        3.0754001140594482,
        3.097094774246216,
        3.0587384700775146,
        3.072338104248047,
        3.099687337875366,
        3.0546634197235107,
        3.0657522678375244,
        3.0970115661621094,
        3.1241040229797363,
        3.0613858699798584,
        3.023674249649048,
        3.116058349609375,
        3.0768847465515137,
        3.1567792892456055,
        3.0941903591156006,
        3.094878911972046,
        3.040942668914795,
        3.0731754302978516,
        3.073456048965454,
        3.0556907653808594,
        3.045823097229004,
        3.072720766067505,
        3.0908422470092773,
        3.1088643074035645,
        3.1189348697662354,
        3.1396164894104004,
        3.10967755317688,
        3.0977323055267334,
        3.084780216217041,
        3.1098906993865967,
        3.082101821899414,
        3.1178081035614014,
        3.091965436935425,
        3.1073029041290283,
        3.1128194332122803,
        3.0800325870513916,
        3.095776319503784,
        3.110748052597046,
        3.0739312171936035,
        3.0908210277557373,
        3.0594000816345215
    ],
    "train_accuracy": [
        0.08749999850988388,
        0.16388888657093048,
        0.2013888955116272,
        0.20972222089767456,
        0.21944443881511688,
        0.22638888657093048,
        0.23472222685813904,
        0.2527777850627899,
        0.2680555582046509,
        0.26527777314186096,
        0.29305556416511536,
        0.2597222328186035,
        0.28333333134651184,
        0.2819444537162781,
        0.2888889014720917,
        0.28611111640930176,
        0.2986111044883728,
        0.3013888895511627,
        0.29027777910232544,
        0.29722222685813904,
        0.3083333373069763,
        0.2958333194255829,
        0.3263888955116272,
        0.32499998807907104,
        0.3291666805744171,
        0.3125,
        0.32083332538604736,
        0.32083332538604736,
        0.3236111104488373,
        0.31805557012557983,
        0.32499998807907104,
        0.3222222328186035,
        0.3291666805744171,
        0.3083333373069763,
        0.33194443583488464,
        0.33472222089767456,
        0.3472222089767456,
        0.3499999940395355,
        0.34861111640930176,
        0.34583333134651184,
        0.32083332538604736,
        0.3444444537162781,
        0.3375000059604645,
        0.3430555462837219,
        0.35555556416511536,
        0.3541666567325592,
        0.3541666567325592,
        0.36944442987442017,
        0.375,
        0.3611111044883728,
        0.3444444537162781,
        0.3583333194255829,
        0.3583333194255829,
        0.37361112236976624,
        0.3541666567325592,
        0.3638888895511627,
        0.3722222149372101,
        0.375,
        0.3638888895511627,
        0.3722222149372101,
        0.3583333194255829,
        0.3638888895511627,
        0.38749998807907104,
        0.36666667461395264,
        0.4055555462837219,
        0.4000000059604645,
        0.3791666626930237,
        0.39444443583488464,
        0.3791666626930237
    ],