{
    "hyperparameters": {
        "bidirectional": false,
        "dropout_rate": 0.2590037094604,
        "hidden_units": 91,
        "learning_rate": 0.000483626753,
        "num_layers": 3,
        "output_activation": "relu",
        "weight_decay": 4.30134473e-05
    },
    "dataset_stats": {
        "name": "Beef",
        "train_size": 48,
        "val_size": 12,
        "input_shape": [
            470,
            1
        ],
        "num_classes": 5
    },
    "epochs": 48,
    "train_loss": [
        1.6159623861312866,
        1.4378987550735474,
        1.3533886671066284,
        1.2785696983337402,
        1.225589632987976,
        1.2273999452590942,
        1.1341482400894165,
        1.142382264137268,
        1.088750958442688,
        1.0647605657577515,
        1.102746605873108,
        1.0130000114440918,
        0.9562821984291077,
        0.9609339237213135,
        0.9074411988258362,
        0.9289760589599609,
        0.9460543990135193,
        0.8502955436706543,
        0.8485403060913086,
        0.8223739266395569,
        0.7971559166908264,
        0.8443587422370911,
        0.7526918053627014,
        0.7432382702827454,
        0.8284473419189453,
        0.8142180442810059,
        0.7472085952758789,
        0.7638184428215027,
        0.7533381581306458,
        0.7174410223960876,
        0.7276588082313538,
        0.711115837097168,
        0.7133569717407227,
        0.7291507124900818,
        0.6969993114471436,
        0.6954885125160217,
        0.719839870929718,
        0.6993306279182434,
        0.6574620604515076,
        0.6752600073814392,
        0.6842789053916931,
        0.6495490670204163,
        0.6774151921272278,
        0.6669270396232605,
        0.6642518043518066,
        0.6629408001899719,
        0.66940838098526,
        0.6802139282226562
    ],
    "val_loss": [
        1.616957187652588,
        1.4886595010757446,
        1.3839197158813477,
        1.3505897521972656,
        1.2348936796188354,
        1.2171919345855713,
        1.161515474319458,
        1.1589555740356445,
        1.2317174673080444,
        1.1174836158752441,
        1.0917516946792603,
        1.0841213464736938,
        1.0685888528823853,
        1.0622508525848389,
        1.0533305406570435,
        1.069462776184082,
        1.073022723197937,
        1.0705591440200806,
        1.051164150238037,
        1.0832867622375488,
        1.0867315530776978,
        1.0904213190078735,
        1.0995006561279297,
        1.1341086626052856,
        1.1060149669647217,
        1.114059329032898,
        1.14382803440094,
        1.1701664924621582,
        1.1670026779174805,
        1.1650235652923584,
        1.1735754013061523,
        1.1560286283493042,
        1.177561640739441,
        1.190356969833374,
        1.185743808746338,
        1.1622370481491089,
        1.163898229598999,
        1.1621910333633423,
        1.167706847190857,
        1.1794111728668213,
        1.1793713569641113,
        1.1774648427963257,
        1.1703417301177979,
        1.1636650562286377,
        1.1621683835983276,
        1.1609508991241455,
        1.1594949960708618,
        1.161406397819519,
        1.1594961881637573
    ],
    "train_accuracy": [
        0.3125,
        0.4375,
        0.5416666865348816,
        0.5625,
        0.5416666865348816,
        0.5625,
        0.7083333134651184,
        0.5625,
        0.6041666865348816,
        0.625,
        0.5833333134651184,
        0.6666666865348816,
        0.7291666865348816,
        0.6875,
        0.7708333134651184,
        0.7291666865348816,
        0.7708333134651184,
        0.7916666865348816,
        0.75,
        0.7916666865348816,
        0.7708333134651184,
        0.8125,
        0.75,
        0.8125,
        0.8333333134651184,
        0.7291666865348816,
        0.7708333134651184,
        0.7708333134651184,
        0.8333333134651184,
        0.8958333134651184,
        0.8333333134651184,
        0.8125,
        0.8541666865348816,
        0.7708333134651184,
        0.8125,
        0.8333333134651184,
        0.8125,
        0.8541666865348816,
        0.8125,
        0.8541666865348816,
        0.8125,
        0.8958333134651184,
        0.8541666865348816,
        0.8958333134651184,
        0.8333333134651184,
        0.9166666865348816,
        0.8541666865348816,
        0.8541666865348816
    ],
    "val_accuracy": [
        0.25,
        0.5,
        0.5833333730697632,
        0.5833333730697632,
        0.75,
        0.75,
        0.6666666865348816,
        0.6666666865348816,
        0.5,
        0.6666666865348816,
        0.75,
        0.75,
        0.6666666865348816,
        0.6666666865348816,
        0.75,
        0.75,
        0.75,
        0.75,
        0.6666666865348816,
        0.5833333730697632,
        0.5833333730697632,
        0.5833333730697632,
        0.5833333730697632,
        0.5833333730697632,
        0.5,
        0.5,
        0.5833333730697632,
        0.5833333730697632,
        0.5833333730697632,
        0.5833333730697632,
        0.5,
        0.5833333730697632,
        0.5833333730697632,
        0.5833333730697632,
        0.5833333730697632,
        0.5833333730697632,
        0.5,
        0.5833333730697632,
        0.5833333730697632,
        0.5833333730697632,
        0.5833333730697632,
        0.5833333730697632,
        0.5833333730697632,
        0.5833333730697632,
        0.5833333730697632,
        0.5833333730697632,
        0.5833333730697632,
        0.5833333730697632,
        0.5833333730697632
    ],
    "epoch_times": [
        0.38869285583496094,
        0.04023599624633789,
        0.050275325775146484,
        0.045067787170410156,
        0.04291987419128418,
        0.04909181594848633,
        0.0511019229888916,
        0.0538792610168457,
        0.052175045013427734,
        0.04866385459899902,
        0.05331587791442871,
        0.05169177055358887,
        0.05310940742492676,
        0.05328726768493652,
        0.05354595184326172,
        0.053841590881347656,
        0.05321788787841797,
        0.054327964782714844,
        0.05702042579650879,
        0.05499267578125,
        0.05586552619934082,
        0.05553150177001953,
        0.057301998138427734,
        0.059304237365722656,
        0.052922725677490234,
        0.05285191535949707,
        0.0513768196105957,
        0.05612468719482422,
        0.05927920341491699,
        0.05359220504760742,
        0.055924177169799805,
        0.05302286148071289,
        0.05568385124206543,
        0.05212068557739258,
        0.058817386627197266,
        0.04898881912231445,
        0.04713797569274902,
        0.04533863067626953,
        0.04413342475891113,
        0.04320240020751953,
        0.0520327091217041,
        0.05129194259643555,
        0.05072212219238281,
        0.0500795841217041,
        0.05102705955505371,
        0.05036473274230957,
        0.05419516563415527,
        0.05506157875061035
    ]
}