{
    "hyperparameters": {
        "activation": "gelu",
        "dropout_rate": 0.1461233295313,
        "ff_dim": 275,
        "hidden_units": 96,
        "learning_rate": 0.0008371103943,
        "num_heads": 5,
        "num_layers": 2,
        "pooling": "mean",
        "weight_decay": 5.42662206e-05
    },
    "dataset_stats": {
        "name": "classification_ozone",
        "train_size": 85,
        "val_size": 21,
        "input_shape": [
            1201,
            1
        ],
        "num_classes": 2
    },
    "epochs": 34,
    "train_loss": [
        0.6823807954788208,
        0.7701696753501892,
        1.1570497751235962,
        0.8933416604995728,
        0.8041168451309204,
        0.572689414024353,
        0.654712975025177,
        0.8723297119140625,
        0.6132131814956665,
        0.7976234555244446,
        0.7448235750198364,
        0.6456793546676636,
        0.6187363862991333,
        0.6520992517471313,
        0.8600120544433594,
        0.6167202591896057,
        0.5751059651374817,
        0.5268970727920532,
        0.5958541035652161,
        0.8152598142623901,
        0.6298819184303284,
        0.7740143537521362,
        0.6708334684371948,
        0.5660382509231567,
        0.6710864305496216,
        0.7338501811027527,
        0.6461618542671204,
        0.6527912616729736,
        0.6987736821174622,
        0.5690683722496033,
        0.5914572477340698,
        0.7322972416877747,
        0.7347390055656433,
        0.7057413458824158
    ],
    "val_loss": [
        0.7401409149169922,
        0.6921687722206116,
        0.8859764337539673,
        0.8118849396705627,
        0.628679096698761,
        0.6719323396682739,
        0.8049684166908264,
        0.6872715950012207,
        0.7992236018180847,
        0.6977164149284363,
        0.8975264430046082,
        0.7350113987922668,
        0.6645434498786926,
        0.6868981122970581,
        0.733614444732666,
        0.7750941514968872,
        0.7305667996406555,
        0.7372580170631409,
        0.7686978578567505,
        0.7427428364753723,
        0.7594916224479675,
        0.7373502850532532,
        0.7305888533592224,
        0.7317090034484863,
        0.7529298067092896,
        0.7657909393310547,
        0.7785947918891907,
        0.7802618741989136,
        0.788811981678009,
        0.7918835878372192,
        0.7908188104629517,
        0.792395830154419,
        0.7900700569152832,
        0.7876532673835754,
        0.7926546931266785
    ],
    "train_accuracy": [
        0.800000011920929,
        0.4000000059604645,
        0.4000000059604645,
        0.6000000238418579,
        0.6000000238418579,
        0.800000011920929,
        0.6000000238418579,
        0.20000000298023224,
        0.800000011920929,
        0.4000000059604645,
        0.6000000238418579,
        0.800000011920929,
        0.6000000238418579,
        0.800000011920929,
        0.20000000298023224,
        0.6000000238418579,
        0.800000011920929,
        0.6000000238418579,
        0.6000000238418579,
        0.6000000238418579,
        0.6000000238418579,
        0.4000000059604645,
        0.6000000238418579,
        0.6000000238418579,
        0.4000000059604645,
        0.4000000059604645,
        0.6000000238418579,
        0.6000000238418579,
        0.6000000238418579,
        0.6000000238418579,
        0.800000011920929,
        0.6000000238418579,
        0.6000000238418579,
        0.4000000059604645
    ],
    "val_accuracy": [
        0.4285714328289032,
        0.4761904776096344,
        0.3333333432674408,
        0.3333333432674408,
        0.6190476417541504,
        0.4285714328289032,
        0.3333333432674408,
        0.380952388048172,
        0.3333333432674408,
        0.5714285969734192,
        0.3333333432674408,
        0.380952388048172,
        0.5714285969734192,
        0.4285714328289032,
        0.380952388048172,
        0.3333333432674408,
        0.380952388048172,
        0.380952388048172,
        0.3333333432674408,
        0.380952388048172,
        0.4285714328289032,
        0.380952388048172,
        0.5714285969734192,
        0.523809552192688,
        0.2857142984867096,
        0.2857142984867096,
        0.2857142984867096,
        0.380952388048172,
        0.380952388048172,
        0.3333333432674408,
        0.3333333432674408,
        0.3333333432674408,
        0.3333333432674408,
        0.3333333432674408,
        0.3333333432674408
    ],
    "epoch_times": [
        0.31528139114379883,
        0.23761987686157227,
        0.24445724487304688,
        0.2381594181060791,
        0.23955559730529785,
        0.2385554313659668,
        0.24088144302368164,
        0.23831915855407715,
        0.24088478088378906,
        0.2379903793334961,
        0.2397778034210205,
        0.24060320854187012,
        0.2378370761871338,
        0.23551034927368164,
        0.23798322677612305,
        0.2380819320678711,
        0.23660945892333984,
        0.2376241683959961,
        0.23746848106384277,
        0.23767733573913574,
        0.23828339576721191,
        0.23827219009399414,
        0.23752856254577637,
        0.23867416381835938,
        0.2441272735595703,
        0.24029135704040527,
        0.2368619441986084,
        0.23877477645874023,
        0.23523521423339844,
        0.23791217803955078,
        0.23888778686523438,
        0.24287772178649902,
        0.24294710159301758,
        0.24170541763305664
    ]
}