{
    "hyperparameters": {
        "activation": "relu",
        "dropout_rate": 0.3605328622166,
        "kernel_size": 5,
        "learning_rate": 0.0059486585564,
        "num_filters": 168,
        "num_layers": 4,
        "pooling": "max",
        "pooling_size": 2
    },
    "dataset_stats": {
        "name": "CinCECGTorso",
        "train_size": 64,
        "val_size": 16,
        "input_shape": [
            1,
            1639
        ],
        "num_classes": 4
    },
    "epochs": 33,
    "train_loss": [
        1.6498783826828003,
        1.283698558807373,
        0.9367201924324036,
        0.9088229537010193,
        0.8324809074401855,
        0.7448278665542603,
        0.5903111696243286,
        0.5136356353759766,
        0.5573474168777466,
        0.547364354133606,
        0.5060709714889526,
        0.42222654819488525,
        0.5297891497612,
        0.5024421215057373,
        0.443767249584198,
        0.34877651929855347,
        0.5329201817512512,
        0.3873934745788574,
        0.44140249490737915,
        0.38238102197647095,
        0.44108694791793823,
        0.33834660053253174,
        0.28712618350982666,
        0.3576829433441162,
        0.1979278028011322,
        0.31099942326545715,
        0.2789146602153778,
        0.30189475417137146,
        0.2287815809249878,
        0.45766058564186096,
        0.42675817012786865,
        0.26863712072372437,
        0.24965554475784302
    ],
    "val_loss": [
        1.4015278816223145,
        1.4038331508636475,
        1.374763011932373,
        1.3326780796051025,
        1.3818235397338867,
        1.4690700769424438,
        1.5263898372650146,
        1.5026497840881348,
        1.5217006206512451,
        1.590225100517273,
        1.6749686002731323,
        1.7319666147232056,
        1.7597112655639648,
        1.762693166732788,
        1.6931740045547485,
        1.66545832157135,
        1.6302497386932373,
        1.6265313625335693,
        1.729931116104126,
        1.795074224472046,
        1.8574721813201904,
        1.8057879209518433,
        1.759247899055481,
        1.7837681770324707,
        1.8618916273117065,
        1.957169771194458,
        2.0953011512756348,
        2.1972506046295166,
        2.3270199298858643,
        2.4770188331604004,
        2.3759493827819824,
        2.311007499694824,
        2.267108917236328,
        2.1272521018981934
    ],
    "train_accuracy": [
        0.3125,
        0.5,
        0.640625,
        0.65625,
        0.71875,
        0.71875,
        0.796875,
        0.796875,
        0.75,
        0.734375,
        0.75,
        0.84375,
        0.796875,
        0.78125,
        0.828125,
        0.828125,
        0.8125,
        0.875,
        0.859375,
        0.859375,
        0.828125,
        0.84375,
        0.875,
        0.875,
        0.9375,
        0.875,
        0.90625,
        0.890625,
        0.90625,
        0.84375,
        0.859375,
        0.921875,
        0.890625
    ],
    "val_accuracy": [
        0.125,
        0.125,
        0.1875,
        0.25,
        0.125,
        0.25,
        0.25,
        0.3125,
        0.375,
        0.375,
        0.4375,
        0.4375,
        0.5,
        0.5,
        0.4375,
        0.4375,
        0.4375,
        0.5,
        0.375,
        0.375,
        0.4375,
        0.375,
        0.4375,
        0.5,
        0.5,
        0.5,
        0.5,
        0.4375,
        0.4375,
        0.4375,
        0.4375,
        0.375,
        0.4375,
        0.4375
    ],
    "epoch_times": [
        47.368098974227905,
        0.1365959644317627,
        0.04764103889465332,
        0.047566890716552734,
        0.048915863037109375,
        0.04541778564453125,
        0.04628109931945801,
        0.04598093032836914,
        0.04549098014831543,
        0.047431230545043945,
        0.04582500457763672,
        0.050878047943115234,
        0.045967817306518555,
        0.043933868408203125,
        0.051276206970214844,
        0.0483858585357666,
        0.04570293426513672,
        0.047577857971191406,
        0.04655003547668457,
        0.043057918548583984,
        0.04813504219055176,
        0.045461177825927734,
        0.047003746032714844,
        0.047541141510009766,
        0.04354691505432129,
        0.04821610450744629,
        0.047194719314575195,
        0.045272111892700195,
        0.04619026184082031,
        0.04225897789001465,
        0.04902791976928711,
        0.04450106620788574,
        0.04296302795410156
    ]
}