{
    "hyperparameters": {
        "activation": "gelu",
        "dropout_rate": 0.2108803478523,
        "ff_dim": 438,
        "hidden_units": 363,
        "learning_rate": 0.000803320335,
        "num_heads": 4,
        "num_layers": 6,
        "pooling": "max",
        "weight_decay": 9.68700546e-05
    },
    "dataset_stats": {
        "name": "FiftyWords",
        "train_size": 360,
        "val_size": 90,
        "input_shape": [
            270,
            1
        ],
        "num_classes": 50
    },
    "epochs": 63,
    "train_loss": [
        4.158277988433838,
        3.8134639263153076,
        3.62591552734375,
        3.9973840713500977,
        3.500126361846924,
        3.8227546215057373,
        3.7870917320251465,
        3.178328275680542,
        2.3443081378936768,
        3.521273374557495,
        3.0880954265594482,
        3.1105878353118896,
        2.584413528442383,
        2.3470358848571777,
        3.1587650775909424,
        2.4022974967956543,
        1.7240921258926392,
        2.055208683013916,
        1.992414951324463,
        1.526306390762329,
        1.1478922367095947,
        1.5845385789871216,
        2.5034239292144775,
        1.8868871927261353,
        2.050443410873413,
        2.3158226013183594,
        1.2309956550598145,
        1.9436073303222656,
        1.389829158782959,
        1.1029777526855469,
        0.9377854466438293,
        0.6078774333000183,
        1.0088510513305664,
        0.6695582866668701,
        0.3377283811569214,
        0.5657548904418945,
        0.7643383741378784,
        0.3302362263202667,
        0.33532097935676575,
        0.1497841626405716,
        0.07781314104795456,
        0.3401961624622345,
        0.21923482418060303,
        0.16027235984802246,
        0.249778613448143,
        0.3984729051589966,
        0.10546328127384186,
        0.3276916742324829,
        0.05224434658885002,
        0.14974543452262878,
        0.11304721236228943,
        0.2547174394130707,
        0.15309712290763855,
        0.09231830388307571,
        0.17088107764720917,
        0.10086674988269806,
        0.15431413054466248,
        0.1751907765865326,
        0.03169041499495506,
        0.11518535017967224,
        0.08458542823791504,
        0.049021024256944656,
        0.03792334347963333
    ],
    "val_loss": [
        4.8480424880981445,
        4.547658443450928,
        3.8670926094055176,
        3.941840887069702,
        3.9098992347717285,
        3.8343865871429443,
        3.866956949234009,
        3.74935245513916,
        3.6894965171813965,
        3.4869329929351807,
        3.76595401763916,
        3.4122891426086426,
        3.2739689350128174,
        3.2028801441192627,
        3.0773627758026123,
        3.1906933784484863,
        3.1146233081817627,
        3.044400930404663,
        3.035924196243286,
        2.9004909992218018,
        2.8382930755615234,
        2.840818166732788,
        3.039074420928955,
        2.9535508155822754,
        2.7005295753479004,
        2.957202911376953,
        2.9000020027160645,
        2.8916730880737305,
        2.7972702980041504,
        2.7669944763183594,
        2.7628173828125,
        2.4995951652526855,
        2.618056297302246,
        2.426072120666504,
        2.7040348052978516,
        2.550924777984619,
        2.6245720386505127,
        2.703604221343994,
        2.7908568382263184,
        2.5804295539855957,
        2.4898810386657715,
        2.6999361515045166,
        2.6953022480010986,
        2.5217504501342773,
        2.634974956512451,
        2.6767427921295166,
        2.6504340171813965,
        2.6222572326660156,
        2.6991610527038574,
        2.6447460651397705,
        2.651146411895752,
        2.664304494857788,
        2.6505939960479736,
        2.680163860321045,
        2.678523302078247,
        2.691694498062134,
        2.6886515617370605,
        2.6706011295318604,
        2.6623997688293457,
        2.675018072128296,
        2.658644914627075,
        2.656585931777954,
        2.6805202960968018,
        2.683459758758545
    ],
    "train_accuracy": [
        0.0,
        0.0,
        0.125,
        0.0,
        0.125,
        0.125,
        0.25,
        0.25,
        0.5,
        0.25,
        0.25,
        0.25,
        0.25,
        0.375,
        0.25,
        0.375,
        0.375,
        0.375,
        0.625,
        0.375,
        0.625,
        0.375,
        0.5,
        0.5,
        0.125,
        0.25,
        0.625,
        0.375,
        0.625,
        0.625,
        0.625,
        0.875,
        0.375,
        0.875,
        0.875,
        0.875,
        0.75,
        0.875,
        0.875,
        1.0,
        1.0,
        0.875,
        0.875,
        1.0,
        1.0,
        0.75,
        1.0,
        1.0,
        1.0,
        1.0,
        1.0,
        1.0,
        1.0,
        1.0,
        0.875,
        1.0,
        1.0,
        1.0,
        1.0,
        1.0,
        1.0,
        1.0,
        1.0
    ],
    "val_accuracy": [
        0.0,
        0.03333333507180214,
        0.12222222238779068,
        0.03333333507180214,
        0.0555555559694767,
        0.0555555559694767,
        0.0555555559694767,
        0.12222222238779068,
        0.12222222238779068,
        0.17777778208255768,
        0.1666666716337204,
        0.24444444477558136,
        0.25555557012557983,
        0.30000001192092896,
        0.2777777910232544,
        0.2777777910232544,
        0.2666666805744171,
        0.2888889014720917,
        0.31111112236976624,
        0.31111112236976624,
        0.3333333432674408,
        0.31111112236976624,
        0.25555557012557983,
        0.3333333432674408,
        0.3444444537162781,
        0.2777777910232544,
        0.3333333432674408,
        0.3777777850627899,
        0.3444444537162781,
        0.35555556416511536,
        0.3333333432674408,
        0.4000000059604645,
        0.36666667461395264,
        0.4000000059604645,
        0.3888888955116272,
        0.35555556416511536,
        0.3444444537162781,
        0.3777777850627899,
        0.3333333432674408,
        0.3444444537162781,
        0.4000000059604645,
        0.36666667461395264,
        0.36666667461395264,
        0.3777777850627899,
        0.42222222685813904,
        0.3777777850627899,
        0.4000000059604645,
        0.3888888955116272,
        0.3888888955116272,
        0.3777777850627899,
        0.3888888955116272,
        0.35555556416511536,
        0.4000000059604645,
        0.4000000059604645,
        0.4000000059604645,
        0.4000000059604645,
        0.3777777850627899,
        0.3888888955116272,
        0.3777777850627899,
        0.3888888955116272,
        0.41111111640930176,
        0.4000000059604645,
        0.4000000059604645,
        0.3777777850627899
    ],