{
    "hyperparameters": {
        "activation": "tanh",
        "dropout_rate": 0.1704443501474,
        "hidden_units": 47,
        "learning_rate": 0.0725089943776,
        "num_layers": 2,
        "weight_decay": 0.0068265513536
    },
    "dataset_stats": {
        "name": "classification_ozone",
        "train_size": 85,
        "val_size": 21,
        "input_shape": [
            1201,
            1
        ],
        "num_classes": 2
    },
    "epochs": 31,
    "train_loss": [
        0.8332022428512573,
        0.8915348052978516,
        0.7990143895149231,
        0.6215574741363525,
        0.7687803506851196,
        0.6694820523262024,
        0.6558584570884705,
        0.6454951167106628,
        0.7245064973831177,
        0.7612652778625488,
        0.6870869994163513,
        0.6841102838516235,
        0.6795281767845154,
        0.7257771492004395,
        0.7105823755264282,
        0.6910678744316101,
        0.6924188733100891,
        0.7036840915679932,
        0.6975603699684143,
        0.687079131603241,
        0.6702767014503479,
        0.6950991153717041,
        0.6806862354278564,
        0.6837481260299683,
        0.7077727913856506,
        0.6876940727233887,
        0.682328999042511,
        0.6809324026107788,
        0.6947730779647827,
        0.6968711614608765,
        0.6939082145690918
    ],
    "val_loss": [
        0.72178053855896,
        0.584797739982605,
        3.2657358646392822,
        1.6298418045043945,
        1.1408196687698364,
        0.8400806188583374,
        0.7020705938339233,
        0.6491909623146057,
        0.6642621159553528,
        0.7548378109931946,
        0.8927971720695496,
        0.8123229146003723,
        0.6848904490470886,
        0.6536251902580261,
        0.6443889737129211,
        0.6584346890449524,
        0.6481561660766602,
        0.6761335730552673,
        0.7491033673286438,
        0.7749621272087097,
        0.7571294903755188,
        0.7319897413253784,
        0.7090126872062683,
        0.7310609221458435,
        0.766753077507019,
        0.7544954419136047,
        0.7222293019294739,
        0.750882625579834,
        0.7955805659294128,
        0.8952562212944031,
        0.8254584074020386,
        0.7383962273597717
    ],
    "train_accuracy": [
        0.5764706134796143,
        0.4470588266849518,
        0.6000000238418579,
        0.6705882549285889,
        0.5764706134796143,
        0.6117647290229797,
        0.5647059082984924,
        0.6470588445663452,
        0.5529412031173706,
        0.4470588266849518,
        0.5411764979362488,
        0.5647059082984924,
        0.5176470875740051,
        0.4941176474094391,
        0.5176470875740051,
        0.5411764979362488,
        0.4941176474094391,
        0.42352941632270813,
        0.5411764979362488,
        0.5411764979362488,
        0.5647059082984924,
        0.48235294222831726,
        0.529411792755127,
        0.5647059082984924,
        0.5411764979362488,
        0.5529412031173706,
        0.5764706134796143,
        0.5529412031173706,
        0.43529412150382996,
        0.5176470875740051,
        0.48235294222831726
    ],
    "val_accuracy": [
        0.523809552192688,
        0.7142857313156128,
        0.5714285969734192,
        0.6190476417541504,
        0.4761904776096344,
        0.4761904776096344,
        0.523809552192688,
        0.6190476417541504,
        0.6190476417541504,
        0.523809552192688,
        0.380952388048172,
        0.4285714328289032,
        0.5714285969734192,
        0.6666666865348816,
        0.6666666865348816,
        0.6666666865348816,
        0.6666666865348816,
        0.6190476417541504,
        0.3333333432674408,
        0.3333333432674408,
        0.3333333432674408,
        0.4761904776096344,
        0.5714285969734192,
        0.3333333432674408,
        0.3333333432674408,
        0.3333333432674408,
        0.3333333432674408,
        0.3333333432674408,
        0.3333333432674408,
        0.3333333432674408,
        0.3333333432674408,
        0.3333333432674408
    ],
    "epoch_times": [
        0.49232983589172363,
        0.028450965881347656,
        0.028481006622314453,
        0.028470993041992188,
        0.028378009796142578,
        0.02823805809020996,
        0.028408050537109375,
        0.028162002563476562,
        0.028458118438720703,
        0.028237104415893555,
        0.028322935104370117,
        0.0296478271484375,
        0.02870798110961914,
        0.02809000015258789,
        0.028486251831054688,
        0.027310848236083984,
        0.028045177459716797,
        0.027959108352661133,
        0.028579235076904297,
        0.027980804443359375,
        0.02791285514831543,
        0.02782583236694336,
        0.027945280075073242,
        0.02818918228149414,
        0.02791595458984375,
        0.028378963470458984,
        0.027753114700317383,
        0.02842402458190918,
        0.0279848575592041,
        0.027866840362548828,
        0.02780890464782715
    ]
}