{
    "hyperparameters": {
        "bidirectional": true,
        "dropout_rate": 0.0878410714106,
        "hidden_units": 45,
        "learning_rate": 8.34980659e-05,
        "num_layers": 3,
        "output_activation": "elu",
        "weight_decay": 0.0007111818592
    },
    "dataset_stats": {
        "name": "ChlorineConcentration",
        "train_size": 417,
        "val_size": 50,
        "input_shape": [
            166,
            1
        ],
        "num_classes": 3
    },
    "epochs": 34,
    "train_loss": [
        0.6477611660957336,
        1.320130467414856,
        0.9933913946151733,
        1.543124794960022,
        0.4393429458141327,
        0.41985267400741577,
        0.9406201243400574,
        0.6177181005477905,
        1.5062570571899414,
        1.1896933317184448,
        2.0480282306671143,
        0.4593244791030884,
        2.2458131313323975,
        0.3130776584148407,
        0.5219692587852478,
        1.22507643699646,
        0.5033791661262512,
        1.954296350479126,
        0.5207991003990173,
        0.3139254152774811,
        0.4044750928878784,
        0.18468332290649414,
        1.6886861324310303,
        1.3422341346740723,
        0.9306495189666748,
        0.5736215710639954,
        0.9447870254516602,
        1.81675386428833,
        0.42780521512031555,
        0.6443161368370056,
        0.47809767723083496,
        0.7502074837684631,
        0.7372929453849792,
        1.8771193027496338
    ],
    "val_loss": [
        1.5676982402801514,
        1.1493399143218994,
        0.9602791666984558,
        0.9177311062812805,
        0.9079020619392395,
        0.9124226570129395,
        0.910871148109436,
        0.9245277643203735,
        0.9261537194252014,
        0.9192222356796265,
        0.9199329614639282,
        0.9165722727775574,
        0.9191410541534424,
        0.9191026091575623,
        0.9219508171081543,
        0.9176269769668579,
        0.9159395098686218,
        0.9163779616355896,
        0.9147605299949646,
        0.9147770404815674,
        0.9135778546333313,
        0.9123849272727966,
        0.912686288356781,
        0.9140371680259705,
        0.914772629737854,
        0.9146712422370911,
        0.9145731925964355,
        0.913756251335144,
        0.9137297868728638,
        0.9137569665908813,
        0.9138057231903076,
        0.913878321647644,
        0.9137240648269653,
        0.913901150226593,
        0.9139922857284546
    ],
    "train_accuracy": [
        1.0,
        0.0,
        0.0,
        0.0,
        1.0,
        1.0,
        0.0,
        1.0,
        0.0,
        0.0,
        0.0,
        1.0,
        0.0,
        1.0,
        1.0,
        0.0,
        1.0,
        0.0,
        1.0,
        1.0,
        1.0,
        1.0,
        0.0,
        0.0,
        1.0,
        1.0,
        0.0,
        0.0,
        1.0,
        1.0,
        1.0,
        1.0,
        1.0,
        0.0
    ],
    "val_accuracy": [
        0.4000000059604645,
        0.41999998688697815,
        0.6000000238418579,
        0.6399999856948853,
        0.6399999856948853,
        0.6399999856948853,
        0.6600000262260437,
        0.6600000262260437,
        0.6600000262260437,
        0.6600000262260437,
        0.6600000262260437,
        0.6600000262260437,
        0.6600000262260437,
        0.6600000262260437,
        0.6600000262260437,
        0.6600000262260437,
        0.6600000262260437,
        0.6600000262260437,
        0.6600000262260437,
        0.6600000262260437,
        0.6600000262260437,
        0.6600000262260437,
        0.6600000262260437,
        0.6600000262260437,
        0.6600000262260437,
        0.6600000262260437,
        0.6600000262260437,
        0.6600000262260437,
        0.6600000262260437,
        0.6600000262260437,
        0.6600000262260437,
        0.6600000262260437,
        0.6600000262260437,
        0.6600000262260437,
        0.6600000262260437
    ],
    "epoch_times": [
        0.36733555793762207,
        0.6030371189117432,
        0.5659306049346924,
        0.6701207160949707,
        0.508765697479248,
        0.5005247592926025,
        0.538701057434082,
        0.5489473342895508,
        0.535071611404419,
        0.6176140308380127,
        0.4919285774230957,
        0.492490291595459,
        0.4738960266113281,
        0.5009129047393799,
        0.524592399597168,
        0.6482477188110352,
        0.5855796337127686,
        0.6111197471618652,
        0.505828857421875,
        0.637164831161499,
        0.5511846542358398,
        0.5371496677398682,
        0.47362327575683594,
        0.6801059246063232,
        0.48430395126342773,
        0.5436244010925293,
        0.5803961753845215,
        0.5071225166320801,
        0.5773272514343262,
        0.5723421573638916,
        0.7760593891143799,
        0.510178804397583,
        0.4968721866607666,
        0.5018157958984375
    ]
}