{
    "hyperparameters": {
        "activation": "gelu",
        "dropout_rate": 0.2509067179751,
        "ff_dim": 907,
        "hidden_units": 393,
        "learning_rate": 4.99048575e-05,
        "num_heads": 3,
        "num_layers": 2,
        "pooling": "mean",
        "weight_decay": 2.49558818e-05
    },
    "dataset_stats": {
        "name": "BeetleFly",
        "train_size": 32,
        "val_size": 8,
        "input_shape": [
            512,
            1
        ],
        "num_classes": 2
    },
    "epochs": 35,
    "train_loss": [
        1.5715843439102173,
        1.0763550996780396,
        1.1558693647384644,
        0.9227065443992615,
        0.8671802282333374,
        0.9857701063156128,
        0.8666544556617737,
        0.8162426352500916,
        0.8543954491615295,
        0.8441311717033386,
        0.6275737881660461,
        0.8182485699653625,
        0.8415568470954895,
        0.8994693160057068,
        0.5955400466918945,
        0.7392247915267944,
        0.6504728198051453,
        0.8207311630249023,
        0.8169242143630981,
        0.853999137878418,
        0.7424160838127136,
        0.7932667136192322,
        0.6470093727111816,
        0.7511827945709229,
        0.8346551656723022,
        0.7938185930252075,
        0.8429317474365234,
        0.8147205710411072,
        0.7332338094711304,
        0.7277452349662781,
        0.7405168414115906,
        0.6973267793655396,
        0.6545674204826355,
        0.7507834434509277,
        0.6950568556785583
    ],
    "val_loss": [
        1.338686466217041,
        1.564853549003601,
        1.976357102394104,
        1.473694086074829,
        0.8115231394767761,
        0.6202868819236755,
        0.7078946232795715,
        0.7229189872741699,
        0.6633152961730957,
        0.6267651319503784,
        0.6908823251724243,
        0.8117492198944092,
        0.8276371955871582,
        0.8073614239692688,
        0.7750237584114075,
        0.7420437335968018,
        0.7328799962997437,
        0.7361240386962891,
        0.7438421249389648,
        0.7500251531600952,
        0.7634143829345703,
        0.7723553776741028,
        0.7754273414611816,
        0.7778274416923523,
        0.7823258638381958,
        0.7833682298660278,
        0.7783486247062683,
        0.7762673497200012,
        0.7716591954231262,
        0.7676821351051331,
        0.7622097730636597,
        0.7562325596809387,
        0.75096595287323,
        0.7462344169616699,
        0.7403016686439514,
        0.7362885475158691
    ],
    "train_accuracy": [
        0.4375,
        0.46875,
        0.5,
        0.46875,
        0.59375,
        0.375,
        0.5,
        0.4375,
        0.46875,
        0.46875,
        0.65625,
        0.4375,
        0.4375,
        0.3125,
        0.6875,
        0.53125,
        0.65625,
        0.46875,
        0.5,
        0.40625,
        0.5625,
        0.53125,
        0.625,
        0.4375,
        0.34375,
        0.53125,
        0.46875,
        0.40625,
        0.46875,
        0.5625,
        0.5625,
        0.59375,
        0.625,
        0.59375,
        0.53125
    ],
    "val_accuracy": [
        0.625,
        0.25,
        0.375,
        0.375,
        0.375,
        0.625,
        0.625,
        0.625,
        0.625,
        0.75,
        0.5,
        0.375,
        0.375,
        0.375,
        0.375,
        0.25,
        0.125,
        0.125,
        0.125,
        0.125,
        0.25,
        0.25,
        0.25,
        0.25,
        0.25,
        0.25,
        0.25,
        0.25,
        0.25,
        0.25,
        0.25,
        0.25,
        0.25,
        0.25,
        0.25,
        0.25
    ],
    "epoch_times": [
        0.3913125991821289,
        0.07842326164245605,
        0.08061385154724121,
        0.07999205589294434,
        0.08084917068481445,
        0.08045268058776855,
        0.08052587509155273,
        0.08060526847839355,
        0.07984614372253418,
        0.07954573631286621,
        0.08041572570800781,
        0.08046150207519531,
        0.07949113845825195,
        0.0804750919342041,
        0.07871794700622559,
        0.07972860336303711,
        0.0791633129119873,
        0.07866811752319336,
        0.07939410209655762,
        0.07955765724182129,
        0.07982134819030762,
        0.07992744445800781,
        0.08074378967285156,
        0.07950472831726074,
        0.08051013946533203,
        0.07926368713378906,
        0.07979512214660645,
        0.0797114372253418,
        0.0781247615814209,
        0.07849812507629395,
        0.0786585807800293,
        0.07935833930969238,
        0.0794522762298584,
        0.07929229736328125,
        0.0786278247833252
    ]
}