{
    "hyperparameters": {
        "activation": "tanh",
        "dropout_rate": 0.2701386130325,
        "kernel_size": 3,
        "learning_rate": 0.0019141552194,
        "num_filters": 66,
        "num_layers": 2,
        "pooling": "max",
        "pooling_size": 2
    },
    "dataset_stats": {
        "name": "classification_ozone",
        "train_size": 170,
        "val_size": 42,
        "input_shape": [
            1,
            1201
        ],
        "num_classes": 2
    },
    "epochs": 63,
    "train_loss": [
        0.7586689591407776,
        0.7336617112159729,
        0.7045350074768066,
        0.7306323051452637,
        0.6819992661476135,
        0.738761305809021,
        0.7091271877288818,
        0.710304319858551,
        0.7338871359825134,
        0.7137913703918457,
        0.6816344261169434,
        0.6907663941383362,
        0.6889392733573914,
        0.7277436852455139,
        0.6916743516921997,
        0.6753385066986084,
        0.7270598411560059,
        0.6761507987976074,
        0.6728190779685974,
        0.7050961256027222,
        0.674088716506958,
        0.6990359425544739,
        0.7120058536529541,
        0.6927244663238525,
        0.6933303475379944,
        0.6779704689979553,
        0.6787735223770142,
        0.641533613204956,
        0.6245814561843872,
        0.6549205780029297,
        0.6914704442024231,
        0.6732426881790161,
        0.6791095733642578,
        0.6941205263137817,
        0.664848804473877,
        0.6883543729782104,
        0.685944139957428,
        0.6882750391960144,
        0.6968942284584045,
        0.6611754298210144,
        0.6972177624702454,
        0.6807921528816223,
        0.688687801361084,
        0.6720102429389954,
        0.695755124092102,
        0.6938977837562561,
        0.6910114288330078,
        0.6929532885551453,
        0.661302924156189,
        0.6604187488555908,
        0.6617096662521362,
        0.6780692338943481,
        0.695076048374176,
        0.6508827805519104,
        0.6574727892875671,
        0.6659660339355469,
        0.6867767572402954,
        0.695790708065033,
        0.7008149027824402,
        0.6753286719322205,
        0.6596536636352539,
        0.6783137917518616,
        0.6755689382553101
    ],
    "val_loss": [
        0.6858536601066589,
        0.6847371459007263,
        0.6762065291404724,
        0.6762463450431824,
        0.6811558604240417,
        0.6700286865234375,
        0.666748046875,
        0.6705403327941895,
        0.668609082698822,
        0.6925097107887268,
        0.6716554760932922,
        0.6671960949897766,
        0.6775056719779968,
        0.6691338419914246,
        0.6695854663848877,
        0.6686326265335083,
        0.665459930896759,
        0.6648722887039185,
        0.6555904150009155,
        0.6842655539512634,
        0.6720557808876038,
        0.6606404185295105,
        0.6739118695259094,
        0.6695070862770081,
        0.678983747959137,
        0.6946792006492615,
        0.6495760679244995,
        0.6507010459899902,
        0.6581732034683228,
        0.6619651913642883,
        0.6624855995178223,
        0.6625028252601624,
        0.6529597043991089,
        0.6317064762115479,
        0.651456356048584,
        0.6761913299560547,
        0.6497198939323425,
        0.65357506275177,
        0.6586057543754578,
        0.6546430587768555,
        0.6555963754653931,
        0.6506237387657166,
        0.6466078758239746,
        0.656946063041687,
        0.6586121916770935,
        0.6469521522521973,
        0.6686436533927917,
        0.6617960333824158,
        0.6543963551521301,
        0.6509735584259033,
        0.6449426412582397,
        0.6389371156692505,
        0.6681521534919739,
        0.6578137278556824,
        0.6666985154151917,
        0.6578046679496765,
        0.6586194634437561,
        0.6561928987503052,
        0.6831141710281372,
        0.6556252241134644,
        0.6661902666091919,
        0.6449291110038757,
        0.6453453898429871,
        0.6629686951637268
    ],
    "train_accuracy": [
        0.44117647409439087,
        0.48235294222831726,
        0.5764706134796143,
        0.48235294222831726,
        0.5529412031173706,
        0.5,
        0.47647058963775635,
        0.5117647051811218,
        0.5058823823928833,
        0.5117647051811218,
        0.5411764979362488,
        0.5529412031173706,
        0.5529412031173706,
        0.4470588266849518,
        0.5411764979362488,
        0.5470588207244873,
        0.4941176474094391,
        0.5411764979362488,
        0.570588231086731,
        0.5176470875740051,
        0.5647059082984924,
        0.5058823823928833,
        0.4529411792755127,
        0.5352941155433655,
        0.5176470875740051,
        0.5588235259056091,
        0.5588235259056091,
        0.6470588445663452,
        0.6235294342041016,
        0.5941176414489746,
        0.5529412031173706,
        0.570588231086731,
        0.5823529362678528,
        0.5117647051811218,
        0.5823529362678528,
        0.5352941155433655,
        0.5588235259056091,
        0.570588231086731,
        0.5,
        0.570588231086731,
        0.4941176474094391,
        0.5588235259056091,
        0.4941176474094391,
        0.570588231086731,
        0.5,
        0.5352941155433655,
        0.5,
        0.5352941155433655,
        0.5588235259056091,
        0.5764706134796143,
        0.6058823466300964,
        0.5529412031173706,
        0.5647059082984924,
        0.6176470518112183,
        0.5647059082984924,
        0.570588231086731,
        0.5647059082984924,
        0.5411764979362488,
        0.4470588266849518,
        0.5411764979362488,
        0.5647059082984924,
        0.5352941155433655,
        0.5588235259056091
    ],
    "val_accuracy": [
        0.5714285969734192,
        0.5476190447807312,
        0.5476190447807312,
        0.5476190447807312,
        0.523809552192688,
        0.5476190447807312,
        0.5476190447807312,
        0.4761904776096344,
        0.523809552192688,
        0.523809552192688,
        0.5476190447807312,
        0.5714285969734192,
        0.5476190447807312,
        0.5476190447807312,
        0.5476190447807312,
        0.5714285969734192,
        0.5714285969734192,
        0.5476190447807312,
        0.6190476417541504,
        0.523809552192688,
        0.5476190447807312,
        0.5476190447807312,
        0.5476190447807312,
        0.5714285969734192,
        0.523809552192688,
        0.523809552192688,
        0.6428571343421936,
        0.5476190447807312,
        0.5714285969734192,
        0.5714285969734192,
        0.523809552192688,
        0.523809552192688,
        0.5476190447807312,
        0.5476190447807312,
        0.5952380895614624,
        0.523809552192688,
        0.5952380895614624,
        0.5952380895614624,
        0.5,
        0.5476190447807312,
        0.5476190447807312,
        0.5714285969734192,
        0.6190476417541504,
        0.5714285969734192,
        0.5476190447807312,
        0.6190476417541504,
        0.4285714328289032,
        0.5714285969734192,
        0.5476190447807312,
        0.5714285969734192,
        0.5476190447807312,
        0.5476190447807312,
        0.5476190447807312,
        0.5714285969734192,
        0.5476190447807312,
        0.6666666865348816,
        0.4761904776096344,
        0.5952380895614624,
        0.5476190447807312,
        0.5476190447807312,
        0.5476190447807312,
        0.5476190447807312,
        0.5476190447807312,
        0.5714285969734192
    ],