{
    "hyperparameters": {
        "activation": "gelu",
        "dropout_rate": 0.3773859612229,
        "kernel_size": 4,
        "learning_rate": 0.00072527343,
        "num_filters": 94,
        "num_layers": 2,
        "pooling": "average",
        "pooling_size": 2
    },
    "dataset_stats": {
        "name": "ChlorineConcentration",
        "train_size": 748,
        "val_size": 186,
        "input_shape": [
            1,
            166
        ],
        "num_classes": 3
    },
    "epochs": 38,
    "train_loss": [
        1.1908094882965088,
        1.0702340602874756,
        1.0242249965667725,
        1.0007014274597168,
        1.0203547477722168,
        1.0108903646469116,
        1.0086169242858887,
        1.0006096363067627,
        0.9610137939453125,
        0.9574684500694275,
        0.9498295187950134,
        0.9435111284255981,
        0.940863311290741,
        0.9485090970993042,
        0.9321394562721252,
        0.9336229562759399,
        0.9475589394569397,
        0.9327091574668884,
        0.9174455404281616,
        0.9313295483589172,
        0.9046666622161865,
        0.9116969704627991,
        0.8638409972190857,
        0.9398476481437683,
        0.8992688059806824,
        0.8942878246307373,
        0.8743321299552917,
        0.8482102751731873,
        0.8559660315513611,
        0.8362281322479248,
        0.856423020362854,
        0.8375088572502136,
        0.8227841258049011,
        0.8434677720069885,
        0.8357073068618774,
        0.8093838691711426,
        0.8340644240379333,
        0.8607279062271118
    ],
    "val_loss": [
        1.0992016792297363,
        1.014004111289978,
        1.0286400318145752,
        1.02776038646698,
        1.0160531997680664,
        1.01982843875885,
        1.0600353479385376,
        1.0293327569961548,
        1.0115092992782593,
        1.0256353616714478,
        1.0241039991378784,
        1.041085958480835,
        1.036806344985962,
        1.0518769025802612,
        1.0484657287597656,
        1.0406509637832642,
        1.0326799154281616,
        1.0423214435577393,
        1.0198004245758057,
        1.0363686084747314,
        1.0406382083892822,
        1.0447551012039185,
        1.0336551666259766,
        1.0477309226989746,
        1.0580815076828003,
        1.0675005912780762,
        1.049237608909607,
        1.0392932891845703,
        1.0460277795791626,
        1.087570309638977,
        1.0452519655227661,
        1.069080114364624,
        1.0772649049758911,
        1.0812695026397705,
        1.1188368797302246,
        1.1085193157196045,
        1.1179571151733398,
        1.1857202053070068,
        1.1248587369918823
    ],
    "train_accuracy": [
        0.47058823704719543,
        0.5213903784751892,
        0.5360962748527527,
        0.5387700796127319,
        0.5441176295280457,
        0.5334224700927734,
        0.5347593426704407,
        0.5548128485679626,
        0.5614973306655884,
        0.5735294222831726,
        0.5815507769584656,
        0.5628342032432556,
        0.5868983864784241,
        0.5708556175231934,
        0.5895721912384033,
        0.5855615139007568,
        0.5748662948608398,
        0.5922459959983826,
        0.5922459959983826,
        0.5882353186607361,
        0.5909090638160706,
        0.5949198007583618,
        0.6189839839935303,
        0.5668449401855469,
        0.5855615139007568,
        0.5922459959983826,
        0.6002673506736755,
        0.6136363744735718,
        0.624331533908844,
        0.6283422708511353,
        0.6310160160064697,
        0.6270053386688232,
        0.6310160160064697,
        0.614973247051239,
        0.6363636255264282,
        0.6417112350463867,
        0.6229946613311768,
        0.614973247051239
    ],
    "val_accuracy": [
        0.296875,
        0.5591397881507874,
        0.5591397881507874,
        0.5430107712745667,
        0.5591397881507874,
        0.5483871102333069,
        0.5645161271095276,
        0.5483871102333069,
        0.5537634491920471,
        0.5430107712745667,
        0.5537634491920471,
        0.5591397881507874,
        0.5645161271095276,
        0.5591397881507874,
        0.5483871102333069,
        0.5537634491920471,
        0.5430107712745667,
        0.5483871102333069,
        0.5430107712745667,
        0.5698924660682678,
        0.5645161271095276,
        0.5430107712745667,
        0.5698924660682678,
        0.5591397881507874,
        0.5591397881507874,
        0.5645161271095276,
        0.5430107712745667,
        0.5483871102333069,
        0.5430107712745667,
        0.5483871102333069,
        0.5591397881507874,
        0.5645161271095276,
        0.5430107712745667,
        0.5537634491920471,
        0.5537634491920471,
        0.5483871102333069,
        0.5430107712745667,
        0.5537634491920471,
        0.5537634491920471
    ],
    "epoch_times": [
        0.7876529693603516,
        0.6843245029449463,
        0.609595537185669,
        0.6157331466674805,
        0.606337308883667,
        0.6133646965026855,
        0.6709945201873779,
        0.698096513748169,
        0.7064766883850098,
        0.6910347938537598,
        0.6873259544372559,
        0.6675317287445068,
        0.6224098205566406,
        0.6885387897491455,
        0.6693813800811768,
        0.6986508369445801,
        0.7177209854125977,
        0.7195312976837158,
        0.7868878841400146,
        0.7751827239990234,
        0.8108127117156982,
        0.808220624923706,
        0.7142295837402344,
        0.8791615962982178,
        0.7084701061248779,
        0.7922003269195557,
        0.7040600776672363,
        0.6873733997344971,
        0.6709198951721191,
        0.7851214408874512,
        0.6984720230102539,
        0.6000096797943115,
        0.682725191116333,
        0.618499755859375,
        0.6932687759399414,
        0.6591031551361084,
        0.5918409824371338,
        0.5307216644287109
    ]
}