{
    "hyperparameters": {
        "activation": "relu",
        "dropout_rate": 0.1311057789807,
        "hidden_units": 35,
        "learning_rate": 0.0112901121294,
        "num_layers": 4,
        "weight_decay": 0.0024504657609
    },
    "dataset_stats": {
        "name": "BirdChicken",
        "train_size": 36,
        "val_size": 9,
        "input_shape": [
            512,
            1
        ],
        "num_classes": 2
    },
    "epochs": 83,
    "train_loss": [
        0.7493045330047607,
        0.6155735850334167,
        0.5504563450813293,
        0.5104029774665833,
        0.40533387660980225,
        0.3326070308685303,
        0.3741675019264221,
        0.35240843892097473,
        0.3300517201423645,
        0.3274657726287842,
        0.2790888547897339,
        0.43085354566574097,
        0.26433250308036804,
        0.2895989418029785,
        0.25578513741493225,
        0.28292882442474365,
        0.32098639011383057,
        0.26793450117111206,
        0.24171696603298187,
        0.2442283034324646,
        0.21338596940040588,
        0.18825234472751617,
        0.23927471041679382,
        0.21175330877304077,
        0.23082616925239563,
        0.27214279770851135,
        0.11648901551961899,
        0.23282116651535034,
        0.19700691103935242,
        0.21373943984508514,
        0.18206745386123657,
        0.10711949318647385,
        0.21512185037136078,
        0.20637094974517822,
        0.2932340204715729,
        0.2553425431251526,
        0.1979418843984604,
        0.34841182827949524,
        0.20479583740234375,
        0.3054060637950897,
        0.30583932995796204,
        0.3222978115081787,
        0.3149128258228302,
        0.2910414934158325,
        0.26725414395332336,
        0.28385770320892334,
        0.18603087961673737,
        0.26622962951660156,
        0.21766361594200134,
        0.20535604655742645,
        0.21615049242973328,
        0.1946989744901657,
        0.22155694663524628,
        0.23313726484775543,
        0.26800599694252014,
        0.23254765570163727,
        0.18817444145679474,
        0.27238085865974426,
        0.3098706901073456,
        0.28139835596084595,
        0.24954159557819366,
        0.24176546931266785,
        0.19543613493442535,
        0.2839350700378418,
        0.2329334169626236,
        0.23400123417377472,
        0.22587770223617554,
        0.24698135256767273,
        0.198964923620224,
        0.24371783435344696,
        0.15644869208335876,
        0.19790980219841003,
        0.20408634841442108,
        0.20584239065647125,
        0.18141761422157288,
        0.24892517924308777,
        0.1634337157011032,
        0.11791256815195084,
        0.23803263902664185,
        0.25456926226615906,
        0.2991412580013275,
        0.1808607280254364,
        0.13928501307964325
    ],
    "val_loss": [
        0.6698397397994995,
        0.6565632224082947,
        0.638065755367279,
        0.6333291530609131,
        0.6282802224159241,
        0.5760756731033325,
        0.5518298149108887,
        0.5111343860626221,
        0.5022308230400085,
        0.50696861743927,
        0.5287567377090454,
        0.5182380080223083,
        0.5547869801521301,
        0.5762593746185303,
        0.6024178266525269,
        0.6491759419441223,
        0.6945763230323792,
        0.6769465804100037,
        0.5741599798202515,
        0.5109869241714478,
        0.5553290843963623,
        0.5308186411857605,
        0.5268456339836121,
        0.4536738991737366,
        0.4748251140117645,
        0.42092832922935486,
        0.457804799079895,
        0.5107940435409546,
        0.5400784015655518,
        0.5297908186912537,
        0.5679442882537842,
        0.5929639339447021,
        0.5813307762145996,
        0.5670192241668701,
        0.5711027383804321,
        0.5833362340927124,
        0.522688627243042,
        0.4661291539669037,
        0.46776866912841797,
        0.3758763074874878,
        0.4353979527950287,
        0.5295852422714233,
        0.5609435439109802,
        0.6155973076820374,
        0.6687754392623901,
        0.6611049175262451,
        0.7019266486167908,
        0.7525261044502258,
        0.8109579682350159,
        0.6518456935882568,
        0.5112851858139038,
        0.41755184531211853,
        0.328660249710083,
        0.28428202867507935,
        0.2946450412273407,
        0.40406525135040283,
        0.5401379466056824,
        0.5549195408821106,
        0.6247535943984985,
        0.6190176010131836,
        0.508270800113678,
        0.4211979806423187,
        0.4380708336830139,
        0.39169740676879883,
        0.4536256194114685,
        0.4399254620075226,
        0.4269951581954956,
        0.46506035327911377,
        0.5048822164535522,
        0.5822937488555908,
        0.5985223054885864,
        0.684518575668335,
        0.7755872011184692,
        0.9182842969894409,
        0.9764266610145569,
        1.0238572359085083,
        1.2733120918273926,
        1.1836203336715698,
        1.1044796705245972,
        1.1259580850601196,
        1.1227068901062012,
        1.1053500175476074,
        0.9700077772140503,
        0.9879661202430725
    ],
    "train_accuracy": [
        0.5555555820465088,
        0.6388888955116272,
        0.7777777910232544,
        0.75,
        0.8333333134651184,
        0.8888888955116272,
        0.8055555820465088,
        0.8333333134651184,
        0.8333333134651184,
        0.9166666865348816,
        0.8888888955116272,
        0.8611111044883728,
        0.9166666865348816,
        0.8611111044883728,
        0.8611111044883728,
        0.9166666865348816,
        0.8333333134651184,
        0.8611111044883728,
        0.9166666865348816,
        0.8888888955116272,
        0.9166666865348816,
        0.9444444179534912,
        0.9166666865348816,
        0.8888888955116272,
        0.9444444179534912,
        0.8611111044883728,
        0.9722222089767456,
        0.8888888955116272,
        0.9166666865348816,
        0.8888888955116272,
        0.9166666865348816,
        0.9722222089767456,
        0.9166666865348816,
        0.9444444179534912,
        0.8333333134651184,
        0.9166666865348816,
        0.9444444179534912,
        0.8888888955116272,
        0.9444444179534912,
        0.9166666865348816,
        0.8611111044883728,
        0.9166666865348816,
        0.8611111044883728,
        0.8888888955116272,
        0.9166666865348816,
        0.8333333134651184,
        0.9166666865348816,
        0.9166666865348816,
        0.9166666865348816,
        0.9444444179534912,
        0.9166666865348816,
        0.9166666865348816,
        0.9444444179534912,
        0.9166666865348816,
        0.9166666865348816,
        0.9444444179534912,
        0.9444444179534912,
        0.9166666865348816,
        0.8888888955116272,
        0.8611111044883728,
        0.8888888955116272,
        0.8888888955116272,
        0.9444444179534912,
        0.9166666865348816,
        0.9166666865348816,
        0.9166666865348816,
        0.9444444179534912,
        0.8888888955116272,
        0.8888888955116272,
        0.9166666865348816,
        0.9444444179534912,
        0.9444444179534912,
        0.8888888955116272,
        0.9166666865348816,
        0.9444444179534912,
        0.9166666865348816,
        0.9444444179534912,
        0.9722222089767456,
        0.8888888955116272,
        0.8888888955116272,
        0.8611111044883728,
        0.9166666865348816,
        0.9444444179534912
    ],