{
    "hyperparameters": {
        "bidirectional": false,
        "dropout_rate": 0.3317667483625,
        "hidden_units": 136,
        "learning_rate": 0.0023025986501,
        "num_layers": 4,
        "output_activation": "linear",
        "weight_decay": 0.0006214552229
    },
    "dataset_stats": {
        "name": "classification_ozone",
        "train_size": 85,
        "val_size": 21,
        "input_shape": [
            1201,
            1
        ],
        "num_classes": 2
    },
    "epochs": 38,
    "train_loss": [
        7.037888526916504,
        5.84669303894043,
        1.541689395904541,
        2.3780360221862793,
        0.8392038941383362,
        1.2965420484542847,
        0.7920314073562622,
        0.6751765608787537,
        0.737565815448761,
        0.9910632371902466,
        0.6772476434707642,
        0.9500547051429749,
        0.6385617256164551,
        0.7691516876220703,
        0.6441571116447449,
        0.7750996351242065,
        0.6646554470062256,
        0.7759019732475281,
        0.5801661014556885,
        0.8826422691345215,
        0.8357736468315125,
        0.7784053087234497,
        0.8276306986808777,
        0.649192750453949,
        0.7349679470062256,
        0.8306811451911926,
        0.8599464893341064,
        0.6622466444969177,
        0.799482524394989,
        0.7211443185806274,
        0.6839636564254761,
        0.5984811782836914,
        0.5379225015640259,
        0.6836304664611816,
        0.5716378092765808,
        0.6132063865661621,
        0.6981955766677856,
        0.6549476385116577
    ],
    "val_loss": [
        1.358660101890564,
        2.7227962017059326,
        3.252824068069458,
        1.6106778383255005,
        1.6153253316879272,
        1.120250940322876,
        0.9943154454231262,
        0.8604964017868042,
        0.7561953663825989,
        0.8418320417404175,
        0.8046660423278809,
        1.0371038913726807,
        0.894809901714325,
        0.9097066521644592,
        0.901940643787384,
        0.9116677045822144,
        0.9409912824630737,
        1.000737190246582,
        1.026165246963501,
        1.0423692464828491,
        1.0514816045761108,
        1.0198895931243896,
        0.9771666526794434,
        0.9818578362464905,
        1.0400463342666626,
        1.0821349620819092,
        1.060043454170227,
        1.0471575260162354,
        1.0403567552566528,
        1.0412917137145996,
        0.9996212720870972,
        0.9931917786598206,
        1.0277220010757446,
        1.0412871837615967,
        1.0543993711471558,
        1.077832579612732,
        1.0811132192611694,
        1.037652850151062,
        1.0012987852096558
    ],
    "train_accuracy": [
        0.5714285969734192,
        0.3333333432674408,
        0.4285714328289032,
        0.523809552192688,
        0.4761904776096344,
        0.6190476417541504,
        0.523809552192688,
        0.6190476417541504,
        0.6190476417541504,
        0.4761904776096344,
        0.5714285969734192,
        0.523809552192688,
        0.6666666865348816,
        0.523809552192688,
        0.6190476417541504,
        0.523809552192688,
        0.5714285969734192,
        0.4761904776096344,
        0.6666666865348816,
        0.4285714328289032,
        0.380952388048172,
        0.380952388048172,
        0.4761904776096344,
        0.6190476417541504,
        0.5714285969734192,
        0.4761904776096344,
        0.4285714328289032,
        0.6666666865348816,
        0.4761904776096344,
        0.4761904776096344,
        0.5714285969734192,
        0.8095238208770752,
        0.6666666865348816,
        0.6190476417541504,
        0.6666666865348816,
        0.5714285969734192,
        0.4761904776096344,
        0.4761904776096344
    ],
    "val_accuracy": [
        0.5714285969734192,
        0.4285714328289032,
        0.523809552192688,
        0.523809552192688,
        0.4761904776096344,
        0.523809552192688,
        0.523809552192688,
        0.523809552192688,
        0.4761904776096344,
        0.4761904776096344,
        0.4285714328289032,
        0.4285714328289032,
        0.4285714328289032,
        0.380952388048172,
        0.4285714328289032,
        0.4285714328289032,
        0.4285714328289032,
        0.380952388048172,
        0.4285714328289032,
        0.4285714328289032,
        0.4285714328289032,
        0.4285714328289032,
        0.6666666865348816,
        0.523809552192688,
        0.380952388048172,
        0.4285714328289032,
        0.4285714328289032,
        0.380952388048172,
        0.6190476417541504,
        0.5714285969734192,
        0.523809552192688,
        0.4285714328289032,
        0.4285714328289032,
        0.4285714328289032,
        0.4285714328289032,
        0.4285714328289032,
        0.4285714328289032,
        0.380952388048172,
        0.380952388048172
    ],
    "epoch_times": [
        0.7721889019012451,
        1.200319766998291,
        1.3615870475769043,
        0.8896687030792236,
        0.6766669750213623,
        0.8878862857818604,
        0.767249345779419,
        0.6565136909484863,
        0.6832714080810547,
        1.1061887741088867,
        1.3500206470489502,
        1.1610348224639893,
        1.1494784355163574,
        1.2230415344238281,
        1.1273553371429443,
        1.2334315776824951,
        0.9467830657958984,
        1.1674296855926514,
        1.2355544567108154,
        1.0197725296020508,
        1.0583770275115967,
        0.9095821380615234,
        1.1234126091003418,
        1.0141031742095947,
        1.2223777770996094,
        1.4586007595062256,
        1.3315377235412598,
        1.3937711715698242,
        1.265625,
        1.2706308364868164,
        1.333383560180664,
        1.1561691761016846,
        1.2546238899230957,
        1.3599371910095215,
        1.2709102630615234,
        1.210211992263794,
        1.1591315269470215,
        1.4129014015197754
    ]
}