{
    "hyperparameters": {
        "activation": "relu",
        "dropout_rate": 0.0589211467474,
        "ff_dim": 485,
        "hidden_units": 425,
        "learning_rate": 0.0004939244837,
        "num_heads": 8,
        "num_layers": 4,
        "pooling": "max",
        "weight_decay": 4.39730861e-05
    },
    "dataset_stats": {
        "name": "Car",
        "train_size": 96,
        "val_size": 24,
        "input_shape": [
            577,
            1
        ],
        "num_classes": 4
    },
    "epochs": 56,
    "train_loss": [
        4.756356239318848,
        2.161466360092163,
        1.951061725616455,
        1.3997570276260376,
        1.4464857578277588,
        1.4196748733520508,
        1.4178625345230103,
        1.2946540117263794,
        1.3241426944732666,
        1.296069860458374,
        1.1922160387039185,
        0.9879708290100098,
        1.0675057172775269,
        1.3756020069122314,
        1.2585632801055908,
        1.08479642868042,
        1.202986717224121,
        0.9790405035018921,
        0.9039660692214966,
        1.177383303642273,
        0.8623795509338379,
        1.2309166193008423,
        1.0751560926437378,
        1.2014353275299072,
        0.7043513059616089,
        0.76552414894104,
        1.0598326921463013,
        0.8283188939094543,
        0.9220589399337769,
        1.0685458183288574,
        0.5870726108551025,
        0.7251760959625244,
        0.49093133211135864,
        0.41294291615486145,
        0.33147725462913513,
        0.4545176029205322,
        0.4878469407558441,
        0.17330868542194366,
        0.3777599334716797,
        0.4397350251674652,
        0.15664668381214142,
        0.2192891538143158,
        0.21356020867824554,
        0.20743730664253235,
        0.2101852297782898,
        0.18294678628444672,
        0.18334075808525085,
        0.19566656649112701,
        0.16279229521751404,
        0.15002630650997162,
        0.11708316951990128,
        0.1005169153213501,
        0.13959701359272003,
        0.1108890101313591,
        0.15870624780654907,
        0.15054282546043396
    ],
    "val_loss": [
        2.552104949951172,
        3.719228982925415,
        1.6278287172317505,
        2.0223536491394043,
        1.319618582725525,
        1.4016169309616089,
        1.647448182106018,
        1.3383773565292358,
        1.4428844451904297,
        1.3272839784622192,
        1.5399786233901978,
        1.313151240348816,
        1.4280647039413452,
        1.4486287832260132,
        1.4773293733596802,
        1.302117943763733,
        1.4998674392700195,
        1.9117628335952759,
        1.3072491884231567,
        1.3444331884384155,
        1.8177381753921509,
        1.2773098945617676,
        1.4273403882980347,
        1.554291844367981,
        1.9263826608657837,
        1.3612710237503052,
        1.2443655729293823,
        1.4839153289794922,
        1.6116403341293335,
        1.2726470232009888,
        1.6792868375778198,
        1.562301754951477,
        1.4409794807434082,
        1.4481281042099,
        1.5310444831848145,
        1.4214338064193726,
        1.5848755836486816,
        1.8708691596984863,
        1.7836579084396362,
        1.8703657388687134,
        1.9552149772644043,
        1.9514007568359375,
        1.9867204427719116,
        2.01627254486084,
        2.181753158569336,
        2.217254400253296,
        2.1969263553619385,
        2.1268317699432373,
        2.1324055194854736,
        2.2055866718292236,
        2.3191893100738525,
        2.3545403480529785,
        2.3540031909942627,
        2.3422799110412598,
        2.331566095352173,
        2.3685240745544434,
        2.4146671295166016
    ],
    "train_accuracy": [
        0.375,
        0.25,
        0.25,
        0.34375,
        0.28125,
        0.3125,
        0.34375,
        0.34375,
        0.40625,
        0.375,
        0.3125,
        0.71875,
        0.5,
        0.5,
        0.40625,
        0.5,
        0.46875,
        0.53125,
        0.625,
        0.53125,
        0.65625,
        0.40625,
        0.5625,
        0.375,
        0.8125,
        0.65625,
        0.4375,
        0.71875,
        0.65625,
        0.59375,
        0.8125,
        0.65625,
        0.78125,
        0.78125,
        0.90625,
        0.84375,
        0.84375,
        0.96875,
        0.875,
        0.875,
        1.0,
        0.9375,
        0.96875,
        0.9375,
        0.96875,
        0.9375,
        0.96875,
        0.90625,
        1.0,
        0.9375,
        1.0,
        1.0,
        0.96875,
        0.96875,
        0.9375,
        0.96875
    ],
    "val_accuracy": [
        0.375,
        0.125,
        0.375,
        0.375,
        0.4583333432674408,
        0.375,
        0.125,
        0.375,
        0.125,
        0.375,
        0.2916666865348816,
        0.4583333432674408,
        0.4583333432674408,
        0.5416666865348816,
        0.5416666865348816,
        0.5,
        0.375,
        0.375,
        0.5416666865348816,
        0.5833333730697632,
        0.25,
        0.5416666865348816,
        0.5,
        0.4166666567325592,
        0.25,
        0.5416666865348816,
        0.5,
        0.4166666567325592,
        0.5,
        0.5416666865348816,
        0.4583333432674408,
        0.5833333730697632,
        0.6666666865348816,
        0.625,
        0.5833333730697632,
        0.5416666865348816,
        0.5416666865348816,
        0.5416666865348816,
        0.5833333730697632,
        0.625,
        0.5833333730697632,
        0.625,
        0.625,
        0.5833333730697632,
        0.5416666865348816,
        0.5,
        0.5416666865348816,
        0.5416666865348816,
        0.5416666865348816,
        0.5833333730697632,
        0.5416666865348816,
        0.5416666865348816,
        0.5,
        0.5,
        0.5416666865348816,
        0.5416666865348816,
        0.5416666865348816
    ],
    "epoch_times": [
        0.4749765396118164,
        0.4720625877380371,
        0.4712221622467041,
        0.47654032707214355,
        0.47035717964172363,
        0.47125697135925293,
        0.47201991081237793,
        0.4717221260070801,
        0.4721059799194336,
        0.4704573154449463,
        0.4735450744628906,
        0.4713144302368164,
        0.4706404209136963,
        0.4701559543609619,
        0.4713129997253418,
        0.47193098068237305,
        0.4726686477661133,
        0.47131848335266113,
        0.4706156253814697,
        0.47060251235961914,
        0.47078967094421387,
        0.4704926013946533,
        0.47083282470703125,
        0.47153401374816895,
        0.4713590145111084,
        0.4712660312652588,
        0.47112345695495605,
        0.4713022708892822,
        0.47370171546936035,
        0.47210240364074707,
        0.473191499710083,
        0.4713258743286133,
        0.4714162349700928,
        0.4729146957397461,
        0.47136569023132324,
        0.47127652168273926,
        0.4747941493988037,
        0.47205352783203125,
        0.47162890434265137,
        0.472057580947876,
        0.4718170166015625,
        0.4718754291534424,
        0.47135162353515625,
        0.4712181091308594,
        0.4723474979400635,
        0.471951961517334,
        0.47170591354370117,
        0.4722738265991211,
        0.47520899772644043,
        0.47434186935424805,
        0.4767429828643799,
        0.47260117530822754,
        0.47423720359802246,
        0.4711134433746338,
        0.4756171703338623,
        0.4713292121887207
    ]
}