{
    "hyperparameters": {
        "bidirectional": false,
        "dropout_rate": 0.4176231558426,
        "hidden_units": 89,
        "learning_rate": 0.0098821025825,
        "num_layers": 2,
        "output_activation": "tanh",
        "weight_decay": 8.15710477e-05
    },
    "dataset_stats": {
        "name": "ArrowHead",
        "train_size": 49,
        "val_size": 12,
        "input_shape": [
            251,
            1
        ],
        "num_classes": 3
    },
    "epochs": 39,
    "train_loss": [
        1.6568660736083984,
        1.8814523220062256,
        1.8335230350494385,
        1.5726853609085083,
        0.8584068417549133,
        0.893899142742157,
        0.611833930015564,
        0.8724536895751953,
        0.9044554233551025,
        1.158516526222229,
        0.5272381901741028,
        0.7938321232795715,
        0.946289598941803,
        0.730329155921936,
        0.8504014611244202,
        0.667934238910675,
        0.8520209789276123,
        0.5262523293495178,
        0.7224279046058655,
        0.7950264811515808,
        0.781396746635437,
        0.6204098463058472,
        0.7412676215171814,
        0.42313167452812195,
        0.6293935775756836,
        0.5278013348579407,
        0.638684868812561,
        0.42465025186538696,
        0.5320433974266052,
        0.427083820104599,
        0.3131653666496277,
        0.5805402398109436,
        0.30718934535980225,
        0.4146275818347931,
        0.6889666318893433,
        0.5430232286453247,
        0.7291030883789062,
        0.42825666069984436,
        0.48754623532295227
    ],
    "val_loss": [
        1.1743576526641846,
        2.912841558456421,
        1.8995012044906616,
        1.3402866125106812,
        1.4109667539596558,
        1.622637152671814,
        1.529200553894043,
        1.2834572792053223,
        1.2227448225021362,
        1.1968357563018799,
        1.282871961593628,
        1.3376637697219849,
        1.197955846786499,
        1.2364541292190552,
        1.4776968955993652,
        1.4835782051086426,
        1.4814715385437012,
        1.4347729682922363,
        1.3608320951461792,
        1.4191025495529175,
        1.5528477430343628,
        1.6237401962280273,
        1.589108943939209,
        1.5170913934707642,
        1.5262479782104492,
        1.584093689918518,
        1.6662602424621582,
        1.6568831205368042,
        1.6209968328475952,
        1.5738859176635742,
        1.5342698097229004,
        1.487504005432129,
        1.4310789108276367,
        1.4064955711364746,
        1.4079476594924927,
        1.4246197938919067,
        1.4412626028060913,
        1.466978907585144,
        1.4889775514602661,
        1.5081144571304321
    ],
    "train_accuracy": [
        0.23529411852359772,
        0.47058823704719543,
        0.47058823704719543,
        0.3529411852359772,
        0.6470588445663452,
        0.6470588445663452,
        0.529411792755127,
        0.7647058963775635,
        0.6470588445663452,
        0.4117647111415863,
        0.7647058963775635,
        0.7058823704719543,
        0.529411792755127,
        0.529411792755127,
        0.47058823704719543,
        0.6470588445663452,
        0.6470588445663452,
        0.6470588445663452,
        0.7647058963775635,
        0.7647058963775635,
        0.529411792755127,
        0.7647058963775635,
        0.8235294222831726,
        0.8823529481887817,
        0.7058823704719543,
        0.7058823704719543,
        0.7058823704719543,
        0.9411764740943909,
        0.8235294222831726,
        0.7647058963775635,
        0.8235294222831726,
        0.5882353186607361,
        0.8823529481887817,
        0.7647058963775635,
        0.7647058963775635,
        0.7647058963775635,
        0.5882353186607361,
        0.8235294222831726,
        0.8235294222831726
    ],
    "val_accuracy": [
        0.3333333432674408,
        0.25,
        0.3333333432674408,
        0.4166666567325592,
        0.4166666567325592,
        0.3333333432674408,
        0.3333333432674408,
        0.4166666567325592,
        0.4166666567325592,
        0.5,
        0.5,
        0.4166666567325592,
        0.5833333730697632,
        0.6666666865348816,
        0.5,
        0.4166666567325592,
        0.4166666567325592,
        0.4166666567325592,
        0.4166666567325592,
        0.4166666567325592,
        0.4166666567325592,
        0.4166666567325592,
        0.3333333432674408,
        0.3333333432674408,
        0.3333333432674408,
        0.3333333432674408,
        0.3333333432674408,
        0.3333333432674408,
        0.3333333432674408,
        0.3333333432674408,
        0.3333333432674408,
        0.3333333432674408,
        0.4166666567325592,
        0.4166666567325592,
        0.4166666567325592,
        0.4166666567325592,
        0.4166666567325592,
        0.3333333432674408,
        0.3333333432674408,
        0.3333333432674408
    ],
    "epoch_times": [
        0.5275182723999023,
        0.4966433048248291,
        0.691368818283081,
        0.8938183784484863,
        0.5075109004974365,
        0.6118583679199219,
        0.7454416751861572,
        0.6764366626739502,
        0.5611820220947266,
        0.7352569103240967,
        0.6098852157592773,
        0.656825065612793,
        0.5977919101715088,
        0.5009675025939941,
        0.7200803756713867,
        0.5550103187561035,
        0.5414440631866455,
        0.47545766830444336,
        0.9947986602783203,
        0.7975006103515625,
        0.6993403434753418,
        1.130061149597168,
        1.0685102939605713,
        1.033822774887085,
        1.179999589920044,
        0.9850680828094482,
        1.0939459800720215,
        0.9981472492218018,
        1.1240198612213135,
        0.9922053813934326,
        0.9059553146362305,
        0.7003235816955566,
        0.5792407989501953,
        0.6833348274230957,
        0.6406352519989014,
        0.59234619140625,
        0.5039675235748291,
        0.5955460071563721,
        0.6535272598266602
    ]
}