{
    "hyperparameters": {
        "activation": "gelu",
        "dropout_rate": 0.5036802644424,
        "hidden_units": 82,
        "learning_rate": 0.0569908761861,
        "num_layers": 1,
        "weight_decay": 0.0041796541352
    },
    "dataset_stats": {
        "name": "CinCECGTorso",
        "train_size": 52,
        "val_size": 13,
        "input_shape": [
            1639,
            1
        ],
        "num_classes": 4
    },
    "epochs": 73,
    "train_loss": [
        1.776695966720581,
        1.450573205947876,
        1.216193675994873,
        1.1356334686279297,
        0.9526248574256897,
        0.8853461742401123,
        0.6973456144332886,
        0.5495123863220215,
        1.099704623222351,
        0.8131968379020691,
        0.9005674123764038,
        0.7833378911018372,
        0.6602551937103271,
        0.8221653699874878,
        0.6264673471450806,
        0.7756261229515076,
        0.7088953852653503,
        0.6906651258468628,
        0.39714452624320984,
        0.5626818537712097,
        0.6664462685585022,
        0.52528977394104,
        0.7520055174827576,
        0.844264566898346,
        0.5934785008430481,
        0.49005386233329773,
        0.7037534117698669,
        0.7342482209205627,
        0.45809996128082275,
        0.545558512210846,
        0.5203094482421875,
        0.6129761934280396,
        0.6699209213256836,
        0.6036285161972046,
        0.6796954870223999,
        0.5086851119995117,
        0.47539836168289185,
        0.39101219177246094,
        0.41336190700531006,
        0.5368950366973877,
        0.42086541652679443,
        0.4074149429798126,
        0.5344176888465881,
        0.5435317158699036,
        0.4795730412006378,
        0.314094603061676,
        0.5574186444282532,
        0.7632271647453308,
        0.705316424369812,
        0.38480955362319946,
        0.6456291675567627,
        0.49496033787727356,
        0.7204657196998596,
        0.6457614898681641,
        0.6568886637687683,
        0.7462098002433777,
        0.6797646880149841,
        0.4134535491466522,
        0.5106958150863647,
        0.5368385910987854,
        0.7622700929641724,
        0.6798368692398071,
        0.5510190725326538,
        0.6318919658660889,
        0.6173620820045471,
        0.5715261101722717,
        0.6474726796150208,
        0.577900230884552,
        0.8941420912742615,
        0.7288506031036377,
        0.45669159293174744,
        0.4789944291114807,
        0.6102577447891235
    ],
    "val_loss": [
        1.3729491233825684,
        2.866635322570801,
        1.3276718854904175,
        1.570196270942688,
        1.604973316192627,
        1.5280824899673462,
        1.349125623703003,
        1.2595971822738647,
        1.1432466506958008,
        1.039458155632019,
        1.0856964588165283,
        1.0721664428710938,
        0.9857353568077087,
        0.9697007536888123,
        1.073269248008728,
        1.110188364982605,
        1.0480901002883911,
        1.017535924911499,
        0.9579439759254456,
        0.9535024166107178,
        0.9474084377288818,
        0.9292334318161011,
        1.0221796035766602,
        1.114167332649231,
        1.0107128620147705,
        0.9811083078384399,
        0.9933803081512451,
        1.075081467628479,
        1.1710588932037354,
        1.1175649166107178,
        1.0858709812164307,
        0.9989445805549622,
        1.076114535331726,
        1.232980728149414,
        1.2959272861480713,
        1.3348420858383179,
        1.3197402954101562,
        1.2485883235931396,
        1.1526707410812378,
        1.1226285696029663,
        1.0429213047027588,
        1.0155413150787354,
        0.9475628137588501,
        0.8876275420188904,
        0.9104028940200806,
        0.9218794703483582,
        1.0028760433197021,
        1.1726444959640503,
        1.2489680051803589,
        1.2276910543441772,
        1.2966965436935425,
        1.3001441955566406,
        1.1242724657058716,
        1.0190602540969849,
        1.1233813762664795,
        1.0750744342803955,
        1.1577242612838745,
        1.1853899955749512,
        1.2990556955337524,
        1.3724617958068848,
        1.3791035413742065,
        1.30608069896698,
        1.3613688945770264,
        1.3434886932373047,
        1.224142074584961,
        1.1461471319198608,
        1.1967953443527222,
        1.1821454763412476,
        1.1240028142929077,
        1.150647521018982,
        1.1492489576339722,
        1.2632088661193848,
        1.1760746240615845,
        1.107634425163269
    ],
    "train_accuracy": [
        0.23076923191547394,
        0.5,
        0.5769230723381042,
        0.557692289352417,
        0.692307710647583,
        0.692307710647583,
        0.6346153616905212,
        0.7692307829856873,
        0.6346153616905212,
        0.7307692170143127,
        0.6730769276618958,
        0.692307710647583,
        0.692307710647583,
        0.7884615659713745,
        0.6730769276618958,
        0.7115384340286255,
        0.7307692170143127,
        0.75,
        0.8461538553237915,
        0.75,
        0.7692307829856873,
        0.7115384340286255,
        0.6538461446762085,
        0.692307710647583,
        0.75,
        0.8269230723381042,
        0.7307692170143127,
        0.7692307829856873,
        0.8269230723381042,
        0.7884615659713745,
        0.7692307829856873,
        0.7692307829856873,
        0.75,
        0.7307692170143127,
        0.7692307829856873,
        0.7884615659713745,
        0.8269230723381042,
        0.8653846383094788,
        0.8461538553237915,
        0.7307692170143127,
        0.8269230723381042,
        0.8461538553237915,
        0.7884615659713745,
        0.807692289352417,
        0.7307692170143127,
        0.8846153616905212,
        0.807692289352417,
        0.75,
        0.7307692170143127,
        0.9038461446762085,
        0.7884615659713745,
        0.9038461446762085,
        0.7115384340286255,
        0.7115384340286255,
        0.807692289352417,
        0.75,
        0.7692307829856873,
        0.8269230723381042,
        0.807692289352417,
        0.807692289352417,
        0.7307692170143127,
        0.7307692170143127,
        0.807692289352417,
        0.807692289352417,
        0.75,
        0.8846153616905212,
        0.7307692170143127,
        0.7884615659713745,
        0.7115384340286255,
        0.75,
        0.8269230723381042,
        0.8269230723381042,
        0.7884615659713745
    ],