{
    "hyperparameters": {
        "bidirectional": false,
        "dropout_rate": 0.1464315963866,
        "hidden_units": 191,
        "learning_rate": 0.00019253744,
        "num_layers": 3,
        "output_activation": "relu",
        "weight_decay": 9.83878652e-05
    },
    "dataset_stats": {
        "name": "Beef",
        "train_size": 48,
        "val_size": 12,
        "input_shape": [
            470,
            1
        ],
        "num_classes": 5
    },
    "epochs": 38,
    "train_loss": [
        1.597994327545166,
        1.4865398406982422,
        1.37173593044281,
        1.3515599966049194,
        1.2512900829315186,
        1.200490117073059,
        1.1833511590957642,
        1.0955055952072144,
        1.1246294975280762,
        1.0721300840377808,
        0.9970158934593201,
        1.0074537992477417,
        0.9264782071113586,
        0.9091801047325134,
        0.8482920527458191,
        0.8579533696174622,
        0.8229278922080994,
        0.7935299873352051,
        0.8003499507904053,
        0.7909691333770752,
        0.7840030789375305,
        0.7557411789894104,
        0.7519583106040955,
        0.7681340575218201,
        0.7181863784790039,
        0.7389230728149414,
        0.7228581309318542,
        0.6918266415596008,
        0.7158371806144714,
        0.7232421040534973,
        0.6958357691764832,
        0.6785395741462708,
        0.6759638786315918,
        0.6881994605064392,
        0.6829550266265869,
        0.6669963002204895,
        0.669439971446991,
        0.679169237613678
    ],
    "val_loss": [
        1.5552067756652832,
        1.492288589477539,
        1.37212073802948,
        1.2211483716964722,
        1.1544290781021118,
        1.1846610307693481,
        1.2382962703704834,
        1.1817600727081299,
        1.0908716917037964,
        1.1008672714233398,
        1.117038607597351,
        1.1412303447723389,
        1.1573371887207031,
        1.1331455707550049,
        1.1075646877288818,
        1.1053364276885986,
        1.108514666557312,
        1.1178981065750122,
        1.148277997970581,
        1.1664454936981201,
        1.189436912536621,
        1.2090718746185303,
        1.2001326084136963,
        1.183128833770752,
        1.1625256538391113,
        1.1419050693511963,
        1.1418955326080322,
        1.1483750343322754,
        1.1545705795288086,
        1.1640018224716187,
        1.170000433921814,
        1.1756881475448608,
        1.1736246347427368,
        1.173750400543213,
        1.1737653017044067,
        1.1770299673080444,
        1.1788220405578613,
        1.1826062202453613,
        1.186532974243164
    ],
    "train_accuracy": [
        0.3333333432674408,
        0.375,
        0.375,
        0.4791666567325592,
        0.5208333134651184,
        0.5416666865348816,
        0.5208333134651184,
        0.5833333134651184,
        0.5833333134651184,
        0.6041666865348816,
        0.6458333134651184,
        0.6458333134651184,
        0.7291666865348816,
        0.7291666865348816,
        0.7291666865348816,
        0.7291666865348816,
        0.7916666865348816,
        0.8541666865348816,
        0.8125,
        0.75,
        0.875,
        0.8125,
        0.8333333134651184,
        0.7916666865348816,
        0.8541666865348816,
        0.8125,
        0.8333333134651184,
        0.8333333134651184,
        0.8333333134651184,
        0.8125,
        0.8541666865348816,
        0.8541666865348816,
        0.8541666865348816,
        0.8541666865348816,
        0.8541666865348816,
        0.8958333134651184,
        0.8958333134651184,
        0.8541666865348816
    ],
    "val_accuracy": [
        0.4166666567325592,
        0.4166666567325592,
        0.5,
        0.5,
        0.75,
        0.5,
        0.5,
        0.5,
        0.75,
        0.75,
        0.5,
        0.5,
        0.5833333730697632,
        0.6666666865348816,
        0.5833333730697632,
        0.5833333730697632,
        0.5833333730697632,
        0.5833333730697632,
        0.5833333730697632,
        0.5833333730697632,
        0.5833333730697632,
        0.5833333730697632,
        0.5833333730697632,
        0.5833333730697632,
        0.5833333730697632,
        0.5833333730697632,
        0.5833333730697632,
        0.5833333730697632,
        0.5833333730697632,
        0.5833333730697632,
        0.5833333730697632,
        0.5833333730697632,
        0.5833333730697632,
        0.5833333730697632,
        0.5833333730697632,
        0.5833333730697632,
        0.5833333730697632,
        0.5833333730697632,
        0.5833333730697632
    ],
    "epoch_times": [
        0.19885611534118652,
        0.13927412033081055,
        0.14957499504089355,
        0.14489006996154785,
        0.14865875244140625,
        0.1474292278289795,
        0.1486196517944336,
        0.1528012752532959,
        0.15628671646118164,
        0.1533048152923584,
        0.15231704711914062,
        0.14990687370300293,
        0.14999818801879883,
        0.1511847972869873,
        0.15093684196472168,
        0.15029692649841309,
        0.15243291854858398,
        0.15206670761108398,
        0.15058374404907227,
        0.1497516632080078,
        0.15105128288269043,
        0.1504802703857422,
        0.14987587928771973,
        0.1515343189239502,
        0.15075039863586426,
        0.1504969596862793,
        0.15116214752197266,
        0.15024423599243164,
        0.15079879760742188,
        0.15229010581970215,
        0.15110063552856445,
        0.14867043495178223,
        0.15088319778442383,
        0.15025997161865234,
        0.152024507522583,
        0.15152955055236816,
        0.15248656272888184,
        0.15193748474121094
    ]
}