{
    "hyperparameters": {
        "activation": "gelu",
        "dropout_rate": 0.2242635311773,
        "kernel_size": 3,
        "learning_rate": 0.0030470988448,
        "num_filters": 108,
        "num_layers": 1,
        "pooling": "average",
        "pooling_size": 2
    },
    "dataset_stats": {
        "name": "Car",
        "train_size": 96,
        "val_size": 24,
        "input_shape": [
            1,
            577
        ],
        "num_classes": 4
    },
    "epochs": 67,
    "train_loss": [
        1.8129053115844727,
        1.300155520439148,
        1.1470298767089844,
        1.0981496572494507,
        1.0733329057693481,
        1.0134363174438477,
        0.9227614998817444,
        0.9292969703674316,
        0.8723782896995544,
        0.8165662884712219,
        0.7994052767753601,
        0.7458036541938782,
        0.6965040564537048,
        0.6734744906425476,
        0.6889166831970215,
        0.5634285807609558,
        0.5676472187042236,
        0.5634902119636536,
        0.5124396681785583,
        0.4606855809688568,
        0.4630618095397949,
        0.5407167077064514,
        0.4663282334804535,
        0.48553845286369324,
        0.49055036902427673,
        0.45582082867622375,
        0.3974745273590088,
        0.40027928352355957,
        0.3556962013244629,
        0.4172307550907135,
        0.36301565170288086,
        0.32075369358062744,
        0.38284122943878174,
        0.3453207015991211,
        0.307054728269577,
        0.2621558904647827,
        0.30156803131103516,
        0.283837229013443,
        0.33729052543640137,
        0.2928411364555359,
        0.2794337570667267,
        0.23921628296375275,
        0.2646991014480591,
        0.23688673973083496,
        0.29682645201683044,
        0.21722428500652313,
        0.23853814601898193,
        0.24800638854503632,
        0.2592146098613739,
        0.21994872391223907,
        0.2849716246128082,
        0.2664182484149933,
        0.2547827661037445,
        0.2170819640159607,
        0.20760290324687958,
        0.25605151057243347,
        0.22607727348804474,
        0.26161304116249084,
        0.24956893920898438,
        0.2654983699321747,
        0.25833746790885925,
        0.23792052268981934,
        0.2082301378250122,
        0.23403684794902802,
        0.21373401582241058,
        0.2733193635940552,
        0.21142272651195526
    ],
    "val_loss": [
        1.391379952430725,
        1.576387882232666,
        1.561869740486145,
        1.5286179780960083,
        1.4594244956970215,
        1.4091168642044067,
        1.3181390762329102,
        1.2586700916290283,
        1.251876950263977,
        1.2577288150787354,
        1.2627102136611938,
        1.2774046659469604,
        1.275023341178894,
        1.2651145458221436,
        1.2466802597045898,
        1.2069990634918213,
        1.1911250352859497,
        1.2139512300491333,
        1.2069758176803589,
        1.174562931060791,
        1.2052491903305054,
        1.1869302988052368,
        1.1929115056991577,
        1.3339799642562866,
        1.180538535118103,
        1.1605364084243774,
        1.1808322668075562,
        1.1163641214370728,
        1.147725224494934,
        1.207398772239685,
        1.2358169555664062,
        1.2364248037338257,
        1.2477786540985107,
        1.2354086637496948,
        1.1936441659927368,
        1.1377205848693848,
        1.0782955884933472,
        1.0722918510437012,
        1.1758718490600586,
        1.2469682693481445,
        1.3227251768112183,
        1.2626060247421265,
        1.1918069124221802,
        1.1944724321365356,
        1.1133555173873901,
        1.1511081457138062,
        1.2310950756072998,
        1.2357951402664185,
        1.1850346326828003,
        1.1834874153137207,
        1.363439679145813,
        1.3972476720809937,
        1.3451241254806519,
        1.2694134712219238,
        1.1945921182632446,
        1.0866680145263672,
        1.2046623229980469,
        1.1983236074447632,
        1.246449589729309,
        1.174655795097351,
        1.2804678678512573,
        1.1450257301330566,
        1.1471174955368042,
        1.2295559644699097,
        1.2925069332122803,
        1.3099602460861206,
        1.4416260719299316,
        1.305637001991272
    ],
    "train_accuracy": [
        0.1875,
        0.3854166567325592,
        0.5104166865348816,
        0.5729166865348816,
        0.59375,
        0.59375,
        0.6354166865348816,
        0.625,
        0.6875,
        0.71875,
        0.78125,
        0.7395833134651184,
        0.78125,
        0.78125,
        0.7708333134651184,
        0.8541666865348816,
        0.84375,
        0.8333333134651184,
        0.8125,
        0.84375,
        0.8541666865348816,
        0.8229166865348816,
        0.84375,
        0.8020833134651184,
        0.8229166865348816,
        0.8645833134651184,
        0.8958333134651184,
        0.9166666865348816,
        0.9166666865348816,
        0.8854166865348816,
        0.8854166865348816,
        0.90625,
        0.90625,
        0.8958333134651184,
        0.9270833134651184,
        0.9583333134651184,
        0.90625,
        0.8958333134651184,
        0.9270833134651184,
        0.9166666865348816,
        0.8854166865348816,
        0.9583333134651184,
        0.9270833134651184,
        0.9479166865348816,
        0.90625,
        0.9479166865348816,
        0.9375,
        0.9270833134651184,
        0.9166666865348816,
        0.9166666865348816,
        0.8958333134651184,
        0.8958333134651184,
        0.9270833134651184,
        0.9375,
        0.9583333134651184,
        0.9270833134651184,
        0.9270833134651184,
        0.9270833134651184,
        0.9270833134651184,
        0.9375,
        0.90625,
        0.9375,
        0.9479166865348816,
        0.9166666865348816,
        0.90625,
        0.9270833134651184,
        0.9270833134651184
    ],
    "val_accuracy": [
        0.375,
        0.375,
        0.4166666567325592,
        0.4166666567325592,
        0.4166666567325592,
        0.375,
        0.4583333432674408,
        0.4583333432674408,
        0.4583333432674408,
        0.4166666567325592,
        0.375,
        0.4166666567325592,
        0.4583333432674408,
        0.5,
        0.4583333432674408,
        0.4166666567325592,
        0.4583333432674408,
        0.4583333432674408,
        0.4166666567325592,
        0.5,
        0.5,
        0.5,
        0.5416666865348816,
        0.4166666567325592,
        0.4583333432674408,
        0.5416666865348816,
        0.375,
        0.5,
        0.5,
        0.5,
        0.5416666865348816,
        0.5,
        0.5,
        0.4583333432674408,
        0.5,
        0.5,
        0.4166666567325592,
        0.5,
        0.5,
        0.5,
        0.4583333432674408,
        0.5416666865348816,
        0.5416666865348816,
        0.5833333134651184,
        0.5416666865348816,
        0.6666666865348816,
        0.5833333134651184,
        0.4583333432674408,
        0.5,
        0.5,
        0.4583333432674408,
        0.4583333432674408,
        0.375,
        0.4583333432674408,
        0.5833333134651184,
        0.5,
        0.4583333432674408,
        0.5416666865348816,
        0.5,
        0.5416666865348816,
        0.4583333432674408,
        0.5,
        0.5416666865348816,
        0.5416666865348816,
        0.5,
        0.5833333134651184,
        0.5,
        0.5833333134651184
    ],