{
    "hyperparameters": {
        "bidirectional": false,
        "dropout_rate": 0.3915201727048,
        "hidden_units": 182,
        "learning_rate": 0.0037024009387,
        "num_layers": 4,
        "output_activation": "linear",
        "weight_decay": 0.0002593050949
    },
    "dataset_stats": {
        "name": "Beef",
        "train_size": 44,
        "val_size": 11,
        "input_shape": [
            470,
            1
        ],
        "num_classes": 5
    },
    "epochs": 66,
    "train_loss": [
        4.05501127243042,
        1.1823924779891968,
        5.390295028686523,
        3.4775612354278564,
        2.7864067554473877,
        3.245779275894165,
        1.282039761543274,
        1.5402368307113647,
        1.017067551612854,
        2.286846160888672,
        1.0842779874801636,
        1.1751400232315063,
        1.0318878889083862,
        0.6371858716011047,
        0.683868944644928,
        1.0439223051071167,
        1.4551512002944946,
        2.0411558151245117,
        0.4598444998264313,
        1.0781718492507935,
        0.6932442784309387,
        0.9092893600463867,
        0.6021133065223694,
        0.8834900259971619,
        0.9548967480659485,
        1.2762397527694702,
        0.1281282901763916,
        0.9225001335144043,
        0.7926462292671204,
        0.4275992810726166,
        0.9003251194953918,
        0.2579471170902252,
        0.8990886211395264,
        0.5483911037445068,
        0.688930094242096,
        0.8562822341918945,
        0.8340592384338379,
        0.7191734313964844,
        0.6988525390625,
        0.7633338570594788,
        1.29812753200531,
        0.917231559753418,
        1.2616487741470337,
        0.7736709713935852,
        0.29720279574394226,
        0.9355793595314026,
        1.0513898134231567,
        0.7370543479919434,
        0.7212230563163757,
        0.9169285893440247,
        0.9868949055671692,
        0.5320173501968384,
        1.0334011316299438,
        0.5679008364677429,
        0.672875165939331,
        0.7090175151824951,
        0.43735063076019287,
        0.5995389819145203,
        0.5210002064704895,
        0.42055544257164,
        0.376110315322876,
        0.18344242870807648,
        0.7282288670539856,
        0.8771815896034241,
        0.28149065375328064,
        0.8418858051300049
    ],
    "val_loss": [
        3.074948787689209,
        5.25478458404541,
        5.226364612579346,
        5.105804920196533,
        5.04808235168457,
        3.4086227416992188,
        3.3216097354888916,
        2.1159207820892334,
        1.3653548955917358,
        1.3923510313034058,
        1.3846383094787598,
        1.6258339881896973,
        1.5530163049697876,
        1.393222451210022,
        1.0213518142700195,
        1.2715202569961548,
        1.6566764116287231,
        1.4785860776901245,
        1.1324331760406494,
        1.1853200197219849,
        1.3263523578643799,
        1.2988530397415161,
        1.2819801568984985,
        1.1803971529006958,
        0.9943112730979919,
        0.9350608587265015,
        0.9509397149085999,
        0.9924806952476501,
        1.062976360321045,
        1.1345077753067017,
        1.2310158014297485,
        1.2578930854797363,
        1.2233479022979736,
        1.1198786497116089,
        1.017336368560791,
        0.9213525652885437,
        0.8860957622528076,
        0.9083025455474854,
        0.943794310092926,
        0.9698976874351501,
        1.012059211730957,
        1.0752036571502686,
        1.1255594491958618,
        1.1372262239456177,
        1.1236671209335327,
        1.1088687181472778,
        1.0770659446716309,
        1.030855655670166,
        0.9775792956352234,
        0.959323525428772,
        0.9497964382171631,
        0.9394721984863281,
        0.9358901977539062,
        0.9300338625907898,
        0.9254143238067627,
        0.9242788553237915,
        0.9228639006614685,
        0.9211755394935608,
        0.9229590892791748,
        0.9250019192695618,
        0.9260543584823608,
        0.9262509942054749,
        0.9254190325737,
        0.9255592226982117,
        0.9253427386283875,
        0.9238672256469727,
        0.9223359823226929
    ],
    "train_accuracy": [
        0.0833333358168602,
        0.6666666865348816,
        0.1666666716337204,
        0.5833333730697632,
        0.4166666865348816,
        0.5,
        0.75,
        0.6666666865348816,
        0.5833333730697632,
        0.5,
        0.5833333730697632,
        0.5,
        0.5833333730697632,
        0.5833333730697632,
        0.6666666865348816,
        0.6666666865348816,
        0.5,
        0.4166666865348816,
        0.75,
        0.75,
        0.8333333730697632,
        0.8333333730697632,
        0.75,
        0.5833333730697632,
        0.5833333730697632,
        0.5833333730697632,
        1.0,
        0.6666666865348816,
        0.8333333730697632,
        0.8333333730697632,
        0.5833333730697632,
        0.9166666865348816,
        0.6666666865348816,
        0.75,
        0.75,
        0.5833333730697632,
        0.5,
        0.75,
        0.75,
        0.8333333730697632,
        0.5,
        0.5833333730697632,
        0.5,
        0.75,
        0.9166666865348816,
        0.6666666865348816,
        0.5,
        0.6666666865348816,
        0.75,
        0.5833333730697632,
        0.4166666865348816,
        0.8333333730697632,
        0.5833333730697632,
        0.8333333730697632,
        0.6666666865348816,
        0.6666666865348816,
        0.8333333730697632,
        0.75,
        0.75,
        0.8333333730697632,
        0.8333333730697632,
        0.9166666865348816,
        0.6666666865348816,
        0.5,
        0.8333333730697632,
        0.6666666865348816
    ],
    "val_accuracy": [
        0.27272728085517883,
        0.4545454680919647,
        0.09090909361839294,
        0.5454545617103577,
        0.3636363744735718,
        0.5454545617103577,
        0.4545454680919647,
        0.4545454680919647,
        0.6363636255264282,
        0.5454545617103577,
        0.4545454680919647,
        0.5454545617103577,
        0.5454545617103577,
        0.5454545617103577,
        0.6363636255264282,
        0.6363636255264282,
        0.6363636255264282,
        0.5454545617103577,
        0.5454545617103577,
        0.4545454680919647,
        0.3636363744735718,
        0.5454545617103577,
        0.5454545617103577,
        0.6363636255264282,
        0.6363636255264282,
        0.7272727489471436,
        0.7272727489471436,
        0.7272727489471436,
        0.7272727489471436,
        0.5454545617103577,
        0.5454545617103577,
        0.6363636255264282,
        0.6363636255264282,
        0.7272727489471436,
        0.7272727489471436,
        0.7272727489471436,
        0.7272727489471436,
        0.8181819319725037,
        0.8181819319725037,
        0.7272727489471436,
        0.7272727489471436,
        0.7272727489471436,
        0.7272727489471436,
        0.6363636255264282,
        0.6363636255264282,
        0.6363636255264282,
        0.6363636255264282,
        0.6363636255264282,
        0.6363636255264282,
        0.6363636255264282,
        0.6363636255264282,
        0.6363636255264282,
        0.6363636255264282,
        0.6363636255264282,
        0.6363636255264282,
        0.6363636255264282,
        0.6363636255264282,
        0.6363636255264282,
        0.6363636255264282,
        0.6363636255264282,
        0.6363636255264282,
        0.6363636255264282,
        0.6363636255264282,
        0.6363636255264282,
        0.6363636255264282,
        0.6363636255264282,
        0.6363636255264282
    ],