{
    "hyperparameters": {
        "activation": "relu",
        "dropout_rate": 0.0830843675864,
        "ff_dim": 969,
        "hidden_units": 164,
        "learning_rate": 7.97113417e-05,
        "num_heads": 7,
        "num_layers": 5,
        "pooling": "max",
        "weight_decay": 7.47559508e-05
    },
    "dataset_stats": {
        "name": "BeetleFly",
        "train_size": 32,
        "val_size": 8,
        "input_shape": [
            512,
            1
        ],
        "num_classes": 2
    },
    "epochs": 41,
    "train_loss": [
        0.9150121808052063,
        0.7902251482009888,
        0.8234754800796509,
        0.88469398021698,
        0.7674837112426758,
        0.6375116109848022,
        0.5799133777618408,
        0.7721657752990723,
        0.6101512908935547,
        0.6816753149032593,
        0.6129959225654602,
        0.7595393061637878,
        0.7251311540603638,
        0.7231524586677551,
        0.6249162554740906,
        0.6657472252845764,
        0.6136155128479004,
        0.6368921399116516,
        0.7074653506278992,
        0.6797794103622437,
        0.6655517220497131,
        0.6289306879043579,
        0.597533643245697,
        0.5702475905418396,
        0.6446291208267212,
        0.5979901552200317,
        0.6082971692085266,
        0.6125974059104919,
        0.5397869348526001,
        0.6766251921653748,
        0.6161634922027588,
        0.5969956517219543,
        0.6053441762924194,
        0.6728276014328003,
        0.5937433838844299,
        0.5865120887756348,
        0.6221654415130615,
        0.568625271320343,
        0.5490574240684509,
        0.6025481820106506,
        0.5741860270500183
    ],
    "val_loss": [
        1.4160583019256592,
        0.6911175847053528,
        0.7843352556228638,
        0.7917231321334839,
        0.6932973861694336,
        0.6500946283340454,
        0.7601279020309448,
        0.8697596192359924,
        0.8707466125488281,
        0.7882806658744812,
        0.6936541795730591,
        0.6475335955619812,
        0.6551507115364075,
        0.6598793864250183,
        0.6545069813728333,
        0.6580663323402405,
        0.6981441974639893,
        0.758596658706665,
        0.7720893621444702,
        0.767127275466919,
        0.7424618005752563,
        0.7140629887580872,
        0.6937857270240784,
        0.6863815784454346,
        0.6867774128913879,
        0.6888058185577393,
        0.691752552986145,
        0.6962828040122986,
        0.7021219730377197,
        0.7089150547981262,
        0.712307333946228,
        0.7163754105567932,
        0.7201045155525208,
        0.7238956093788147,
        0.7278589606285095,
        0.7306976914405823,
        0.7317653298377991,
        0.7327048778533936,
        0.7336368560791016,
        0.7347722053527832,
        0.7353748679161072,
        0.7354088425636292
    ],
    "train_accuracy": [
        0.53125,
        0.53125,
        0.5,
        0.5,
        0.53125,
        0.5,
        0.6875,
        0.625,
        0.65625,
        0.5625,
        0.6875,
        0.53125,
        0.4375,
        0.59375,
        0.5625,
        0.5625,
        0.65625,
        0.625,
        0.5,
        0.6875,
        0.59375,
        0.59375,
        0.6875,
        0.75,
        0.59375,
        0.65625,
        0.6875,
        0.6875,
        0.71875,
        0.59375,
        0.5625,
        0.71875,
        0.6875,
        0.53125,
        0.71875,
        0.71875,
        0.625,
        0.75,
        0.71875,
        0.625,
        0.71875
    ],
    "val_accuracy": [
        0.375,
        0.75,
        0.625,
        0.625,
        0.625,
        0.75,
        0.375,
        0.5,
        0.5,
        0.5,
        0.25,
        0.75,
        0.75,
        0.75,
        0.75,
        0.625,
        0.25,
        0.375,
        0.375,
        0.375,
        0.25,
        0.375,
        0.5,
        0.625,
        0.625,
        0.625,
        0.625,
        0.625,
        0.5,
        0.5,
        0.5,
        0.5,
        0.5,
        0.5,
        0.5,
        0.5,
        0.5,
        0.5,
        0.5,
        0.5,
        0.5,
        0.5
    ],
    "epoch_times": [
        0.12408924102783203,
        0.10060262680053711,
        0.0988779067993164,
        0.09704113006591797,
        0.09865736961364746,
        0.09928750991821289,
        0.09959745407104492,
        0.09841036796569824,
        0.0978696346282959,
        0.09710502624511719,
        0.09819984436035156,
        0.09816193580627441,
        0.09704852104187012,
        0.09819746017456055,
        0.09941554069519043,
        0.09920382499694824,
        0.10047578811645508,
        0.1003732681274414,
        0.09908175468444824,
        0.10546278953552246,
        0.09727621078491211,
        0.09688806533813477,
        0.09749484062194824,
        0.09911775588989258,
        0.09865212440490723,
        0.09804821014404297,
        0.09663987159729004,
        0.09655928611755371,
        0.09775209426879883,
        0.09751677513122559,
        0.09659838676452637,
        0.09638071060180664,
        0.09676051139831543,
        0.0973212718963623,
        0.09741067886352539,
        0.09906840324401855,
        0.0973215103149414,
        0.10040760040283203,
        0.09581780433654785,
        0.09641337394714355,
        0.09689474105834961
    ]
}