{
    "hyperparameters": {
        "bidirectional": true,
        "dropout_rate": 0.2864155999017,
        "hidden_units": 87,
        "learning_rate": 0.0008567901607,
        "num_layers": 3,
        "output_activation": "gelu",
        "weight_decay": 5.14138689e-05
    },
    "dataset_stats": {
        "name": "ArrowHead",
        "train_size": 58,
        "val_size": 14,
        "input_shape": [
            251,
            1
        ],
        "num_classes": 3
    },
    "epochs": 49,
    "train_loss": [
        1.0498634576797485,
        0.8124927878379822,
        0.6635959148406982,
        0.5413225889205933,
        0.5419832468032837,
        0.4378339946269989,
        0.4359366297721863,
        0.43087679147720337,
        0.393611341714859,
        0.3480793237686157,
        0.34218165278434753,
        0.32860761880874634,
        0.3250941038131714,
        0.3220975995063782,
        0.3193283975124359,
        0.3105107247829437,
        0.3082379996776581,
        0.3069693148136139,
        0.3056318461894989,
        0.3014076352119446,
        0.30584076046943665,
        0.3038117289543152,
        0.30094027519226074,
        0.30017217993736267,
        0.30027005076408386,
        0.29867926239967346,
        0.299396276473999,
        0.29893073439598083,
        0.2985242009162903,
        0.30058085918426514,
        0.29966387152671814,
        0.2992115616798401,
        0.2976439297199249,
        0.29908835887908936,
        0.3023815453052521,
        0.29586389660835266,
        0.30021554231643677,
        0.2979976534843445,
        0.300022155046463,
        0.3018639385700226,
        0.29979074001312256,
        0.29688164591789246,
        0.3000425100326538,
        0.29620927572250366,
        0.2976876497268677,
        0.29577383399009705,
        0.3005863428115845,
        0.29735055565834045,
        0.30127018690109253
    ],
    "val_loss": [
        1.1006141901016235,
        1.083930253982544,
        1.1708256006240845,
        1.1333590745925903,
        1.2256391048431396,
        1.121683955192566,
        1.3184515237808228,
        1.4482507705688477,
        1.3141615390777588,
        1.1340770721435547,
        1.1023569107055664,
        1.117758870124817,
        1.1256155967712402,
        1.1129255294799805,
        1.094026803970337,
        1.065596342086792,
        1.0354785919189453,
        1.0100209712982178,
        0.9972909092903137,
        0.9944807291030884,
        0.9958757162094116,
        1.0073866844177246,
        1.0138942003250122,
        1.0173479318618774,
        1.0236245393753052,
        1.0276788473129272,
        1.0276553630828857,
        1.027842402458191,
        1.029228925704956,
        1.032982349395752,
        1.03769052028656,
        1.041269063949585,
        1.0422768592834473,
        1.0428370237350464,
        1.0424883365631104,
        1.0429162979125977,
        1.0435996055603027,
        1.0461373329162598,
        1.0472592115402222,
        1.047710657119751,
        1.0487568378448486,
        1.0500400066375732,
        1.0506373643875122,
        1.0509873628616333,
        1.0510083436965942,
        1.0506987571716309,
        1.050550103187561,
        1.050289511680603,
        1.0501352548599243,
        1.0497900247573853
    ],
    "train_accuracy": [
        0.5,
        0.7758620977401733,
        0.8448275923728943,
        0.8793103694915771,
        0.8448275923728943,
        0.931034505367279,
        0.9137930870056152,
        0.9137930870056152,
        0.9482758641242981,
        0.9655172228813171,
        0.982758641242981,
        0.982758641242981,
        0.982758641242981,
        1.0,
        1.0,
        1.0,
        1.0,
        1.0,
        1.0,
        1.0,
        1.0,
        1.0,
        1.0,
        1.0,
        1.0,
        1.0,
        1.0,
        1.0,
        1.0,
        1.0,
        1.0,
        1.0,
        1.0,
        1.0,
        1.0,
        1.0,
        1.0,
        1.0,
        1.0,
        1.0,
        1.0,
        1.0,
        1.0,
        1.0,
        1.0,
        1.0,
        1.0,
        1.0,
        1.0
    ],
    "val_accuracy": [
        0.4285714626312256,
        0.3571428656578064,
        0.2857142984867096,
        0.4285714626312256,
        0.4285714626312256,
        0.5,
        0.5,
        0.3571428656578064,
        0.4285714626312256,
        0.5714285969734192,
        0.6428571939468384,
        0.6428571939468384,
        0.6428571939468384,
        0.7142857313156128,
        0.7142857313156128,
        0.7142857313156128,
        0.7142857313156128,
        0.7142857313156128,
        0.7142857313156128,
        0.7142857313156128,
        0.7142857313156128,
        0.7142857313156128,
        0.7142857313156128,
        0.7142857313156128,
        0.7142857313156128,
        0.7142857313156128,
        0.7142857313156128,
        0.7142857313156128,
        0.7142857313156128,
        0.7142857313156128,
        0.7142857313156128,
        0.7142857313156128,
        0.7142857313156128,
        0.7142857313156128,
        0.7142857313156128,
        0.7142857313156128,
        0.7142857313156128,
        0.7142857313156128,
        0.7142857313156128,
        0.7142857313156128,
        0.7142857313156128,
        0.7142857313156128,
        0.7142857313156128,
        0.7142857313156128,
        0.7142857313156128,
        0.7142857313156128,
        0.7142857313156128,
        0.7142857313156128,
        0.7142857313156128,
        0.7142857313156128
    ],
    "epoch_times": [
        0.21536946296691895,
        0.05214810371398926,
        0.04988741874694824,
        0.054386138916015625,
        0.053853511810302734,
        0.06069207191467285,
        0.059960365295410156,
        0.07508969306945801,
        0.06719517707824707,
        0.06762027740478516,
        0.07120227813720703,
        0.07204890251159668,
        0.06865739822387695,
        0.06282448768615723,
        0.06206846237182617,
        0.07151031494140625,
        0.07465076446533203,
        0.07940530776977539,
        0.07520675659179688,
        0.07133913040161133,
        0.06458592414855957,
        0.05790424346923828,
        0.04827761650085449,
        0.04653668403625488,
        0.058336496353149414,
        0.0531001091003418,
        0.04665780067443848,
        0.05168962478637695,
        0.04689478874206543,
        0.04792904853820801,
        0.05069422721862793,
        0.0468287467956543,
        0.043961524963378906,
        0.04981827735900879,
        0.054270029067993164,
        0.05198264122009277,
        0.05414628982543945,
        0.045861244201660156,
        0.05504345893859863,
        0.05602288246154785,
        0.06532788276672363,
        0.05924201011657715,
        0.06357288360595703,
        0.0562596321105957,
        0.05398678779602051,
        0.05464649200439453,
        0.054680585861206055,
        0.055153846740722656,
        0.05359983444213867
    ]
}