{
    "hyperparameters": {
        "activation": "relu",
        "dropout_rate": 0.330805868955,
        "hidden_units": 63,
        "learning_rate": 0.0375057128496,
        "num_layers": 3,
        "weight_decay": 0.0037919082697
    },
    "dataset_stats": {
        "name": "classification_ozone",
        "train_size": 85,
        "val_size": 21,
        "input_shape": [
            1201,
            1
        ],
        "num_classes": 2
    },
    "epochs": 35,
    "train_loss": [
        0.8605453372001648,
        0.9412574172019958,
        0.8260863423347473,
        0.7374355792999268,
        0.9083040356636047,
        0.7585827708244324,
        0.7910729050636292,
        0.751128077507019,
        0.676683247089386,
        0.7469915747642517,
        0.759728193283081,
        0.7403234839439392,
        0.7921937108039856,
        0.7496558427810669,
        0.740610659122467,
        0.678100049495697,
        0.7096660137176514,
        0.7031570672988892,
        0.7045484781265259,
        0.7181545495986938,
        0.7101050019264221,
        0.7000961899757385,
        0.7133341431617737,
        0.6910457015037537,
        0.683458149433136,
        0.7309185862541199,
        0.7190997004508972,
        0.7008829116821289,
        0.7158865332603455,
        0.7225906848907471,
        0.7060801982879639,
        0.7078002691268921,
        0.6952729225158691,
        0.6996987462043762,
        0.6953877210617065
    ],
    "val_loss": [
        0.6612284183502197,
        0.7135133147239685,
        0.8981154561042786,
        1.3989477157592773,
        0.9590334296226501,
        0.6741735339164734,
        0.7042627930641174,
        0.723967969417572,
        0.7690642476081848,
        0.7192103266716003,
        0.6927314400672913,
        0.7169897556304932,
        0.7411782145500183,
        0.7654543519020081,
        0.811157763004303,
        0.7879000902175903,
        0.7869547605514526,
        0.7720581293106079,
        0.7348878383636475,
        0.7243669629096985,
        0.7096481323242188,
        0.7036532163619995,
        0.7237212061882019,
        0.7234051823616028,
        0.7474158406257629,
        0.7431186437606812,
        0.7427912950515747,
        0.7031325101852417,
        0.6953272223472595,
        0.7247881293296814,
        0.750505268573761,
        0.7759442925453186,
        0.722260057926178,
        0.7122265100479126,
        0.7113460898399353,
        0.7476512789726257
    ],
    "train_accuracy": [
        0.5058823823928833,
        0.48235294222831726,
        0.48235294222831726,
        0.5882353186607361,
        0.3529411852359772,
        0.6235294342041016,
        0.5176470875740051,
        0.5764706134796143,
        0.5529412031173706,
        0.5176470875740051,
        0.5176470875740051,
        0.48235294222831726,
        0.47058823704719543,
        0.47058823704719543,
        0.4470588266849518,
        0.5647059082984924,
        0.5176470875740051,
        0.5411764979362488,
        0.47058823704719543,
        0.4941176474094391,
        0.5176470875740051,
        0.4941176474094391,
        0.4470588266849518,
        0.5647059082984924,
        0.5529412031173706,
        0.48235294222831726,
        0.43529412150382996,
        0.5764706134796143,
        0.4941176474094391,
        0.42352941632270813,
        0.4588235318660736,
        0.5647059082984924,
        0.48235294222831726,
        0.4941176474094391,
        0.48235294222831726
    ],
    "val_accuracy": [
        0.5714285969734192,
        0.6190476417541504,
        0.4285714328289032,
        0.4285714328289032,
        0.4285714328289032,
        0.6190476417541504,
        0.523809552192688,
        0.523809552192688,
        0.4761904776096344,
        0.523809552192688,
        0.523809552192688,
        0.5714285969734192,
        0.4285714328289032,
        0.3333333432674408,
        0.3333333432674408,
        0.3333333432674408,
        0.3333333432674408,
        0.3333333432674408,
        0.380952388048172,
        0.3333333432674408,
        0.3333333432674408,
        0.4761904776096344,
        0.3333333432674408,
        0.3333333432674408,
        0.3333333432674408,
        0.3333333432674408,
        0.3333333432674408,
        0.4285714328289032,
        0.5714285969734192,
        0.380952388048172,
        0.3333333432674408,
        0.3333333432674408,
        0.4761904776096344,
        0.4285714328289032,
        0.380952388048172,
        0.3333333432674408
    ],
    "epoch_times": [
        0.16090726852416992,
        0.09706902503967285,
        0.019696474075317383,
        0.021127700805664062,
        0.01845407485961914,
        0.023571252822875977,
        0.021971464157104492,
        0.022429704666137695,
        0.02204585075378418,
        0.02185654640197754,
        0.024858713150024414,
        0.02250218391418457,
        0.022619009017944336,
        0.021520137786865234,
        0.02086472511291504,
        0.019744396209716797,
        0.01998305320739746,
        0.020221233367919922,
        0.020587444305419922,
        0.019081830978393555,
        0.018489837646484375,
        0.019069433212280273,
        0.01882004737854004,
        0.018006563186645508,
        0.019529104232788086,
        0.018469810485839844,
        0.02015829086303711,
        0.019826412200927734,
        0.020206689834594727,
        0.02001333236694336,
        0.019884109497070312,
        0.02067089080810547,
        0.019853591918945312,
        0.02003931999206543,
        0.020282268524169922
    ]
}