{
    "hyperparameters": {
        "activation": "gelu",
        "dropout_rate": 0.49210358059,
        "hidden_units": 114,
        "learning_rate": 0.0001649706381,
        "num_layers": 2,
        "weight_decay": 0.009894432575
    },
    "dataset_stats": {
        "name": "BirdChicken",
        "train_size": 36,
        "val_size": 9,
        "input_shape": [
            512,
            1
        ],
        "num_classes": 2
    },
    "epochs": 93,
    "train_loss": [
        0.7221251130104065,
        0.7193523049354553,
        0.7190303206443787,
        0.616783857345581,
        0.7326240539550781,
        0.7587001323699951,
        0.7327510118484497,
        0.6449888348579407,
        0.7837690711021423,
        0.5293050408363342,
        0.6118062734603882,
        0.5566747188568115,
        0.7112072706222534,
        0.5628122091293335,
        0.6586029529571533,
        0.5160853266716003,
        0.5065821409225464,
        0.6259125471115112,
        0.5813467502593994,
        0.37735825777053833,
        0.5125394463539124,
        0.5511391162872314,
        0.5180447101593018,
        0.6117098331451416,
        0.5303246974945068,
        0.5572431087493896,
        0.5153827667236328,
        0.4969208538532257,
        0.44870540499687195,
        0.39962702989578247,
        0.519195556640625,
        0.4657459259033203,
        0.38407838344573975,
        0.47314611077308655,
        0.5354719161987305,
        0.47340208292007446,
        0.44578468799591064,
        0.44290170073509216,
        0.4248698949813843,
        0.47082260251045227,
        0.46049144864082336,
        0.5195886492729187,
        0.4910208284854889,
        0.45491769909858704,
        0.5360726118087769,
        0.40424320101737976,
        0.4265791177749634,
        0.4824007749557495,
        0.3609469532966614,
        0.4301922023296356,
        0.3788217604160309,
        0.487393856048584,
        0.35319480299949646,
        0.39829695224761963,
        0.5163678526878357,
        0.40027183294296265,
        0.3030206561088562,
        0.3430779278278351,
        0.4215039610862732,
        0.4650874733924866,
        0.5075287818908691,
        0.38327208161354065,
        0.6417931318283081,
        0.47044599056243896,
        0.46152687072753906,
        0.4698548913002014,
        0.41759443283081055,
        0.453196257352829,
        0.3839983642101288,
        0.44379088282585144,
        0.43940824270248413,
        0.40130743384361267,
        0.3645722270011902,
        0.39322954416275024,
        0.41008949279785156,
        0.3091415464878082,
        0.3935842216014862,
        0.35536250472068787,
        0.39208757877349854,
        0.4170185327529907,
        0.38333746790885925,
        0.4487716853618622,
        0.3256338834762573,
        0.46474960446357727,
        0.36269187927246094,
        0.3354068398475647,
        0.3886629641056061,
        0.3804439306259155,
        0.3665083646774292,
        0.3375411033630371,
        0.36228060722351074,
        0.4018107056617737,
        0.3933255672454834
    ],
    "val_loss": [
        0.5777959823608398,
        0.573240339756012,
        0.579379677772522,
        0.5999224781990051,
        0.6042987108230591,
        0.6075295209884644,
        0.5878579616546631,
        0.589599609375,
        0.5830815434455872,
        0.5825312733650208,
        0.5694878101348877,
        0.5621377825737,
        0.5402273535728455,
        0.5476009845733643,
        0.5639193058013916,
        0.5692557692527771,
        0.5924304723739624,
        0.5828571915626526,
        0.5874791741371155,
        0.5952882766723633,
        0.6021827459335327,
        0.6205877661705017,
        0.6280749440193176,
        0.6309153437614441,
        0.615172803401947,
        0.6067751049995422,
        0.6250622272491455,
        0.6261335015296936,
        0.561599850654602,
        0.5697095394134521,
        0.5496550798416138,
        0.5518028736114502,
        0.5388213396072388,
        0.5346397757530212,
        0.5209402441978455,
        0.4761328101158142,
        0.4999781847000122,
        0.5049465298652649,
        0.5318515300750732,
        0.5348066687583923,
        0.5392979383468628,
        0.5394797921180725,
        0.5585365295410156,
        0.55024653673172,
        0.5400198698043823,
        0.5474196672439575,
        0.5495980381965637,
        0.5260689854621887,
        0.5511675477027893,
        0.538817822933197,
        0.5545932054519653,
        0.5813189744949341,
        0.5577937364578247,
        0.5589721202850342,
        0.5651673674583435,
        0.5837876200675964,
        0.5412811636924744,
        0.5024173259735107,
        0.5250021815299988,
        0.48928534984588623,
        0.4919011890888214,
        0.433904230594635,
        0.4569130539894104,
        0.41328462958335876,
        0.4196107089519501,
        0.4602886736392975,
        0.4396015703678131,
        0.4323551058769226,
        0.45897218585014343,
        0.4751253128051758,
        0.42928802967071533,
        0.4571739435195923,
        0.45758506655693054,
        0.46410948038101196,
        0.4528096914291382,
        0.4604555368423462,
        0.49001115560531616,
        0.48215368390083313,
        0.49292850494384766,
        0.4821164906024933,
        0.4722076952457428,
        0.49480152130126953,
        0.46392714977264404,
        0.4795975089073181,
        0.48164913058280945,
        0.47346529364585876,
        0.473164826631546,
        0.46782100200653076,
        0.46867963671684265,
        0.44995975494384766,
        0.4521004855632782,
        0.47197967767715454,
        0.48222848773002625,
        0.43240976333618164
    ],