{
    "hyperparameters": {
        "activation": "relu",
        "dropout_rate": 0.349027812414,
        "hidden_units": 47,
        "learning_rate": 0.0041762147333,
        "num_layers": 2,
        "weight_decay": 0.0043968033834
    },
    "dataset_stats": {
        "name": "FiftyWords",
        "train_size": 360,
        "val_size": 90,
        "input_shape": [
            270,
            1
        ],
        "num_classes": 50
    },
    "epochs": 80,
    "train_loss": [
        3.7567083835601807,
        3.0651981830596924,
        2.701828718185425,
        2.4258391857147217,
        2.2988221645355225,
        2.0901668071746826,
        2.018232822418213,
        1.8768222332000732,
        1.816068410873413,
        1.735238790512085,
        1.6712641716003418,
        1.5677611827850342,
        1.550155758857727,
        1.45755136013031,
        1.3769623041152954,
        1.4446486234664917,
        1.433514952659607,
        1.3520255088806152,
        1.2268205881118774,
        1.2472107410430908,
        1.2488800287246704,
        1.278989553451538,
        1.2656809091567993,
        1.1257548332214355,
        1.1893388032913208,
        1.1070927381515503,
        1.1322040557861328,
        1.0747754573822021,
        1.1830116510391235,
        1.04872465133667,
        1.0950297117233276,
        1.0322872400283813,
        1.0824098587036133,
        1.0348461866378784,
        1.0941460132598877,
        1.0876038074493408,
        1.024685263633728,
        1.0149210691452026,
        0.9737696051597595,
        1.0061547756195068,
        1.0134576559066772,
        1.0694071054458618,
        1.055055022239685,
        0.9989027976989746,
        0.8931874632835388,
        0.9904391765594482,
        0.948646605014801,
        0.8554731607437134,
        0.9468775987625122,
        0.948138952255249,
        0.9830253720283508,
        1.0321389436721802,
        0.9999637007713318,
        0.9347520470619202,
        0.983004093170166,
        0.9703271389007568,
        0.9499331712722778,
        0.9105094075202942,
        0.8967391848564148,
        0.8265913128852844,
        0.9034467935562134,
        0.8913692831993103,
        0.8633363246917725,
        0.9251502156257629,
        0.8650954961776733,
        0.9606130123138428,
        0.806999146938324,
        0.900256335735321,
        0.9451452493667603,
        0.8917006850242615,
        0.8925982713699341,
        0.9080603718757629,
        0.9222213625907898,
        0.8368852138519287,
        0.9374947547912598,
        0.842691957950592,
        0.8095296025276184,
        0.8616080284118652,
        0.8569847941398621,
        0.8092948198318481
    ],
    "val_loss": [
        3.8985841274261475,
        3.426346778869629,
        3.102994680404663,
        2.9058966636657715,
        2.7307114601135254,
        2.624241352081299,
        2.473222255706787,
        2.4141902923583984,
        2.3409979343414307,
        2.3105616569519043,
        2.2664754390716553,
        2.228116750717163,
        2.2185990810394287,
        2.1999902725219727,
        2.2053236961364746,
        2.1091792583465576,
        2.133864164352417,
        2.2127697467803955,
        2.199169635772705,
        2.118093967437744,
        2.142007827758789,
        2.090595245361328,
        2.07316517829895,
        2.0767431259155273,
        2.1012871265411377,
        2.114366292953491,
        2.1033358573913574,
        2.1401143074035645,
        2.1511030197143555,
        2.1959471702575684,
        2.1969289779663086,
        2.190300464630127,
        2.1496684551239014,
        2.161550998687744,
        2.26973819732666,
        2.2036008834838867,
        2.1265010833740234,
        2.0992915630340576,
        2.1099071502685547,
        2.1658358573913574,
        2.1725027561187744,
        2.120020627975464,
        2.1274220943450928,
        2.0993502140045166,
        2.091561794281006,
        2.0763182640075684,
        2.064485788345337,
        2.03938364982605,
        2.118468999862671,
        2.1295063495635986,
        1.9968326091766357,
        2.0462701320648193,
        2.1936635971069336,
        2.145191192626953,
        2.107984781265259,
        2.1081252098083496,
        2.084861993789673,
        2.1269397735595703,
        2.082289218902588,
        2.1062991619110107,
        2.13600492477417,
        2.132624387741089,
        2.134909152984619,
        2.151019334793091,
        2.078403949737549,
        2.0703651905059814,
        2.1283223628997803,
        2.149061918258667,
        2.1198909282684326,
        2.142287254333496,
        2.196812391281128,
        2.1716511249542236,
        2.2408645153045654,
        2.1841964721679688,
        2.156802177429199,
        2.1648545265197754,
        2.145159959793091,
        2.2303733825683594,
        2.166412115097046,
        2.1511263847351074,
        2.221235513687134
    ],
    "train_accuracy": [
        0.15555556118488312,
        0.3361110985279083,
        0.3916666805744171,
        0.43611112236976624,
        0.42500001192092896,
        0.47777777910232544,
        0.46388888359069824,
        0.5083333253860474,
        0.5222222208976746,
        0.5277777910232544,
        0.5472221970558167,
        0.5777778029441833,
        0.5833333134651184,
        0.6083333492279053,
        0.6000000238418579,
        0.6166666746139526,
        0.5583333373069763,
        0.6138888597488403,
        0.6222222447395325,
        0.6611111164093018,
        0.6305555701255798,
        0.6388888955116272,
        0.6472222208976746,
        0.6527777910232544,
        0.6333333253860474,
        0.6694444417953491,
        0.675000011920929,
        0.6694444417953491,
        0.6499999761581421,
        0.7083333134651184,
        0.6916666626930237,
        0.6944444179534912,
        0.6638888716697693,
        0.6888889074325562,
        0.6638888716697693,
        0.7083333134651184,
        0.7194444537162781,
        0.699999988079071,
        0.7222222089767456,
        0.6694444417953491,
        0.6916666626930237,
        0.6833333373069763,
        0.6722221970558167,
        0.699999988079071,
        0.7333333492279053,
        0.7166666388511658,
        0.7194444537162781,
        0.7555555701255798,
        0.6888889074325562,
        0.7111111283302307,
        0.7333333492279053,
        0.699999988079071,
        0.675000011920929,
        0.730555534362793,
        0.7083333134651184,
        0.6861110925674438,
        0.7333333492279053,
        0.7083333134651184,
        0.75,
        0.7583333253860474,
        0.7277777791023254,
        0.7166666388511658,
        0.7444444298744202,
        0.7250000238418579,
        0.7472222447395325,
        0.7166666388511658,
        0.769444465637207,
        0.7166666388511658,
        0.699999988079071,
        0.7250000238418579,
        0.730555534362793,
        0.730555534362793,
        0.7250000238418579,
        0.7638888955116272,
        0.7111111283302307,
        0.730555534362793,
        0.75,
        0.7583333253860474,
        0.7416666746139526,
        0.7555555701255798
    ],