{
    "hyperparameters": {
        "bidirectional": true,
        "dropout_rate": 0.2768081171045,
        "hidden_units": 177,
        "learning_rate": 0.0001065242573,
        "num_layers": 3,
        "output_activation": "gelu",
        "weight_decay": 9.29245901e-05
    },
    "dataset_stats": {
        "name": "ChlorineConcentration",
        "train_size": 374,
        "val_size": 93,
        "input_shape": [
            166,
            1
        ],
        "num_classes": 3
    },
    "epochs": 101,
    "train_loss": [
        1.0212379693984985,
        0.99526447057724,
        1.0012060403823853,
        0.9865013360977173,
        0.9638428092002869,
        0.9718170166015625,
        0.9711465835571289,
        0.9568743109703064,
        0.9679990410804749,
        0.9455683827400208,
        0.9380787014961243,
        0.9534937143325806,
        0.9394639730453491,
        0.943108320236206,
        0.9266220331192017,
        0.9220682382583618,
        0.934093713760376,
        0.905489444732666,
        0.8976364731788635,
        0.9091533422470093,
        0.9033098816871643,
        0.9162304997444153,
        0.8720341920852661,
        0.8701213598251343,
        0.8655582070350647,
        0.8613471388816833,
        0.8520960807800293,
        0.8440093994140625,
        0.8262975215911865,
        0.8339881300926208,
        0.8295040726661682,
        0.8303196430206299,
        0.8139190077781677,
        0.8181002736091614,
        0.8097842335700989,
        0.8112643361091614,
        0.8006421327590942,
        0.8088260293006897,
        0.8084466457366943,
        0.8198902606964111,
        0.8074354529380798,
        0.8022487163543701,
        0.8022940158843994,
        0.8033816814422607,
        0.7810397744178772,
        0.7878741025924683,
        0.7855527997016907,
        0.7988278269767761,
        0.7819555997848511,
        0.7706683278083801,
        0.7780711054801941,
        0.7659644484519958,
        0.7979907393455505,
        0.7711526155471802,
        0.7866743803024292,
        0.7785375118255615,
        0.7707855701446533,
        0.7761338949203491,
        0.7695574164390564,
        0.7552101016044617,
        0.7540663480758667,
        0.7541771531105042,
        0.7356511950492859,
        0.7329822778701782,
        0.7424665689468384,
        0.7368279695510864,
        0.7305777072906494,
        0.7536904811859131,
        0.7350581288337708,
        0.7266525030136108,
        0.7384500503540039,
        0.7243871688842773,
        0.7320733666419983,
        0.7267838716506958,
        0.7126203775405884,
        0.7208853960037231,
        0.725386917591095,
        0.7251421213150024,
        0.7210080623626709,
        0.7233758568763733,
        0.7152307629585266,
        0.7195180654525757,
        0.7148438096046448,
        0.7200214862823486,
        0.7126104831695557,
        0.7275733947753906,
        0.7096723318099976,
        0.7151166200637817,
        0.7200976610183716,
        0.7165206670761108,
        0.7052061557769775,
        0.7025167942047119,
        0.717032790184021,
        0.7176380753517151,
        0.7100797295570374,
        0.7200759649276733,
        0.7100164890289307,
        0.7084173560142517,
        0.7184015512466431,
        0.7021135687828064,
        0.7248491644859314
    ],
    "val_loss": [
        1.0769176483154297,
        0.9758433699607849,
        0.9724702835083008,
        0.9600828289985657,
        0.9694952964782715,
        0.9610632061958313,
        0.9760844111442566,
        0.9607716202735901,
        0.9515823721885681,
        0.9635962247848511,
        0.9633150100708008,
        0.9580276608467102,
        0.9583525061607361,
        0.9421530365943909,
        0.9678677916526794,
        0.937564492225647,
        0.9809772968292236,
        0.9560852646827698,
        0.9387573599815369,
        0.9404168725013733,
        0.9576921463012695,
        0.9636899828910828,
        0.9530308246612549,
        0.9552298784255981,
        0.9616101980209351,
        0.9517186284065247,
        0.9484673142433167,
        0.9391484260559082,
        0.9430319666862488,
        0.9471209049224854,
        0.9363632798194885,
        0.9403635859489441,
        0.9442927837371826,
        0.9318049550056458,
        0.9465269446372986,
        0.9404064416885376,
        0.9316942095756531,
        0.9420290589332581,
        0.9367120265960693,
        0.9403300881385803,
        0.9267380237579346,
        0.9451833963394165,
        0.929619312286377,
        0.9534109830856323,
        0.9251403212547302,
        0.9454659819602966,
        0.9352157711982727,
        0.923176109790802,
        0.9305592775344849,
        0.9335885047912598,
        0.9386470317840576,
        0.9275652766227722,
        0.9214161038398743,
        0.935334324836731,
        0.9176073670387268,
        0.9525144696235657,
        0.9140018224716187,
        0.9296907782554626,
        0.9148167967796326,
        0.9320219159126282,
        0.9238652586936951,
        0.9221420884132385,
        0.9159259796142578,
        0.9174131751060486,
        0.9040706157684326,
        0.9135481119155884,
        0.9170182943344116,
        0.9078968167304993,
        0.906125545501709,
        0.9117749929428101,
        0.9055799245834351,
        0.902729332447052,
        0.9203157424926758,
        0.91012042760849,
        0.9076519012451172,
        0.9077930450439453,
        0.907882034778595,
        0.9261599183082581,
        0.9167165160179138,
        0.9112794399261475,
        0.912479043006897,
        0.9123317003250122,
        0.9099709391593933,
        0.9097098112106323,
        0.9083892107009888,
        0.9069355130195618,
        0.9069571495056152,
        0.9072950482368469,
        0.906653642654419,
        0.906701385974884,
        0.9073965549468994,
        0.9074236750602722,
        0.9062632918357849,
        0.9055249691009521,
        0.9052143692970276,
        0.9062792062759399,
        0.9064802527427673,
        0.9067825078964233,
        0.9063112139701843,
        0.9062984585762024,
        0.9065969586372375,
        0.9067757725715637
    ],