{
    "hyperparameters": {
        "activation": "tanh",
        "dropout_rate": 0.2867077276335,
        "kernel_size": 3,
        "learning_rate": 0.0001430397104,
        "num_filters": 67,
        "num_layers": 2,
        "pooling": "max",
        "pooling_size": 1
    },
    "dataset_stats": {
        "name": "ChlorineConcentration",
        "train_size": 748,
        "val_size": 186,
        "input_shape": [
            1,
            166
        ],
        "num_classes": 3
    },
    "epochs": 72,
    "train_loss": [
        1.1727262735366821,
        1.1407647132873535,
        1.125067114830017,
        1.077274203300476,
        1.1001684665679932,
        1.1107919216156006,
        1.0574132204055786,
        1.0785709619522095,
        1.045557975769043,
        1.0609368085861206,
        1.0538651943206787,
        1.0602352619171143,
        1.045074224472046,
        1.0509083271026611,
        1.0240570306777954,
        1.024420142173767,
        1.0347766876220703,
        1.0195540189743042,
        1.0012117624282837,
        1.0165642499923706,
        1.020681619644165,
        1.0181676149368286,
        1.0067297220230103,
        0.9981823563575745,
        1.005074381828308,
        0.9892934560775757,
        0.9928478598594666,
        0.9854674935340881,
        0.9682358503341675,
        0.9723197221755981,
        0.9791803359985352,
        0.9815359711647034,
        0.9795610308647156,
        0.9618539810180664,
        0.9637643694877625,
        0.9759165048599243,
        0.9649825692176819,
        0.9507439732551575,
        0.9100068211555481,
        0.9528905749320984,
        0.9496126174926758,
        0.9399901032447815,
        0.9737135767936707,
        0.9529343843460083,
        0.9479977488517761,
        0.9423388242721558,
        0.9171505570411682,
        0.9321914911270142,
        0.9347490072250366,
        0.9303780794143677,
        0.916467010974884,
        0.9221746325492859,
        0.9215027689933777,
        0.9448162913322449,
        0.9025940895080566,
        0.9226082563400269,
        0.920440673828125,
        0.9202008843421936,
        0.9176345467567444,
        0.9050949811935425,
        0.900827169418335,
        0.9100654125213623,
        0.9030209183692932,
        0.9044402241706848,
        0.9040758013725281,
        0.8861831426620483,
        0.859971821308136,
        0.914481520652771,
        0.8951506018638611,
        0.8687785863876343,
        0.8762471675872803,
        0.8876206278800964
    ],
    "val_loss": [
        1.080216407775879,
        1.095015048980713,
        1.0978121757507324,
        1.0836683511734009,
        1.0942771434783936,
        1.0839797258377075,
        1.077873945236206,
        1.0747588872909546,
        1.0826479196548462,
        1.076938509941101,
        1.069380283355713,
        1.064773440361023,
        1.0599201917648315,
        1.0507168769836426,
        1.0434143543243408,
        1.0564866065979004,
        1.0527129173278809,
        1.051289439201355,
        1.0457614660263062,
        1.0381468534469604,
        1.0478637218475342,
        1.0492632389068604,
        1.0567339658737183,
        1.0454052686691284,
        1.0517245531082153,
        1.0353703498840332,
        1.040135383605957,
        1.038467526435852,
        1.046273112297058,
        1.0359243154525757,
        1.0412633419036865,
        1.042417049407959,
        1.0341026782989502,
        1.0388258695602417,
        1.0453569889068604,
        1.0487829446792603,
        1.04155433177948,
        1.042716383934021,
        1.0348832607269287,
        1.0398439168930054,
        1.032970905303955,
        1.038262963294983,
        1.0329467058181763,
        1.037671446800232,
        1.0370793342590332,
        1.0489503145217896,
        1.0508296489715576,
        1.0389410257339478,
        1.0382905006408691,
        1.0382318496704102,
        1.0496318340301514,
        1.0468225479125977,
        1.0445640087127686,
        1.0469300746917725,
        1.0450427532196045,
        1.0509703159332275,
        1.0438728332519531,
        1.040781855583191,
        1.0458178520202637,
        1.0403478145599365,
        1.049331545829773,
        1.0440467596054077,
        1.0513654947280884,
        1.0488744974136353,
        1.0539313554763794,
        1.0496007204055786,
        1.0599746704101562,
        1.0510938167572021,
        1.0724879503250122,
        1.0579557418823242,
        1.0535792112350464,
        1.071617603302002,
        1.0575875043869019
    ],
    "train_accuracy": [
        0.34625667333602905,
        0.36764705181121826,
        0.3756684362888336,
        0.4532085657119751,
        0.4064171016216278,
        0.39304813742637634,
        0.4491978585720062,
        0.4224599003791809,
        0.4679144322872162,
        0.45989304780960083,
        0.47058823704719543,
        0.4385026693344116,
        0.46524062752723694,
        0.4639037549495697,
        0.5053476095199585,
        0.4692513346672058,
        0.48796790838241577,
        0.4893048107624054,
        0.5267379879951477,
        0.49598929286003113,
        0.49331551790237427,
        0.49732619524002075,
        0.49331551790237427,
        0.5040106773376465,
        0.5200534462928772,
        0.5147058963775635,
        0.5026738047599792,
        0.5173797011375427,
        0.5534759163856506,
        0.5254010558128357,
        0.5334224700927734,
        0.5026738047599792,
        0.5320855379104614,
        0.5508021116256714,
        0.5548128485679626,
        0.5213903784751892,
        0.5548128485679626,
        0.5494652390480042,
        0.596256673336029,
        0.5775400996208191,
        0.5601603984832764,
        0.5641711354255676,
        0.5441176295280457,
        0.5481283664703369,
        0.5534759163856506,
        0.5735294222831726,
        0.5868983864784241,
        0.5561497211456299,
        0.5802139043807983,
        0.5775400996208191,
        0.5721924901008606,
        0.5721924901008606,
        0.5788770318031311,
        0.5695187449455261,
        0.5882353186607361,
        0.5721924901008606,
        0.5842245817184448,
        0.5681818127632141,
        0.5721924901008606,
        0.5828877091407776,
        0.5868983864784241,
        0.5802139043807983,
        0.5989304780960083,
        0.5762032270431519,
        0.5909090638160706,
        0.596256673336029,
        0.614973247051239,
        0.5708556175231934,
        0.5882353186607361,
        0.5949198007583618,
        0.5949198007583618,
        0.5922459959983826
    ],