{
    "hyperparameters": {
        "activation": "gelu",
        "dropout_rate": 0.1596912679621,
        "ff_dim": 324,
        "hidden_units": 94,
        "learning_rate": 0.0002225834019,
        "num_heads": 4,
        "num_layers": 3,
        "pooling": "max",
        "weight_decay": 2.40272327e-05
    },
    "dataset_stats": {
        "name": "ChlorineConcentration",
        "train_size": 374,
        "val_size": 93,
        "input_shape": [
            166,
            1
        ],
        "num_classes": 3
    },
    "epochs": 33,
    "train_loss": [
        1.0445644855499268,
        1.1239982843399048,
        1.092201590538025,
        0.9527702927589417,
        1.307699203491211,
        1.19439697265625,
        1.1386052370071411,
        1.246812343597412,
        0.9400274753570557,
        0.8946487903594971,
        1.1470617055892944,
        0.9099888205528259,
        0.9583561420440674,
        0.7598970532417297,
        1.0055615901947021,
        0.890438973903656,
        1.0791223049163818,
        0.9210607409477234,
        1.035900592803955,
        0.9205955266952515,
        1.2355495691299438,
        1.164920449256897,
        1.0209574699401855,
        0.9539071917533875,
        1.1401667594909668,
        1.1197141408920288,
        1.0666178464889526,
        1.2553459405899048,
        0.9408411383628845,
        0.9483505487442017,
        1.0355979204177856,
        0.8795613646507263,
        0.9040376543998718
    ],
    "val_loss": [
        1.060415506362915,
        0.9555742144584656,
        0.9449276924133301,
        0.9414430260658264,
        0.9890648722648621,
        0.9438881874084473,
        0.9508653879165649,
        0.9505472779273987,
        0.9521118402481079,
        0.9468942284584045,
        0.9536869525909424,
        0.9450382590293884,
        0.9444156885147095,
        0.9451570510864258,
        0.9518754482269287,
        0.9622865319252014,
        0.9524178504943848,
        0.9497631192207336,
        0.9538112282752991,
        0.9582712054252625,
        0.9591602683067322,
        0.9440634846687317,
        0.9461268186569214,
        0.9554464817047119,
        0.9585558772087097,
        0.951385498046875,
        0.9592540264129639,
        0.9632812738418579,
        0.9593037962913513,
        0.9564019441604614,
        0.9553832411766052,
        0.9530201554298401,
        0.9523626565933228,
        0.9537016153335571
    ],
    "train_accuracy": [
        0.5,
        0.40909093618392944,
        0.5,
        0.4545454680919647,
        0.40909093618392944,
        0.4545454680919647,
        0.4545454680919647,
        0.40909093618392944,
        0.5909091234207153,
        0.6818181872367859,
        0.27272728085517883,
        0.6818181872367859,
        0.6818181872367859,
        0.7272727489471436,
        0.5,
        0.6363636255264282,
        0.3636363744735718,
        0.5454545617103577,
        0.5454545617103577,
        0.5,
        0.40909093618392944,
        0.3636363744735718,
        0.40909093618392944,
        0.5,
        0.3636363744735718,
        0.5454545617103577,
        0.5,
        0.4545454680919647,
        0.5,
        0.5454545617103577,
        0.4545454680919647,
        0.6363636255264282,
        0.5909091234207153
    ],
    "val_accuracy": [
        0.59375,
        0.602150559425354,
        0.602150559425354,
        0.602150559425354,
        0.602150559425354,
        0.602150559425354,
        0.602150559425354,
        0.602150559425354,
        0.602150559425354,
        0.602150559425354,
        0.602150559425354,
        0.602150559425354,
        0.602150559425354,
        0.602150559425354,
        0.602150559425354,
        0.602150559425354,
        0.602150559425354,
        0.602150559425354,
        0.602150559425354,
        0.602150559425354,
        0.602150559425354,
        0.602150559425354,
        0.602150559425354,
        0.602150559425354,
        0.602150559425354,
        0.602150559425354,
        0.602150559425354,
        0.602150559425354,
        0.602150559425354,
        0.602150559425354,
        0.602150559425354,
        0.602150559425354,
        0.602150559425354,
        0.602150559425354
    ],
    "epoch_times": [
        0.50862717628479,
        0.2669661045074463,
        0.2711176872253418,
        0.30406904220581055,
        0.2900714874267578,
        0.2788262367248535,
        0.25945401191711426,
        0.23671770095825195,
        0.19208097457885742,
        0.16896295547485352,
        0.200944185256958,
        0.27800917625427246,
        0.2917661666870117,
        0.32167840003967285,
        0.34243297576904297,
        0.2814950942993164,
        0.1806483268737793,
        0.1740734577178955,
        0.18430089950561523,
        0.17905592918395996,
        0.20810961723327637,
        0.2097787857055664,
        0.26738524436950684,
        0.27918386459350586,
        0.31861400604248047,
        0.3210427761077881,
        0.29760265350341797,
        0.29364633560180664,
        0.3005669116973877,
        0.2776618003845215,
        0.27888011932373047,
        0.2847874164581299,
        0.2793562412261963
    ]
}