{
    "hyperparameters": {
        "activation": "gelu",
        "dropout_rate": 0.0845558831264,
        "ff_dim": 617,
        "hidden_units": 261,
        "learning_rate": 0.0001521304248,
        "num_heads": 7,
        "num_layers": 3,
        "pooling": "mean",
        "weight_decay": 6.26805437e-05
    },
    "dataset_stats": {
        "name": "CinCECGTorso",
        "train_size": 64,
        "val_size": 16,
        "input_shape": [
            1639,
            1
        ],
        "num_classes": 4
    },
    "epochs": 44,
    "train_loss": [
        2.3712821006774902,
        1.7804991006851196,
        1.297916293144226,
        1.4783345460891724,
        1.2743299007415771,
        1.3807389736175537,
        0.9574128985404968,
        1.3642840385437012,
        1.3927534818649292,
        1.2986245155334473,
        1.0986599922180176,
        0.9852651357650757,
        1.2140997648239136,
        1.3676435947418213,
        1.5091146230697632,
        1.0316801071166992,
        0.9989078640937805,
        0.5692290663719177,
        0.7734013795852661,
        0.9458252787590027,
        0.6059116721153259,
        0.4994877278804779,
        0.9570184350013733,
        0.7111073732376099,
        0.7759528160095215,
        0.3885154724121094,
        0.41602712869644165,
        0.3841615915298462,
        0.4756033718585968,
        0.5332130789756775,
        0.5528996586799622,
        0.4205838143825531,
        0.532527506351471,
        0.45164868235588074,
        0.4525415003299713,
        0.6657679080963135,
        0.3676634430885315,
        0.5304852724075317,
        0.3373470902442932,
        0.470770925283432,
        0.2758837044239044,
        0.36239200830459595,
        0.3373883366584778,
        0.4297601580619812
    ],
    "val_loss": [
        2.1990766525268555,
        2.540475606918335,
        1.5198529958724976,
        1.4100319147109985,
        1.3238002061843872,
        1.1601790189743042,
        1.44700288772583,
        1.1256515979766846,
        1.33229660987854,
        1.390949010848999,
        1.0754687786102295,
        1.1404739618301392,
        1.1973680257797241,
        1.1256253719329834,
        0.9720159769058228,
        1.5016682147979736,
        1.0260895490646362,
        1.1943140029907227,
        1.0726944208145142,
        1.2638888359069824,
        1.0199968814849854,
        1.3248473405838013,
        1.4047012329101562,
        1.0889514684677124,
        1.1691149473190308,
        1.5108983516693115,
        1.3553307056427002,
        1.3958526849746704,
        1.573246955871582,
        1.4653863906860352,
        1.48179030418396,
        1.530074119567871,
        1.6021325588226318,
        1.6192171573638916,
        1.482772946357727,
        1.518779993057251,
        1.643665075302124,
        1.6976574659347534,
        1.4891972541809082,
        1.5125625133514404,
        1.5377686023712158,
        1.6071927547454834,
        1.6550720930099487,
        1.7134686708450317,
        1.7122880220413208
    ],
    "train_accuracy": [
        0.375,
        0.1875,
        0.4375,
        0.3125,
        0.4375,
        0.375,
        0.6875,
        0.5,
        0.3125,
        0.4375,
        0.375,
        0.625,
        0.4375,
        0.25,
        0.375,
        0.4375,
        0.4375,
        0.875,
        0.6875,
        0.625,
        0.8125,
        0.8125,
        0.625,
        0.75,
        0.6875,
        0.875,
        0.875,
        0.875,
        0.75,
        0.8125,
        0.75,
        0.75,
        0.75,
        0.875,
        0.75,
        0.5625,
        0.9375,
        0.75,
        0.8125,
        0.8125,
        0.875,
        0.8125,
        0.9375,
        0.875
    ],
    "val_accuracy": [
        0.1875,
        0.1875,
        0.25,
        0.3125,
        0.3125,
        0.625,
        0.1875,
        0.5,
        0.3125,
        0.1875,
        0.625,
        0.5625,
        0.5625,
        0.5,
        0.6875,
        0.375,
        0.625,
        0.5625,
        0.625,
        0.5625,
        0.6875,
        0.5,
        0.4375,
        0.5625,
        0.5625,
        0.5,
        0.5,
        0.5625,
        0.5625,
        0.5,
        0.5,
        0.5625,
        0.5625,
        0.5,
        0.625,
        0.625,
        0.5,
        0.5,
        0.625,
        0.625,
        0.5625,
        0.5625,
        0.5625,
        0.5,
        0.5
    ],
    "epoch_times": [
        0.9219346046447754,
        0.917853832244873,
        0.9121389389038086,
        0.9120838642120361,
        0.9127051830291748,
        0.913362979888916,
        0.9139204025268555,
        0.9125916957855225,
        0.9112136363983154,
        0.9127438068389893,
        0.9122910499572754,
        0.916060209274292,
        0.9178080558776855,
        0.9192337989807129,
        0.919560432434082,
        0.919553279876709,
        0.9184200763702393,
        0.9199492931365967,
        0.9200081825256348,
        0.9154207706451416,
        0.9195783138275146,
        0.9183685779571533,
        0.9176042079925537,
        0.9184114933013916,
        0.9294228553771973,
        0.9203066825866699,
        0.9205634593963623,
        0.920475959777832,
        0.9213228225708008,
        0.9143409729003906,
        0.918989896774292,
        0.9193809032440186,
        0.9198575019836426,
        0.9234576225280762,
        0.9188778400421143,
        0.9185490608215332,
        0.9211788177490234,
        0.9213404655456543,
        0.9204871654510498,
        0.9220101833343506,
        0.9201617240905762,
        0.9191093444824219,
        0.9173750877380371,
        0.9182276725769043
    ]
}