{
    "hyperparameters": {
        "activation": "tanh",
        "dropout_rate": 0.3595353549975,
        "hidden_units": 24,
        "learning_rate": 0.0001743197599,
        "num_layers": 2,
        "weight_decay": 0.0077344082177
    },
    "dataset_stats": {
        "name": "classification_ozone",
        "train_size": 85,
        "val_size": 21,
        "input_shape": [
            1201,
            1
        ],
        "num_classes": 2
    },
    "epochs": 62,
    "train_loss": [
        0.8103456497192383,
        0.788747251033783,
        0.7760546803474426,
        0.8151106834411621,
        0.9143438935279846,
        0.7599865198135376,
        0.7798824310302734,
        0.7661640644073486,
        0.8524112701416016,
        0.7858556509017944,
        0.7933319211006165,
        0.7244760990142822,
        0.767193078994751,
        0.7907196283340454,
        0.7131425142288208,
        0.7948833703994751,
        0.730127215385437,
        0.7040329575538635,
        0.6883438229560852,
        0.7403255105018616,
        0.7620599865913391,
        0.7284035086631775,
        0.800571858882904,
        0.6928499937057495,
        0.7848221659660339,
        0.7365713715553284,
        0.827986478805542,
        0.7202826738357544,
        0.7761566042900085,
        0.7672887444496155,
        0.7115405201911926,
        0.7640595436096191,
        0.7373232841491699,
        0.6699317693710327,
        0.7553611993789673,
        0.8104948401451111,
        0.7818965911865234,
        0.7276393175125122,
        0.6917420625686646,
        0.7943921089172363,
        0.7478846907615662,
        0.7031757831573486,
        0.7408475279808044,
        0.7408548593521118,
        0.7060078382492065,
        0.7155296802520752,
        0.6753669381141663,
        0.7814226746559143,
        0.8004821538925171,
        0.8644434213638306,
        0.6711589097976685,
        0.6810376048088074,
        0.8001023530960083,
        0.7253185510635376,
        0.6960138082504272,
        0.7063903212547302,
        0.6645722985267639,
        0.6954067945480347,
        0.7264465689659119,
        0.7688178420066833,
        0.715835452079773,
        0.7294525504112244
    ],
    "val_loss": [
        0.9342780113220215,
        0.7077382802963257,
        0.7373353242874146,
        0.730250895023346,
        0.7945035099983215,
        0.811234176158905,
        0.7813630104064941,
        0.7598310112953186,
        0.7410951852798462,
        0.7279297709465027,
        0.7179058790206909,
        0.7144173383712769,
        0.7248609662055969,
        0.7316668629646301,
        0.7344800233840942,
        0.735418438911438,
        0.7269701361656189,
        0.699103832244873,
        0.6782596111297607,
        0.6747601628303528,
        0.6773467063903809,
        0.6852072477340698,
        0.6884656548500061,
        0.6909031867980957,
        0.6878665089607239,
        0.6912752985954285,
        0.6924861073493958,
        0.6982035636901855,
        0.6976800560951233,
        0.6809086203575134,
        0.6786189079284668,
        0.6765565872192383,
        0.673857569694519,
        0.6841834187507629,
        0.7051781415939331,
        0.7097059488296509,
        0.7107861638069153,
        0.7177264094352722,
        0.7093852162361145,
        0.701382577419281,
        0.6952447891235352,
        0.6884838342666626,
        0.676310658454895,
        0.6757189631462097,
        0.6821128129959106,
        0.723555862903595,
        0.7245614528656006,
        0.7213646769523621,
        0.7129529118537903,
        0.7050212621688843,
        0.6958613395690918,
        0.6843083500862122,
        0.6983722448348999,
        0.7034623026847839,
        0.714361846446991,
        0.7176095843315125,
        0.7178611755371094,
        0.7225885391235352,
        0.7287766337394714,
        0.720527172088623,
        0.713516354560852,
        0.707841694355011,
        0.6997507810592651
    ],
    "train_accuracy": [
        0.5411764979362488,
        0.48235294222831726,
        0.4941176474094391,
        0.5058823823928833,
        0.4588235318660736,
        0.5058823823928833,
        0.5058823823928833,
        0.5176470875740051,
        0.48235294222831726,
        0.5176470875740051,
        0.5058823823928833,
        0.529411792755127,
        0.5411764979362488,
        0.47058823704719543,
        0.529411792755127,
        0.48235294222831726,
        0.5176470875740051,
        0.5529412031173706,
        0.5764706134796143,
        0.529411792755127,
        0.529411792755127,
        0.5647059082984924,
        0.4588235318660736,
        0.5529412031173706,
        0.5058823823928833,
        0.5058823823928833,
        0.4941176474094391,
        0.5176470875740051,
        0.529411792755127,
        0.5058823823928833,
        0.5411764979362488,
        0.48235294222831726,
        0.5411764979362488,
        0.5411764979362488,
        0.529411792755127,
        0.5529412031173706,
        0.47058823704719543,
        0.5058823823928833,
        0.5764706134796143,
        0.4588235318660736,
        0.48235294222831726,
        0.48235294222831726,
        0.48235294222831726,
        0.529411792755127,
        0.5764706134796143,
        0.5529412031173706,
        0.6000000238418579,
        0.5176470875740051,
        0.47058823704719543,
        0.4588235318660736,
        0.6000000238418579,
        0.5529412031173706,
        0.48235294222831726,
        0.5882353186607361,
        0.5411764979362488,
        0.6117647290229797,
        0.658823549747467,
        0.5176470875740051,
        0.5647059082984924,
        0.48235294222831726,
        0.5411764979362488,
        0.5058823823928833
    ],
    "val_accuracy": [
        0.4761904776096344,
        0.4285714328289032,
        0.523809552192688,
        0.5714285969734192,
        0.523809552192688,
        0.523809552192688,
        0.523809552192688,
        0.523809552192688,
        0.523809552192688,
        0.523809552192688,
        0.5714285969734192,
        0.5714285969734192,
        0.523809552192688,
        0.523809552192688,
        0.523809552192688,
        0.523809552192688,
        0.523809552192688,
        0.5714285969734192,
        0.5714285969734192,
        0.5714285969734192,
        0.5714285969734192,
        0.5714285969734192,
        0.5714285969734192,
        0.5714285969734192,
        0.5714285969734192,
        0.5714285969734192,
        0.5714285969734192,
        0.523809552192688,
        0.523809552192688,
        0.5714285969734192,
        0.5714285969734192,
        0.5714285969734192,
        0.5714285969734192,
        0.523809552192688,
        0.523809552192688,
        0.4761904776096344,
        0.4761904776096344,
        0.4761904776096344,
        0.4761904776096344,
        0.5714285969734192,
        0.5714285969734192,
        0.5714285969734192,
        0.5714285969734192,
        0.5714285969734192,
        0.5714285969734192,
        0.523809552192688,
        0.523809552192688,
        0.523809552192688,
        0.523809552192688,
        0.5714285969734192,
        0.5714285969734192,
        0.523809552192688,
        0.523809552192688,
        0.523809552192688,
        0.523809552192688,
        0.523809552192688,
        0.523809552192688,
        0.523809552192688,
        0.523809552192688,
        0.523809552192688,
        0.523809552192688,
        0.523809552192688,
        0.523809552192688
    ],