{
    "hyperparameters": {
        "activation": "elu",
        "dropout_rate": 0.002755411971,
        "kernel_size": 7,
        "learning_rate": 0.0001937376358,
        "num_filters": 186,
        "num_layers": 2,
        "pooling": "max",
        "pooling_size": 2
    },
    "dataset_stats": {
        "name": "BeetleFly",
        "train_size": 32,
        "val_size": 8,
        "input_shape": [
            1,
            512
        ],
        "num_classes": 2
    },
    "epochs": 31,
    "train_loss": [
        0.8220438361167908,
        0.552251935005188,
        0.4371694326400757,
        0.3608088195323944,
        0.30787530541419983,
        0.26210424304008484,
        0.21280016005039215,
        0.18071457743644714,
        0.14648064970970154,
        0.12221046537160873,
        0.09878484904766083,
        0.08480403572320938,
        0.07015648484230042,
        0.0589689165353775,
        0.04853171482682228,
        0.042143866419792175,
        0.035417377948760986,
        0.030613191425800323,
        0.02580130100250244,
        0.022708935663104057,
        0.02056804485619068,
        0.017820971086621284,
        0.015455060638487339,
        0.013791093602776527,
        0.012542149983346462,
        0.011652381159365177,
        0.010260235518217087,
        0.009210515767335892,
        0.008504977449774742,
        0.0074303667061030865,
        0.006709200330078602
    ],
    "val_loss": [
        0.6993021965026855,
        0.7099990248680115,
        0.714806079864502,
        0.7170323133468628,
        0.7195996642112732,
        0.7248592376708984,
        0.7338426113128662,
        0.7470641136169434,
        0.7626183032989502,
        0.7815478444099426,
        0.8033161759376526,
        0.8289752006530762,
        0.8577627539634705,
        0.8858481049537659,
        0.9130980968475342,
        0.9435248970985413,
        0.9795305132865906,
        1.0223579406738281,
        1.0723285675048828,
        1.1279590129852295,
        1.1893510818481445,
        1.2532520294189453,
        1.3217813968658447,
        1.3971946239471436,
        1.4799550771713257,
        1.5717555284500122,
        1.6753368377685547,
        1.7826955318450928,
        1.8924028873443604,
        2.001410484313965,
        2.1130459308624268,
        2.22745943069458
    ],
    "train_accuracy": [
        0.4375,
        0.6875,
        0.8125,
        0.875,
        0.90625,
        0.90625,
        1.0,
        1.0,
        1.0,
        1.0,
        1.0,
        1.0,
        1.0,
        1.0,
        1.0,
        1.0,
        1.0,
        1.0,
        1.0,
        1.0,
        1.0,
        1.0,
        1.0,
        1.0,
        1.0,
        1.0,
        1.0,
        1.0,
        1.0,
        1.0,
        1.0
    ],
    "val_accuracy": [
        0.375,
        0.375,
        0.375,
        0.375,
        0.5,
        0.5,
        0.5,
        0.625,
        0.625,
        0.5,
        0.5,
        0.5,
        0.5,
        0.5,
        0.5,
        0.375,
        0.25,
        0.25,
        0.25,
        0.25,
        0.25,
        0.25,
        0.25,
        0.25,
        0.25,
        0.25,
        0.25,
        0.25,
        0.25,
        0.25,
        0.25,
        0.25
    ],
    "epoch_times": [
        2.83909010887146,
        0.03646397590637207,
        0.021298885345458984,
        0.021350860595703125,
        0.022915124893188477,
        0.02237701416015625,
        0.02152395248413086,
        0.021897077560424805,
        0.019910812377929688,
        0.020930051803588867,
        0.02054286003112793,
        0.021371841430664062,
        0.020859241485595703,
        0.020753860473632812,
        0.020221948623657227,
        0.021235942840576172,
        0.020457983016967773,
        0.023290157318115234,
        0.020979881286621094,
        0.02138805389404297,
        0.02203202247619629,
        0.022622346878051758,
        0.023188114166259766,
        0.02171492576599121,
        0.02192211151123047,
        0.023260831832885742,
        0.02180004119873047,
        0.021036148071289062,
        0.021313190460205078,
        0.023253917694091797,
        0.02135610580444336
    ]
}