{
    "hyperparameters": {
        "activation": "relu",
        "dropout_rate": 0.3422406650763,
        "kernel_size": 6,
        "learning_rate": 0.0007498207982,
        "num_filters": 88,
        "num_layers": 3,
        "pooling": "max",
        "pooling_size": 2
    },
    "dataset_stats": {
        "name": "Beef",
        "train_size": 48,
        "val_size": 12,
        "input_shape": [
            1,
            470
        ],
        "num_classes": 5
    },
    "epochs": 56,
    "train_loss": [
        1.5988889932632446,
        1.5279232263565063,
        1.398358702659607,
        1.2055257558822632,
        1.1965354681015015,
        1.2012635469436646,
        1.113511562347412,
        1.1425772905349731,
        1.0765026807785034,
        0.9430983662605286,
        0.9057273864746094,
        0.9252201914787292,
        0.9660544991493225,
        0.8440662026405334,
        0.8181561827659607,
        0.6857137680053711,
        0.7454033493995667,
        0.8476832509040833,
        0.7708216309547424,
        0.7641263008117676,
        0.6304183006286621,
        0.7384472489356995,
        0.5777948498725891,
        0.6787684559822083,
        0.554925262928009,
        0.5155131220817566,
        0.6078712344169617,
        0.7387468814849854,
        0.5513048768043518,
        0.5031140446662903,
        0.5217834115028381,
        0.556140661239624,
        0.434067040681839,
        0.5073268413543701,
        0.5189893841743469,
        0.51841801404953,
        0.4273858070373535,
        0.49055027961730957,
        0.49112653732299805,
        0.4022935628890991,
        0.3982360363006592,
        0.3684043884277344,
        0.4695463180541992,
        0.557460367679596,
        0.3976580798625946,
        0.3309394121170044,
        0.4224017560482025,
        0.3761312663555145,
        0.32754117250442505,
        0.4153403341770172,
        0.3909478485584259,
        0.3293863534927368,
        0.32766231894493103,
        0.4034264385700226,
        0.26822879910469055,
        0.3342683017253876
    ],
    "val_loss": [
        1.6092427968978882,
        1.6140031814575195,
        1.6147676706314087,
        1.611221432685852,
        1.598067283630371,
        1.5809764862060547,
        1.5615953207015991,
        1.5410327911376953,
        1.518545150756836,
        1.502564787864685,
        1.4839988946914673,
        1.4757566452026367,
        1.464201807975769,
        1.4537500143051147,
        1.4493294954299927,
        1.4657186269760132,
        1.4824566841125488,
        1.5022281408309937,
        1.5031391382217407,
        1.5014996528625488,
        1.5009509325027466,
        1.4946284294128418,
        1.4533491134643555,
        1.4030636548995972,
        1.3744850158691406,
        1.3776966333389282,
        1.362715721130371,
        1.362770676612854,
        1.4010719060897827,
        1.452008605003357,
        1.4776662588119507,
        1.470781922340393,
        1.4529699087142944,
        1.4725141525268555,
        1.4910660982131958,
        1.4963421821594238,
        1.4734306335449219,
        1.459432601928711,
        1.484368920326233,
        1.5621094703674316,
        1.6507707834243774,
        1.719934344291687,
        1.766722559928894,
        1.760424256324768,
        1.708438754081726,
        1.6230664253234863,
        1.509128451347351,
        1.5184379816055298,
        1.5849069356918335,
        1.6389551162719727,
        1.567602276802063,
        1.5570791959762573,
        1.6324084997177124,
        1.7385497093200684,
        1.761007308959961,
        1.7441591024398804,
        1.801024079322815
    ],
    "train_accuracy": [
        0.2916666567325592,
        0.3125,
        0.375,
        0.6041666865348816,
        0.5416666865348816,
        0.5416666865348816,
        0.5416666865348816,
        0.5208333134651184,
        0.625,
        0.6666666865348816,
        0.6875,
        0.5833333134651184,
        0.6666666865348816,
        0.6666666865348816,
        0.7291666865348816,
        0.75,
        0.6666666865348816,
        0.6666666865348816,
        0.7291666865348816,
        0.6875,
        0.75,
        0.7916666865348816,
        0.7916666865348816,
        0.7291666865348816,
        0.8125,
        0.8333333134651184,
        0.75,
        0.75,
        0.7916666865348816,
        0.7916666865348816,
        0.75,
        0.75,
        0.8541666865348816,
        0.7708333134651184,
        0.8541666865348816,
        0.7916666865348816,
        0.8125,
        0.8541666865348816,
        0.8333333134651184,
        0.8333333134651184,
        0.8333333134651184,
        0.875,
        0.7291666865348816,
        0.7916666865348816,
        0.8125,
        0.8541666865348816,
        0.8333333134651184,
        0.8125,
        0.9166666865348816,
        0.8125,
        0.9166666865348816,
        0.8958333134651184,
        0.8541666865348816,
        0.875,
        0.8958333134651184,
        0.8541666865348816
    ],
    "val_accuracy": [
        0.1666666716337204,
        0.1666666716337204,
        0.1666666716337204,
        0.1666666716337204,
        0.1666666716337204,
        0.25,
        0.4166666567325592,
        0.3333333432674408,
        0.25,
        0.3333333432674408,
        0.25,
        0.3333333432674408,
        0.25,
        0.25,
        0.4166666567325592,
        0.3333333432674408,
        0.4166666567325592,
        0.3333333432674408,
        0.4166666567325592,
        0.4166666567325592,
        0.4166666567325592,
        0.4166666567325592,
        0.4166666567325592,
        0.4166666567325592,
        0.3333333432674408,
        0.25,
        0.4166666567325592,
        0.4166666567325592,
        0.4166666567325592,
        0.4166666567325592,
        0.5,
        0.4166666567325592,
        0.4166666567325592,
        0.25,
        0.3333333432674408,
        0.3333333432674408,
        0.4166666567325592,
        0.5,
        0.4166666567325592,
        0.4166666567325592,
        0.4166666567325592,
        0.4166666567325592,
        0.4166666567325592,
        0.3333333432674408,
        0.3333333432674408,
        0.4166666567325592,
        0.5,
        0.4166666567325592,
        0.5,
        0.4166666567325592,
        0.4166666567325592,
        0.3333333432674408,
        0.3333333432674408,
        0.3333333432674408,
        0.3333333432674408,
        0.3333333432674408,
        0.4166666567325592
    ],