{
    "hyperparameters": {
        "activation": "elu",
        "dropout_rate": 0.2262840625856,
        "kernel_size": 4,
        "learning_rate": 0.0031078604411,
        "num_filters": 198,
        "num_layers": 3,
        "pooling": "average",
        "pooling_size": 2
    },
    "dataset_stats": {
        "name": "BirdChicken",
        "train_size": 32,
        "val_size": 8,
        "input_shape": [
            1,
            512
        ],
        "num_classes": 2
    },
    "epochs": 67,
    "train_loss": [
        0.8513107299804688,
        1.6902564764022827,
        6.323580265045166,
        2.446824073791504,
        0.739145815372467,
        1.1326110363006592,
        0.8321439027786255,
        0.7129079103469849,
        0.5183597803115845,
        0.5658949613571167,
        0.6085149645805359,
        0.5891918540000916,
        0.5283845067024231,
        0.45464566349983215,
        0.421709269285202,
        0.41415631771087646,
        0.4095352292060852,
        0.38380739092826843,
        0.32211169600486755,
        0.2501603662967682,
        0.27556392550468445,
        0.25268658995628357,
        0.24568894505500793,
        0.24171589314937592,
        0.24156129360198975,
        0.23046350479125977,
        0.18714570999145508,
        0.14526580274105072,
        0.16245009005069733,
        0.14186489582061768,
        0.14028452336788177,
        0.1027064248919487,
        0.08792416751384735,
        0.08330843597650528,
        0.06873855739831924,
        0.08936403691768646,
        0.07543621957302094,
        0.05253364145755768,
        0.08376263827085495,
        0.051309291273355484,
        0.03769231215119362,
        0.032759737223386765,
        0.03916287422180176,
        0.028886370360851288,
        0.0231965109705925,
        0.019504908472299576,
        0.012206654995679855,
        0.010004615411162376,
        0.009558414109051228,
        0.019157027825713158,
        0.009258594363927841,
        0.006677216850221157,
        0.009023639373481274,
        0.010891937650740147,
        0.002174560446292162,
        0.003411324927583337,
        0.005469516851007938,
        0.006662467494606972,
        0.0029941443353891373,
        0.003745094873011112,
        0.005911148153245449,
        0.004639731254428625,
        0.007566997781395912,
        0.0032348232343792915,
        0.001959696877747774,
        0.004027048125863075,
        0.0012978872982785106
    ],
    "val_loss": [
        0.6947870254516602,
        0.8164080381393433,
        0.9739094376564026,
        1.2471200227737427,
        0.9861817955970764,
        1.0658165216445923,
        1.2308393716812134,
        1.058203935623169,
        1.0752391815185547,
        1.1534535884857178,
        1.1301445960998535,
        0.9815626740455627,
        0.7674789428710938,
        0.5538245439529419,
        0.416342169046402,
        0.4177378714084625,
        0.4918636083602905,
        0.5573078989982605,
        0.6023471355438232,
        0.6042293310165405,
        0.5646985173225403,
        0.5034363865852356,
        0.4605780243873596,
        0.43576300144195557,
        0.4030763506889343,
        0.37036436796188354,
        0.35640016198158264,
        0.36985117197036743,
        0.37773507833480835,
        0.397058367729187,
        0.398706316947937,
        0.3970317542552948,
        0.3727969527244568,
        0.34010007977485657,
        0.2966732978820801,
        0.2505243718624115,
        0.22479496896266937,
        0.21715036034584045,
        0.23093420267105103,
        0.275991827249527,
        0.31950274109840393,
        0.3429868519306183,
        0.3613046109676361,
        0.37035003304481506,
        0.36584800481796265,
        0.36158663034439087,
        0.3467993438243866,
        0.3380383551120758,
        0.3345229923725128,
        0.331419438123703,
        0.3422912657260895,
        0.34848716855049133,
        0.3594091832637787,
        0.37666893005371094,
        0.4047994017601013,
        0.42912226915359497,
        0.457937091588974,
        0.4802491366863251,
        0.4958939254283905,
        0.5164453387260437,
        0.5308976173400879,
        0.5431703925132751,
        0.5442076921463013,
        0.5448559522628784,
        0.5607078671455383,
        0.5660189390182495,
        0.5722931027412415,
        0.5808529853820801
    ],
    "train_accuracy": [
        0.5,
        0.625,
        0.46875,
        0.71875,
        0.6875,
        0.625,
        0.65625,
        0.6875,
        0.78125,
        0.78125,
        0.71875,
        0.71875,
        0.75,
        0.84375,
        0.84375,
        0.90625,
        0.84375,
        0.84375,
        0.90625,
        0.90625,
        0.9375,
        0.9375,
        0.9375,
        0.90625,
        0.9375,
        0.90625,
        0.90625,
        0.90625,
        0.90625,
        0.9375,
        0.9375,
        0.96875,
        1.0,
        0.96875,
        1.0,
        0.96875,
        0.96875,
        1.0,
        0.96875,
        1.0,
        1.0,
        1.0,
        1.0,
        1.0,
        1.0,
        1.0,
        1.0,
        1.0,
        1.0,
        1.0,
        1.0,
        1.0,
        1.0,
        1.0,
        1.0,
        1.0,
        1.0,
        1.0,
        1.0,
        1.0,
        1.0,
        1.0,
        1.0,
        1.0,
        1.0,
        1.0,
        1.0
    ],
    "val_accuracy": [
        0.375,
        0.25,
        0.625,
        0.625,
        0.625,
        0.5,
        0.5,
        0.625,
        0.5,
        0.5,
        0.625,
        0.625,
        0.75,
        0.75,
        0.75,
        0.75,
        0.75,
        0.75,
        0.75,
        0.75,
        0.75,
        0.75,
        0.75,
        0.875,
        0.875,
        0.875,
        0.875,
        0.875,
        0.875,
        0.875,
        0.875,
        0.875,
        0.75,
        0.75,
        0.75,
        0.75,
        0.75,
        0.875,
        0.875,
        0.875,
        0.875,
        0.875,
        0.875,
        0.875,
        0.875,
        0.875,
        0.875,
        0.875,
        0.875,
        0.875,
        0.875,
        0.75,
        0.75,
        0.75,
        0.75,
        0.75,
        0.75,
        0.75,
        0.75,
        0.75,
        0.75,
        0.75,
        0.75,
        0.75,
        0.75,
        0.75,
        0.75,
        0.75
    ],