{
    "hyperparameters": {
        "activation": "sigmoid",
        "dropout_rate": 0.4184796374274,
        "kernel_size": 5,
        "learning_rate": 0.0061156784865,
        "num_filters": 167,
        "num_layers": 5,
        "pooling": "average",
        "pooling_size": 1
    },
    "dataset_stats": {
        "name": "ChlorineConcentration",
        "train_size": 748,
        "val_size": 186,
        "input_shape": [
            1,
            166
        ],
        "num_classes": 3
    },
    "epochs": 43,
    "train_loss": [
        1.374891996383667,
        1.05924654006958,
        1.046445369720459,
        1.0595204830169678,
        1.053917407989502,
        1.0604926347732544,
        1.0433411598205566,
        1.0179623365402222,
        1.0063127279281616,
        1.0094016790390015,
        1.002212405204773,
        1.0108904838562012,
        1.0487581491470337,
        1.0428123474121094,
        0.9964938163757324,
        1.0087029933929443,
        0.9985357522964478,
        1.0121755599975586,
        0.9857175350189209,
        1.0042301416397095,
        1.0027902126312256,
        0.9932353496551514,
        0.9812114238739014,
        0.9983226656913757,
        0.9927976727485657,
        1.0183039903640747,
        0.9821729063987732,
        0.9735846519470215,
        0.9749034643173218,
        0.9793201684951782,
        0.9695056080818176,
        0.9753705263137817,
        0.9735819101333618,
        0.9810613393783569,
        0.958763062953949,
        0.9737411737442017,
        0.9537222981452942,
        0.9649502635002136,
        0.9656071066856384,
        0.9562461376190186,
        0.9565130472183228,
        0.9628021717071533,
        0.9477627277374268
    ],
    "val_loss": [
        1.2163729667663574,
        1.0323810577392578,
        1.035709023475647,
        1.0054889917373657,
        0.9947431087493896,
        1.0836321115493774,
        1.0833624601364136,
        1.0561059713363647,
        1.0016640424728394,
        1.0126343965530396,
        1.0089731216430664,
        1.0202627182006836,
        0.994416356086731,
        0.9897634983062744,
        1.013010859489441,
        1.046143889427185,
        1.0166956186294556,
        1.02284836769104,
        1.0048648118972778,
        1.009933352470398,
        1.1110846996307373,
        1.0166276693344116,
        1.019544005393982,
        1.0176752805709839,
        1.0303226709365845,
        1.060440182685852,
        1.0392042398452759,
        1.0110548734664917,
        1.0322072505950928,
        1.0173308849334717,
        1.0628807544708252,
        1.0702506303787231,
        1.032456398010254,
        1.0656465291976929,
        1.0236077308654785,
        1.0387388467788696,
        1.0199332237243652,
        1.0200765132904053,
        1.02660071849823,
        1.0104506015777588,
        1.0248862504959106,
        1.002960205078125,
        1.0428788661956787,
        1.0373202562332153
    ],
    "train_accuracy": [
        0.37299466133117676,
        0.4745989441871643,
        0.5120320916175842,
        0.5053476095199585,
        0.5320855379104614,
        0.4986630976200104,
        0.5240641832351685,
        0.5360962748527527,
        0.5561497211456299,
        0.5441176295280457,
        0.5574866533279419,
        0.5307486653327942,
        0.51871657371521,
        0.5254010558128357,
        0.5374331474304199,
        0.5387700796127319,
        0.5307486653327942,
        0.5588235259056091,
        0.5641711354255676,
        0.5534759163856506,
        0.5668449401855469,
        0.5387700796127319,
        0.5454545617103577,
        0.5614973306655884,
        0.5360962748527527,
        0.5481283664703369,
        0.5574866533279419,
        0.5708556175231934,
        0.5628342032432556,
        0.5668449401855469,
        0.5695187449455261,
        0.5641711354255676,
        0.5641711354255676,
        0.5508021116256714,
        0.5788770318031311,
        0.5668449401855469,
        0.5641711354255676,
        0.5828877091407776,
        0.5628342032432556,
        0.5748662948608398,
        0.5882353186607361,
        0.5748662948608398,
        0.5828877091407776
    ],
    "val_accuracy": [
        0.1875,
        0.5645161271095276,
        0.42473119497299194,
        0.5537634491920471,
        0.5645161271095276,
        0.48924732208251953,
        0.5268816947937012,
        0.5268816947937012,
        0.5483871102333069,
        0.5430107712745667,
        0.5483871102333069,
        0.5537634491920471,
        0.5483871102333069,
        0.5537634491920471,
        0.5591397881507874,
        0.5591397881507874,
        0.5376344323158264,
        0.5537634491920471,
        0.5483871102333069,
        0.5591397881507874,
        0.4516128897666931,
        0.5591397881507874,
        0.5430107712745667,
        0.5268816947937012,
        0.5483871102333069,
        0.5376344323158264,
        0.5591397881507874,
        0.5430107712745667,
        0.5376344323158264,
        0.5215053558349609,
        0.5537634491920471,
        0.5268816947937012,
        0.5537634491920471,
        0.5430107712745667,
        0.5537634491920471,
        0.5483871102333069,
        0.5537634491920471,
        0.5483871102333069,
        0.5537634491920471,
        0.5537634491920471,
        0.5376344323158264,
        0.5430107712745667,
        0.5376344323158264,
        0.5215053558349609
    ],
    "epoch_times": [
        1.3710598945617676,
        1.1435518264770508,
        1.268517017364502,
        1.3518407344818115,
        1.2804079055786133,
        1.2723817825317383,
        1.3813962936401367,
        1.2796127796173096,
        1.3715143203735352,
        1.2728054523468018,
        1.2677338123321533,
        1.351003646850586,
        1.27931809425354,
        1.268080472946167,
        1.2698709964752197,
        1.1893634796142578,
        1.2659094333648682,
        1.3641271591186523,
        1.3662364482879639,
        1.3741636276245117,
        1.2777066230773926,
        1.2897300720214844,
        1.1472406387329102,
        1.2700397968292236,
        1.1988744735717773,
        1.364260196685791,
        1.1802732944488525,
        1.4123930931091309,
        1.2639007568359375,
        1.3543474674224854,
        1.3647379875183105,
        1.2756292819976807,
        1.266937255859375,
        1.375105857849121,
        1.3481261730194092,
        1.3741512298583984,
        1.3736379146575928,
        1.2829947471618652,
        1.2585480213165283,
        1.2813661098480225,
        1.2449021339416504,
        1.2477643489837646,
        1.27146315574646
    ]
}