{
    "hyperparameters": {
        "activation": "elu",
        "dropout_rate": 0.3475866995443,
        "kernel_size": 6,
        "learning_rate": 0.0041187920922,
        "num_filters": 168,
        "num_layers": 2,
        "pooling": "average",
        "pooling_size": 1
    },
    "dataset_stats": {
        "name": "CinCECGTorso",
        "train_size": 64,
        "val_size": 16,
        "input_shape": [
            1,
            1639
        ],
        "num_classes": 4
    },
    "epochs": 31,
    "train_loss": [
        2.060042142868042,
        2.051093101501465,
        0.8744850158691406,
        0.66874098777771,
        0.6522291898727417,
        0.5607044100761414,
        0.45712023973464966,
        0.4589275121688843,
        0.35548654198646545,
        0.31668686866760254,
        0.3517152965068817,
        0.22458043694496155,
        0.2608409523963928,
        0.2449123114347458,
        0.13788655400276184,
        0.12972405552864075,
        0.11648006737232208,
        0.11510998010635376,
        0.09437603503465652,
        0.15690869092941284,
        0.09558099508285522,
        0.07646016776561737,
        0.058604490011930466,
        0.09777778387069702,
        0.11415497958660126,
        0.08102699369192123,
        0.05904850363731384,
        0.043612945824861526,
        0.046028703451156616,
        0.08532505482435226,
        0.06043446809053421
    ],
    "val_loss": [
        1.3888331651687622,
        2.433258295059204,
        3.8076672554016113,
        4.072083473205566,
        4.238182067871094,
        4.3878021240234375,
        4.40482234954834,
        4.123229503631592,
        3.6513774394989014,
        3.349818706512451,
        3.570704936981201,
        3.937371253967285,
        4.430994033813477,
        4.686846733093262,
        4.582118511199951,
        4.441035270690918,
        4.327866077423096,
        4.317192554473877,
        4.342479705810547,
        4.337482452392578,
        4.270717144012451,
        4.208608627319336,
        4.231069564819336,
        4.287349224090576,
        4.377263069152832,
        4.490533828735352,
        4.626072406768799,
        4.872176170349121,
        5.0745415687561035,
        5.161809921264648,
        5.133102893829346,
        5.208035945892334
    ],
    "train_accuracy": [
        0.265625,
        0.375,
        0.65625,
        0.734375,
        0.671875,
        0.75,
        0.828125,
        0.828125,
        0.875,
        0.90625,
        0.875,
        0.9375,
        0.9375,
        0.90625,
        0.953125,
        0.984375,
        1.0,
        0.96875,
        0.984375,
        0.9375,
        0.96875,
        0.984375,
        0.984375,
        0.96875,
        0.96875,
        0.984375,
        1.0,
        1.0,
        1.0,
        0.984375,
        0.984375
    ],
    "val_accuracy": [
        0.1875,
        0.1875,
        0.3125,
        0.5,
        0.375,
        0.4375,
        0.375,
        0.3125,
        0.3125,
        0.3125,
        0.375,
        0.375,
        0.375,
        0.375,
        0.375,
        0.375,
        0.375,
        0.3125,
        0.3125,
        0.3125,
        0.3125,
        0.375,
        0.375,
        0.3125,
        0.3125,
        0.375,
        0.375,
        0.3125,
        0.375,
        0.375,
        0.375,
        0.375
    ],
    "epoch_times": [
        0.4101564884185791,
        0.048703908920288086,
        0.0957028865814209,
        0.052965402603149414,
        0.06090831756591797,
        0.055025577545166016,
        0.06049346923828125,
        0.1287996768951416,
        0.08501935005187988,
        0.06277012825012207,
        0.052701473236083984,
        0.051959991455078125,
        0.10662388801574707,
        0.07718968391418457,
        0.05851030349731445,
        0.06003689765930176,
        0.06347227096557617,
        0.059979915618896484,
        0.0593411922454834,
        0.05793190002441406,
        0.05572319030761719,
        0.05950188636779785,
        0.05378293991088867,
        0.05285382270812988,
        0.053325653076171875,
        0.049199819564819336,
        0.04501008987426758,
        0.05051088333129883,
        0.09410452842712402,
        0.05698084831237793,
        0.060326337814331055
    ]
}