{
    "hyperparameters": {
        "activation": "gelu",
        "dropout_rate": 0.3065148472549,
        "kernel_size": 6,
        "learning_rate": 0.0004271643125,
        "num_filters": 93,
        "num_layers": 2,
        "pooling": "max",
        "pooling_size": 2
    },
    "dataset_stats": {
        "name": "classification_ozone",
        "train_size": 170,
        "val_size": 42,
        "input_shape": [
            1,
            1201
        ],
        "num_classes": 2
    },
    "epochs": 15,
    "train_loss": [
        0.23729227483272552,
        0.07993458956480026,
        0.03463676571846008,
        0.022327307611703873,
        0.016691045835614204,
        0.012164676561951637,
        0.005605344660580158,
        0.0067275711335241795,
        0.004422635771334171,
        0.004809550009667873,
        0.0038691225927323103,
        0.0034424287732690573,
        0.00300533976405859,
        0.0024562771432101727,
        0.0023987870663404465
    ],
    "val_loss": [
        0.3231750428676605,
        0.2844313681125641,
        0.1522878259420395,
        0.10300959646701813,
        0.05818651244044304,
        0.03204604983329773,
        0.015997031703591347,
        0.009878387674689293,
        0.00706766452640295,
        0.005930935498327017,
        0.004679949022829533,
        0.0039385296404361725,
        0.0033133747056126595,
        0.0030082028824836016,
        0.0029210280627012253,
        0.00265403650701046
    ],
    "train_accuracy": [
        0.4000000059604645,
        0.47647058963775635,
        0.5,
        0.5,
        0.5,
        0.5,
        0.5,
        0.5,
        0.5,
        0.5,
        0.5,
        0.5,
        0.5,
        0.5,
        0.5
    ],
    "val_accuracy": [
        0.1666666716337204,
        0.4761904776096344,
        0.5,
        0.5,
        0.5,
        0.5,
        0.5,
        0.5,
        0.5,
        0.5,
        0.5,
        0.5,
        0.5,
        0.5,
        0.5,
        0.5
    ]
}