{
    "hyperparameters": {
        "activation": "gelu",
        "dropout_rate": 0.1623443441763,
        "kernel_size": 5,
        "learning_rate": 0.0016431502638,
        "num_filters": 113,
        "num_layers": 3,
        "pooling": "max",
        "pooling_size": 1
    },
    "dataset_stats": {
        "name": "FiftyWords",
        "train_size": 720,
        "val_size": 180,
        "input_shape": [
            1,
            270
        ],
        "num_classes": 50
    },
    "epochs": 39,
    "train_loss": [
        3.636274576187134,
        3.023653745651245,
        2.7449898719787598,
        2.543494939804077,
        2.408860445022583,
        2.354595184326172,
        2.148186206817627,
        2.056586980819702,
        1.9548938274383545,
        1.892941951751709,
        1.825037956237793,
        1.767027497291565,
        1.6808809041976929,
        1.5960580110549927,
        1.5255051851272583,
        1.4634761810302734,
        1.4161709547042847,
        1.4220043420791626,
        1.3564083576202393,
        1.2921392917633057,
        1.2456949949264526,
        1.186880111694336,
        1.173820972442627,
        1.1058886051177979,
        1.1486502885818481,
        1.0887531042099,
        1.0481840372085571,
        1.0509554147720337,
        1.0256023406982422,
        0.9507142901420593,
        0.9063163995742798,
        0.963387131690979,
        0.9127683043479919,
        0.9416989684104919,
        0.8558574318885803,
        0.8175612688064575,
        0.8751338720321655,
        0.822268009185791,
        0.7877896428108215
    ],
    "val_loss": [
        3.9019627571105957,
        3.5783722400665283,
        3.1389448642730713,
        3.0332961082458496,
        3.046184539794922,
        3.029141902923584,
        2.9418749809265137,
        2.9679691791534424,
        2.9619243144989014,
        2.9017069339752197,
        2.9231951236724854,
        3.055109739303589,
        2.9544501304626465,
        3.051215887069702,
        2.9565348625183105,
        3.055962562561035,
        3.109096050262451,
        3.163045883178711,
        3.078554391860962,
        3.1002657413482666,
        3.206953287124634,
        3.1285672187805176,
        3.2698466777801514,
        3.2265775203704834,
        3.417285442352295,
        3.285147190093994,
        3.392545461654663,
        3.3275091648101807,
        3.37197208404541,
        3.311762809753418,
        3.44754695892334,
        3.5094234943389893,
        3.4129061698913574,
        3.358729124069214,
        3.4035356044769287,
        3.569969654083252,
        3.5181219577789307,
        3.530099868774414,
        3.692779302597046,
        3.6463816165924072
    ],
    "train_accuracy": [
        0.15694443881511688,
        0.27222222089767456,
        0.3263888955116272,
        0.3638888895511627,
        0.3847222328186035,
        0.40416666865348816,
        0.45277777314186096,
        0.4791666567325592,
        0.48750001192092896,
        0.5055555701255798,
        0.49861112236976624,
        0.5083333253860474,
        0.5486111044883728,
        0.5583333373069763,
        0.5708333253860474,
        0.5916666388511658,
        0.605555534362793,
        0.6111111044883728,
        0.6208333373069763,
        0.6486111283302307,
        0.6527777910232544,
        0.6583333611488342,
        0.6694444417953491,
        0.6736111044883728,
        0.6625000238418579,
        0.6791666746139526,
        0.6972222328186035,
        0.6944444179534912,
        0.6986111402511597,
        0.7291666865348816,
        0.7402777671813965,
        0.7319444417953491,
        0.7486110925674438,
        0.7194444537162781,
        0.7513889074325562,
        0.75,
        0.7444444298744202,
        0.7736111283302307,
        0.7777777910232544
    ],
    "val_accuracy": [
        0.0,
        0.21666666865348816,
        0.25,
        0.2666666805744171,
        0.28333333134651184,
        0.27222222089767456,
        0.27222222089767456,
        0.2944444417953491,
        0.3166666626930237,
        0.32777777314186096,
        0.3444444537162781,
        0.3166666626930237,
        0.3166666626930237,
        0.3222222328186035,
        0.33888888359069824,
        0.32777777314186096,
        0.3222222328186035,
        0.31111112236976624,
        0.3222222328186035,
        0.3333333432674408,
        0.31111112236976624,
        0.3444444537162781,
        0.3166666626930237,
        0.3333333432674408,
        0.2944444417953491,
        0.3444444537162781,
        0.3166666626930237,
        0.3222222328186035,
        0.3166666626930237,
        0.32777777314186096,
        0.3222222328186035,
        0.2944444417953491,
        0.3499999940395355,
        0.33888888359069824,
        0.3333333432674408,
        0.3166666626930237,
        0.32777777314186096,
        0.3499999940395355,
        0.31111112236976624,
        0.31111112236976624
    ],
    "epoch_times": [
        0.8799088001251221,
        0.6769421100616455,
        0.7761828899383545,
        0.7178561687469482,
        0.8566508293151855,
        0.7165811061859131,
        0.6210196018218994,
        0.7712690830230713,
        0.6899197101593018,
        0.7009053230285645,
        0.6932590007781982,
        0.7721583843231201,
        0.6966714859008789,
        0.7785241603851318,
        0.7868235111236572,
        0.6985437870025635,
        0.6885936260223389,
        0.8750877380371094,
        0.964390754699707,
        0.7156918048858643,
        0.7800908088684082,
        0.6824800968170166,
        0.7721109390258789,
        0.8659749031066895,
        0.6935606002807617,
        0.6998867988586426,
        0.7692525386810303,
        0.688941478729248,
        0.6937563419342041,
        0.6907577514648438,
        0.7012419700622559,
        0.7692928314208984,
        0.7769432067871094,
        0.7105715274810791,
        0.7915868759155273,
        0.6796374320983887,
        0.6747329235076904,
        0.6902980804443359,
        0.6793642044067383
    ]
}