{
    "hyperparameters": {
        "bidirectional": false,
        "dropout_rate": 0.4772570147688,
        "hidden_units": 125,
        "learning_rate": 0.0007268942712,
        "num_layers": 3,
        "output_activation": "relu",
        "weight_decay": 0.0007806326105
    },
    "dataset_stats": {
        "name": "classification_ozone",
        "train_size": 85,
        "val_size": 21,
        "input_shape": [
            1201,
            1
        ],
        "num_classes": 2
    },
    "epochs": 38,
    "train_loss": [
        0.8404923677444458,
        1.4639151096343994,
        0.8327199220657349,
        0.8036403656005859,
        0.7064917683601379,
        0.8654136657714844,
        1.0736554861068726,
        0.9272196888923645,
        0.7823649644851685,
        0.698266863822937,
        0.864874005317688,
        0.7808108329772949,
        0.7828563451766968,
        0.7059872150421143,
        0.6417558789253235,
        0.7400574684143066,
        0.6724714636802673,
        0.6578764915466309,
        0.7235060930252075,
        0.8077322840690613,
        0.6896407008171082,
        0.7211456894874573,
        0.7499527931213379,
        0.6020479202270508,
        0.8106026649475098,
        0.7456701397895813,
        0.7454554438591003,
        0.6329939961433411,
        0.7195832133293152,
        0.7341828346252441,
        0.7868874073028564,
        0.723032534122467,
        0.665990948677063,
        0.7070767283439636,
        0.6960160136222839,
        0.7343275547027588,
        0.6726651191711426,
        0.663967490196228
    ],
    "val_loss": [
        1.1598316431045532,
        0.7530838847160339,
        0.7770042419433594,
        0.8284621238708496,
        0.9127777814865112,
        0.782787024974823,
        0.8132580518722534,
        0.6811274290084839,
        0.6604033708572388,
        0.679542064666748,
        0.7646685838699341,
        0.8177712559700012,
        0.8341426849365234,
        0.7710127234458923,
        0.7039673924446106,
        0.6896945238113403,
        0.6987078189849854,
        0.7154553532600403,
        0.7125913500785828,
        0.699168860912323,
        0.698371946811676,
        0.699913501739502,
        0.7086793184280396,
        0.7211284637451172,
        0.7283152937889099,
        0.7355198264122009,
        0.7387606501579285,
        0.736707866191864,
        0.7302172183990479,
        0.7256245613098145,
        0.7232832908630371,
        0.7153886556625366,
        0.711392343044281,
        0.711642324924469,
        0.711866021156311,
        0.7113384008407593,
        0.7102945446968079,
        0.7081431150436401,
        0.7094454765319824
    ],
    "train_accuracy": [
        0.6666666865348816,
        0.380952388048172,
        0.4761904776096344,
        0.5714285969734192,
        0.5714285969734192,
        0.4285714328289032,
        0.3333333432674408,
        0.380952388048172,
        0.523809552192688,
        0.5714285969734192,
        0.380952388048172,
        0.4285714328289032,
        0.523809552192688,
        0.523809552192688,
        0.6190476417541504,
        0.380952388048172,
        0.4761904776096344,
        0.5714285969734192,
        0.4761904776096344,
        0.4761904776096344,
        0.5714285969734192,
        0.4761904776096344,
        0.4285714328289032,
        0.7142857313156128,
        0.6190476417541504,
        0.523809552192688,
        0.4285714328289032,
        0.7142857313156128,
        0.523809552192688,
        0.4761904776096344,
        0.380952388048172,
        0.380952388048172,
        0.523809552192688,
        0.523809552192688,
        0.4285714328289032,
        0.4761904776096344,
        0.523809552192688,
        0.523809552192688
    ],
    "val_accuracy": [
        0.380952388048172,
        0.6190476417541504,
        0.523809552192688,
        0.4285714328289032,
        0.380952388048172,
        0.4285714328289032,
        0.2857142984867096,
        0.523809552192688,
        0.523809552192688,
        0.6190476417541504,
        0.380952388048172,
        0.380952388048172,
        0.380952388048172,
        0.380952388048172,
        0.4285714328289032,
        0.5714285969734192,
        0.4761904776096344,
        0.4285714328289032,
        0.380952388048172,
        0.4761904776096344,
        0.5714285969734192,
        0.5714285969734192,
        0.6190476417541504,
        0.4285714328289032,
        0.4285714328289032,
        0.380952388048172,
        0.380952388048172,
        0.523809552192688,
        0.523809552192688,
        0.523809552192688,
        0.4761904776096344,
        0.380952388048172,
        0.380952388048172,
        0.380952388048172,
        0.380952388048172,
        0.380952388048172,
        0.380952388048172,
        0.4761904776096344,
        0.4761904776096344
    ],
    "epoch_times": [
        0.4594759941101074,
        1.0004446506500244,
        0.9359798431396484,
        0.9166293144226074,
        1.037013292312622,
        1.0605785846710205,
        1.1171252727508545,
        1.080460548400879,
        1.2725830078125,
        1.5274534225463867,
        1.4329216480255127,
        1.179175615310669,
        1.0616881847381592,
        1.1426634788513184,
        0.9891645908355713,
        1.396397590637207,
        1.3487763404846191,
        1.3464760780334473,
        1.464599609375,
        1.3246126174926758,
        1.1022768020629883,
        1.2902841567993164,
        1.024336338043213,
        1.083390235900879,
        1.120396375656128,
        0.9050338268280029,
        1.122687816619873,
        0.9644768238067627,
        0.9941425323486328,
        0.8543903827667236,
        0.866769552230835,
        1.133746862411499,
        0.9368693828582764,
        0.8665344715118408,
        1.0102789402008057,
        0.9275655746459961,
        1.1239972114562988,
        0.9126217365264893
    ]
}