{
    "hyperparameters": {
        "activation": "tanh",
        "dropout_rate": 0.4703344789324,
        "kernel_size": 4,
        "learning_rate": 0.0005265172292,
        "num_filters": 71,
        "num_layers": 2,
        "pooling": "max",
        "pooling_size": 1
    },
    "dataset_stats": {
        "name": "Car",
        "train_size": 96,
        "val_size": 24,
        "input_shape": [
            1,
            577
        ],
        "num_classes": 4
    },
    "epochs": 50,
    "train_loss": [
        1.6681121587753296,
        1.5181151628494263,
        1.438584804534912,
        1.345810890197754,
        1.3398178815841675,
        1.2454801797866821,
        1.2659592628479004,
        1.37567138671875,
        1.211814522743225,
        1.280036449432373,
        1.2052841186523438,
        1.268325686454773,
        1.2076250314712524,
        1.2067750692367554,
        1.2631505727767944,
        1.3375638723373413,
        1.2015725374221802,
        1.1756397485733032,
        1.1058249473571777,
        1.1792174577713013,
        1.0469392538070679,
        1.1689257621765137,
        1.054444432258606,
        1.0678400993347168,
        1.1040126085281372,
        1.113936185836792,
        1.0092524290084839,
        1.130088210105896,
        1.1079317331314087,
        0.9629176259040833,
        0.9831936359405518,
        0.9491187930107117,
        0.9991561770439148,
        0.9546985626220703,
        0.9576814770698547,
        0.8773857951164246,
        0.9669132232666016,
        0.9400466084480286,
        0.9621375203132629,
        0.917016327381134,
        0.9254184365272522,
        0.9730271697044373,
        0.8533854484558105,
        0.8767197728157043,
        0.7946040630340576,
        0.83234041929245,
        0.8697042465209961,
        0.7515382766723633,
        0.7755298614501953,
        0.8520004153251648
    ],
    "val_loss": [
        1.3812898397445679,
        1.3996456861495972,
        1.40168297290802,
        1.3611407279968262,
        1.3497880697250366,
        1.3345004320144653,
        1.3314543962478638,
        1.3552870750427246,
        1.3930602073669434,
        1.4201732873916626,
        1.416874885559082,
        1.4141173362731934,
        1.3799842596054077,
        1.3249549865722656,
        1.3062695264816284,
        1.2932242155075073,
        1.3258451223373413,
        1.334159255027771,
        1.3127413988113403,
        1.2832868099212646,
        1.2707620859146118,
        1.2793487310409546,
        1.301953673362732,
        1.304864525794983,
        1.3327316045761108,
        1.3874149322509766,
        1.3782232999801636,
        1.3625563383102417,
        1.371976375579834,
        1.370827317237854,
        1.3980580568313599,
        1.4613442420959473,
        1.5506008863449097,
        1.4979734420776367,
        1.4119454622268677,
        1.3618789911270142,
        1.3573051691055298,
        1.3663243055343628,
        1.4176114797592163,
        1.4536560773849487,
        1.4788928031921387,
        1.4598859548568726,
        1.4798732995986938,
        1.4578185081481934,
        1.449504017829895,
        1.4365549087524414,
        1.4545212984085083,
        1.4558181762695312,
        1.4893511533737183,
        1.5382051467895508,
        1.5325946807861328
    ],
    "train_accuracy": [
        0.2395833283662796,
        0.3541666567325592,
        0.3645833432674408,
        0.375,
        0.40625,
        0.46875,
        0.4375,
        0.3854166567325592,
        0.5,
        0.4166666567325592,
        0.4895833432674408,
        0.4166666567325592,
        0.5104166865348816,
        0.4583333432674408,
        0.4583333432674408,
        0.375,
        0.4583333432674408,
        0.4791666567325592,
        0.5729166865348816,
        0.4895833432674408,
        0.5625,
        0.5,
        0.625,
        0.5416666865348816,
        0.5625,
        0.53125,
        0.5833333134651184,
        0.5208333134651184,
        0.5625,
        0.6354166865348816,
        0.6145833134651184,
        0.59375,
        0.625,
        0.6145833134651184,
        0.6145833134651184,
        0.6979166865348816,
        0.625,
        0.5729166865348816,
        0.65625,
        0.625,
        0.6041666865348816,
        0.65625,
        0.6875,
        0.6875,
        0.6979166865348816,
        0.65625,
        0.6458333134651184,
        0.7291666865348816,
        0.7395833134651184,
        0.6770833134651184
    ],
    "val_accuracy": [
        0.3333333432674408,
        0.2083333283662796,
        0.25,
        0.25,
        0.3333333432674408,
        0.375,
        0.4166666567325592,
        0.4166666567325592,
        0.375,
        0.3333333432674408,
        0.375,
        0.375,
        0.5,
        0.5833333134651184,
        0.5,
        0.5,
        0.5833333134651184,
        0.4583333432674408,
        0.4166666567325592,
        0.5416666865348816,
        0.5833333134651184,
        0.5416666865348816,
        0.5,
        0.5416666865348816,
        0.5833333134651184,
        0.4583333432674408,
        0.5833333134651184,
        0.5833333134651184,
        0.5416666865348816,
        0.5,
        0.4166666567325592,
        0.4583333432674408,
        0.4166666567325592,
        0.5,
        0.625,
        0.625,
        0.5833333134651184,
        0.5833333134651184,
        0.5416666865348816,
        0.5,
        0.5,
        0.5416666865348816,
        0.5416666865348816,
        0.5,
        0.4583333432674408,
        0.4583333432674408,
        0.4583333432674408,
        0.5416666865348816,
        0.4166666567325592,
        0.4583333432674408,
        0.5
    ],
    "epoch_times": [
        0.14865589141845703,
        0.08071780204772949,
        0.0909116268157959,
        0.08803653717041016,
        0.09185624122619629,
        0.08909869194030762,
        0.08617758750915527,
        0.09771180152893066,
        0.08906197547912598,
        0.08456897735595703,
        0.07666373252868652,
        0.03195643424987793,
        0.08461952209472656,
        0.0869147777557373,
        0.08629322052001953,
        0.0850064754486084,
        0.03467226028442383,
        0.034216880798339844,
        0.08655166625976562,
        0.08701419830322266,
        0.08767986297607422,
        0.08843278884887695,
        0.08446931838989258,
        0.03263115882873535,
        0.07341957092285156,
        0.0842888355255127,
        0.0879831314086914,
        0.0935206413269043,
        0.09048080444335938,
        0.08898377418518066,
        0.09561395645141602,
        0.085540771484375,
        0.0888979434967041,
        0.03254437446594238,
        0.036988019943237305,
        0.07945489883422852,
        0.08844423294067383,
        0.09285593032836914,
        0.0879054069519043,
        0.09244441986083984,
        0.08989763259887695,
        0.0901033878326416,
        0.09117817878723145,
        0.08981823921203613,
        0.09107041358947754,
        0.09044599533081055,
        0.0925133228302002,
        0.08907198905944824,
        0.09018421173095703,
        0.09173011779785156
    ]
}