{
    "hyperparameters": {
        "activation": "gelu",
        "dropout_rate": 0.206277745595,
        "ff_dim": 408,
        "hidden_units": 84,
        "learning_rate": 0.0009036976475,
        "num_heads": 8,
        "num_layers": 4,
        "pooling": "mean",
        "weight_decay": 4.275949e-07
    },
    "dataset_stats": {
        "name": "FiftyWords",
        "train_size": 360,
        "val_size": 90,
        "input_shape": [
            270,
            1
        ],
        "num_classes": 50
    },
    "epochs": 85,
    "train_loss": [
        3.3364713191986084,
        4.244393825531006,
        4.852621555328369,
        3.7141144275665283,
        3.7009401321411133,
        3.2550106048583984,
        2.8608388900756836,
        2.9226255416870117,
        2.5397896766662598,
        3.2885098457336426,
        3.5531864166259766,
        3.865537405014038,
        2.6041483879089355,
        1.8363603353500366,
        2.684877872467041,
        2.5716469287872314,
        1.9670333862304688,
        2.934697151184082,
        1.5894321203231812,
        2.400526285171509,
        1.8895559310913086,
        1.592408299446106,
        2.093158721923828,
        0.6984604597091675,
        0.9601863026618958,
        1.0010427236557007,
        1.7664741277694702,
        1.4642267227172852,
        1.1836225986480713,
        1.3415305614471436,
        1.336214303970337,
        1.2373217344284058,
        1.1135698556900024,
        2.2012131214141846,
        1.2952091693878174,
        0.5531402230262756,
        2.2224717140197754,
        0.8029688000679016,
        1.1140680313110352,
        0.4787482023239136,
        0.8259711265563965,
        0.32297247648239136,
        0.5740231275558472,
        0.33429697155952454,
        0.4983808100223541,
        0.35503917932510376,
        0.6793900728225708,
        0.5437283515930176,
        0.7860755324363708,
        1.0391080379486084,
        0.4919333755970001,
        0.3400212824344635,
        0.07942492514848709,
        0.22123706340789795,
        0.3616817593574524,
        0.4684186577796936,
        0.21365201473236084,
        0.17073960602283478,
        0.26945674419403076,
        0.5147761702537537,
        0.16538318991661072,
        0.20673972368240356,
        0.0975421667098999,
        0.19928687810897827,
        0.11154826730489731,
        0.2650677561759949,
        0.22911430895328522,
        0.09468850493431091,
        0.07150579988956451,
        0.19891323149204254,
        0.08037683367729187,
        0.10212156176567078,
        0.07838223874568939,
        0.1235937774181366,
        0.08165065944194794,
        0.10748295485973358,
        0.1682683676481247,
        0.05803612992167473,
        0.059539567679166794,
        0.1562352329492569,
        0.106468066573143,
        0.058877091854810715,
        0.02602793648838997,
        0.13735851645469666,
        0.11054220795631409
    ],
    "val_loss": [
        4.492012023925781,
        3.922011613845825,
        3.93285870552063,
        3.7732036113739014,
        3.7050716876983643,
        3.710475444793701,
        3.592672824859619,
        3.6030280590057373,
        3.346766471862793,
        3.342381000518799,
        3.222609519958496,
        3.229123830795288,
        3.1459147930145264,
        3.084900140762329,
        3.0712382793426514,
        3.1388325691223145,
        2.983788013458252,
        2.95954966545105,
        3.212763786315918,
        2.7922778129577637,
        2.746126890182495,
        2.790534019470215,
        2.650526762008667,
        2.61472749710083,
        2.7081172466278076,
        2.5708117485046387,
        2.5611679553985596,
        2.5196926593780518,
        2.4709696769714355,
        2.487994432449341,
        2.4982235431671143,
        2.256441354751587,
        2.428306818008423,
        2.322559118270874,
        2.520705223083496,
        2.308527946472168,
        2.570117473602295,
        2.3477704524993896,
        2.281015634536743,
        2.210343837738037,
        2.240694761276245,
        2.2039833068847656,
        2.17979097366333,
        2.1676316261291504,
        2.2419536113739014,
        2.2352373600006104,
        2.192286252975464,
        2.195974111557007,
        2.2612926959991455,
        2.0902180671691895,
        2.1329843997955322,
        2.1385388374328613,
        2.2188282012939453,
        2.071132183074951,
        2.1534883975982666,
        2.055753231048584,
        2.093226909637451,
        2.15963077545166,
        2.1839776039123535,
        2.2021427154541016,
        2.145551919937134,
        2.1537983417510986,
        2.24924898147583,
        2.1308109760284424,
        2.1428842544555664,
        2.1108362674713135,
        2.1416091918945312,
        2.0929226875305176,
        2.11987042427063,
        2.1112310886383057,
        2.1326677799224854,
        2.131396532058716,
        2.2285640239715576,
        2.2661192417144775,
        2.185213804244995,
        2.1521260738372803,
        2.124690055847168,
        2.1159844398498535,
        2.1311097145080566,
        2.120753288269043,
        2.121896505355835,
        2.1501359939575195,
        2.1504666805267334,
        2.142838954925537,
        2.171170711517334,
        2.171386957168579
    ],
    "train_accuracy": [
        0.25,
        0.0,
        0.0,
        0.125,
        0.125,
        0.125,
        0.25,
        0.375,
        0.375,
        0.25,
        0.125,
        0.0,
        0.375,
        0.625,
        0.25,
        0.375,
        0.5,
        0.125,
        0.625,
        0.375,
        0.5,
        0.5,
        0.5,
        0.75,
        0.875,
        0.75,
        0.5,
        0.625,
        0.5,
        0.5,
        0.75,
        0.625,
        0.75,
        0.375,
        0.75,
        1.0,
        0.5,
        0.75,
        0.625,
        0.875,
        1.0,
        1.0,
        1.0,
        1.0,
        1.0,
        1.0,
        0.75,
        1.0,
        0.75,
        0.75,
        0.875,
        1.0,
        1.0,
        1.0,
        0.875,
        0.875,
        1.0,
        1.0,
        1.0,
        1.0,
        1.0,
        0.875,
        1.0,
        1.0,
        1.0,
        1.0,
        1.0,
        1.0,
        1.0,
        1.0,
        1.0,
        1.0,
        1.0,
        1.0,
        1.0,
        1.0,
        1.0,
        1.0,
        1.0,
        1.0,
        1.0,
        1.0,
        1.0,
        1.0,
        1.0
    ],