{
    "hyperparameters": {
        "activation": "gelu",
        "dropout_rate": 0.1151665825521,
        "ff_dim": 601,
        "hidden_units": 239,
        "learning_rate": 0.0002136104085,
        "num_heads": 3,
        "num_layers": 5,
        "pooling": "mean",
        "weight_decay": 6.53600208e-05
    },
    "dataset_stats": {
        "name": "ChlorineConcentration",
        "train_size": 374,
        "val_size": 93,
        "input_shape": [
            166,
            1
        ],
        "num_classes": 3
    },
    "epochs": 45,
    "train_loss": [
        1.1532037258148193,
        0.9899269342422485,
        1.2396353483200073,
        1.2439357042312622,
        1.0975672006607056,
        0.8158401250839233,
        1.0516314506530762,
        1.037182331085205,
        1.085790991783142,
        1.0550615787506104,
        1.391225814819336,
        0.9899259209632874,
        1.0038235187530518,
        0.9658994078636169,
        0.9771170020103455,
        1.0554581880569458,
        1.1125088930130005,
        0.7545199990272522,
        1.0885149240493774,
        0.9971067905426025,
        1.0875866413116455,
        0.925201416015625,
        0.83363938331604,
        0.9492998719215393,
        1.0957740545272827,
        0.8623941540718079,
        0.9208933115005493,
        0.8941633105278015,
        1.0749009847640991,
        0.9729927182197571,
        0.9311217665672302,
        1.0299737453460693,
        0.8825172781944275,
        0.9598544836044312,
        1.0330408811569214,
        1.018522024154663,
        1.060990571975708,
        0.9810409545898438,
        0.8812885880470276,
        0.8956981897354126,
        0.9700235724449158,
        0.8690009713172913,
        0.8824777603149414,
        0.7283081412315369,
        0.9675871133804321
    ],
    "val_loss": [
        0.9349045753479004,
        0.9961221218109131,
        1.0827723741531372,
        1.0525611639022827,
        1.082335114479065,
        1.001171588897705,
        0.9742622971534729,
        0.9631859660148621,
        0.9720969200134277,
        0.9514480829238892,
        0.9624097943305969,
        0.982022762298584,
        0.9486873745918274,
        0.946563720703125,
        0.9710115790367126,
        0.9374650716781616,
        0.9478242993354797,
        0.9649903774261475,
        0.9508254528045654,
        0.974785566329956,
        0.9449364542961121,
        0.9799544811248779,
        0.9424375295639038,
        0.9418376088142395,
        0.9414211511611938,
        0.9479565620422363,
        0.9481962323188782,
        0.9423837065696716,
        0.9443601965904236,
        0.9459550976753235,
        0.944858729839325,
        0.9503436088562012,
        0.9434072971343994,
        0.9483175873756409,
        0.9436296224594116,
        0.9440131783485413,
        0.9445095062255859,
        0.9443809986114502,
        0.944722592830658,
        0.9476368427276611,
        0.9452158808708191,
        0.9432793855667114,
        0.9443579912185669,
        0.9467413425445557,
        0.9471955895423889,
        0.9470117092132568
    ],
    "train_accuracy": [
        0.5454545617103577,
        0.5454545617103577,
        0.3636363744735718,
        0.27272728085517883,
        0.40909093618392944,
        0.5909091234207153,
        0.5,
        0.40909093618392944,
        0.5,
        0.4545454680919647,
        0.40909093618392944,
        0.5909091234207153,
        0.5909091234207153,
        0.5909091234207153,
        0.5454545617103577,
        0.5454545617103577,
        0.3636363744735718,
        0.7727273106575012,
        0.3636363744735718,
        0.5,
        0.5,
        0.6363636255264282,
        0.6818181872367859,
        0.5909091234207153,
        0.40909093618392944,
        0.7272727489471436,
        0.6363636255264282,
        0.6363636255264282,
        0.4545454680919647,
        0.5454545617103577,
        0.5909091234207153,
        0.5,
        0.7272727489471436,
        0.5454545617103577,
        0.5,
        0.5909091234207153,
        0.4545454680919647,
        0.6363636255264282,
        0.7272727489471436,
        0.6363636255264282,
        0.5454545617103577,
        0.6818181872367859,
        0.6363636255264282,
        0.7727273106575012,
        0.5
    ],
    "val_accuracy": [
        0.640625,
        0.602150559425354,
        0.25806450843811035,
        0.3655914068222046,
        0.20430107414722443,
        0.602150559425354,
        0.602150559425354,
        0.602150559425354,
        0.602150559425354,
        0.602150559425354,
        0.5591397881507874,
        0.602150559425354,
        0.602150559425354,
        0.602150559425354,
        0.602150559425354,
        0.602150559425354,
        0.602150559425354,
        0.602150559425354,
        0.602150559425354,
        0.602150559425354,
        0.602150559425354,
        0.602150559425354,
        0.602150559425354,
        0.602150559425354,
        0.602150559425354,
        0.602150559425354,
        0.602150559425354,
        0.602150559425354,
        0.602150559425354,
        0.602150559425354,
        0.602150559425354,
        0.602150559425354,
        0.602150559425354,
        0.602150559425354,
        0.602150559425354,
        0.602150559425354,
        0.602150559425354,
        0.602150559425354,
        0.602150559425354,
        0.602150559425354,
        0.602150559425354,
        0.602150559425354,
        0.602150559425354,
        0.602150559425354,
        0.602150559425354,
        0.602150559425354
    ],
    "epoch_times": [
        0.5407071113586426,
        0.3870830535888672,
        0.42542123794555664,
        0.47164320945739746,
        0.35608434677124023,
        0.3723914623260498,
        0.40642452239990234,
        0.45749425888061523,
        0.4533405303955078,
        0.4114398956298828,
        0.3808908462524414,
        0.4404623508453369,
        0.4566071033477783,
        0.41408324241638184,
        0.4528927803039551,
        0.4573652744293213,
        0.4223806858062744,
        0.4392735958099365,
        0.4195678234100342,
        0.40966320037841797,
        0.4135408401489258,
        0.3967108726501465,
        0.38661885261535645,
        0.40526604652404785,
        0.4282798767089844,
        0.40633177757263184,
        0.3954484462738037,
        0.44060564041137695,
        0.4568748474121094,
        0.4414055347442627,
        0.45619797706604004,
        0.42184996604919434,
        0.3919064998626709,
        0.38469934463500977,
        0.4010000228881836,
        0.3976771831512451,
        0.37514257431030273,
        0.38768696784973145,
        0.40287232398986816,
        0.42691922187805176,
        0.4241824150085449,
        0.4414689540863037,
        0.4644923210144043,
        0.4468817710876465,
        0.4703407287597656
    ]
}