{
    "hyperparameters": {
        "activation": "gelu",
        "dropout_rate": 0.1946683822245,
        "hidden_units": 50,
        "learning_rate": 0.0063916696635,
        "num_layers": 4,
        "weight_decay": 0.0011710711659
    },
    "dataset_stats": {
        "name": "BirdChicken",
        "train_size": 36,
        "val_size": 9,
        "input_shape": [
            512,
            1
        ],
        "num_classes": 2
    },
    "epochs": 83,
    "train_loss": [
        0.8719546794891357,
        0.6483811140060425,
        0.6347364783287048,
        0.5897460579872131,
        0.6141129732131958,
        0.5079396963119507,
        0.5219054818153381,
        0.38957706093788147,
        0.4080805778503418,
        0.3719087541103363,
        0.4258173108100891,
        0.2623724341392517,
        0.41651085019111633,
        0.3801223039627075,
        0.4459492862224579,
        0.3697666525840759,
        0.41147276759147644,
        0.33983272314071655,
        0.31064701080322266,
        0.26108038425445557,
        0.2613157331943512,
        0.34961679577827454,
        0.273605078458786,
        0.28022322058677673,
        0.25782376527786255,
        0.3835377097129822,
        0.25610125064849854,
        0.29035478830337524,
        0.24295231699943542,
        0.26174700260162354,
        0.21527644991874695,
        0.41502144932746887,
        0.22120989859104156,
        0.22181838750839233,
        0.27136725187301636,
        0.30858632922172546,
        0.270444393157959,
        0.2702845633029938,
        0.2229001224040985,
        0.23547646403312683,
        0.21939489245414734,
        0.19656993448734283,
        0.24825866520404816,
        0.24141165614128113,
        0.2618773281574249,
        0.18880166113376617,
        0.3598899841308594,
        0.23517128825187683,
        0.28152450919151306,
        0.27386605739593506,
        0.2739890217781067,
        0.2977869510650635,
        0.33953985571861267,
        0.3821953535079956,
        0.35221657156944275,
        0.26039552688598633,
        0.3386044204235077,
        0.2543950080871582,
        0.25631654262542725,
        0.4102190136909485,
        0.29559212923049927,
        0.31877341866493225,
        0.35109925270080566,
        0.2838640809059143,
        0.2800033390522003,
        0.3718577027320862,
        0.2961467206478119,
        0.22466342151165009,
        0.32637423276901245,
        0.2668229341506958,
        0.31982117891311646,
        0.25126373767852783,
        0.21064628660678864,
        0.21392235159873962,
        0.30156752467155457,
        0.33470484614372253,
        0.2081429362297058,
        0.2346581071615219,
        0.16970449686050415,
        0.22361986339092255,
        0.2655242681503296,
        0.22777774930000305,
        0.19131988286972046
    ],
    "val_loss": [
        0.7282998561859131,
        0.643031120300293,
        0.5576592683792114,
        0.5075492858886719,
        0.493080198764801,
        0.4752005934715271,
        0.4792257845401764,
        0.46655452251434326,
        0.5011715888977051,
        0.532334566116333,
        0.5529940128326416,
        0.5770890712738037,
        0.5470620393753052,
        0.5530978441238403,
        0.47217920422554016,
        0.5660595297813416,
        0.5677841305732727,
        0.5197616219520569,
        0.5287820100784302,
        0.4800274074077606,
        0.46193939447402954,
        0.43871012330055237,
        0.4487515687942505,
        0.4562147855758667,
        0.46825429797172546,
        0.4119968116283417,
        0.3570006489753723,
        0.32806265354156494,
        0.3536371886730194,
        0.34568023681640625,
        0.33246755599975586,
        0.3502179682254791,
        0.32168859243392944,
        0.36115866899490356,
        0.3848344385623932,
        0.3986299932003021,
        0.38754594326019287,
        0.3214479684829712,
        0.29861530661582947,
        0.32984665036201477,
        0.30247804522514343,
        0.2712289094924927,
        0.29740414023399353,
        0.31925567984580994,
        0.381691575050354,
        0.37697935104370117,
        0.4056617021560669,
        0.3253572881221771,
        0.29461777210235596,
        0.24958403408527374,
        0.21075120568275452,
        0.1878877878189087,
        0.17968064546585083,
        0.15547703206539154,
        0.17086093127727509,
        0.20966048538684845,
        0.2499210089445114,
        0.29499730467796326,
        0.338117778301239,
        0.3557025194168091,
        0.2971545457839966,
        0.3114367723464966,
        0.3178889751434326,
        0.33050668239593506,
        0.37553927302360535,
        0.43590185046195984,
        0.5414873957633972,
        0.5476624965667725,
        0.48807579278945923,
        0.4096524119377136,
        0.48188120126724243,
        0.4813501536846161,
        0.4869016110897064,
        0.5064369440078735,
        0.4740144908428192,
        0.4564621150493622,
        0.43772998452186584,
        0.5205263495445251,
        0.5378381609916687,
        0.510305643081665,
        0.5170458555221558,
        0.47817957401275635,
        0.5487325191497803,
        0.645358145236969
    ],
    "train_accuracy": [
        0.4444444477558136,
        0.6111111044883728,
        0.6666666865348816,
        0.7222222089767456,
        0.6944444179534912,
        0.7777777910232544,
        0.7222222089767456,
        0.8888888955116272,
        0.8611111044883728,
        0.8888888955116272,
        0.7777777910232544,
        0.9444444179534912,
        0.7777777910232544,
        0.8888888955116272,
        0.75,
        0.8055555820465088,
        0.8888888955116272,
        0.8611111044883728,
        0.9444444179534912,
        0.9166666865348816,
        0.9166666865348816,
        0.9166666865348816,
        0.9444444179534912,
        0.8611111044883728,
        0.9166666865348816,
        0.8333333134651184,
        0.8888888955116272,
        0.8888888955116272,
        0.9166666865348816,
        0.8888888955116272,
        0.9166666865348816,
        0.75,
        0.8888888955116272,
        0.8888888955116272,
        0.9166666865348816,
        0.7777777910232544,
        0.8611111044883728,
        0.8333333134651184,
        0.9166666865348816,
        0.9166666865348816,
        0.9444444179534912,
        0.9444444179534912,
        0.8888888955116272,
        0.9444444179534912,
        0.8888888955116272,
        0.9444444179534912,
        0.8333333134651184,
        0.8611111044883728,
        0.8888888955116272,
        0.8611111044883728,
        0.8611111044883728,
        0.8888888955116272,
        0.8055555820465088,
        0.8888888955116272,
        0.8333333134651184,
        0.9444444179534912,
        0.8333333134651184,
        0.8888888955116272,
        0.9444444179534912,
        0.8055555820465088,
        0.9166666865348816,
        0.8888888955116272,
        0.8333333134651184,
        0.8333333134651184,
        0.8611111044883728,
        0.8611111044883728,
        0.8611111044883728,
        0.8888888955116272,
        0.8888888955116272,
        0.8611111044883728,
        0.8333333134651184,
        0.9166666865348816,
        0.9444444179534912,
        0.9444444179534912,
        0.9166666865348816,
        0.7777777910232544,
        0.9166666865348816,
        0.9444444179534912,
        0.9722222089767456,
        0.9166666865348816,
        0.8888888955116272,
        0.8888888955116272,
        0.9166666865348816
    ],