{
    "hyperparameters": {
        "activation": "gelu",
        "dropout_rate": 0.5897224995807,
        "hidden_units": 126,
        "learning_rate": 0.0196389301729,
        "num_layers": 3,
        "weight_decay": 0.0026655329842
    },
    "dataset_stats": {
        "name": "CinCECGTorso",
        "train_size": 52,
        "val_size": 13,
        "input_shape": [
            1639,
            1
        ],
        "num_classes": 4
    },
    "epochs": 45,
    "train_loss": [
        1.9944490194320679,
        1.343953013420105,
        1.6149787902832031,
        1.0548405647277832,
        1.1150844097137451,
        1.0783905982971191,
        0.8411771059036255,
        0.9715185761451721,
        0.7071387767791748,
        0.8027229905128479,
        0.8002213835716248,
        0.7160489559173584,
        1.1192456483840942,
        0.7346338033676147,
        0.5480674505233765,
        0.6872876882553101,
        0.5646514296531677,
        0.6907175779342651,
        0.5864177942276001,
        0.46450936794281006,
        0.5846766829490662,
        0.6882653832435608,
        0.4604337513446808,
        0.35197845101356506,
        0.40215837955474854,
        0.567607045173645,
        0.6538072824478149,
        0.3905307948589325,
        0.30038484930992126,
        0.4421535134315491,
        0.22011350095272064,
        0.35888877511024475,
        0.323497474193573,
        0.39802902936935425,
        0.2325206696987152,
        0.33716800808906555,
        0.28394362330436707,
        0.33931395411491394,
        0.2204042226076126,
        0.23915736377239227,
        0.30497023463249207,
        0.4693053960800171,
        0.31207308173179626,
        0.4689027965068817,
        0.2980862557888031
    ],
    "val_loss": [
        1.4022142887115479,
        2.839754581451416,
        3.6895408630371094,
        4.079983234405518,
        5.063015460968018,
        5.330554485321045,
        5.255331993103027,
        4.600948333740234,
        4.297741889953613,
        4.018368244171143,
        3.3229784965515137,
        3.0852131843566895,
        2.9813199043273926,
        2.9880523681640625,
        2.63254714012146,
        2.6317903995513916,
        2.7630808353424072,
        2.9527385234832764,
        3.0254786014556885,
        3.2046079635620117,
        3.1388869285583496,
        3.2982919216156006,
        3.2246663570404053,
        3.207738161087036,
        3.3115487098693848,
        3.230360746383667,
        3.1627931594848633,
        3.028562068939209,
        2.984196901321411,
        2.8160159587860107,
        2.8862874507904053,
        2.9084270000457764,
        2.9057180881500244,
        2.925252676010132,
        2.853513240814209,
        2.9051740169525146,
        2.971224069595337,
        2.969203472137451,
        2.9628496170043945,
        2.8568577766418457,
        2.8749935626983643,
        2.9035191535949707,
        2.8702120780944824,
        2.8217973709106445,
        2.8760249614715576,
        2.7084197998046875
    ],
    "train_accuracy": [
        0.17307692766189575,
        0.36538460850715637,
        0.3076923191547394,
        0.6153846383094788,
        0.48076921701431274,
        0.557692289352417,
        0.6346153616905212,
        0.5961538553237915,
        0.75,
        0.7307692170143127,
        0.692307710647583,
        0.692307710647583,
        0.6346153616905212,
        0.7115384340286255,
        0.807692289352417,
        0.7692307829856873,
        0.807692289352417,
        0.7692307829856873,
        0.807692289352417,
        0.8269230723381042,
        0.807692289352417,
        0.7884615659713745,
        0.807692289352417,
        0.8269230723381042,
        0.8461538553237915,
        0.7884615659713745,
        0.8269230723381042,
        0.8461538553237915,
        0.8653846383094788,
        0.75,
        0.9230769276618958,
        0.8653846383094788,
        0.9038461446762085,
        0.8461538553237915,
        0.9038461446762085,
        0.8846153616905212,
        0.9038461446762085,
        0.9038461446762085,
        0.9230769276618958,
        0.942307710647583,
        0.8653846383094788,
        0.8461538553237915,
        0.8653846383094788,
        0.8269230723381042,
        0.9230769276618958
    ],
    "val_accuracy": [
        0.0,
        0.1538461595773697,
        0.4615384638309479,
        0.4615384638309479,
        0.4615384638309479,
        0.38461539149284363,
        0.4615384638309479,
        0.4615384638309479,
        0.4615384638309479,
        0.5384615659713745,
        0.6153846383094788,
        0.7692307829856873,
        0.7692307829856873,
        0.7692307829856873,
        0.7692307829856873,
        0.7692307829856873,
        0.7692307829856873,
        0.7692307829856873,
        0.7692307829856873,
        0.7692307829856873,
        0.8461538553237915,
        0.8461538553237915,
        0.7692307829856873,
        0.7692307829856873,
        0.7692307829856873,
        0.7692307829856873,
        0.9230769276618958,
        0.9230769276618958,
        0.8461538553237915,
        0.8461538553237915,
        0.8461538553237915,
        0.8461538553237915,
        0.8461538553237915,
        0.8461538553237915,
        0.8461538553237915,
        0.9230769276618958,
        0.9230769276618958,
        0.9230769276618958,
        0.9230769276618958,
        0.8461538553237915,
        0.8461538553237915,
        0.8461538553237915,
        0.9230769276618958,
        0.9230769276618958,
        0.9230769276618958,
        0.9230769276618958
    ],
    "epoch_times": [
        0.1355299949645996,
        0.026800870895385742,
        0.02626490592956543,
        0.02603316307067871,
        0.02537083625793457,
        0.02539992332458496,
        0.02601480484008789,
        0.02735280990600586,
        0.029787063598632812,
        0.030627965927124023,
        0.02699899673461914,
        0.02631211280822754,
        0.025729894638061523,
        0.025742053985595703,
        0.026731014251708984,
        0.026096105575561523,
        0.025935888290405273,
        0.027604103088378906,
        0.027579784393310547,
        0.032011985778808594,
        0.026040077209472656,
        0.025655746459960938,
        0.025777101516723633,
        0.025661945343017578,
        0.025744199752807617,
        0.02527594566345215,
        0.026650190353393555,
        0.025477170944213867,
        0.025346040725708008,
        0.02515721321105957,
        0.025902986526489258,
        0.02531886100769043,
        0.027836322784423828,
        0.027518033981323242,
        0.02607107162475586,
        0.028905868530273438,
        0.025816917419433594,
        0.025870084762573242,
        0.025545835494995117,
        0.026036977767944336,
        0.026404142379760742,
        0.02577805519104004,
        0.024492979049682617,
        0.025243282318115234,
        0.025669097900390625
    ]
}