{
    "hyperparameters": {
        "bidirectional": true,
        "dropout_rate": 0.2718504812894,
        "hidden_units": 83,
        "learning_rate": 0.0001582197984,
        "num_layers": 3,
        "output_activation": "tanh",
        "weight_decay": 8.87402972e-05
    },
    "dataset_stats": {
        "name": "Beef",
        "train_size": 48,
        "val_size": 12,
        "input_shape": [
            470,
            1
        ],
        "num_classes": 5
    },
    "epochs": 101,
    "train_loss": [
        1.6430717706680298,
        1.5688022375106812,
        1.4846898317337036,
        1.4675620794296265,
        1.449072241783142,
        1.3959770202636719,
        1.4005088806152344,
        1.384438157081604,
        1.3287791013717651,
        1.3186477422714233,
        1.2861829996109009,
        1.2742372751235962,
        1.222779631614685,
        1.2243504524230957,
        1.1935724020004272,
        1.1875721216201782,
        1.1869529485702515,
        1.1594794988632202,
        1.1396960020065308,
        1.1256307363510132,
        1.1170066595077515,
        1.129174828529358,
        1.0912971496582031,
        1.066247820854187,
        1.0641084909439087,
        1.0276203155517578,
        1.0303882360458374,
        1.0117487907409668,
        1.0041816234588623,
        0.9919567704200745,
        1.0060220956802368,
        0.9925675392150879,
        0.9701129794120789,
        0.9285785555839539,
        0.9235177636146545,
        0.9131379127502441,
        0.9165027737617493,
        0.9435752034187317,
        0.8930490612983704,
        0.8627422451972961,
        0.8605607151985168,
        0.8766360282897949,
        0.8886919021606445,
        0.843495786190033,
        0.8633169531822205,
        0.8440815806388855,
        0.7981626987457275,
        0.8028900027275085,
        0.7868797779083252,
        0.7660953402519226,
        0.7720575332641602,
        0.7794618010520935,
        0.7519829273223877,
        0.761124312877655,
        0.7515683174133301,
        0.7544144988059998,
        0.715781033039093,
        0.7448623776435852,
        0.7152113914489746,
        0.6904990077018738,
        0.7115488648414612,
        0.681920051574707,
        0.7052575945854187,
        0.682590663433075,
        0.7055090069770813,
        0.6743602752685547,
        0.6671589016914368,
        0.661956250667572,
        0.6771419644355774,
        0.6966681480407715,
        0.6707183718681335,
        0.6670224070549011,
        0.658210813999176,
        0.6588292121887207,
        0.6665100455284119,
        0.6526544690132141,
        0.6541877388954163,
        0.6422069668769836,
        0.6601176857948303,
        0.6550598740577698,
        0.659084141254425,
        0.6067473292350769,
        0.6279298663139343,
        0.6477504372596741,
        0.6577368378639221,
        0.6362616419792175,
        0.6471871137619019,
        0.6160339713096619,
        0.6367597579956055,
        0.6234355568885803,
        0.6106139421463013,
        0.6414482593536377,
        0.6288473010063171,
        0.6299024224281311,
        0.6428566575050354,
        0.6388111114501953,
        0.6484203934669495,
        0.6358535289764404,
        0.6335245966911316,
        0.5891615748405457,
        0.6254119873046875
    ],
    "val_loss": [
        1.688869595527649,
        1.585736870765686,
        1.5281251668930054,
        1.4852709770202637,
        1.4426270723342896,
        1.4009475708007812,
        1.3621110916137695,
        1.3269563913345337,
        1.2911930084228516,
        1.2616702318191528,
        1.2430163621902466,
        1.2307357788085938,
        1.2169368267059326,
        1.202254056930542,
        1.1919265985488892,
        1.1785544157028198,
        1.1706598997116089,
        1.1656222343444824,
        1.1683470010757446,
        1.1651259660720825,
        1.1600860357284546,
        1.159308671951294,
        1.15669846534729,
        1.1552176475524902,
        1.165152668952942,
        1.1733297109603882,
        1.1566250324249268,
        1.1464625597000122,
        1.1409968137741089,
        1.1409897804260254,
        1.146727204322815,
        1.1381661891937256,
        1.1170464754104614,
        1.1135327816009521,
        1.1231707334518433,
        1.126234531402588,
        1.1204179525375366,
        1.1178632974624634,
        1.098669409751892,
        1.0866456031799316,
        1.0951117277145386,
        1.1140974760055542,
        1.0958200693130493,
        1.0725398063659668,
        1.0800447463989258,
        1.0877398252487183,
        1.1094491481781006,
        1.113534688949585,
        1.0889902114868164,
        1.0649415254592896,
        1.0655699968338013,
        1.084275722503662,
        1.086875557899475,
        1.0715723037719727,
        1.0641920566558838,
        1.0804777145385742,
        1.0833674669265747,
        1.0815612077713013,
        1.0755813121795654,
        1.0752819776535034,
        1.075538158416748,
        1.071744680404663,
        1.0724776983261108,
        1.072610855102539,
        1.0678247213363647,
        1.0600566864013672,
        1.0537701845169067,
        1.0498193502426147,
        1.0458413362503052,
        1.0468734502792358,
        1.0522210597991943,
        1.0457820892333984,
        1.05209481716156,
        1.0543110370635986,
        1.0547417402267456,
        1.0512241125106812,
        1.05659818649292,
        1.069211483001709,
        1.0746874809265137,
        1.0727735757827759,
        1.065326452255249,
        1.0624538660049438,
        1.0621250867843628,
        1.064886212348938,
        1.066818356513977,
        1.069186806678772,
        1.0689647197723389,
        1.0689284801483154,
        1.0669777393341064,
        1.0644452571868896,
        1.061646580696106,
        1.0585358142852783,
        1.0564327239990234,
        1.0555522441864014,
        1.054604172706604,
        1.0536329746246338,
        1.0532513856887817,
        1.0526577234268188,
        1.0522196292877197,
        1.0522085428237915,
        1.0520656108856201,
        1.0518134832382202
    ],