{
    "hyperparameters": {
        "activation": "gelu",
        "dropout_rate": 0.1032516319464,
        "ff_dim": 516,
        "hidden_units": 102,
        "learning_rate": 0.0002858423622,
        "num_heads": 3,
        "num_layers": 6,
        "pooling": "mean",
        "weight_decay": 2.50591603e-05
    },
    "dataset_stats": {
        "name": "CinCECGTorso",
        "train_size": 64,
        "val_size": 16,
        "input_shape": [
            1639,
            1
        ],
        "num_classes": 4
    },
    "epochs": 39,
    "train_loss": [
        1.716937780380249,
        1.8586742877960205,
        1.320923089981079,
        1.576582908630371,
        1.2739607095718384,
        1.3409740924835205,
        1.4881091117858887,
        1.450843334197998,
        1.3117074966430664,
        1.4713654518127441,
        1.2384120225906372,
        1.5204533338546753,
        1.2264834642410278,
        1.3573068380355835,
        1.136816382408142,
        1.121588110923767,
        1.2985804080963135,
        1.2321113348007202,
        0.9617925882339478,
        0.9540690779685974,
        0.8532928228378296,
        0.9848994016647339,
        0.7128636240959167,
        1.1421676874160767,
        1.1382464170455933,
        0.9262787103652954,
        0.7035012245178223,
        0.746681272983551,
        0.7237638235092163,
        0.8775699138641357,
        0.7661912441253662,
        1.2386772632598877,
        0.8374544382095337,
        0.7273750901222229,
        0.8625965714454651,
        0.8521369695663452,
        0.6796596646308899,
        0.6476157307624817,
        0.8077877759933472
    ],
    "val_loss": [
        1.6942353248596191,
        1.4119843244552612,
        1.497288703918457,
        1.5936144590377808,
        1.4389623403549194,
        1.3746904134750366,
        1.329541802406311,
        1.381112813949585,
        1.5626300573349,
        1.3237895965576172,
        1.331347942352295,
        1.335415244102478,
        1.427902340888977,
        1.419862985610962,
        1.4447782039642334,
        1.4057642221450806,
        1.4000924825668335,
        1.3778382539749146,
        1.34912109375,
        1.3359482288360596,
        1.4386107921600342,
        1.5324116945266724,
        1.472611427307129,
        1.4247580766677856,
        1.4910674095153809,
        1.5346345901489258,
        1.524287223815918,
        1.6094467639923096,
        1.6179945468902588,
        1.6447713375091553,
        1.640583872795105,
        1.623695969581604,
        1.6335220336914062,
        1.6677813529968262,
        1.6962354183197021,
        1.7165082693099976,
        1.7371480464935303,
        1.7655360698699951,
        1.7470465898513794,
        1.7559857368469238
    ],
    "train_accuracy": [
        0.3125,
        0.1875,
        0.375,
        0.125,
        0.3125,
        0.375,
        0.125,
        0.3125,
        0.125,
        0.375,
        0.5625,
        0.25,
        0.5,
        0.3125,
        0.5625,
        0.5625,
        0.4375,
        0.375,
        0.5625,
        0.625,
        0.6875,
        0.6875,
        0.6875,
        0.5,
        0.4375,
        0.5625,
        0.8125,
        0.6875,
        0.6875,
        0.75,
        0.625,
        0.375,
        0.625,
        0.6875,
        0.75,
        0.625,
        0.75,
        0.8125,
        0.5625
    ],
    "val_accuracy": [
        0.25,
        0.4375,
        0.25,
        0.0625,
        0.4375,
        0.25,
        0.25,
        0.25,
        0.125,
        0.3125,
        0.3125,
        0.3125,
        0.25,
        0.1875,
        0.1875,
        0.1875,
        0.25,
        0.375,
        0.25,
        0.375,
        0.3125,
        0.25,
        0.25,
        0.3125,
        0.3125,
        0.3125,
        0.3125,
        0.3125,
        0.3125,
        0.3125,
        0.3125,
        0.3125,
        0.3125,
        0.3125,
        0.3125,
        0.3125,
        0.3125,
        0.3125,
        0.3125,
        0.3125
    ],
    "epoch_times": [
        0.7901310920715332,
        0.7622466087341309,
        0.7635538578033447,
        0.7628557682037354,
        0.7649998664855957,
        0.7618310451507568,
        0.7662112712860107,
        0.7636945247650146,
        0.7646820545196533,
        0.7646489143371582,
        0.7669479846954346,
        0.763225793838501,
        0.766197919845581,
        0.7659924030303955,
        0.7698702812194824,
        0.7674832344055176,
        0.7704496383666992,
        0.7677090167999268,
        0.7710506916046143,
        0.7683477401733398,
        0.768573522567749,
        0.7689685821533203,
        0.7698650360107422,
        0.7686688899993896,
        0.7701141834259033,
        0.7727572917938232,
        0.7698431015014648,
        0.7681999206542969,
        0.7684767246246338,
        0.7658545970916748,
        0.7711272239685059,
        0.7678985595703125,
        0.7679572105407715,
        0.7682461738586426,
        0.7703564167022705,
        0.7688288688659668,
        0.7679009437561035,
        0.7690122127532959,
        0.7691214084625244
    ]
}