{
    "hyperparameters": {
        "activation": "relu",
        "dropout_rate": 0.3605328622166,
        "kernel_size": 5,
        "learning_rate": 0.0059486585564,
        "num_filters": 168,
        "num_layers": 4,
        "pooling": "max",
        "pooling_size": 2
    },
    "dataset_stats": {
        "name": "ArrowHead",
        "train_size": 58,
        "val_size": 14,
        "input_shape": [
            1,
            251
        ],
        "num_classes": 3
    },
    "epochs": 32,
    "train_loss": [
        1.109228491783142,
        1.2085942029953003,
        0.8852000832557678,
        0.9458314180374146,
        0.8593831658363342,
        0.7573604583740234,
        0.7582371234893799,
        0.6965267062187195,
        0.6240106821060181,
        0.5423909425735474,
        0.6023054718971252,
        0.4626125395298004,
        0.4683215916156769,
        0.44886595010757446,
        0.5070163011550903,
        0.5470456480979919,
        0.5304853320121765,
        0.5160144567489624,
        0.4688696265220642,
        0.38026171922683716,
        0.3519608676433563,
        0.2933129668235779,
        0.24725675582885742,
        0.23307757079601288,
        0.361499547958374,
        0.23483292758464813,
        0.2962716221809387,
        0.23768174648284912,
        0.24652652442455292,
        0.295456200838089,
        0.21354228258132935,
        0.34726977348327637
    ],
    "val_loss": [
        1.1022107601165771,
        1.1019798517227173,
        1.098636269569397,
        1.1263549327850342,
        1.1570570468902588,
        1.2162574529647827,
        1.4033275842666626,
        1.640147089958191,
        1.6078497171401978,
        1.53200364112854,
        1.5014591217041016,
        1.5255498886108398,
        1.597667932510376,
        1.7090836763381958,
        1.8289536237716675,
        1.8947921991348267,
        1.9388965368270874,
        1.8705780506134033,
        1.6805570125579834,
        1.6050821542739868,
        1.6150144338607788,
        1.6336668729782104,
        1.6122474670410156,
        1.592347264289856,
        1.6924774646759033,
        1.801595687866211,
        1.850433588027954,
        1.8797863721847534,
        1.7061697244644165,
        1.939391851425171,
        2.080137014389038,
        2.1553914546966553,
        2.097583293914795
    ],
    "train_accuracy": [
        0.3965517282485962,
        0.5,
        0.6551724076271057,
        0.6034482717514038,
        0.5862069129943848,
        0.5862069129943848,
        0.5862069129943848,
        0.5862069129943848,
        0.7413793206214905,
        0.7758620977401733,
        0.7758620977401733,
        0.8103448152542114,
        0.7931034564971924,
        0.8448275923728943,
        0.7413793206214905,
        0.7068965435028076,
        0.7931034564971924,
        0.7586206793785095,
        0.8103448152542114,
        0.8103448152542114,
        0.8448275923728943,
        0.8620689511299133,
        0.8793103694915771,
        0.9137930870056152,
        0.8275862336158752,
        0.8965517282485962,
        0.8793103694915771,
        0.8793103694915771,
        0.8793103694915771,
        0.8965517282485962,
        0.9137930870056152,
        0.8965517282485962
    ],
    "val_accuracy": [
        0.2857142984867096,
        0.2857142984867096,
        0.3571428656578064,
        0.3571428656578064,
        0.2857142984867096,
        0.3571428656578064,
        0.2857142984867096,
        0.3571428656578064,
        0.4285714626312256,
        0.4285714626312256,
        0.5714285969734192,
        0.5714285969734192,
        0.5714285969734192,
        0.5,
        0.3571428656578064,
        0.3571428656578064,
        0.4285714626312256,
        0.3571428656578064,
        0.5,
        0.5714285969734192,
        0.5714285969734192,
        0.5714285969734192,
        0.5,
        0.5,
        0.5,
        0.5,
        0.6428571939468384,
        0.6428571939468384,
        0.5714285969734192,
        0.4285714626312256,
        0.4285714626312256,
        0.4285714626312256,
        0.4285714626312256
    ],
    "epoch_times": [
        0.0566403865814209,
        0.12212944030761719,
        0.03604888916015625,
        0.039058685302734375,
        0.03740119934082031,
        0.036428213119506836,
        0.03703808784484863,
        0.036862850189208984,
        0.03873300552368164,
        0.039494991302490234,
        0.03950142860412598,
        0.038951873779296875,
        0.038874149322509766,
        0.03913569450378418,
        0.03893637657165527,
        0.03904581069946289,
        0.039385318756103516,
        0.039363861083984375,
        0.03934645652770996,
        0.039281368255615234,
        0.0422365665435791,
        0.04221200942993164,
        0.0432744026184082,
        0.04182624816894531,
        0.04564237594604492,
        0.042150259017944336,
        0.048470497131347656,
        0.036676645278930664,
        0.03447318077087402,
        0.03307461738586426,
        0.03196430206298828,
        0.03254246711730957
    ]
}