{
    "hyperparameters": {
        "activation": "tanh",
        "dropout_rate": 0.5012638101645,
        "hidden_units": 77,
        "learning_rate": 0.0008082463952,
        "num_layers": 1,
        "weight_decay": 0.0061982670225
    },
    "dataset_stats": {
        "name": "CBF",
        "train_size": 44,
        "val_size": 11,
        "input_shape": [
            128,
            1
        ],
        "num_classes": 3
    },
    "epochs": 59,
    "train_loss": [
        1.2979893684387207,
        1.089267611503601,
        0.9410901665687561,
        0.8478473424911499,
        0.7768316268920898,
        0.6043663620948792,
        0.6003938317298889,
        0.5880771279335022,
        0.4429486095905304,
        0.497290700674057,
        0.5004346966743469,
        0.426033616065979,
        0.3642549514770508,
        0.37530630826950073,
        0.39132192730903625,
        0.32887396216392517,
        0.33387401700019836,
        0.4381161630153656,
        0.28228840231895447,
        0.2981328070163727,
        0.2585863173007965,
        0.2828569710254669,
        0.2611484229564667,
        0.2372768074274063,
        0.2680480182170868,
        0.29378899931907654,
        0.2507239282131195,
        0.2556641697883606,
        0.2194606214761734,
        0.21873007714748383,
        0.2368004471063614,
        0.17232638597488403,
        0.22485293447971344,
        0.20930738747119904,
        0.15244902670383453,
        0.1559300720691681,
        0.1939067393541336,
        0.21235476434230804,
        0.20866607129573822,
        0.1670025736093521,
        0.19192585349082947,
        0.1552506387233734,
        0.19858494400978088,
        0.16321514546871185,
        0.1352074146270752,
        0.11191260814666748,
        0.16014136373996735,
        0.09951590746641159,
        0.11388414353132248,
        0.11781158298254013,
        0.18446122109889984,
        0.13428233563899994,
        0.09403090178966522,
        0.103228360414505,
        0.10067284852266312,
        0.09558867663145065,
        0.12523970007896423,
        0.07954519242048264,
        0.12939535081386566
    ],
    "val_loss": [
        1.0963534116744995,
        1.039900541305542,
        0.9868398904800415,
        0.9387791156768799,
        0.8937561511993408,
        0.849570095539093,
        0.8021766543388367,
        0.7578826546669006,
        0.7200512886047363,
        0.6858649849891663,
        0.6542242765426636,
        0.6243761777877808,
        0.600352942943573,
        0.5760891437530518,
        0.553077220916748,
        0.5494585037231445,
        0.5289496779441833,
        0.5164765119552612,
        0.514178454875946,
        0.5070785284042358,
        0.4858204126358032,
        0.4680835008621216,
        0.4626426696777344,
        0.4665272533893585,
        0.4655473828315735,
        0.46238061785697937,
        0.45793142914772034,
        0.4529273211956024,
        0.4582355320453644,
        0.45073068141937256,
        0.46342307329177856,
        0.46064168214797974,
        0.47166603803634644,
        0.4693957269191742,
        0.4762367904186249,
        0.4854585826396942,
        0.4929998517036438,
        0.49131134152412415,
        0.5120911002159119,
        0.5234505534172058,
        0.5395764708518982,
        0.545259952545166,
        0.5565313100814819,
        0.572915256023407,
        0.5685648322105408,
        0.5409215688705444,
        0.5320200324058533,
        0.5296247005462646,
        0.528286337852478,
        0.5284550189971924,
        0.5157541632652283,
        0.5108529329299927,
        0.5156296491622925,
        0.5011845231056213,
        0.49336546659469604,
        0.49959105253219604,
        0.48773878812789917,
        0.49742281436920166,
        0.48975589871406555,
        0.4821315109729767
    ],
    "train_accuracy": [
        0.2954545319080353,
        0.4318181872367859,
        0.5,
        0.6363636255264282,
        0.7045454382896423,
        0.7727272510528564,
        0.7954545617103577,
        0.8409090638160706,
        0.8636363744735718,
        0.8409090638160706,
        0.7954545617103577,
        0.8409090638160706,
        0.8409090638160706,
        0.9090909361839294,
        0.8636363744735718,
        0.9545454382896423,
        0.9090909361839294,
        0.8181818127632141,
        0.9318181872367859,
        0.9545454382896423,
        0.9545454382896423,
        0.9318181872367859,
        0.9090909361839294,
        0.9545454382896423,
        0.9545454382896423,
        0.9318181872367859,
        0.9545454382896423,
        0.9545454382896423,
        0.9545454382896423,
        0.9545454382896423,
        0.9545454382896423,
        1.0,
        0.9545454382896423,
        0.9545454382896423,
        1.0,
        1.0,
        1.0,
        0.9090909361839294,
        0.9772727489471436,
        1.0,
        0.9545454382896423,
        1.0,
        0.9318181872367859,
        0.9772727489471436,
        1.0,
        1.0,
        0.9545454382896423,
        1.0,
        1.0,
        1.0,
        0.9772727489471436,
        1.0,
        1.0,
        1.0,
        1.0,
        1.0,
        0.9772727489471436,
        1.0,
        0.9772727489471436
    ],
    "val_accuracy": [
        0.3636363744735718,
        0.4545454680919647,
        0.5454545617103577,
        0.5454545617103577,
        0.5454545617103577,
        0.5454545617103577,
        0.5454545617103577,
        0.6363636255264282,
        0.7272727489471436,
        0.7272727489471436,
        0.7272727489471436,
        0.7272727489471436,
        0.7272727489471436,
        0.7272727489471436,
        0.7272727489471436,
        0.7272727489471436,
        0.7272727489471436,
        0.7272727489471436,
        0.7272727489471436,
        0.7272727489471436,
        0.7272727489471436,
        0.7272727489471436,
        0.7272727489471436,
        0.7272727489471436,
        0.7272727489471436,
        0.7272727489471436,
        0.7272727489471436,
        0.7272727489471436,
        0.7272727489471436,
        0.7272727489471436,
        0.7272727489471436,
        0.7272727489471436,
        0.7272727489471436,
        0.7272727489471436,
        0.7272727489471436,
        0.7272727489471436,
        0.7272727489471436,
        0.7272727489471436,
        0.7272727489471436,
        0.7272727489471436,
        0.7272727489471436,
        0.7272727489471436,
        0.7272727489471436,
        0.7272727489471436,
        0.7272727489471436,
        0.7272727489471436,
        0.7272727489471436,
        0.7272727489471436,
        0.7272727489471436,
        0.7272727489471436,
        0.7272727489471436,
        0.7272727489471436,
        0.7272727489471436,
        0.7272727489471436,
        0.7272727489471436,
        0.7272727489471436,
        0.7272727489471436,
        0.7272727489471436,
        0.7272727489471436,
        0.7272727489471436
    ],