{
    "hyperparameters": {
        "activation": "relu",
        "dropout_rate": 0.218584331441,
        "ff_dim": 683,
        "hidden_units": 202,
        "learning_rate": 0.0002079150577,
        "num_heads": 6,
        "num_layers": 5,
        "pooling": "mean",
        "weight_decay": 9.99230179e-05
    },
    "dataset_stats": {
        "name": "ChlorineConcentration",
        "train_size": 374,
        "val_size": 93,
        "input_shape": [
            166,
            1
        ],
        "num_classes": 3
    },
    "epochs": 39,
    "train_loss": [
        1.3384608030319214,
        0.902292013168335,
        1.1609580516815186,
        0.9100632071495056,
        0.9333164691925049,
        0.7577264904975891,
        1.171810507774353,
        1.0918879508972168,
        1.0113694667816162,
        0.7509126663208008,
        0.9349947571754456,
        0.9621436595916748,
        0.9167629480361938,
        1.1345820426940918,
        1.1415947675704956,
        1.1574015617370605,
        0.9010382294654846,
        0.9030735492706299,
        0.9332271218299866,
        0.8960108160972595,
        1.0353014469146729,
        1.0703240633010864,
        0.9330076575279236,
        0.861072301864624,
        1.1217819452285767,
        1.252729892730713,
        1.0993092060089111,
        0.9661821722984314,
        1.0497092008590698,
        0.9393237829208374,
        1.1000752449035645,
        0.9053667187690735,
        0.8915591835975647,
        1.1811156272888184,
        0.8973787426948547,
        1.1109739542007446,
        1.1193208694458008,
        0.9457782506942749,
        0.9315518736839294
    ],
    "val_loss": [
        0.972052812576294,
        1.119944453239441,
        0.9466448426246643,
        0.9730674028396606,
        0.9747312068939209,
        0.9800644516944885,
        1.0495591163635254,
        0.9621080756187439,
        0.959219217300415,
        0.9432826042175293,
        0.9569126963615417,
        0.9563755989074707,
        0.9496630430221558,
        0.9494897127151489,
        0.9495397806167603,
        0.9658904671669006,
        0.9486448168754578,
        0.9494901895523071,
        0.9535983800888062,
        0.9505822658538818,
        0.9572030305862427,
        0.9440510272979736,
        0.9476969838142395,
        0.9490643739700317,
        0.9499960541725159,
        0.9490293860435486,
        0.9500919580459595,
        0.9540947675704956,
        0.9538338780403137,
        0.9512215256690979,
        0.9508776068687439,
        0.9503879547119141,
        0.9501222968101501,
        0.9515561461448669,
        0.9535581469535828,
        0.9540151953697205,
        0.9540329575538635,
        0.9528985619544983,
        0.952751636505127,
        0.9526388645172119
    ],
    "train_accuracy": [
        0.13636364042758942,
        0.6363636255264282,
        0.5,
        0.5909091234207153,
        0.6363636255264282,
        0.7272727489471436,
        0.3636363744735718,
        0.5,
        0.5454545617103577,
        0.7727273106575012,
        0.5,
        0.6818181872367859,
        0.5909091234207153,
        0.3636363744735718,
        0.40909093618392944,
        0.40909093618392944,
        0.5909091234207153,
        0.5454545617103577,
        0.6363636255264282,
        0.6818181872367859,
        0.5,
        0.40909093618392944,
        0.6363636255264282,
        0.6818181872367859,
        0.5,
        0.27272728085517883,
        0.4545454680919647,
        0.6818181872367859,
        0.5,
        0.5909091234207153,
        0.4545454680919647,
        0.5909091234207153,
        0.6363636255264282,
        0.40909093618392944,
        0.5909091234207153,
        0.4545454680919647,
        0.40909093618392944,
        0.7272727489471436,
        0.5454545617103577
    ],
    "val_accuracy": [
        0.640625,
        0.4193548262119293,
        0.602150559425354,
        0.602150559425354,
        0.602150559425354,
        0.602150559425354,
        0.602150559425354,
        0.602150559425354,
        0.602150559425354,
        0.602150559425354,
        0.602150559425354,
        0.602150559425354,
        0.602150559425354,
        0.602150559425354,
        0.602150559425354,
        0.602150559425354,
        0.602150559425354,
        0.602150559425354,
        0.602150559425354,
        0.602150559425354,
        0.602150559425354,
        0.602150559425354,
        0.602150559425354,
        0.602150559425354,
        0.602150559425354,
        0.602150559425354,
        0.602150559425354,
        0.602150559425354,
        0.602150559425354,
        0.602150559425354,
        0.602150559425354,
        0.602150559425354,
        0.602150559425354,
        0.602150559425354,
        0.602150559425354,
        0.602150559425354,
        0.602150559425354,
        0.602150559425354,
        0.6129032373428345,
        0.602150559425354
    ],
    "epoch_times": [
        0.36699938774108887,
        0.35628795623779297,
        0.3594515323638916,
        0.37259912490844727,
        0.4191305637359619,
        0.44660043716430664,
        0.4119832515716553,
        0.3757600784301758,
        0.403536319732666,
        0.4568798542022705,
        0.45093846321105957,
        0.441542387008667,
        0.3467998504638672,
        0.29311203956604004,
        0.2980210781097412,
        0.29936695098876953,
        0.3062865734100342,
        0.30829620361328125,
        0.3056507110595703,
        0.3397176265716553,
        0.3529946804046631,
        0.3524959087371826,
        0.3536975383758545,
        0.3233606815338135,
        0.3434023857116699,
        0.3200054168701172,
        0.39017415046691895,
        0.39826273918151855,
        0.3412199020385742,
        0.38835787773132324,
        0.4028177261352539,
        0.4306917190551758,
        0.4580230712890625,
        0.4113185405731201,
        0.4553978443145752,
        0.4500093460083008,
        0.42014336585998535,
        0.406186580657959,
        0.4173774719238281
    ]
}