{
    "hyperparameters": {
        "activation": "tanh",
        "dropout_rate": 0.3879250027814,
        "kernel_size": 4,
        "learning_rate": 0.0003758341193,
        "num_filters": 93,
        "num_layers": 3,
        "pooling": "average",
        "pooling_size": 1
    },
    "dataset_stats": {
        "name": "ArrowHead",
        "train_size": 58,
        "val_size": 14,
        "input_shape": [
            1,
            251
        ],
        "num_classes": 3
    },
    "epochs": 37,
    "train_loss": [
        1.1652642488479614,
        1.1448664665222168,
        1.2171427011489868,
        1.0648624897003174,
        1.0295156240463257,
        0.8500963449478149,
        1.0170267820358276,
        0.8031408190727234,
        0.8746100068092346,
        0.9471810460090637,
        0.766951858997345,
        0.8102734088897705,
        0.6764668226242065,
        0.712994396686554,
        0.5963785648345947,
        0.6767917275428772,
        0.6081392765045166,
        0.6235088109970093,
        0.7240758538246155,
        0.5304214358329773,
        0.5496434569358826,
        0.694868266582489,
        0.5456492900848389,
        0.7376512885093689,
        0.5869196057319641,
        0.4773547649383545,
        0.517992377281189,
        0.46311089396476746,
        0.423782616853714,
        0.4162293076515198,
        0.42295509576797485,
        0.34608808159828186,
        0.28282883763313293,
        0.3022514879703522,
        0.3971058428287506,
        0.36144086718559265,
        0.2849155366420746
    ],
    "val_loss": [
        1.0974349975585938,
        1.0856225490570068,
        1.0760291814804077,
        1.0659633874893188,
        1.053963541984558,
        1.041888952255249,
        1.0337871313095093,
        1.0290708541870117,
        1.0352270603179932,
        1.0530296564102173,
        1.0811303853988647,
        1.1070128679275513,
        1.1195141077041626,
        1.138761043548584,
        1.1584270000457764,
        1.1743221282958984,
        1.194610834121704,
        1.2272230386734009,
        1.260231375694275,
        1.2768696546554565,
        1.3032587766647339,
        1.3034766912460327,
        1.313759684562683,
        1.3249918222427368,
        1.337308645248413,
        1.3764111995697021,
        1.3644360303878784,
        1.3161576986312866,
        1.3028160333633423,
        1.3013278245925903,
        1.3051844835281372,
        1.3197565078735352,
        1.3526872396469116,
        1.4031401872634888,
        1.4619296789169312,
        1.4983770847320557,
        1.6053202152252197,
        1.802449345588684
    ],
    "train_accuracy": [
        0.4137931168079376,
        0.5344827771186829,
        0.4137931168079376,
        0.4655172526836395,
        0.48275861144065857,
        0.5344827771186829,
        0.5517241358757019,
        0.568965494632721,
        0.6206896305084229,
        0.6206896305084229,
        0.6896551847457886,
        0.6724137663841248,
        0.7413793206214905,
        0.6551724076271057,
        0.7586206793785095,
        0.6724137663841248,
        0.7758620977401733,
        0.7586206793785095,
        0.6896551847457886,
        0.8103448152542114,
        0.7758620977401733,
        0.7586206793785095,
        0.7758620977401733,
        0.6724137663841248,
        0.7413793206214905,
        0.7241379022598267,
        0.7758620977401733,
        0.7586206793785095,
        0.7241379022598267,
        0.8793103694915771,
        0.7931034564971924,
        0.9137930870056152,
        0.8965517282485962,
        0.9137930870056152,
        0.8448275923728943,
        0.8448275923728943,
        0.931034505367279
    ],
    "val_accuracy": [
        0.2857142984867096,
        0.5,
        0.5714285969734192,
        0.4285714626312256,
        0.5,
        0.5,
        0.5,
        0.5,
        0.4285714626312256,
        0.4285714626312256,
        0.5,
        0.5,
        0.4285714626312256,
        0.4285714626312256,
        0.4285714626312256,
        0.5,
        0.5714285969734192,
        0.5714285969734192,
        0.4285714626312256,
        0.4285714626312256,
        0.4285714626312256,
        0.5,
        0.5714285969734192,
        0.5714285969734192,
        0.5,
        0.4285714626312256,
        0.4285714626312256,
        0.5,
        0.5714285969734192,
        0.5714285969734192,
        0.5714285969734192,
        0.5,
        0.5,
        0.5714285969734192,
        0.5,
        0.5714285969734192,
        0.5,
        0.4285714626312256
    ],
    "epoch_times": [
        0.2025001049041748,
        0.0353093147277832,
        0.033594369888305664,
        0.03509521484375,
        0.03375434875488281,
        0.035213470458984375,
        0.03574419021606445,
        0.03185629844665527,
        0.03275418281555176,
        0.034055233001708984,
        0.03365325927734375,
        0.034539222717285156,
        0.03379178047180176,
        0.033466339111328125,
        0.03284931182861328,
        0.03319835662841797,
        0.032898902893066406,
        0.03495645523071289,
        0.03213071823120117,
        0.032402992248535156,
        0.03203749656677246,
        0.03293919563293457,
        0.03204488754272461,
        0.03626370429992676,
        0.03262186050415039,
        0.031789302825927734,
        0.03155970573425293,
        0.031392574310302734,
        0.03189730644226074,
        0.032682180404663086,
        0.03176259994506836,
        0.03145408630371094,
        0.03279876708984375,
        0.032152652740478516,
        0.031044721603393555,
        0.03202533721923828,
        0.03208160400390625
    ]
}