{
    "hyperparameters": {
        "activation": "gelu",
        "dropout_rate": 0.2134054200141,
        "kernel_size": 4,
        "learning_rate": 0.0002157263461,
        "num_filters": 149,
        "num_layers": 4,
        "pooling": "max",
        "pooling_size": 2
    },
    "dataset_stats": {
        "name": "ChlorineConcentration",
        "train_size": 748,
        "val_size": 186,
        "input_shape": [
            1,
            166
        ],
        "num_classes": 3
    },
    "epochs": 39,
    "train_loss": [
        1.1126081943511963,
        1.0539387464523315,
        1.028395652770996,
        1.0121662616729736,
        1.005420207977295,
        0.9936309456825256,
        0.9970278143882751,
        0.9586653113365173,
        0.9757685661315918,
        0.9615951180458069,
        0.9376481771469116,
        0.9545124769210815,
        0.9507986307144165,
        0.9519043564796448,
        0.9412369132041931,
        0.9103896021842957,
        0.893064022064209,
        0.9112810492515564,
        0.8894653916358948,
        0.8960460424423218,
        0.8841568827629089,
        0.8472450971603394,
        0.8792257905006409,
        0.8222231864929199,
        0.859743058681488,
        0.8543819785118103,
        0.824881911277771,
        0.8211835622787476,
        0.7967281341552734,
        0.8114814758300781,
        0.8144159317016602,
        0.7961594462394714,
        0.7809990644454956,
        0.7601099610328674,
        0.7577323913574219,
        0.7457454204559326,
        0.7716403603553772,
        0.7413601279258728,
        0.7097102403640747
    ],
    "val_loss": [
        1.0943974256515503,
        1.0637445449829102,
        1.0002071857452393,
        1.0140297412872314,
        1.030922770500183,
        0.9992812871932983,
        0.9958214163780212,
        1.0036048889160156,
        0.9877569675445557,
        0.9778143167495728,
        1.0005066394805908,
        1.0181653499603271,
        1.0255200862884521,
        1.0326390266418457,
        1.0298432111740112,
        0.9879470467567444,
        1.0044119358062744,
        1.01710045337677,
        1.0007389783859253,
        1.0463627576828003,
        1.0444036722183228,
        1.069201111793518,
        1.033477544784546,
        1.0203511714935303,
        1.097383737564087,
        1.0722979307174683,
        1.0826250314712524,
        1.0839662551879883,
        1.1141575574874878,
        1.0814210176467896,
        1.0853081941604614,
        1.0779814720153809,
        1.085836410522461,
        1.1070971488952637,
        1.1433204412460327,
        1.1206214427947998,
        1.1885207891464233,
        1.1215169429779053,
        1.1493537425994873,
        1.1903690099716187
    ],
    "train_accuracy": [
        0.4946524202823639,
        0.5213903784751892,
        0.5534759163856506,
        0.5240641832351685,
        0.5334224700927734,
        0.5641711354255676,
        0.5427807569503784,
        0.5708556175231934,
        0.5681818127632141,
        0.5681818127632141,
        0.5748662948608398,
        0.5775400996208191,
        0.5628342032432556,
        0.5708556175231934,
        0.5802139043807983,
        0.6002673506736755,
        0.6096256971359253,
        0.5975936055183411,
        0.5989304780960083,
        0.606951892375946,
        0.6176470518112183,
        0.635026752948761,
        0.6176470518112183,
        0.6403743028640747,
        0.614973247051239,
        0.6016042828559875,
        0.625668466091156,
        0.614973247051239,
        0.644385039806366,
        0.6617646813392639,
        0.643048107624054,
        0.6510695219039917,
        0.6657754182815552,
        0.6577540040016174,
        0.6764705777168274,
        0.6524063944816589,
        0.6550801992416382,
        0.6858288645744324,
        0.7005347609519958
    ],
    "val_accuracy": [
        0.328125,
        0.5161290168762207,
        0.5430107712745667,
        0.5215053558349609,
        0.5698924660682678,
        0.5860214829444885,
        0.5698924660682678,
        0.5806451439857483,
        0.5698924660682678,
        0.5483871102333069,
        0.5376344323158264,
        0.5537634491920471,
        0.5806451439857483,
        0.5698924660682678,
        0.5591397881507874,
        0.5591397881507874,
        0.5591397881507874,
        0.5430107712745667,
        0.5645161271095276,
        0.5053763389587402,
        0.5376344323158264,
        0.5161290168762207,
        0.5645161271095276,
        0.5591397881507874,
        0.5430107712745667,
        0.5053763389587402,
        0.5483871102333069,
        0.5430107712745667,
        0.5430107712745667,
        0.5215053558349609,
        0.5806451439857483,
        0.5591397881507874,
        0.5430107712745667,
        0.5645161271095276,
        0.5645161271095276,
        0.49462366104125977,
        0.5430107712745667,
        0.5430107712745667,
        0.5537634491920471,
        0.5053763389587402
    ],
    "epoch_times": [
        0.3023233413696289,
        0.1725146770477295,
        0.17280983924865723,
        0.16088008880615234,
        0.1657257080078125,
        0.17168092727661133,
        0.1627819538116455,
        0.17116260528564453,
        0.16546869277954102,
        0.16278886795043945,
        0.16910576820373535,
        0.1647357940673828,
        0.16176939010620117,
        0.16916632652282715,
        0.1632235050201416,
        0.1622462272644043,
        0.1686248779296875,
        0.16144466400146484,
        0.1642756462097168,
        0.14418983459472656,
        0.1659870147705078,
        0.1809091567993164,
        0.15714240074157715,
        0.15755581855773926,
        0.16085481643676758,
        0.1555936336517334,
        0.1607370376586914,
        0.15566635131835938,
        0.14093303680419922,
        0.1383347511291504,
        0.1427004337310791,
        0.138014554977417,
        0.13965106010437012,
        0.1385197639465332,
        0.14041781425476074,
        0.13883757591247559,
        0.14318561553955078,
        0.1401522159576416,
        0.1557760238647461
    ]
}