{
    "hyperparameters": {
        "activation": "relu",
        "dropout_rate": 0.4921014639313,
        "hidden_units": 30,
        "learning_rate": 0.0826803806406,
        "num_layers": 3,
        "weight_decay": 0.0053503868079
    },
    "dataset_stats": {
        "name": "CinCECGTorso",
        "train_size": 52,
        "val_size": 13,
        "input_shape": [
            1639,
            1
        ],
        "num_classes": 4
    },
    "epochs": 36,
    "train_loss": [
        1.6276583671569824,
        1.6210829019546509,
        1.3867735862731934,
        1.53204345703125,
        1.6529325246810913,
        1.2098273038864136,
        1.4439221620559692,
        1.3316737413406372,
        1.3575927019119263,
        1.1627123355865479,
        1.1647069454193115,
        1.1519274711608887,
        1.1284313201904297,
        1.2913119792938232,
        1.1515902280807495,
        1.143790602684021,
        1.1608015298843384,
        1.1623848676681519,
        1.1048741340637207,
        1.108231782913208,
        1.1483638286590576,
        1.0256388187408447,
        1.1347956657409668,
        1.0956709384918213,
        1.0121232271194458,
        1.047722339630127,
        1.0194969177246094,
        0.8875483274459839,
        1.0453076362609863,
        1.0509254932403564,
        1.1177985668182373,
        1.2661023139953613,
        1.1342781782150269,
        1.0305354595184326,
        1.2557599544525146,
        1.0145599842071533
    ],
    "val_loss": [
        1.3115406036376953,
        5.0098443031311035,
        4.70803165435791,
        2.4936296939849854,
        1.6755578517913818,
        0.9231135845184326,
        0.7980908155441284,
        0.8422695994377136,
        0.9588187336921692,
        1.042781949043274,
        1.1055412292480469,
        1.1569002866744995,
        1.1956140995025635,
        1.2178754806518555,
        1.2304075956344604,
        1.23184072971344,
        1.2187364101409912,
        1.2024191617965698,
        1.199497938156128,
        1.2267894744873047,
        1.2345890998840332,
        1.2621690034866333,
        1.2812117338180542,
        1.2980542182922363,
        1.3272366523742676,
        1.3040064573287964,
        1.2445690631866455,
        1.181311845779419,
        1.1679136753082275,
        1.163501501083374,
        1.2015936374664307,
        1.3268132209777832,
        1.3277281522750854,
        1.2041432857513428,
        1.1654300689697266,
        1.176737666130066,
        1.1531939506530762
    ],
    "train_accuracy": [
        0.23076923191547394,
        0.25,
        0.4615384638309479,
        0.4038461446762085,
        0.2884615361690521,
        0.48076921701431274,
        0.42307692766189575,
        0.4615384638309479,
        0.36538460850715637,
        0.4423076808452606,
        0.4423076808452606,
        0.4615384638309479,
        0.5769230723381042,
        0.38461539149284363,
        0.5,
        0.5192307829856873,
        0.42307692766189575,
        0.5,
        0.5,
        0.5384615659713745,
        0.48076921701431274,
        0.5192307829856873,
        0.5384615659713745,
        0.5769230723381042,
        0.5769230723381042,
        0.5,
        0.5192307829856873,
        0.6538461446762085,
        0.5192307829856873,
        0.48076921701431274,
        0.5384615659713745,
        0.42307692766189575,
        0.557692289352417,
        0.5192307829856873,
        0.48076921701431274,
        0.6538461446762085
    ],
    "val_accuracy": [
        0.38461539149284363,
        0.3076923191547394,
        0.1538461595773697,
        0.46153849363327026,
        0.46153849363327026,
        0.5384615659713745,
        0.6153846383094788,
        0.5384615659713745,
        0.5384615659713745,
        0.5384615659713745,
        0.46153849363327026,
        0.38461539149284363,
        0.46153849363327026,
        0.5384615659713745,
        0.5384615659713745,
        0.5384615659713745,
        0.6153846383094788,
        0.5384615659713745,
        0.5384615659713745,
        0.6153846383094788,
        0.5384615659713745,
        0.5384615659713745,
        0.5384615659713745,
        0.46153849363327026,
        0.5384615659713745,
        0.5384615659713745,
        0.5384615659713745,
        0.5384615659713745,
        0.46153849363327026,
        0.5384615659713745,
        0.3076923191547394,
        0.3076923191547394,
        0.3076923191547394,
        0.46153849363327026,
        0.6153846383094788,
        0.5384615659713745,
        0.46153849363327026
    ],
    "epoch_times": [
        0.10537290573120117,
        0.09809064865112305,
        0.014174461364746094,
        0.01441335678100586,
        0.014389514923095703,
        0.014660835266113281,
        0.015010356903076172,
        0.016752004623413086,
        0.015376567840576172,
        0.014139652252197266,
        0.013675928115844727,
        0.014515161514282227,
        0.01460409164428711,
        0.014483928680419922,
        0.014569997787475586,
        0.014030218124389648,
        0.0146484375,
        0.01478433609008789,
        0.013361930847167969,
        0.01323556900024414,
        0.013205766677856445,
        0.013348102569580078,
        0.013621807098388672,
        0.013263225555419922,
        0.013239383697509766,
        0.01335763931274414,
        0.014239788055419922,
        0.015057563781738281,
        0.014898061752319336,
        0.014940738677978516,
        0.015520095825195312,
        0.013207674026489258,
        0.012516975402832031,
        0.014297246932983398,
        0.014388084411621094,
        0.013683557510375977
    ]
}