{
    "hyperparameters": {
        "activation": "relu",
        "dropout_rate": 0.2126015756565,
        "hidden_units": 102,
        "learning_rate": 0.0028282104809,
        "num_layers": 1,
        "weight_decay": 0.0060583133649
    },
    "dataset_stats": {
        "name": "Car",
        "train_size": 68,
        "val_size": 17,
        "input_shape": [
            577,
            1
        ],
        "num_classes": 4
    },
    "epochs": 38,
    "train_loss": [
        1.5102604627609253,
        1.1047757863998413,
        1.0554075241088867,
        1.009049415588379,
        0.9472108483314514,
        0.875446081161499,
        0.8398553133010864,
        0.7995693683624268,
        0.7882902026176453,
        0.749114453792572,
        0.6981790065765381,
        0.7290720343589783,
        0.6486861705780029,
        0.6082502603530884,
        0.5932058095932007,
        0.6016868352890015,
        0.6413381099700928,
        0.5920179486274719,
        0.5544400811195374,
        0.5661821961402893,
        0.5249723792076111,
        0.5317234992980957,
        0.5469720363616943,
        0.5225249528884888,
        0.5224339962005615,
        0.5035074353218079,
        0.522289514541626,
        0.4875173568725586,
        0.508149266242981,
        0.4743000566959381,
        0.4252640902996063,
        0.4932308793067932,
        0.4476165473461151,
        0.4447825253009796,
        0.4823608994483948,
        0.4712027311325073,
        0.4122946262359619,
        0.4419891834259033
    ],
    "val_loss": [
        1.4756765365600586,
        1.4937950372695923,
        1.2247813940048218,
        1.137747883796692,
        1.1252704858779907,
        1.1188018321990967,
        1.1334654092788696,
        1.1244020462036133,
        1.07329523563385,
        1.0897316932678223,
        1.1170915365219116,
        1.1843500137329102,
        1.259940266609192,
        1.344942331314087,
        1.4329640865325928,
        1.4792910814285278,
        1.568132758140564,
        1.5957971811294556,
        1.7252967357635498,
        1.739973545074463,
        2.033991813659668,
        2.2760117053985596,
        2.40240740776062,
        2.5804717540740967,
        2.688788414001465,
        2.6660232543945312,
        2.791433572769165,
        2.8159358501434326,
        2.8623135089874268,
        3.055812358856201,
        3.4007420539855957,
        3.8013992309570312,
        4.095264911651611,
        4.619715213775635,
        5.032016754150391,
        5.586939334869385,
        6.049875736236572,
        6.484691619873047,
        6.8007097244262695
    ],
    "train_accuracy": [
        0.3235294222831726,
        0.5588235259056091,
        0.5147058963775635,
        0.5735294222831726,
        0.6764705777168274,
        0.6764705777168274,
        0.6911764740943909,
        0.6764705777168274,
        0.7647058963775635,
        0.720588207244873,
        0.7941176295280457,
        0.779411792755127,
        0.7352941036224365,
        0.8235294222831726,
        0.8088235259056091,
        0.8529411554336548,
        0.8382353186607361,
        0.8529411554336548,
        0.8676470518112183,
        0.8676470518112183,
        0.8676470518112183,
        0.8529411554336548,
        0.8676470518112183,
        0.8676470518112183,
        0.8970588445663452,
        0.8823529481887817,
        0.8235294222831726,
        0.8676470518112183,
        0.8970588445663452,
        0.8529411554336548,
        0.9117646813392639,
        0.8529411554336548,
        0.9117646813392639,
        0.8676470518112183,
        0.8529411554336548,
        0.9264705777168274,
        0.9411764740943909,
        0.9117646813392639
    ],
    "val_accuracy": [
        0.3529411852359772,
        0.11764705926179886,
        0.4117647111415863,
        0.529411792755127,
        0.47058823704719543,
        0.529411792755127,
        0.5882353186607361,
        0.529411792755127,
        0.5882353186607361,
        0.6470588445663452,
        0.6470588445663452,
        0.5882353186607361,
        0.47058823704719543,
        0.529411792755127,
        0.529411792755127,
        0.7058823704719543,
        0.5882353186607361,
        0.7647058963775635,
        0.7058823704719543,
        0.7647058963775635,
        0.6470588445663452,
        0.6470588445663452,
        0.7058823704719543,
        0.7058823704719543,
        0.529411792755127,
        0.5882353186607361,
        0.5882353186607361,
        0.5882353186607361,
        0.7058823704719543,
        0.7647058963775635,
        0.6470588445663452,
        0.6470588445663452,
        0.6470588445663452,
        0.7647058963775635,
        0.7058823704719543,
        0.7058823704719543,
        0.7058823704719543,
        0.7647058963775635,
        0.7647058963775635
    ],
    "epoch_times": [
        0.008350133895874023,
        0.007818937301635742,
        0.006782054901123047,
        0.00693202018737793,
        0.008281230926513672,
        0.008243083953857422,
        0.007302999496459961,
        0.007348299026489258,
        0.0077211856842041016,
        0.007848978042602539,
        0.0073850154876708984,
        0.0071451663970947266,
        0.0077288150787353516,
        0.00795125961303711,
        0.00686192512512207,
        0.0074007511138916016,
        0.00793910026550293,
        0.00737309455871582,
        0.007276773452758789,
        0.008154869079589844,
        0.00793600082397461,
        0.009157180786132812,
        0.006884098052978516,
        0.007261037826538086,
        0.0075719356536865234,
        0.008004903793334961,
        0.0071871280670166016,
        0.008085250854492188,
        0.007482051849365234,
        0.007660865783691406,
        0.008291244506835938,
        0.007453203201293945,
        0.007946014404296875,
        0.007360935211181641,
        0.0070879459381103516,
        0.00780487060546875,
        0.007791042327880859,
        0.007207155227661133
    ]
}