{
    "hyperparameters": {
        "bidirectional": false,
        "dropout_rate": 0.1658767648659,
        "hidden_units": 204,
        "learning_rate": 0.0002922408798,
        "num_layers": 3,
        "output_activation": "gelu",
        "weight_decay": 7.66818103e-05
    },
    "dataset_stats": {
        "name": "classification_ozone",
        "train_size": 85,
        "val_size": 21,
        "input_shape": [
            1201,
            1
        ],
        "num_classes": 2
    },
    "epochs": 35,
    "train_loss": [
        0.7319340705871582,
        0.7181309461593628,
        0.725508987903595,
        0.7126700282096863,
        0.7070226669311523,
        0.721382737159729,
        0.6926499605178833,
        0.6910379528999329,
        0.6863918304443359,
        0.6839964389801025,
        0.6946513056755066,
        0.6718832850456238,
        0.692433774471283,
        0.6934817433357239,
        0.6795366406440735,
        0.6792511343955994,
        0.6719541549682617,
        0.6874551773071289,
        0.7043681144714355,
        0.6664300560951233,
        0.6791048049926758,
        0.688408374786377,
        0.6734007596969604,
        0.6750048398971558,
        0.6863630414009094,
        0.6514596939086914,
        0.6678493022918701,
        0.6658502221107483,
        0.6852837204933167,
        0.6617483496665955,
        0.6626695990562439,
        0.6551010012626648,
        0.6669279932975769,
        0.6676592230796814,
        0.6741215586662292
    ],
    "val_loss": [
        0.6478330492973328,
        0.6940489411354065,
        0.7454589009284973,
        0.6754086017608643,
        0.7352259755134583,
        0.648250937461853,
        0.6688000559806824,
        0.6967897415161133,
        0.6968465447425842,
        0.7138900756835938,
        0.734921395778656,
        0.6834753751754761,
        0.6743770241737366,
        0.69507896900177,
        0.6937098503112793,
        0.6645864844322205,
        0.6820939183235168,
        0.800613284111023,
        0.7908176183700562,
        0.7583566904067993,
        0.7091324329376221,
        0.6844901442527771,
        0.6748871803283691,
        0.7121865749359131,
        0.7043067216873169,
        0.6979767680168152,
        0.6811969876289368,
        0.6596026420593262,
        0.654976487159729,
        0.6612904071807861,
        0.6699858903884888,
        0.6762425303459167,
        0.675747811794281,
        0.683273434638977,
        0.6915574669837952,
        0.6943356394767761
    ],
    "train_accuracy": [
        0.4941176474094391,
        0.4941176474094391,
        0.47058823704719543,
        0.4588235318660736,
        0.4470588266849518,
        0.4941176474094391,
        0.529411792755127,
        0.5529412031173706,
        0.5764706134796143,
        0.5647059082984924,
        0.5529412031173706,
        0.529411792755127,
        0.5058823823928833,
        0.5411764979362488,
        0.5882353186607361,
        0.5529412031173706,
        0.5529412031173706,
        0.5411764979362488,
        0.5529412031173706,
        0.529411792755127,
        0.5529412031173706,
        0.5647059082984924,
        0.5529412031173706,
        0.5647059082984924,
        0.47058823704719543,
        0.6470588445663452,
        0.5647059082984924,
        0.6117647290229797,
        0.529411792755127,
        0.6235294342041016,
        0.5411764979362488,
        0.6000000238418579,
        0.5529412031173706,
        0.5529412031173706,
        0.4588235318660736
    ],
    "val_accuracy": [
        0.7142857313156128,
        0.6190476417541504,
        0.4285714328289032,
        0.6666666865348816,
        0.3333333432674408,
        0.523809552192688,
        0.6190476417541504,
        0.380952388048172,
        0.4761904776096344,
        0.2857142984867096,
        0.380952388048172,
        0.380952388048172,
        0.6666666865348816,
        0.6666666865348816,
        0.6666666865348816,
        0.7142857313156128,
        0.4285714328289032,
        0.380952388048172,
        0.380952388048172,
        0.380952388048172,
        0.4285714328289032,
        0.4285714328289032,
        0.3333333432674408,
        0.380952388048172,
        0.4285714328289032,
        0.380952388048172,
        0.4285714328289032,
        0.380952388048172,
        0.4285714328289032,
        0.380952388048172,
        0.4285714328289032,
        0.4285714328289032,
        0.4285714328289032,
        0.4761904776096344,
        0.523809552192688,
        0.4761904776096344
    ],
    "epoch_times": [
        0.9428069591522217,
        0.6389894485473633,
        0.6662225723266602,
        0.6343967914581299,
        0.6445503234863281,
        0.6462192535400391,
        0.6531953811645508,
        0.6403834819793701,
        0.6340653896331787,
        0.6440184116363525,
        0.6556737422943115,
        0.6450216770172119,
        0.6504690647125244,
        0.6433186531066895,
        0.6359505653381348,
        0.6640195846557617,
        0.6520805358886719,
        0.6350553035736084,
        0.666743278503418,
        0.6571147441864014,
        0.6312050819396973,
        0.6394340991973877,
        0.6385629177093506,
        0.6595289707183838,
        0.6449871063232422,
        0.6312253475189209,
        0.6774494647979736,
        0.6431586742401123,
        0.672844409942627,
        0.6339328289031982,
        0.6553289890289307,
        0.6427481174468994,
        0.6368012428283691,
        0.6504311561584473,
        0.6633102893829346
    ]
}