{
    "hyperparameters": {
        "activation": "relu",
        "dropout_rate": 0.2896932271589,
        "hidden_units": 76,
        "learning_rate": 0.0017628954456,
        "num_layers": 1,
        "weight_decay": 0.0008015919835
    },
    "dataset_stats": {
        "name": "FiftyWords",
        "train_size": 360,
        "val_size": 90,
        "input_shape": [
            270,
            1
        ],
        "num_classes": 50
    },
    "epochs": 57,
    "train_loss": [
        3.5303618907928467,
        2.5955379009246826,
        2.258688449859619,
        2.003269672393799,
        1.7812198400497437,
        1.6478986740112305,
        1.5014163255691528,
        1.4241563081741333,
        1.324506163597107,
        1.2232911586761475,
        1.184880018234253,
        1.1226842403411865,
        0.9859806299209595,
        0.9780778884887695,
        0.8947852253913879,
        0.854222297668457,
        0.8226145505905151,
        0.7989050149917603,
        0.7751257419586182,
        0.7223032712936401,
        0.6819725632667542,
        0.6170617341995239,
        0.6125757694244385,
        0.5807403326034546,
        0.6024891138076782,
        0.5603742003440857,
        0.5059680342674255,
        0.5059649348258972,
        0.505921483039856,
        0.49916866421699524,
        0.46428030729293823,
        0.46345850825309753,
        0.5220882296562195,
        0.4479430615901947,
        0.44959601759910583,
        0.38733381032943726,
        0.40997225046157837,
        0.4315909445285797,
        0.4336645007133484,
        0.4458931088447571,
        0.37704771757125854,
        0.35455936193466187,
        0.330394446849823,
        0.33132487535476685,
        0.3762332499027252,
        0.3120723366737366,
        0.33708837628364563,
        0.30664336681365967,
        0.312544584274292,
        0.2875460386276245,
        0.32524216175079346,
        0.3417038917541504,
        0.3071528375148773,
        0.3096277415752411,
        0.27255427837371826,
        0.2713007926940918,
        0.2471512109041214
    ],
    "val_loss": [
        3.9372081756591797,
        3.052158832550049,
        2.477267026901245,
        2.2727363109588623,
        2.183202028274536,
        2.112942695617676,
        2.0658864974975586,
        1.956239104270935,
        1.9633680582046509,
        1.9091041088104248,
        1.8811111450195312,
        1.8596198558807373,
        1.7960209846496582,
        1.7656782865524292,
        1.751186490058899,
        1.7880784273147583,
        1.764230728149414,
        1.7060660123825073,
        1.759115219116211,
        1.748699426651001,
        1.7450264692306519,
        1.754843831062317,
        1.7783950567245483,
        1.7499626874923706,
        1.7464603185653687,
        1.7976181507110596,
        1.7719919681549072,
        1.7056206464767456,
        1.726783275604248,
        1.7662389278411865,
        1.739245057106018,
        1.7386658191680908,
        1.8168190717697144,
        1.869603157043457,
        1.7688021659851074,
        1.7957043647766113,
        1.7881091833114624,
        1.8494707345962524,
        1.7896060943603516,
        1.814188003540039,
        1.8048814535140991,
        1.8958823680877686,
        1.8284803628921509,
        1.8061968088150024,
        1.8650784492492676,
        1.900575041770935,
        1.9143503904342651,
        1.9029994010925293,
        1.8567535877227783,
        1.904227375984192,
        1.9262144565582275,
        1.969812035560608,
        2.025516986846924,
        2.0100011825561523,
        2.024519205093384,
        2.074113368988037,
        2.015280246734619,
        1.9569841623306274
    ],
    "train_accuracy": [
        0.20555555820465088,
        0.43611112236976624,
        0.5249999761581421,
        0.574999988079071,
        0.6166666746139526,
        0.6555555462837219,
        0.675000011920929,
        0.6888889074325562,
        0.7138888835906982,
        0.7250000238418579,
        0.7472222447395325,
        0.7527777552604675,
        0.7833333611488342,
        0.7722222208976746,
        0.8166666626930237,
        0.8305555582046509,
        0.8194444179534912,
        0.8222222328186035,
        0.8305555582046509,
        0.8361111283302307,
        0.8416666388511658,
        0.8722222447395325,
        0.8611111044883728,
        0.8638888597488403,
        0.8805555701255798,
        0.8833333253860474,
        0.8888888955116272,
        0.894444465637207,
        0.875,
        0.894444465637207,
        0.9083333611488342,
        0.8888888955116272,
        0.8666666746139526,
        0.8972222208976746,
        0.9111111164093018,
        0.9055555462837219,
        0.9138888716697693,
        0.894444465637207,
        0.8861111402511597,
        0.8972222208976746,
        0.9027777910232544,
        0.9083333611488342,
        0.9388889074325562,
        0.9333333373069763,
        0.9194444417953491,
        0.9333333373069763,
        0.9194444417953491,
        0.9305555820465088,
        0.925000011920929,
        0.9333333373069763,
        0.9194444417953491,
        0.9055555462837219,
        0.9194444417953491,
        0.925000011920929,
        0.9527778029441833,
        0.9416666626930237,
        0.9472222328186035
    ],
    "val_accuracy": [
        0.015625,
        0.41111111640930176,
        0.4555555582046509,
        0.4555555582046509,
        0.5111111402511597,
        0.5333333611488342,
        0.5333333611488342,
        0.5444444417953491,
        0.5666666626930237,
        0.5444444417953491,
        0.5444444417953491,
        0.5666666626930237,
        0.5666666626930237,
        0.5777778029441833,
        0.5777778029441833,
        0.5555555820465088,
        0.5888888835906982,
        0.6000000238418579,
        0.6333333253860474,
        0.6000000238418579,
        0.6111111044883728,
        0.6111111044883728,
        0.6222222447395325,
        0.5888888835906982,
        0.6000000238418579,
        0.6000000238418579,
        0.6000000238418579,
        0.644444465637207,
        0.6000000238418579,
        0.6222222447395325,
        0.6111111044883728,
        0.6222222447395325,
        0.6333333253860474,
        0.5888888835906982,
        0.6333333253860474,
        0.6111111044883728,
        0.6000000238418579,
        0.5888888835906982,
        0.6111111044883728,
        0.5888888835906982,
        0.6111111044883728,
        0.6222222447395325,
        0.5888888835906982,
        0.6111111044883728,
        0.5888888835906982,
        0.6000000238418579,
        0.6333333253860474,
        0.6000000238418579,
        0.6111111044883728,
        0.6222222447395325,
        0.6111111044883728,
        0.6111111044883728,
        0.6222222447395325,
        0.6111111044883728,
        0.6000000238418579,
        0.6000000238418579,
        0.5888888835906982,
        0.6000000238418579
    ],