{
    "hyperparameters": {
        "activation": "sigmoid",
        "dropout_rate": 0.076326684549,
        "kernel_size": 5,
        "learning_rate": 0.0001598866998,
        "num_filters": 145,
        "num_layers": 3,
        "pooling": "max",
        "pooling_size": 2
    },
    "dataset_stats": {
        "name": "Car",
        "train_size": 96,
        "val_size": 24,
        "input_shape": [
            1,
            577
        ],
        "num_classes": 4
    },
    "epochs": 45,
    "train_loss": [
        1.5733839273452759,
        1.256353735923767,
        1.2254499197006226,
        1.1742167472839355,
        1.100205898284912,
        1.0519075393676758,
        1.0404729843139648,
        1.079042911529541,
        0.987460196018219,
        0.9643252491950989,
        0.8740944862365723,
        0.9239271283149719,
        0.841515839099884,
        0.8669775128364563,
        0.8163018226623535,
        0.7308986783027649,
        0.7595158219337463,
        0.6867370009422302,
        0.781640350818634,
        0.7265755534172058,
        0.6463449001312256,
        0.6187236905097961,
        0.5589683055877686,
        0.602164089679718,
        0.6213088631629944,
        0.5442238450050354,
        0.5614024996757507,
        0.48789462447166443,
        0.5211430191993713,
        0.5089588761329651,
        0.501303493976593,
        0.4699958264827728,
        0.47438982129096985,
        0.4723338782787323,
        0.4275263249874115,
        0.4112050533294678,
        0.4049109220504761,
        0.43964633345603943,
        0.4082071781158447,
        0.3707219362258911,
        0.36865782737731934,
        0.3804800808429718,
        0.30978167057037354,
        0.3753765821456909,
        0.371814101934433
    ],
    "val_loss": [
        1.3996540307998657,
        1.3932180404663086,
        1.3883724212646484,
        1.3851929903030396,
        1.3830909729003906,
        1.3816996812820435,
        1.3810368776321411,
        1.3807005882263184,
        1.3802679777145386,
        1.3802038431167603,
        1.3793543577194214,
        1.3794533014297485,
        1.3761721849441528,
        1.369315266609192,
        1.358133316040039,
        1.3409684896469116,
        1.3465360403060913,
        1.3532634973526,
        1.387022614479065,
        1.3795820474624634,
        1.4570034742355347,
        1.554399013519287,
        1.5168495178222656,
        1.645198941230774,
        1.9973829984664917,
        2.1644346714019775,
        2.0310280323028564,
        2.0918827056884766,
        2.3163950443267822,
        2.482722520828247,
        2.506040573120117,
        2.658761739730835,
        2.658194065093994,
        2.61124324798584,
        2.4135913848876953,
        2.6402814388275146,
        2.7589523792266846,
        2.491746187210083,
        2.476546049118042,
        2.7428505420684814,
        2.586775779724121,
        2.7336788177490234,
        2.9555537700653076,
        3.0922939777374268,
        3.169708251953125,
        3.0519826412200928
    ],
    "train_accuracy": [
        0.2395833283662796,
        0.4166666567325592,
        0.46875,
        0.4166666567325592,
        0.5104166865348816,
        0.5625,
        0.59375,
        0.5520833134651184,
        0.5833333134651184,
        0.6354166865348816,
        0.6354166865348816,
        0.6354166865348816,
        0.7083333134651184,
        0.6458333134651184,
        0.7708333134651184,
        0.7708333134651184,
        0.6979166865348816,
        0.75,
        0.6770833134651184,
        0.6979166865348816,
        0.7604166865348816,
        0.7708333134651184,
        0.84375,
        0.78125,
        0.75,
        0.8541666865348816,
        0.8020833134651184,
        0.8333333134651184,
        0.8125,
        0.84375,
        0.8333333134651184,
        0.8541666865348816,
        0.8333333134651184,
        0.8541666865348816,
        0.8854166865348816,
        0.8645833134651184,
        0.8854166865348816,
        0.8541666865348816,
        0.875,
        0.90625,
        0.875,
        0.8854166865348816,
        0.90625,
        0.8958333134651184,
        0.8645833134651184
    ],
    "val_accuracy": [
        0.2083333283662796,
        0.2083333283662796,
        0.2083333283662796,
        0.2083333283662796,
        0.2083333283662796,
        0.2083333283662796,
        0.2083333283662796,
        0.2083333283662796,
        0.2083333283662796,
        0.25,
        0.2083333283662796,
        0.2083333283662796,
        0.2083333283662796,
        0.25,
        0.3333333432674408,
        0.4166666567325592,
        0.375,
        0.4166666567325592,
        0.375,
        0.4583333432674408,
        0.3333333432674408,
        0.4166666567325592,
        0.4166666567325592,
        0.4166666567325592,
        0.375,
        0.3333333432674408,
        0.4166666567325592,
        0.4583333432674408,
        0.375,
        0.375,
        0.4583333432674408,
        0.4166666567325592,
        0.4583333432674408,
        0.4583333432674408,
        0.4583333432674408,
        0.3333333432674408,
        0.4583333432674408,
        0.5,
        0.4583333432674408,
        0.4583333432674408,
        0.4166666567325592,
        0.375,
        0.4166666567325592,
        0.5,
        0.5,
        0.5
    ],
    "epoch_times": [
        0.2876403331756592,
        0.10357213020324707,
        0.08956098556518555,
        0.08257842063903809,
        0.08475828170776367,
        0.08321094512939453,
        0.08062100410461426,
        0.08895039558410645,
        0.1810624599456787,
        0.09472870826721191,
        0.15588641166687012,
        0.08830595016479492,
        0.08765482902526855,
        0.08639740943908691,
        0.1618022918701172,
        0.09407377243041992,
        0.14057016372680664,
        0.09030270576477051,
        0.09126639366149902,
        0.08469390869140625,
        0.08414697647094727,
        0.15334868431091309,
        0.09195899963378906,
        0.08536839485168457,
        0.08937191963195801,
        0.08676624298095703,
        0.09320759773254395,
        0.0910024642944336,
        0.15201163291931152,
        0.09480810165405273,
        0.09052729606628418,
        0.15021443367004395,
        0.09271645545959473,
        0.08968234062194824,
        0.14717912673950195,
        0.09009504318237305,
        0.0850217342376709,
        0.09030890464782715,
        0.04291796684265137,
        0.1051778793334961,
        0.08839845657348633,
        0.08772611618041992,
        0.1472773551940918,
        0.08095908164978027,
        0.09064745903015137
    ]
}