{
    "hyperparameters": {
        "activation": "relu",
        "dropout_rate": 0.0261343341588,
        "ff_dim": 303,
        "hidden_units": 301,
        "learning_rate": 8.35792084e-05,
        "num_heads": 5,
        "num_layers": 1,
        "pooling": "max",
        "weight_decay": 6.71972385e-05
    },
    "dataset_stats": {
        "name": "FiftyWords",
        "train_size": 360,
        "val_size": 90,
        "input_shape": [
            270,
            1
        ],
        "num_classes": 50
    },
    "epochs": 73,
    "train_loss": [
        3.4318199157714844,
        3.1491172313690186,
        3.277958393096924,
        3.2801647186279297,
        3.105069398880005,
        3.956484317779541,
        3.039656639099121,
        2.746265172958374,
        3.0151734352111816,
        2.764338254928589,
        2.80717396736145,
        2.4077436923980713,
        1.9881316423416138,
        3.3560829162597656,
        2.203641891479492,
        2.261115074157715,
        1.79212486743927,
        1.7071025371551514,
        2.8467228412628174,
        2.5876190662384033,
        1.6683359146118164,
        1.5300737619400024,
        1.084955096244812,
        1.263607144355774,
        2.1398062705993652,
        1.7832350730895996,
        0.7943150401115417,
        2.129624605178833,
        1.1359179019927979,
        1.9227614402770996,
        1.0574711561203003,
        1.220481038093567,
        0.74465012550354,
        1.4603403806686401,
        0.9031955003738403,
        0.6917197704315186,
        0.7546171545982361,
        2.089550018310547,
        0.5388380885124207,
        1.0859088897705078,
        0.925790548324585,
        1.5966360569000244,
        1.1342599391937256,
        1.693514108657837,
        0.5365754961967468,
        1.0424002408981323,
        0.7950503826141357,
        0.8118923306465149,
        0.6421892642974854,
        0.7746843099594116,
        0.6102997660636902,
        0.8821693658828735,
        0.30293914675712585,
        0.22313246130943298,
        0.39419931173324585,
        0.702834963798523,
        1.0198705196380615,
        0.7968782186508179,
        0.8530995845794678,
        0.7332364320755005,
        0.6234167814254761,
        0.8022388219833374,
        0.35271549224853516,
        0.3976218104362488,
        0.9992530941963196,
        0.43154963850975037,
        1.4839937686920166,
        0.39728206396102905,
        0.3480704128742218,
        1.5537104606628418,
        1.089768886566162,
        0.5836374759674072,
        0.730091392993927
    ],
    "val_loss": [
        4.936161518096924,
        3.7550103664398193,
        3.73476505279541,
        3.631573438644409,
        3.5708651542663574,
        3.5598440170288086,
        3.5295279026031494,
        3.429119110107422,
        3.4190893173217773,
        3.278470754623413,
        3.3113443851470947,
        3.192077398300171,
        3.0747618675231934,
        3.0561394691467285,
        3.001347541809082,
        2.861618995666504,
        2.8792073726654053,
        2.686561107635498,
        2.6289007663726807,
        2.656827211380005,
        2.6508524417877197,
        2.6376802921295166,
        2.5496294498443604,
        2.5056519508361816,
        2.5676677227020264,
        2.4998159408569336,
        2.5192742347717285,
        2.473381280899048,
        2.4221651554107666,
        2.4424006938934326,
        2.450418710708618,
        2.5459041595458984,
        2.4300284385681152,
        2.6018807888031006,
        2.4764771461486816,
        2.3434197902679443,
        2.4554789066314697,
        2.456179618835449,
        2.3414244651794434,
        2.3836405277252197,
        2.398507595062256,
        2.344242811203003,
        2.3813891410827637,
        2.241220474243164,
        2.3612351417541504,
        2.3186581134796143,
        2.3729872703552246,
        2.2807586193084717,
        2.384021759033203,
        2.3273379802703857,
        2.281179189682007,
        2.344188690185547,
        2.243988513946533,
        2.2792136669158936,
        2.315006971359253,
        2.2681350708007812,
        2.2954180240631104,
        2.300515651702881,
        2.28088116645813,
        2.2607085704803467,
        2.2706289291381836,
        2.2696692943573,
        2.2677481174468994,
        2.272805690765381,
        2.2684664726257324,
        2.269069194793701,
        2.2721428871154785,
        2.253812074661255,
        2.259343147277832,
        2.2705445289611816,
        2.2620439529418945,
        2.264129877090454,
        2.265259027481079,
        2.260474681854248
    ],
    "train_accuracy": [
        0.25,
        0.375,
        0.375,
        0.25,
        0.125,
        0.25,
        0.375,
        0.5,
        0.25,
        0.375,
        0.375,
        0.5,
        0.5,
        0.125,
        0.375,
        0.5,
        0.625,
        0.625,
        0.125,
        0.375,
        0.5,
        0.625,
        0.625,
        0.75,
        0.375,
        0.375,
        0.875,
        0.5,
        0.75,
        0.25,
        0.75,
        0.75,
        0.75,
        0.5,
        0.875,
        0.75,
        0.875,
        0.5,
        0.875,
        0.875,
        1.0,
        0.5,
        0.75,
        0.5,
        1.0,
        0.625,
        0.875,
        0.875,
        1.0,
        0.875,
        1.0,
        0.75,
        1.0,
        1.0,
        1.0,
        0.875,
        0.75,
        0.875,
        0.75,
        0.75,
        1.0,
        0.75,
        1.0,
        1.0,
        0.625,
        1.0,
        0.625,
        1.0,
        1.0,
        0.5,
        0.75,
        1.0,
        0.875
    ],
    "val_accuracy": [
        0.0,
        0.06666667014360428,
        0.04444444552063942,
        0.10000000149011612,
        0.1666666716337204,
        0.17777778208255768,
        0.18888889253139496,
        0.1666666716337204,
        0.21111111342906952,
        0.23333333432674408,
        0.23333333432674408,
        0.2888889014720917,
        0.2888889014720917,
        0.2777777910232544,
        0.2888889014720917,
        0.3333333432674408,
        0.3333333432674408,
        0.30000001192092896,
        0.31111112236976624,
        0.3444444537162781,
        0.4000000059604645,
        0.36666667461395264,
        0.41111111640930176,
        0.41111111640930176,
        0.3444444537162781,
        0.42222222685813904,
        0.4000000059604645,
        0.3777777850627899,
        0.4333333373069763,
        0.3888888955116272,
        0.4000000059604645,
        0.35555556416511536,
        0.41111111640930176,
        0.3888888955116272,
        0.3777777850627899,
        0.42222222685813904,
        0.4000000059604645,
        0.3777777850627899,
        0.4000000059604645,
        0.41111111640930176,
        0.3888888955116272,
        0.41111111640930176,
        0.3888888955116272,
        0.4333333373069763,
        0.42222222685813904,
        0.4444444477558136,
        0.4000000059604645,
        0.4555555582046509,
        0.3777777850627899,
        0.4333333373069763,
        0.4444444477558136,
        0.4000000059604645,
        0.42222222685813904,
        0.4333333373069763,
        0.4333333373069763,
        0.4555555582046509,
        0.4333333373069763,
        0.4333333373069763,
        0.42222222685813904,
        0.4444444477558136,
        0.42222222685813904,
        0.4444444477558136,
        0.4333333373069763,
        0.4333333373069763,
        0.4333333373069763,
        0.4444444477558136,
        0.4444444477558136,
        0.4444444477558136,
        0.4444444477558136,
        0.4444444477558136,
        0.4444444477558136,
        0.4444444477558136,
        0.4333333373069763,
        0.4444444477558136
    ],