{
    "hyperparameters": {
        "activation": "tanh",
        "dropout_rate": 0.1179501537431,
        "hidden_units": 93,
        "learning_rate": 0.0048488762615,
        "num_layers": 1,
        "weight_decay": 0.0025924149154
    },
    "dataset_stats": {
        "name": "CBF",
        "train_size": 44,
        "val_size": 11,
        "input_shape": [
            128,
            1
        ],
        "num_classes": 3
    },
    "epochs": 39,
    "train_loss": [
        1.1863511800765991,
        0.5413672924041748,
        0.40833723545074463,
        0.256733238697052,
        0.18649335205554962,
        0.15515445172786713,
        0.11062493920326233,
        0.09723510593175888,
        0.08377612382173538,
        0.0521901398897171,
        0.04136988893151283,
        0.05332697555422783,
        0.03917934000492096,
        0.029897768050432205,
        0.03145987167954445,
        0.020185226574540138,
        0.021177275106310844,
        0.02291121333837509,
        0.020616086199879646,
        0.03084639273583889,
        0.008764484897255898,
        0.01342624519020319,
        0.010470762848854065,
        0.006496915128082037,
        0.008054095320403576,
        0.01379633042961359,
        0.008642705157399178,
        0.008217805996537209,
        0.01569819636642933,
        0.010667114518582821,
        0.004656240809708834,
        0.006724652834236622,
        0.00592002971097827,
        0.008250373415648937,
        0.0053228894248604774,
        0.0064766379073262215,
        0.003359023714438081,
        0.005274124443531036,
        0.0038357628509402275
    ],
    "val_loss": [
        1.0903129577636719,
        0.6998040676116943,
        0.6563711762428284,
        0.6315240263938904,
        0.5023331642150879,
        0.4118594825267792,
        0.34303924441337585,
        0.29560181498527527,
        0.2695564031600952,
        0.2679468095302582,
        0.2958866059780121,
        0.3550064265727997,
        0.40345069766044617,
        0.4346943199634552,
        0.452157586812973,
        0.4607279598712921,
        0.44139060378074646,
        0.4105765223503113,
        0.384320467710495,
        0.36683177947998047,
        0.34873080253601074,
        0.3537183701992035,
        0.37914639711380005,
        0.4457845687866211,
        0.48090454936027527,
        0.4925478994846344,
        0.5198950171470642,
        0.5009472966194153,
        0.497139573097229,
        0.47955960035324097,
        0.41437017917633057,
        0.38417214155197144,
        0.36770689487457275,
        0.35322582721710205,
        0.36122119426727295,
        0.35807904601097107,
        0.3491920828819275,
        0.35928037762641907,
        0.3964679539203644,
        0.40778082609176636
    ],
    "train_accuracy": [
        0.40909090638160706,
        0.7727272510528564,
        0.8409090638160706,
        0.9318181872367859,
        1.0,
        1.0,
        1.0,
        1.0,
        0.9772727489471436,
        1.0,
        1.0,
        1.0,
        1.0,
        1.0,
        1.0,
        1.0,
        1.0,
        1.0,
        1.0,
        1.0,
        1.0,
        1.0,
        1.0,
        1.0,
        1.0,
        1.0,
        1.0,
        1.0,
        1.0,
        1.0,
        1.0,
        1.0,
        1.0,
        1.0,
        1.0,
        1.0,
        1.0,
        1.0,
        1.0
    ],
    "val_accuracy": [
        0.4545454680919647,
        0.6363636255264282,
        0.6363636255264282,
        0.7272727489471436,
        0.8181819319725037,
        0.8181819319725037,
        0.9090909361839294,
        0.9090909361839294,
        0.9090909361839294,
        0.9090909361839294,
        0.9090909361839294,
        0.9090909361839294,
        0.8181819319725037,
        0.8181819319725037,
        0.8181819319725037,
        0.8181819319725037,
        0.8181819319725037,
        0.8181819319725037,
        0.8181819319725037,
        0.8181819319725037,
        0.8181819319725037,
        0.8181819319725037,
        0.8181819319725037,
        0.8181819319725037,
        0.8181819319725037,
        0.8181819319725037,
        0.8181819319725037,
        0.8181819319725037,
        0.8181819319725037,
        0.8181819319725037,
        0.8181819319725037,
        0.8181819319725037,
        0.8181819319725037,
        0.8181819319725037,
        0.8181819319725037,
        0.8181819319725037,
        0.8181819319725037,
        0.8181819319725037,
        0.8181819319725037,
        0.8181819319725037
    ],
    "epoch_times": [
        0.01165914535522461,
        0.011535167694091797,
        0.011367321014404297,
        0.012181520462036133,
        0.011543512344360352,
        0.011422872543334961,
        0.011399269104003906,
        0.011493682861328125,
        0.01163482666015625,
        0.011344432830810547,
        0.011494159698486328,
        0.01125645637512207,
        0.011363744735717773,
        0.011147022247314453,
        0.015646934509277344,
        0.013729095458984375,
        0.014513731002807617,
        0.014261245727539062,
        0.011798858642578125,
        0.01130366325378418,
        0.010229349136352539,
        0.011124134063720703,
        0.01116037368774414,
        0.010909080505371094,
        0.011255025863647461,
        0.010838747024536133,
        0.01100611686706543,
        0.011185407638549805,
        0.010981321334838867,
        0.010749340057373047,
        0.010298490524291992,
        0.010182857513427734,
        0.011366605758666992,
        0.012037992477416992,
        0.012354612350463867,
        0.011885881423950195,
        0.011764287948608398,
        0.011729001998901367,
        0.011496543884277344
    ]
}