{
    "hyperparameters": {
        "activation": "gelu",
        "dropout_rate": 0.2774381294866,
        "ff_dim": 629,
        "hidden_units": 186,
        "learning_rate": 0.0001494264167,
        "num_heads": 3,
        "num_layers": 3,
        "pooling": "mean",
        "weight_decay": 8.50894394e-05
    },
    "dataset_stats": {
        "name": "BeetleFly",
        "train_size": 32,
        "val_size": 8,
        "input_shape": [
            512,
            1
        ],
        "num_classes": 2
    },
    "epochs": 40,
    "train_loss": [
        1.0895299911499023,
        1.2309513092041016,
        1.0136932134628296,
        0.6813179850578308,
        0.6226138472557068,
        0.8122057914733887,
        0.7429540157318115,
        0.7141737937927246,
        0.7117449045181274,
        0.8695400357246399,
        0.7136578559875488,
        0.6926897168159485,
        0.9099742770195007,
        0.7333365678787231,
        0.9677085280418396,
        0.6969940066337585,
        0.8839708566665649,
        0.747924268245697,
        0.7818045616149902,
        0.6167334318161011,
        0.7986893653869629,
        0.7700240612030029,
        0.7406557202339172,
        0.7066824436187744,
        0.6803293824195862,
        0.7719359993934631,
        0.7231562733650208,
        0.6790874600410461,
        0.7584949731826782,
        0.7258308529853821,
        0.5527099370956421,
        0.6690214276313782,
        0.673332154750824,
        0.723109781742096,
        0.7357613444328308,
        0.8394702076911926,
        0.6866497993469238,
        0.6700946092605591,
        0.6973114609718323,
        0.6192729473114014
    ],
    "val_loss": [
        0.5605905652046204,
        2.0151729583740234,
        1.5589182376861572,
        1.4027653932571411,
        1.3978136777877808,
        1.3747694492340088,
        1.3090561628341675,
        1.1478749513626099,
        0.9865639209747314,
        0.9248547554016113,
        0.8978808522224426,
        0.8977272510528564,
        0.9800363779067993,
        1.0745278596878052,
        1.1011228561401367,
        1.0791101455688477,
        1.091128945350647,
        1.1281296014785767,
        1.134429931640625,
        1.1233576536178589,
        1.1062846183776855,
        1.0989106893539429,
        1.0928990840911865,
        1.0840226411819458,
        1.0748252868652344,
        1.0611028671264648,
        1.0442860126495361,
        1.0244643688201904,
        1.0133808851242065,
        0.9969672560691833,
        0.9918861985206604,
        0.9861147403717041,
        0.984751284122467,
        0.9845820069313049,
        0.9851792454719543,
        0.986110270023346,
        0.9870041608810425,
        0.9865784645080566,
        0.985930860042572,
        0.9857158064842224,
        0.9865726232528687
    ],
    "train_accuracy": [
        0.4375,
        0.59375,
        0.53125,
        0.5,
        0.6875,
        0.5,
        0.6875,
        0.625,
        0.625,
        0.5625,
        0.53125,
        0.5625,
        0.40625,
        0.59375,
        0.4375,
        0.59375,
        0.59375,
        0.625,
        0.5625,
        0.6875,
        0.53125,
        0.59375,
        0.59375,
        0.59375,
        0.65625,
        0.53125,
        0.4375,
        0.5,
        0.5625,
        0.5625,
        0.71875,
        0.5625,
        0.5625,
        0.5,
        0.46875,
        0.4375,
        0.65625,
        0.5625,
        0.65625,
        0.59375
    ],
    "val_accuracy": [
        0.75,
        0.375,
        0.125,
        0.5,
        0.5,
        0.375,
        0.375,
        0.375,
        0.375,
        0.5,
        0.5,
        0.375,
        0.125,
        0.125,
        0.25,
        0.375,
        0.375,
        0.375,
        0.375,
        0.375,
        0.375,
        0.375,
        0.375,
        0.25,
        0.25,
        0.25,
        0.25,
        0.375,
        0.375,
        0.375,
        0.375,
        0.375,
        0.375,
        0.375,
        0.375,
        0.375,
        0.375,
        0.375,
        0.375,
        0.375,
        0.375
    ],
    "epoch_times": [
        0.2327423095703125,
        0.05242776870727539,
        0.04672384262084961,
        0.045984506607055664,
        0.04675412178039551,
        0.04764509201049805,
        0.04712510108947754,
        0.04620671272277832,
        0.04661154747009277,
        0.045571088790893555,
        0.04642820358276367,
        0.045986175537109375,
        0.04734063148498535,
        0.05219769477844238,
        0.04784512519836426,
        0.046811580657958984,
        0.04780864715576172,
        0.04662322998046875,
        0.05071878433227539,
        0.04615211486816406,
        0.04649043083190918,
        0.04592537879943848,
        0.04772830009460449,
        0.052477121353149414,
        0.0477752685546875,
        0.04628348350524902,
        0.048863887786865234,
        0.04950213432312012,
        0.0462644100189209,
        0.049592018127441406,
        0.0455474853515625,
        0.0517125129699707,
        0.04522252082824707,
        0.04522967338562012,
        0.044737815856933594,
        0.044626712799072266,
        0.04535245895385742,
        0.045285701751708984,
        0.04484248161315918,
        0.049488067626953125
    ]
}