{
    "hyperparameters": {
        "activation": "gelu",
        "dropout_rate": 0.2892694248619,
        "hidden_units": 36,
        "learning_rate": 0.000601932805,
        "num_layers": 2,
        "weight_decay": 0.0009662085801
    },
    "dataset_stats": {
        "name": "FiftyWords",
        "train_size": 360,
        "val_size": 90,
        "input_shape": [
            270,
            1
        ],
        "num_classes": 50
    },
    "epochs": 131,
    "train_loss": [
        4.032448768615723,
        3.682795286178589,
        3.5418412685394287,
        3.433635711669922,
        3.2739264965057373,
        3.19811749458313,
        3.095229148864746,
        3.0377678871154785,
        2.9826571941375732,
        2.9233341217041016,
        2.8751115798950195,
        2.7854063510894775,
        2.707918405532837,
        2.7225799560546875,
        2.586864709854126,
        2.5551795959472656,
        2.498751401901245,
        2.4752426147460938,
        2.3832273483276367,
        2.4024877548217773,
        2.2858312129974365,
        2.3562381267547607,
        2.29258394241333,
        2.2791504859924316,
        2.217621088027954,
        2.190239906311035,
        2.1253411769866943,
        2.071044445037842,
        2.0695900917053223,
        2.051370859146118,
        2.0932836532592773,
        2.0601871013641357,
        1.9470571279525757,
        1.9798799753189087,
        1.9542758464813232,
        1.892971158027649,
        1.894027829170227,
        1.890167236328125,
        1.8586229085922241,
        1.876354694366455,
        1.777772068977356,
        1.7788254022598267,
        1.771986722946167,
        1.769791841506958,
        1.766865849494934,
        1.7056128978729248,
        1.723029375076294,
        1.6885647773742676,
        1.6441866159439087,
        1.6536701917648315,
        1.631187915802002,
        1.6320992708206177,
        1.6485590934753418,
        1.6031370162963867,
        1.562130093574524,
        1.5511654615402222,
        1.5163288116455078,
        1.4987411499023438,
        1.458222508430481,
        1.4765021800994873,
        1.55124032497406,
        1.4943053722381592,
        1.4439059495925903,
        1.4727193117141724,
        1.3747590780258179,
        1.4548770189285278,
        1.4257584810256958,
        1.4068266153335571,
        1.4025788307189941,
        1.404738187789917,
        1.3351770639419556,
        1.3606019020080566,
        1.3919649124145508,
        1.341488242149353,
        1.4403858184814453,
        1.3365458250045776,
        1.2850327491760254,
        1.3557146787643433,
        1.311940312385559,
        1.333677053451538,
        1.331347942352295,
        1.33449125289917,
        1.2876776456832886,
        1.3079203367233276,
        1.2510541677474976,
        1.2209054231643677,
        1.2250341176986694,
        1.2144328355789185,
        1.2747206687927246,
        1.247072458267212,
        1.212523341178894,
        1.2337872982025146,
        1.2251180410385132,
        1.2680474519729614,
        1.269405484199524,
        1.171820878982544,
        1.2195367813110352,
        1.1889586448669434,
        1.1849011182785034,
        1.2008709907531738,
        1.2071698904037476,
        1.106188178062439,
        1.1166290044784546,
        1.142379641532898,
        1.1055967807769775,
        1.107736587524414,
        1.099911093711853,
        1.1011204719543457,
        1.1302433013916016,
        1.1092454195022583,
        1.1155827045440674,
        1.1726484298706055,
        1.0716161727905273,
        1.1385653018951416,
        1.0705935955047607,
        1.1481529474258423,
        1.0364348888397217,
        1.0297589302062988,
        1.0746064186096191,
        1.0691285133361816,
        1.0599147081375122,
        1.0225502252578735,
        0.9770129919052124,
        1.086670994758606,
        0.9760051369667053,
        0.9831207394599915,
        0.9915739297866821,
        0.9739271402359009,
        1.017161250114441,
        0.9974285364151001,
        1.0124202966690063
    ],
    "val_loss": [
        3.9280576705932617,
        3.8387482166290283,
        3.6909573078155518,
        3.5732903480529785,
        3.4813873767852783,
        3.3996784687042236,
        3.323477268218994,
        3.2661001682281494,
        3.198451042175293,
        3.162579298019409,
        3.0719211101531982,
        3.0132648944854736,
        2.976175546646118,
        2.9348199367523193,
        2.9375905990600586,
        2.90408992767334,
        2.852257251739502,
        2.7765092849731445,
        2.737896680831909,
        2.7139699459075928,
        2.7147481441497803,
        2.6849958896636963,
        2.6837007999420166,
        2.6447033882141113,
        2.599619150161743,
        2.5805137157440186,
        2.534346103668213,
        2.510768413543701,
        2.4935238361358643,
        2.4672658443450928,
        2.449228048324585,
        2.4328737258911133,
        2.3992769718170166,
        2.3973333835601807,
        2.395191192626953,
        2.394714117050171,
        2.4065661430358887,
        2.367457866668701,
        2.374920606613159,
        2.3595423698425293,
        2.325317144393921,
        2.313471794128418,
        2.3152785301208496,
        2.3185510635375977,
        2.2943570613861084,
        2.3010289669036865,
        2.3030471801757812,
        2.280061960220337,
        2.256504535675049,
        2.250352382659912,
        2.2563588619232178,
        2.260699987411499,
        2.21539044380188,
        2.2172350883483887,
        2.2081973552703857,
        2.199143886566162,
        2.177747964859009,
        2.163050889968872,
        2.171147108078003,
        2.198927879333496,
        2.1737542152404785,
        2.1712958812713623,
        2.1618058681488037,
        2.1822614669799805,
        2.1802144050598145,
        2.1697185039520264,
        2.129945993423462,
        2.1387176513671875,
        2.1231226921081543,
        2.1294283866882324,
        2.1366193294525146,
        2.117696523666382,
        2.1445579528808594,
        2.0934457778930664,
        2.102907180786133,
        2.1088101863861084,
        2.1112191677093506,
        2.1066677570343018,
        2.1066815853118896,
        2.1190671920776367,
        2.1482510566711426,
        2.1787140369415283,
        2.1304171085357666,
        2.1256377696990967,
        2.1167352199554443,
        2.1069607734680176,
        2.072326421737671,
        2.0581166744232178,
        2.04927396774292,
        2.0772480964660645,
        2.073265552520752,
        2.09536075592041,
        2.0642192363739014,
        2.073448657989502,
        2.0517687797546387,
        2.059809446334839,
        2.0494306087493896,
        2.0545246601104736,
        2.0740840435028076,
        2.0967535972595215,
        2.0884203910827637,
        2.035062313079834,
        2.0943915843963623,
        2.1057167053222656,
        2.086747646331787,
        2.076216697692871,
        2.0748441219329834,
        2.064830780029297,
        2.083411931991577,
        2.0974771976470947,
        2.0753605365753174,
        2.0754477977752686,
        2.0873913764953613,
        2.100904703140259,
        2.1012704372406006,
        2.107935905456543,
        2.084214448928833,
        2.0876948833465576,
        2.111224412918091,
        2.130510091781616,
        2.122081756591797,
        2.107306480407715,
        2.107106924057007,
        2.062066078186035,
        2.0545942783355713,
        2.1138477325439453,
        2.087923526763916,
        2.0724596977233887,
        2.0477664470672607,
        2.035996675491333,
        2.0584213733673096,
        2.0374245643615723
    ],