{
    "hyperparameters": {
        "activation": "relu",
        "dropout_rate": 0.4501943300472,
        "hidden_units": 30,
        "learning_rate": 0.0029841660678,
        "num_layers": 1,
        "weight_decay": 0.0005730241708
    },
    "dataset_stats": {
        "name": "FiftyWords",
        "train_size": 360,
        "val_size": 90,
        "input_shape": [
            270,
            1
        ],
        "num_classes": 50
    },
    "epochs": 68,
    "train_loss": [
        3.759615421295166,
        3.182426929473877,
        2.8872008323669434,
        2.6928319931030273,
        2.450110912322998,
        2.334524154663086,
        2.267324209213257,
        2.1045329570770264,
        2.085914373397827,
        1.994475245475769,
        1.9161638021469116,
        1.8646469116210938,
        1.839727759361267,
        1.7808533906936646,
        1.7259352207183838,
        1.6415151357650757,
        1.640195608139038,
        1.544743299484253,
        1.5222055912017822,
        1.4734176397323608,
        1.483361005783081,
        1.408642292022705,
        1.4743304252624512,
        1.3995568752288818,
        1.370859980583191,
        1.3101240396499634,
        1.2612448930740356,
        1.2954702377319336,
        1.3425828218460083,
        1.3248870372772217,
        1.3094078302383423,
        1.2757736444473267,
        1.2335286140441895,
        1.2892080545425415,
        1.2339181900024414,
        1.2304363250732422,
        1.114744782447815,
        1.2091073989868164,
        1.1440589427947998,
        1.145836353302002,
        1.1660680770874023,
        1.1009210348129272,
        1.1268187761306763,
        1.1563308238983154,
        1.1054660081863403,
        1.1105279922485352,
        1.1249879598617554,
        1.0579943656921387,
        1.0267493724822998,
        1.1017680168151855,
        1.0866692066192627,
        0.9655054807662964,
        1.1037819385528564,
        0.9733137488365173,
        1.0438066720962524,
        1.0528098344802856,
        0.9926314353942871,
        1.0223215818405151,
        1.0160859823226929,
        0.9751163125038147,
        1.0173628330230713,
        0.8967724442481995,
        0.955769419670105,
        0.8808698058128357,
        1.0446254014968872,
        0.9352274537086487,
        1.0143206119537354,
        0.9856224060058594
    ],
    "val_loss": [
        3.957745313644409,
        3.4470295906066895,
        3.0832509994506836,
        2.8514227867126465,
        2.7172675132751465,
        2.6337080001831055,
        2.576486110687256,
        2.49002742767334,
        2.4063053131103516,
        2.3769655227661133,
        2.364548921585083,
        2.2960238456726074,
        2.2189409732818604,
        2.1967451572418213,
        2.178981304168701,
        2.139665126800537,
        2.1288681030273438,
        2.0946545600891113,
        2.032349109649658,
        1.9708861112594604,
        1.9649827480316162,
        2.0100576877593994,
        1.9765737056732178,
        1.9372124671936035,
        1.9637062549591064,
        1.9720818996429443,
        1.9223545789718628,
        1.8919209241867065,
        1.8926119804382324,
        1.9358069896697998,
        1.9414639472961426,
        1.9640594720840454,
        1.9720338582992554,
        1.9812558889389038,
        1.9071457386016846,
        1.870161771774292,
        1.8610780239105225,
        1.8548920154571533,
        1.8539854288101196,
        1.8840911388397217,
        1.8879896402359009,
        1.8819459676742554,
        1.9456835985183716,
        1.9661861658096313,
        1.990379810333252,
        2.031630039215088,
        2.005544424057007,
        1.9729472398757935,
        1.9526382684707642,
        1.9308135509490967,
        1.9388917684555054,
        1.9751065969467163,
        2.0049521923065186,
        1.9442046880722046,
        1.9989807605743408,
        2.0574185848236084,
        2.042827844619751,
        2.0002455711364746,
        2.028369426727295,
        2.07761812210083,
        2.0534632205963135,
        2.0111944675445557,
        2.0084943771362305,
        2.049499750137329,
        2.0477027893066406,
        2.0047082901000977,
        2.0276222229003906,
        2.046531915664673,
        2.0517241954803467
    ],
    "train_accuracy": [
        0.09444444626569748,
        0.2666666805744171,
        0.3638888895511627,
        0.3916666805744171,
        0.43888887763023376,
        0.44999998807907104,
        0.4444444477558136,
        0.48055556416511536,
        0.4888888895511627,
        0.5138888955116272,
        0.4972222149372101,
        0.5305555462837219,
        0.4861111044883728,
        0.550000011920929,
        0.5555555820465088,
        0.5666666626930237,
        0.5611110925674438,
        0.6166666746139526,
        0.6083333492279053,
        0.605555534362793,
        0.5888888835906982,
        0.625,
        0.5972222089767456,
        0.6138888597488403,
        0.6527777910232544,
        0.6527777910232544,
        0.6694444417953491,
        0.644444465637207,
        0.6083333492279053,
        0.6555555462837219,
        0.6499999761581421,
        0.675000011920929,
        0.6499999761581421,
        0.6305555701255798,
        0.6833333373069763,
        0.6611111164093018,
        0.699999988079071,
        0.6555555462837219,
        0.675000011920929,
        0.6666666865348816,
        0.6416666507720947,
        0.6527777910232544,
        0.6833333373069763,
        0.6666666865348816,
        0.6666666865348816,
        0.6861110925674438,
        0.7277777791023254,
        0.7027778029441833,
        0.7027778029441833,
        0.7027778029441833,
        0.6777777671813965,
        0.7333333492279053,
        0.6888889074325562,
        0.7166666388511658,
        0.7055555582046509,
        0.6833333373069763,
        0.7111111283302307,
        0.6833333373069763,
        0.7250000238418579,
        0.7222222089767456,
        0.7055555582046509,
        0.730555534362793,
        0.7083333134651184,
        0.7444444298744202,
        0.6722221970558167,
        0.7444444298744202,
        0.6861110925674438,
        0.7138888835906982
    ],