{
    "hyperparameters": {
        "bidirectional": true,
        "dropout_rate": 0.2091404337814,
        "hidden_units": 129,
        "learning_rate": 0.00085144824,
        "num_layers": 2,
        "output_activation": "gelu",
        "weight_decay": 2.88890427e-05
    },
    "dataset_stats": {
        "name": "ArrowHead",
        "train_size": 58,
        "val_size": 14,
        "input_shape": [
            251,
            1
        ],
        "num_classes": 3
    },
    "epochs": 55,
    "train_loss": [
        1.0669134855270386,
        0.8349126577377319,
        0.7270001173019409,
        0.6099306344985962,
        0.5297680497169495,
        0.5127016305923462,
        0.4750189185142517,
        0.4767494201660156,
        0.44243621826171875,
        0.41087669134140015,
        0.40746843814849854,
        0.45570695400238037,
        0.3559122383594513,
        0.3398365080356598,
        0.36253225803375244,
        0.40033218264579773,
        0.3931466341018677,
        0.3176896274089813,
        0.3351770043373108,
        0.3687300384044647,
        0.32511040568351746,
        0.3341479003429413,
        0.3028906583786011,
        0.3561635911464691,
        0.33386266231536865,
        0.317257285118103,
        0.30375733971595764,
        0.308392733335495,
        0.3067474365234375,
        0.29818427562713623,
        0.29664358496665955,
        0.2954278588294983,
        0.2955935299396515,
        0.297555536031723,
        0.29611313343048096,
        0.29680508375167847,
        0.29647713899612427,
        0.2957507073879242,
        0.2950391471385956,
        0.29629620909690857,
        0.2972071170806885,
        0.296862930059433,
        0.29702386260032654,
        0.2950729429721832,
        0.29553261399269104,
        0.29505401849746704,
        0.2949599623680115,
        0.2952176332473755,
        0.2945511043071747,
        0.2955319583415985,
        0.2951316833496094,
        0.2945196330547333,
        0.29531925916671753,
        0.2952076494693756,
        0.2951812744140625
    ],
    "val_loss": [
        1.0905427932739258,
        1.04536771774292,
        1.0533288717269897,
        1.1470496654510498,
        1.011818766593933,
        1.1333110332489014,
        1.2775486707687378,
        0.9027713537216187,
        0.835141658782959,
        1.0178189277648926,
        1.0935808420181274,
        1.1517761945724487,
        1.1179988384246826,
        0.9616489410400391,
        0.8344953656196594,
        1.0559515953063965,
        0.9085034728050232,
        0.864730179309845,
        0.9179401993751526,
        0.8047152757644653,
        0.8113592863082886,
        0.9388336539268494,
        0.7333306074142456,
        0.6750637292861938,
        0.5847459435462952,
        0.4568331241607666,
        0.7354996800422668,
        1.0195679664611816,
        1.0445680618286133,
        1.0391900539398193,
        1.005854845046997,
        0.8473679423332214,
        0.7660176157951355,
        0.7306283116340637,
        0.7253570556640625,
        0.7341791987419128,
        0.7564916610717773,
        0.781549334526062,
        0.78875333070755,
        0.793819785118103,
        0.794051468372345,
        0.7918635010719299,
        0.7879034876823425,
        0.7811638712882996,
        0.7776829600334167,
        0.7741031050682068,
        0.7719250917434692,
        0.7712710499763489,
        0.7718042731285095,
        0.7724622488021851,
        0.7727362513542175,
        0.7726557850837708,
        0.7725890278816223,
        0.7725552320480347,
        0.7722331881523132,
        0.7721778154373169
    ],
    "train_accuracy": [
        0.48275861144065857,
        0.8103448152542114,
        0.7931034564971924,
        0.8793103694915771,
        0.8793103694915771,
        0.8793103694915771,
        0.8793103694915771,
        0.8965517282485962,
        0.9137930870056152,
        0.9655172228813171,
        0.931034505367279,
        0.9137930870056152,
        0.9655172228813171,
        1.0,
        0.982758641242981,
        0.9655172228813171,
        0.9482758641242981,
        1.0,
        0.982758641242981,
        0.9655172228813171,
        0.982758641242981,
        0.982758641242981,
        1.0,
        0.931034505367279,
        0.982758641242981,
        1.0,
        1.0,
        0.982758641242981,
        1.0,
        1.0,
        1.0,
        1.0,
        1.0,
        1.0,
        1.0,
        1.0,
        1.0,
        1.0,
        1.0,
        1.0,
        1.0,
        1.0,
        1.0,
        1.0,
        1.0,
        1.0,
        1.0,
        1.0,
        1.0,
        1.0,
        1.0,
        1.0,
        1.0,
        1.0,
        1.0
    ],
    "val_accuracy": [
        0.4285714626312256,
        0.3571428656578064,
        0.3571428656578064,
        0.4285714626312256,
        0.5,
        0.4285714626312256,
        0.4285714626312256,
        0.4285714626312256,
        0.3571428656578064,
        0.4285714626312256,
        0.5,
        0.5,
        0.5714285969734192,
        0.7142857313156128,
        0.7142857313156128,
        0.6428571939468384,
        0.785714328289032,
        0.8571429252624512,
        0.785714328289032,
        0.8571429252624512,
        0.8571429252624512,
        0.7142857313156128,
        0.8571429252624512,
        0.8571429252624512,
        0.8571429252624512,
        0.8571429252624512,
        0.8571429252624512,
        0.6428571939468384,
        0.7142857313156128,
        0.7142857313156128,
        0.7142857313156128,
        0.7142857313156128,
        0.8571429252624512,
        0.8571429252624512,
        0.8571429252624512,
        0.8571429252624512,
        0.8571429252624512,
        0.8571429252624512,
        0.8571429252624512,
        0.8571429252624512,
        0.8571429252624512,
        0.8571429252624512,
        0.8571429252624512,
        0.8571429252624512,
        0.8571429252624512,
        0.8571429252624512,
        0.8571429252624512,
        0.8571429252624512,
        0.8571429252624512,
        0.8571429252624512,
        0.8571429252624512,
        0.8571429252624512,
        0.8571429252624512,
        0.8571429252624512,
        0.8571429252624512,
        0.8571429252624512
    ],
    "epoch_times": [
        0.22761082649230957,
        0.15573883056640625,
        0.17174053192138672,
        0.16985678672790527,
        0.1708390712738037,
        0.1688230037689209,
        0.16737008094787598,
        0.16637849807739258,
        0.1705925464630127,
        0.17057347297668457,
        0.1679675579071045,
        0.16653013229370117,
        0.16584444046020508,
        0.16663169860839844,
        0.16700458526611328,
        0.16719865798950195,
        0.16796398162841797,
        0.16959691047668457,
        0.16619563102722168,
        0.16725826263427734,
        0.16636371612548828,
        0.16682076454162598,
        0.1664140224456787,
        0.1667630672454834,
        0.16675591468811035,
        0.16524553298950195,
        0.1674177646636963,
        0.173048734664917,
        0.17062973976135254,
        0.16979002952575684,
        0.17017173767089844,
        0.1693875789642334,
        0.1709742546081543,
        0.1702587604522705,
        0.1719808578491211,
        0.17337441444396973,
        0.1696186065673828,
        0.16629815101623535,
        0.16556811332702637,
        0.16600871086120605,
        0.166611909866333,
        0.1655902862548828,
        0.16585421562194824,
        0.166748046875,
        0.16939544677734375,
        0.1670229434967041,
        0.1664438247680664,
        0.16472959518432617,
        0.16703414916992188,
        0.1666851043701172,
        0.1666393280029297,
        0.16689562797546387,
        0.1670515537261963,
        0.16643810272216797,
        0.1663823127746582
    ]
}