{
    "hyperparameters": {
        "activation": "elu",
        "dropout_rate": 0.3520153477682,
        "kernel_size": 3,
        "learning_rate": 0.005825381532,
        "num_filters": 210,
        "num_layers": 1,
        "pooling": "max",
        "pooling_size": 2
    },
    "dataset_stats": {
        "name": "ChlorineConcentration",
        "train_size": 748,
        "val_size": 186,
        "input_shape": [
            1,
            166
        ],
        "num_classes": 3
    },
    "epochs": 35,
    "train_loss": [
        1.2162187099456787,
        1.0419557094573975,
        1.0147414207458496,
        1.0294967889785767,
        0.9820060729980469,
        0.9713672399520874,
        0.9880889058113098,
        0.9399093985557556,
        0.9532956480979919,
        0.9315275549888611,
        0.9368064999580383,
        0.9329291582107544,
        0.9078676700592041,
        0.9352954030036926,
        0.9665995836257935,
        0.9218437671661377,
        0.9094196557998657,
        0.8891476988792419,
        0.9351134896278381,
        0.8855122327804565,
        0.9214743375778198,
        0.8644493818283081,
        0.879288375377655,
        0.8335390090942383,
        0.8945835828781128,
        0.8590265512466431,
        0.8555412292480469,
        0.8716945648193359,
        0.8657788038253784,
        0.8611204624176025,
        0.8508262634277344,
        0.8285662531852722,
        0.8267472982406616,
        0.8182064890861511,
        0.8134768605232239
    ],
    "val_loss": [
        1.0965440273284912,
        1.1755335330963135,
        1.0292092561721802,
        1.0958502292633057,
        1.0614384412765503,
        1.0126420259475708,
        1.0451751947402954,
        1.0705982446670532,
        1.0940440893173218,
        1.069854736328125,
        1.1143189668655396,
        1.1274497509002686,
        1.0585951805114746,
        1.0809104442596436,
        1.1335803270339966,
        1.0654889345169067,
        1.0860087871551514,
        1.0585894584655762,
        1.1017024517059326,
        1.0905568599700928,
        1.089711308479309,
        1.1088356971740723,
        1.0523345470428467,
        1.0530591011047363,
        1.112898826599121,
        1.1203765869140625,
        1.119869351387024,
        1.1593997478485107,
        1.1150412559509277,
        1.1003867387771606,
        1.1864994764328003,
        1.097576379776001,
        1.0741270780563354,
        1.1137230396270752,
        1.1237338781356812,
        1.1679894924163818
    ],
    "train_accuracy": [
        0.42914438247680664,
        0.5401069521903992,
        0.5254010558128357,
        0.5053476095199585,
        0.5601603984832764,
        0.5775400996208191,
        0.5427807569503784,
        0.5828877091407776,
        0.5521390438079834,
        0.5922459959983826,
        0.5802139043807983,
        0.5721924901008606,
        0.5949198007583618,
        0.5922459959983826,
        0.5828877091407776,
        0.5802139043807983,
        0.5949198007583618,
        0.5909090638160706,
        0.5842245817184448,
        0.5949198007583618,
        0.5855615139007568,
        0.6029411554336548,
        0.606951892375946,
        0.633689820766449,
        0.5855615139007568,
        0.6216577291488647,
        0.6229946613311768,
        0.6029411554336548,
        0.6096256971359253,
        0.6189839839935303,
        0.6016042828559875,
        0.6270053386688232,
        0.6283422708511353,
        0.6229946613311768,
        0.6283422708511353
    ],
    "val_accuracy": [
        0.4375,
        0.49462366104125977,
        0.5698924660682678,
        0.5645161271095276,
        0.47311827540397644,
        0.5752688050270081,
        0.5268816947937012,
        0.5107526779174805,
        0.4838709533214569,
        0.5430107712745667,
        0.5268816947937012,
        0.48924732208251953,
        0.5537634491920471,
        0.5268816947937012,
        0.5645161271095276,
        0.5376344323158264,
        0.602150559425354,
        0.5430107712745667,
        0.5107526779174805,
        0.5268816947937012,
        0.5645161271095276,
        0.5215053558349609,
        0.5430107712745667,
        0.5591397881507874,
        0.5268816947937012,
        0.5268816947937012,
        0.5537634491920471,
        0.5645161271095276,
        0.5322580933570862,
        0.5053763389587402,
        0.44086021184921265,
        0.5483871102333069,
        0.5322580933570862,
        0.5107526779174805,
        0.5,
        0.5215053558349609
    ],
    "epoch_times": [
        0.45909714698791504,
        0.1969451904296875,
        0.21147537231445312,
        0.18848466873168945,
        0.17525458335876465,
        0.18398475646972656,
        0.15314912796020508,
        0.14845585823059082,
        0.1779310703277588,
        0.16521549224853516,
        0.1532881259918213,
        0.1555800437927246,
        0.1579439640045166,
        0.15912890434265137,
        0.15972280502319336,
        0.16013789176940918,
        0.16138291358947754,
        0.16286325454711914,
        0.18972492218017578,
        0.17805886268615723,
        0.18218731880187988,
        0.16114568710327148,
        0.17214059829711914,
        0.18324065208435059,
        0.13456320762634277,
        0.1368694305419922,
        0.19794058799743652,
        0.21889615058898926,
        0.1860342025756836,
        0.17917847633361816,
        0.1624767780303955,
        0.19310903549194336,
        0.15977096557617188,
        0.18338227272033691,
        0.17209076881408691
    ]
}