{
    "hyperparameters": {
        "bidirectional": false,
        "dropout_rate": 0.1243514187325,
        "hidden_units": 192,
        "learning_rate": 0.0005782069961,
        "num_layers": 2,
        "output_activation": "relu",
        "weight_decay": 2.9514653e-06
    },
    "dataset_stats": {
        "name": "ChlorineConcentration",
        "train_size": 374,
        "val_size": 93,
        "input_shape": [
            166,
            1
        ],
        "num_classes": 3
    },
    "epochs": 111,
    "train_loss": [
        1.0557998418807983,
        1.0595593452453613,
        1.0239638090133667,
        1.0255323648452759,
        1.0234298706054688,
        1.0071654319763184,
        1.0001659393310547,
        1.008445382118225,
        1.0092337131500244,
        1.003569483757019,
        1.000646948814392,
        1.0055240392684937,
        0.9766250848770142,
        1.0016183853149414,
        0.9960442185401917,
        0.9695175290107727,
        0.9845696091651917,
        0.970812976360321,
        0.9720054268836975,
        0.9632211923599243,
        0.958204448223114,
        0.9562014937400818,
        0.9447046518325806,
        0.9398014545440674,
        0.942594587802887,
        0.937773585319519,
        0.9403269290924072,
        0.9239353537559509,
        0.9205688834190369,
        0.9181726574897766,
        0.9015412926673889,
        0.9018835425376892,
        0.9034843444824219,
        0.8814631700515747,
        0.8829978108406067,
        0.8746721148490906,
        0.869421660900116,
        0.8743731379508972,
        0.8656270503997803,
        0.8629781007766724,
        0.8615676164627075,
        0.8528578877449036,
        0.8551074266433716,
        0.8542121648788452,
        0.8496880531311035,
        0.8455982804298401,
        0.8349841833114624,
        0.8412630558013916,
        0.8358468413352966,
        0.8349133729934692,
        0.851860761642456,
        0.8311367630958557,
        0.8355977535247803,
        0.82816082239151,
        0.8197689056396484,
        0.8115693926811218,
        0.8121544122695923,
        0.8074349761009216,
        0.8052922487258911,
        0.7976943254470825,
        0.7930669188499451,
        0.8038743734359741,
        0.8112403750419617,
        0.7964596152305603,
        0.794436514377594,
        0.7907036542892456,
        0.7851197719573975,
        0.7822586297988892,
        0.7843884229660034,
        0.7830677628517151,
        0.7814685106277466,
        0.7884343862533569,
        0.7715374231338501,
        0.7817924618721008,
        0.7779231071472168,
        0.7760494351387024,
        0.7654553055763245,
        0.7644087076187134,
        0.7678249478340149,
        0.7699970006942749,
        0.7692016959190369,
        0.7691542506217957,
        0.7731035351753235,
        0.757494330406189,
        0.7579964995384216,
        0.7654606699943542,
        0.7601976990699768,
        0.7525750398635864,
        0.7523689270019531,
        0.7578160762786865,
        0.7538716793060303,
        0.7507633566856384,
        0.7563952207565308,
        0.7471421360969543,
        0.7564980387687683,
        0.7499006390571594,
        0.7438270449638367,
        0.7479279041290283,
        0.7450538873672485,
        0.7451731562614441,
        0.7452362179756165,
        0.7474761009216309,
        0.7417675852775574,
        0.7459664344787598,
        0.7491342425346375,
        0.7514414191246033,
        0.743609607219696,
        0.7420772910118103,
        0.7421596646308899,
        0.7471685409545898,
        0.7488284111022949
    ],
    "val_loss": [
        1.1663811206817627,
        0.9875373244285583,
        1.0190836191177368,
        0.9772079586982727,
        0.9759611487388611,
        0.9895495176315308,
        0.9931597709655762,
        0.9583824872970581,
        1.0007110834121704,
        0.9676253795623779,
        0.9594228863716125,
        0.9482865929603577,
        0.9899096488952637,
        1.0164833068847656,
        0.9745988845825195,
        0.9815436601638794,
        0.9676454067230225,
        0.9792382121086121,
        0.9656965136528015,
        0.957666277885437,
        0.9610260128974915,
        0.9738016724586487,
        0.9634202718734741,
        0.9723865985870361,
        0.954251766204834,
        0.9770148396492004,
        0.9395939707756042,
        0.9574608206748962,
        0.9477155208587646,
        0.9454871416091919,
        0.9561528563499451,
        0.9420523047447205,
        0.9432082772254944,
        0.9307564496994019,
        0.9308565258979797,
        0.9288043975830078,
        0.9222325086593628,
        0.9223726987838745,
        0.921876072883606,
        0.9230507612228394,
        0.9161882996559143,
        0.9062761068344116,
        0.910970151424408,
        0.9116597175598145,
        0.903232216835022,
        0.9083495736122131,
        0.9034087657928467,
        0.914704442024231,
        0.9116490483283997,
        0.888954758644104,
        0.9196910262107849,
        0.9303839206695557,
        0.8959169387817383,
        0.8905209898948669,
        0.9145169854164124,
        0.8922731280326843,
        0.889736533164978,
        0.8778939247131348,
        0.8792064189910889,
        0.8782481551170349,
        0.8768264055252075,
        0.8740314841270447,
        0.8692100048065186,
        0.8956676721572876,
        0.865460216999054,
        0.8656297326087952,
        0.865467369556427,
        0.8607254028320312,
        0.8734636306762695,
        0.8541417121887207,
        0.8649311661720276,
        0.858482301235199,
        0.85601806640625,
        0.85569828748703,
        0.864799976348877,
        0.8715314269065857,
        0.8583700656890869,
        0.8564912676811218,
        0.8596541881561279,
        0.8555965423583984,
        0.8601533770561218,
        0.8447986841201782,
        0.8559598922729492,
        0.8504268527030945,
        0.853724479675293,
        0.8520649075508118,
        0.8534513115882874,
        0.8604342341423035,
        0.8471564650535583,
        0.8471433520317078,
        0.8525066375732422,
        0.8531703948974609,
        0.8527195453643799,
        0.8471779823303223,
        0.8510188460350037,
        0.8495206236839294,
        0.8514033555984497,
        0.8511319756507874,
        0.8512213826179504,
        0.8469237685203552,
        0.8478900790214539,
        0.8487585783004761,
        0.849063515663147,
        0.8495677709579468,
        0.8471581339836121,
        0.8475857973098755,
        0.8472898602485657,
        0.8477815389633179,
        0.8486248254776001,
        0.8495781421661377,
        0.8487690091133118,
        0.8492977023124695
    ],