{
    "hyperparameters": {
        "bidirectional": false,
        "dropout_rate": 0.1649354124399,
        "hidden_units": 161,
        "learning_rate": 0.0007364239639,
        "num_layers": 2,
        "output_activation": "relu",
        "weight_decay": 5.68539715e-05
    },
    "dataset_stats": {
        "name": "CinCECGTorso",
        "train_size": 64,
        "val_size": 16,
        "input_shape": [
            1639,
            1
        ],
        "num_classes": 4
    },
    "epochs": 39,
    "train_loss": [
        1.3537123203277588,
        1.2557332515716553,
        1.097877860069275,
        1.049485445022583,
        1.0732886791229248,
        1.1436638832092285,
        1.127359390258789,
        1.0190435647964478,
        0.990750789642334,
        1.0885303020477295,
        1.2655580043792725,
        1.2359974384307861,
        1.1357191801071167,
        1.1775389909744263,
        1.2177401781082153,
        1.286879062652588,
        1.3141627311706543,
        1.1954154968261719,
        1.0707676410675049,
        1.0344109535217285,
        1.047822117805481,
        1.0046156644821167,
        0.9675843119621277,
        0.9203382730484009,
        0.902816653251648,
        0.8558697700500488,
        0.850709080696106,
        0.8372392654418945,
        0.8408640623092651,
        0.8271372318267822,
        0.7950828671455383,
        0.7926709651947021,
        0.7862781882286072,
        0.7781890034675598,
        0.7799897789955139,
        0.7838426232337952,
        0.7798060178756714,
        0.7567151784896851,
        0.7683330774307251
    ],
    "val_loss": [
        1.3297971487045288,
        1.2256163358688354,
        1.1363950967788696,
        1.1346403360366821,
        1.1128267049789429,
        1.0554914474487305,
        1.1407281160354614,
        1.008759617805481,
        0.8812604546546936,
        0.8803155422210693,
        1.0958830118179321,
        1.4060158729553223,
        1.5299932956695557,
        1.3774850368499756,
        1.0825424194335938,
        1.126994013786316,
        1.426711082458496,
        1.367148995399475,
        1.2729618549346924,
        1.2051489353179932,
        1.1211793422698975,
        1.1867505311965942,
        1.2173763513565063,
        1.1932902336120605,
        1.1763811111450195,
        1.2303946018218994,
        1.1818255186080933,
        1.1562252044677734,
        1.1744458675384521,
        1.2330973148345947,
        1.2209317684173584,
        1.1460614204406738,
        1.1067332029342651,
        1.1375207901000977,
        1.1624126434326172,
        1.1783349514007568,
        1.1942752599716187,
        1.1895015239715576,
        1.1589027643203735,
        1.1266348361968994
    ],
    "train_accuracy": [
        0.328125,
        0.5,
        0.59375,
        0.59375,
        0.6875,
        0.453125,
        0.484375,
        0.59375,
        0.609375,
        0.578125,
        0.40625,
        0.53125,
        0.515625,
        0.484375,
        0.421875,
        0.4375,
        0.4375,
        0.484375,
        0.546875,
        0.640625,
        0.59375,
        0.609375,
        0.578125,
        0.609375,
        0.640625,
        0.671875,
        0.703125,
        0.75,
        0.703125,
        0.703125,
        0.765625,
        0.734375,
        0.765625,
        0.734375,
        0.78125,
        0.71875,
        0.734375,
        0.8125,
        0.796875
    ],
    "val_accuracy": [
        0.5,
        0.625,
        0.75,
        0.625,
        0.625,
        0.4375,
        0.4375,
        0.5625,
        0.75,
        0.8125,
        0.625,
        0.375,
        0.25,
        0.125,
        0.625,
        0.5625,
        0.375,
        0.4375,
        0.3125,
        0.5,
        0.5,
        0.5,
        0.3125,
        0.25,
        0.375,
        0.4375,
        0.5625,
        0.625,
        0.5625,
        0.4375,
        0.4375,
        0.5,
        0.5,
        0.5,
        0.5,
        0.5,
        0.4375,
        0.4375,
        0.4375,
        0.4375
    ],
    "epoch_times": [
        0.5509014129638672,
        0.3701918125152588,
        0.3713033199310303,
        0.3619852066040039,
        0.36560940742492676,
        0.35586071014404297,
        0.34851598739624023,
        0.34485578536987305,
        0.3599116802215576,
        0.3689548969268799,
        0.37200188636779785,
        0.37413597106933594,
        0.3717176914215088,
        0.3721435070037842,
        0.35416364669799805,
        0.3672363758087158,
        0.37294483184814453,
        0.3668813705444336,
        0.35893988609313965,
        0.37174224853515625,
        0.3691082000732422,
        0.36782193183898926,
        0.3686556816101074,
        0.37430572509765625,
        0.36734986305236816,
        0.36257028579711914,
        0.3625524044036865,
        0.35179972648620605,
        0.35532212257385254,
        0.3651762008666992,
        0.36324167251586914,
        0.35852980613708496,
        0.3692891597747803,
        0.36735105514526367,
        0.3720860481262207,
        0.3700401782989502,
        0.3718559741973877,
        0.37149667739868164,
        0.371936559677124
    ]
}