{
    "hyperparameters": {
        "activation": "gelu",
        "dropout_rate": 0.074602929832,
        "ff_dim": 756,
        "hidden_units": 158,
        "learning_rate": 3.0761898e-05,
        "num_heads": 5,
        "num_layers": 2,
        "pooling": "max",
        "weight_decay": 9.09580268e-05
    },
    "dataset_stats": {
        "name": "FiftyWords",
        "train_size": 360,
        "val_size": 90,
        "input_shape": [
            270,
            1
        ],
        "num_classes": 50
    },
    "epochs": 140,
    "train_loss": [
        5.210870265960693,
        4.437957286834717,
        4.682637691497803,
        3.9520280361175537,
        4.71073579788208,
        3.9665029048919678,
        4.227148532867432,
        2.9906530380249023,
        3.357436418533325,
        3.5354552268981934,
        3.5729892253875732,
        3.9199116230010986,
        3.314426898956299,
        2.960672378540039,
        3.5074663162231445,
        3.055950164794922,
        3.1161649227142334,
        3.7926063537597656,
        3.3726019859313965,
        3.0357046127319336,
        3.1690165996551514,
        2.1563360691070557,
        2.6318960189819336,
        3.2567834854125977,
        2.768373966217041,
        2.643691062927246,
        3.6120407581329346,
        3.1301920413970947,
        2.342456579208374,
        3.8839192390441895,
        2.608593463897705,
        3.1304478645324707,
        2.4987173080444336,
        2.8404085636138916,
        3.627195358276367,
        2.473475217819214,
        2.7028472423553467,
        4.005086898803711,
        2.815978765487671,
        2.9747447967529297,
        2.9846324920654297,
        3.2932467460632324,
        3.446462631225586,
        1.780102252960205,
        2.971435070037842,
        2.8421802520751953,
        2.76713228225708,
        2.4320900440216064,
        3.4359793663024902,
        1.5684468746185303,
        1.6647536754608154,
        2.8910176753997803,
        3.26878023147583,
        1.741084337234497,
        2.2171454429626465,
        1.981061339378357,
        2.070598840713501,
        2.061575412750244,
        2.6570515632629395,
        2.6843063831329346,
        1.901773452758789,
        2.72546648979187,
        2.372642993927002,
        2.4629452228546143,
        1.868302822113037,
        2.5920209884643555,
        2.108928680419922,
        2.576626777648926,
        1.3920084238052368,
        2.3132128715515137,
        1.1685330867767334,
        1.2004988193511963,
        1.6573538780212402,
        2.3190789222717285,
        2.5119147300720215,
        1.8416876792907715,
        2.7452948093414307,
        1.8552138805389404,
        3.0342726707458496,
        1.653821587562561,
        1.0825481414794922,
        1.5635037422180176,
        2.6390953063964844,
        0.8322622776031494,
        2.0368988513946533,
        1.8629430532455444,
        2.113403797149658,
        2.0409750938415527,
        2.738633632659912,
        1.7978849411010742,
        2.2728190422058105,
        1.514453649520874,
        2.1956396102905273,
        0.839573323726654,
        2.8198463916778564,
        1.7312545776367188,
        1.8893656730651855,
        2.1790716648101807,
        2.3041815757751465,
        1.0699082612991333,
        1.1676838397979736,
        1.8129281997680664,
        1.4158871173858643,
        0.9013732671737671,
        1.600116491317749,
        1.211768388748169,
        1.5434831380844116,
        2.228569269180298,
        1.5666176080703735,
        2.0098536014556885,
        0.9216151237487793,
        1.517978549003601,
        1.5392515659332275,
        1.338912010192871,
        2.455211877822876,
        0.8064777851104736,
        1.5008156299591064,
        1.4667149782180786,
        1.619006872177124,
        2.058342695236206,
        0.6619688272476196,
        1.7452336549758911,
        2.226619243621826,
        1.6929192543029785,
        1.4992849826812744,
        1.7500391006469727,
        2.2089812755584717,
        1.42351496219635,
        1.6539428234100342,
        1.1153252124786377,
        1.5412952899932861,
        1.4383729696273804,
        1.6658563613891602,
        2.0942842960357666,
        1.1986134052276611,
        1.5906586647033691,
        1.9692859649658203,
        1.6377665996551514,
        1.2560369968414307,
        1.6507676839828491
    ],