{
    "hyperparameters": {
        "bidirectional": false,
        "dropout_rate": 0.1243517913046,
        "hidden_units": 88,
        "learning_rate": 3.68700265e-05,
        "num_layers": 5,
        "output_activation": "gelu",
        "weight_decay": 0.0001039469016
    },
    "dataset_stats": {
        "name": "BeetleFly",
        "train_size": 36,
        "val_size": 9,
        "input_shape": [
            512,
            1
        ],
        "num_classes": 2
    },
    "epochs": 34,
    "train_loss": [
        0.8142502307891846,
        0.6599879860877991,
        0.6099826693534851,
        0.5229138135910034,
        0.35671737790107727,
        0.5537249445915222,
        0.43049895763397217,
        0.40745556354522705,
        0.5094401836395264,
        0.43835169076919556,
        0.6136045455932617,
        0.40757280588150024,
        0.3537105619907379,
        0.41662752628326416,
        0.5273650288581848,
        0.23413494229316711,
        0.3229774832725525,
        0.42543482780456543,
        0.29407843947410583,
        0.6035804152488708,
        0.38714757561683655,
        0.25157952308654785,
        0.4053248167037964,
        0.553390383720398,
        0.413577675819397,
        0.18986715376377106,
        0.21831052005290985,
        0.4262808859348297,
        0.4239044189453125,
        0.2857479155063629,
        0.4604811668395996,
        0.2320033758878708,
        0.4279756546020508,
        0.6001673936843872
    ],
    "val_loss": [
        0.7315556406974792,
        0.6412162184715271,
        0.5804516673088074,
        0.5427494049072266,
        0.524125337600708,
        0.527290403842926,
        0.5455244183540344,
        0.5704328417778015,
        0.5981677174568176,
        0.6232675909996033,
        0.6457107663154602,
        0.6541513800621033,
        0.6606971621513367,
        0.6660311222076416,
        0.6703792810440063,
        0.6726415753364563,
        0.6743136644363403,
        0.6749629974365234,
        0.6746673583984375,
        0.6745874285697937,
        0.674282431602478,
        0.6738801002502441,
        0.6730011701583862,
        0.6725468039512634,
        0.6722211241722107,
        0.6719372868537903,
        0.6716898083686829,
        0.6713855266571045,
        0.6709304451942444,
        0.6708176136016846,
        0.6705777645111084,
        0.670497715473175,
        0.670419454574585,
        0.6703135967254639,
        0.669995903968811
    ],
    "train_accuracy": [
        0.5,
        0.6111111044883728,
        0.6111111044883728,
        0.8333333134651184,
        0.8888888955116272,
        0.8333333134651184,
        0.7777777910232544,
        0.8333333134651184,
        0.7777777910232544,
        0.8333333134651184,
        0.6666666865348816,
        0.7777777910232544,
        0.8888888955116272,
        0.7777777910232544,
        0.7777777910232544,
        0.944444477558136,
        0.944444477558136,
        0.8333333134651184,
        0.944444477558136,
        0.8333333134651184,
        0.8333333134651184,
        0.944444477558136,
        0.8333333134651184,
        0.7777777910232544,
        0.8333333134651184,
        0.944444477558136,
        0.8888888955116272,
        0.8333333134651184,
        0.8333333134651184,
        0.8333333134651184,
        0.8333333134651184,
        1.0,
        0.8333333134651184,
        0.7222222089767456
    ],
    "val_accuracy": [
        0.3333333432674408,
        0.4444444477558136,
        0.7777777910232544,
        0.8888888955116272,
        0.8888888955116272,
        0.7777777910232544,
        0.7777777910232544,
        0.7777777910232544,
        0.7777777910232544,
        0.7777777910232544,
        0.7777777910232544,
        0.7777777910232544,
        0.7777777910232544,
        0.7777777910232544,
        0.7777777910232544,
        0.7777777910232544,
        0.7777777910232544,
        0.7777777910232544,
        0.7777777910232544,
        0.7777777910232544,
        0.7777777910232544,
        0.7777777910232544,
        0.7777777910232544,
        0.7777777910232544,
        0.7777777910232544,
        0.7777777910232544,
        0.7777777910232544,
        0.7777777910232544,
        0.7777777910232544,
        0.7777777910232544,
        0.7777777910232544,
        0.7777777910232544,
        0.7777777910232544,
        0.7777777910232544,
        0.7777777910232544
    ],
    "epoch_times": [
        0.2718198299407959,
        0.45214223861694336,
        0.6056642532348633,
        0.632622241973877,
        0.5448389053344727,
        0.573901891708374,
        0.7280292510986328,
        0.54252028465271,
        0.5256192684173584,
        0.7524135112762451,
        0.5736684799194336,
        0.46338677406311035,
        0.5193238258361816,
        0.5334804058074951,
        0.5907254219055176,
        0.8361036777496338,
        0.6320235729217529,
        0.5667769908905029,
        0.4855620861053467,
        0.48719143867492676,
        0.46034955978393555,
        0.4504251480102539,
        0.4617006778717041,
        0.4734995365142822,
        0.4582395553588867,
        0.4349987506866455,
        0.4565093517303467,
        0.5004734992980957,
        0.4929172992706299,
        0.5114667415618896,
        0.4464230537414551,
        0.4682753086090088,
        0.4789724349975586,
        0.456650972366333
    ]
}