{
    "hyperparameters": {
        "bidirectional": false,
        "dropout_rate": 0.2410846158152,
        "hidden_units": 112,
        "learning_rate": 0.0003187226392,
        "num_layers": 3,
        "output_activation": "gelu",
        "weight_decay": 2.80528223e-05
    },
    "dataset_stats": {
        "name": "ChlorineConcentration",
        "train_size": 374,
        "val_size": 93,
        "input_shape": [
            166,
            1
        ],
        "num_classes": 3
    },
    "epochs": 44,
    "train_loss": [
        1.0525832176208496,
        1.0108568668365479,
        1.019180417060852,
        1.0099619626998901,
        1.013002872467041,
        0.9941695332527161,
        1.0502336025238037,
        1.0065211057662964,
        1.0142319202423096,
        1.0055195093154907,
        0.9928489327430725,
        0.9792014360427856,
        0.9775594472885132,
        0.9747969508171082,
        0.969851553440094,
        0.9859494566917419,
        0.9637353420257568,
        0.976050853729248,
        0.9632919430732727,
        0.9663534164428711,
        0.9480718970298767,
        0.9545986652374268,
        0.9570767879486084,
        0.9456062316894531,
        0.9468963146209717,
        0.944796085357666,
        0.9460211992263794,
        0.9391658902168274,
        0.928483784198761,
        0.9386914372444153,
        0.9398765563964844,
        0.9397730827331543,
        0.9265415668487549,
        0.9248602390289307,
        0.919941782951355,
        0.9228063821792603,
        0.9238032102584839,
        0.9249396324157715,
        0.9248186945915222,
        0.9242902398109436,
        0.9201400876045227,
        0.919848620891571,
        0.9227758646011353,
        0.9203728437423706
    ],
    "val_loss": [
        1.1188764572143555,
        0.9961904883384705,
        0.9706904292106628,
        0.9772441387176514,
        0.9654421210289001,
        0.9785081744194031,
        0.9708075523376465,
        1.1138781309127808,
        0.9816179871559143,
        0.9838601350784302,
        0.96775883436203,
        0.9683024287223816,
        0.9620336890220642,
        0.9587864279747009,
        0.9572806358337402,
        0.9662251472473145,
        0.9716481566429138,
        0.9619793891906738,
        0.9819908738136292,
        0.9713658094406128,
        0.9748149514198303,
        0.9722721576690674,
        0.9718174934387207,
        0.9734103083610535,
        0.9708197712898254,
        0.9831556081771851,
        0.9772859215736389,
        0.9755287766456604,
        0.978112518787384,
        0.9740332961082458,
        0.9758436679840088,
        0.9759206175804138,
        0.9845356345176697,
        0.977880597114563,
        0.9769420027732849,
        0.9771903157234192,
        0.9821256399154663,
        0.9790461659431458,
        0.9796096086502075,
        0.9792565703392029,
        0.9785419702529907,
        0.9787765145301819,
        0.9800080060958862,
        0.9789685606956482,
        0.9808965921401978
    ],
    "train_accuracy": [
        0.48128342628479004,
        0.5534759163856506,
        0.5454545617103577,
        0.5641711354255676,
        0.5828877091407776,
        0.5775400996208191,
        0.5534759163856506,
        0.5588235259056091,
        0.5347593426704407,
        0.5695187449455261,
        0.5775400996208191,
        0.5748662948608398,
        0.5828877091407776,
        0.5775400996208191,
        0.5802139043807983,
        0.5828877091407776,
        0.5882353186607361,
        0.5828877091407776,
        0.5909090638160706,
        0.596256673336029,
        0.5909090638160706,
        0.5882353186607361,
        0.6016042828559875,
        0.5989304780960083,
        0.5855615139007568,
        0.606951892375946,
        0.6016042828559875,
        0.5909090638160706,
        0.5989304780960083,
        0.6016042828559875,
        0.6042780876159668,
        0.5989304780960083,
        0.6016042828559875,
        0.6016042828559875,
        0.606951892375946,
        0.6042780876159668,
        0.6042780876159668,
        0.5989304780960083,
        0.606951892375946,
        0.6042780876159668,
        0.6122994422912598,
        0.6122994422912598,
        0.6122994422912598,
        0.6122994422912598
    ],
    "val_accuracy": [
        0.15625,
        0.602150559425354,
        0.602150559425354,
        0.602150559425354,
        0.602150559425354,
        0.602150559425354,
        0.602150559425354,
        0.4838709533214569,
        0.602150559425354,
        0.602150559425354,
        0.602150559425354,
        0.602150559425354,
        0.5913978219032288,
        0.602150559425354,
        0.602150559425354,
        0.602150559425354,
        0.5806451439857483,
        0.602150559425354,
        0.602150559425354,
        0.5806451439857483,
        0.602150559425354,
        0.5913978219032288,
        0.6236559152603149,
        0.5806451439857483,
        0.602150559425354,
        0.5913978219032288,
        0.5913978219032288,
        0.6129032373428345,
        0.602150559425354,
        0.5806451439857483,
        0.5913978219032288,
        0.6129032373428345,
        0.5591397881507874,
        0.6236559152603149,
        0.6129032373428345,
        0.6129032373428345,
        0.602150559425354,
        0.6129032373428345,
        0.602150559425354,
        0.602150559425354,
        0.602150559425354,
        0.6129032373428345,
        0.6129032373428345,
        0.6129032373428345,
        0.6129032373428345
    ],
    "epoch_times": [
        0.5780422687530518,
        0.2609105110168457,
        0.2714359760284424,
        0.27451658248901367,
        0.26549410820007324,
        0.22692012786865234,
        0.22969388961791992,
        0.23274850845336914,
        0.2093651294708252,
        0.24479198455810547,
        0.21360206604003906,
        0.2186112403869629,
        0.24562740325927734,
        0.2401878833770752,
        0.26110339164733887,
        0.28348779678344727,
        0.28034281730651855,
        0.27184557914733887,
        0.27323389053344727,
        0.2674252986907959,
        0.2628660202026367,
        0.25943756103515625,
        0.2619612216949463,
        0.2610156536102295,
        0.2630460262298584,
        0.26057887077331543,
        0.2872960567474365,
        0.2810685634613037,
        0.27435803413391113,
        0.2878379821777344,
        0.2975339889526367,
        0.29172682762145996,
        0.26436448097229004,
        0.2419579029083252,
        0.23288774490356445,
        0.2308213710784912,
        0.22528672218322754,
        0.21684813499450684,
        0.21806764602661133,
        0.24052786827087402,
        0.2733190059661865,
        0.2772653102874756,
        0.21446800231933594,
        0.2384626865386963
    ]
}