{
    "hyperparameters": {
        "bidirectional": false,
        "dropout_rate": 0.1649354124399,
        "hidden_units": 161,
        "learning_rate": 0.0007364239639,
        "num_layers": 2,
        "output_activation": "relu",
        "weight_decay": 5.68539715e-05
    },
    "dataset_stats": {
        "name": "CBF",
        "train_size": 48,
        "val_size": 12,
        "input_shape": [
            128,
            1
        ],
        "num_classes": 3
    },
    "epochs": 77,
    "train_loss": [
        1.1046441793441772,
        0.8894893527030945,
        0.7218180298805237,
        0.5607545971870422,
        0.466909259557724,
        0.48253965377807617,
        0.46255889534950256,
        0.4353809356689453,
        0.5166386961936951,
        0.36970511078834534,
        0.3670182526111603,
        0.3754798471927643,
        0.33233776688575745,
        0.3286377489566803,
        0.3168375790119171,
        0.3123336136341095,
        0.3127431273460388,
        0.3066399097442627,
        0.3160022795200348,
        0.29712677001953125,
        0.3106663227081299,
        0.2968140244483948,
        0.29650625586509705,
        0.29518166184425354,
        0.29481232166290283,
        0.2950732409954071,
        0.29440271854400635,
        0.2943980395793915,
        0.2948382496833801,
        0.29453685879707336,
        0.29387280344963074,
        0.2947652041912079,
        0.29388582706451416,
        0.29453667998313904,
        0.29310163855552673,
        0.29354768991470337,
        0.29386094212532043,
        0.29360756278038025,
        0.2942480146884918,
        0.29459089040756226,
        0.29329442977905273,
        0.2941264808177948,
        0.2939712107181549,
        0.2937065064907074,
        0.2937248647212982,
        0.2935950756072998,
        0.2935590147972107,
        0.29536357522010803,
        0.29380783438682556,
        0.2946082651615143,
        0.2950943410396576,
        0.2943839132785797,
        0.2934929132461548,
        0.2936547100543976,
        0.2936951816082001,
        0.29322293400764465,
        0.29335543513298035,
        0.2930489480495453,
        0.29425621032714844,
        0.2927192151546478,
        0.29311129450798035,
        0.2937828600406647,
        0.2936882972717285,
        0.29414674639701843,
        0.2934030294418335,
        0.29317137598991394,
        0.29370176792144775,
        0.29314714670181274,
        0.2941015958786011,
        0.29373306035995483,
        0.2934858798980713,
        0.29378780722618103,
        0.2942262589931488,
        0.29402604699134827,
        0.2934544086456299,
        0.2931542694568634,
        0.29332485795021057
    ],
    "val_loss": [
        1.2187471389770508,
        0.8688822388648987,
        0.7918893694877625,
        0.6130339503288269,
        0.5143992304801941,
        0.48667803406715393,
        0.6040953397750854,
        0.583532989025116,
        0.40617337822914124,
        0.3386475145816803,
        0.460641473531723,
        0.42919692397117615,
        0.37407955527305603,
        0.3351266384124756,
        0.3198436200618744,
        0.3490084111690521,
        0.3023849427700043,
        0.3200925886631012,
        0.34762999415397644,
        0.3127495348453522,
        0.29571235179901123,
        0.2942460775375366,
        0.29533714056015015,
        0.2938452661037445,
        0.2925398647785187,
        0.29240041971206665,
        0.29306560754776,
        0.29705145955085754,
        0.3092038333415985,
        0.3176928162574768,
        0.30827760696411133,
        0.29760846495628357,
        0.2956532835960388,
        0.2942107021808624,
        0.29315128922462463,
        0.2925449311733246,
        0.29220351576805115,
        0.29210057854652405,
        0.292052686214447,
        0.2923349440097809,
        0.29259100556373596,
        0.29270267486572266,
        0.29239603877067566,
        0.2920134961605072,
        0.29177576303482056,
        0.29161566495895386,
        0.29148122668266296,
        0.2914295196533203,
        0.291530579328537,
        0.2917715609073639,
        0.2916903793811798,
        0.2918085753917694,
        0.2919195592403412,
        0.2918902337551117,
        0.29183730483055115,
        0.2917442321777344,
        0.29166465997695923,
        0.29160308837890625,
        0.2916003465652466,
        0.2915811538696289,
        0.2915961742401123,
        0.291603147983551,
        0.29161038994789124,
        0.2915802299976349,
        0.2915596067905426,
        0.29154717922210693,
        0.29154545068740845,
        0.29154855012893677,
        0.2915584146976471,
        0.29156121611595154,
        0.29156580567359924,
        0.29155999422073364,
        0.2915574908256531,
        0.2915571331977844,
        0.29156097769737244,
        0.2915639579296112,
        0.2915657162666321,
        0.29158085584640503
    ],
    "train_accuracy": [
        0.3333333432674408,
        0.8125,
        0.8333333134651184,
        0.9166666865348816,
        0.9375,
        0.875,
        0.8958333134651184,
        0.8958333134651184,
        0.8333333134651184,
        0.9583333134651184,
        0.9583333134651184,
        0.9583333134651184,
        1.0,
        1.0,
        1.0,
        1.0,
        1.0,
        1.0,
        0.9791666865348816,
        1.0,
        1.0,
        1.0,
        1.0,
        1.0,
        1.0,
        1.0,
        1.0,
        1.0,
        1.0,
        1.0,
        1.0,
        1.0,
        1.0,
        1.0,
        1.0,
        1.0,
        1.0,
        1.0,
        1.0,
        1.0,
        1.0,
        1.0,
        1.0,
        1.0,
        1.0,
        1.0,
        1.0,
        1.0,
        1.0,
        1.0,
        1.0,
        1.0,
        1.0,
        1.0,
        1.0,
        1.0,
        1.0,
        1.0,
        1.0,
        1.0,
        1.0,
        1.0,
        1.0,
        1.0,
        1.0,
        1.0,
        1.0,
        1.0,
        1.0,
        1.0,
        1.0,
        1.0,
        1.0,
        1.0,
        1.0,
        1.0,
        1.0
    ],
    "val_accuracy": [
        0.1666666716337204,
        0.8333333134651184,
        0.6666666865348816,
        0.9166666865348816,
        0.9166666865348816,
        0.9166666865348816,
        0.8333333134651184,
        0.6666666865348816,
        0.8333333134651184,
        1.0,
        0.9166666865348816,
        0.9166666865348816,
        0.9166666865348816,
        1.0,
        1.0,
        0.9166666865348816,
        1.0,
        1.0,
        0.9166666865348816,
        1.0,
        1.0,
        1.0,
        1.0,
        1.0,
        1.0,
        1.0,
        1.0,
        1.0,
        1.0,
        1.0,
        1.0,
        1.0,
        1.0,
        1.0,
        1.0,
        1.0,
        1.0,
        1.0,
        1.0,
        1.0,
        1.0,
        1.0,
        1.0,
        1.0,
        1.0,
        1.0,
        1.0,
        1.0,
        1.0,
        1.0,
        1.0,
        1.0,
        1.0,
        1.0,
        1.0,
        1.0,
        1.0,
        1.0,
        1.0,
        1.0,
        1.0,
        1.0,
        1.0,
        1.0,
        1.0,
        1.0,
        1.0,
        1.0,
        1.0,
        1.0,
        1.0,
        1.0,
        1.0,
        1.0,
        1.0,
        1.0,
        1.0,
        1.0
    ],