{
    "hyperparameters": {
        "activation": "tanh",
        "dropout_rate": 0.516008981336,
        "hidden_units": 72,
        "learning_rate": 0.0232434687204,
        "num_layers": 2,
        "weight_decay": 0.0001518839428
    },
    "dataset_stats": {
        "name": "CinCECGTorso",
        "train_size": 52,
        "val_size": 13,
        "input_shape": [
            1639,
            1
        ],
        "num_classes": 4
    },
    "epochs": 84,
    "train_loss": [
        1.5464186668395996,
        1.365372896194458,
        1.0336226224899292,
        0.9543129801750183,
        0.7585353255271912,
        0.5431047081947327,
        0.8631464242935181,
        0.5798707604408264,
        0.5957246422767639,
        0.4944867491722107,
        0.42351335287094116,
        0.4047517776489258,
        0.48548147082328796,
        0.4109024405479431,
        0.2110375463962555,
        0.2477056384086609,
        0.42339441180229187,
        0.3387231230735779,
        0.277994841337204,
        0.29374730587005615,
        0.2676675021648407,
        0.24627050757408142,
        0.2402799278497696,
        0.5129328370094299,
        0.18213367462158203,
        0.36769071221351624,
        0.1994677186012268,
        0.19672128558158875,
        0.21225854754447937,
        0.16439861059188843,
        0.30426329374313354,
        0.2438681274652481,
        0.22946104407310486,
        0.23537001013755798,
        0.14537972211837769,
        0.19454939663410187,
        0.12294820696115494,
        0.21221062541007996,
        0.3699658215045929,
        0.14576083421707153,
        0.05925200134515762,
        0.3375018835067749,
        0.06590522825717926,
        0.10619128495454788,
        0.20422348380088806,
        0.22889044880867004,
        0.20291775465011597,
        0.24921642243862152,
        0.2170332819223404,
        0.1641605794429779,
        0.1554660201072693,
        0.1134614497423172,
        0.1648806780576706,
        0.15855655074119568,
        0.20465518534183502,
        0.18795490264892578,
        0.17395833134651184,
        0.34044647216796875,
        0.37936514616012573,
        0.23411671817302704,
        0.12074680626392365,
        0.16309762001037598,
        0.13082242012023926,
        0.04260355234146118,
        0.17789191007614136,
        0.2016010284423828,
        0.12131934612989426,
        0.1592450886964798,
        0.16501246392726898,
        0.05772927775979042,
        0.0799994096159935,
        0.2600958049297333,
        0.21101507544517517,
        0.1686619371175766,
        0.058846957981586456,
        0.14885878562927246,
        0.15167894959449768,
        0.0999944731593132,
        0.23060108721256256,
        0.1865396797657013,
        0.12934260070323944,
        0.11629275232553482,
        0.1282052993774414,
        0.2819138467311859
    ],
    "val_loss": [
        1.4050005674362183,
        4.368866920471191,
        3.3732223510742188,
        3.7635984420776367,
        3.753207206726074,
        3.449385643005371,
        3.103114128112793,
        2.814362049102783,
        2.811049461364746,
        2.671177387237549,
        2.4902546405792236,
        2.402423620223999,
        2.42942214012146,
        2.4053256511688232,
        2.326026439666748,
        2.2739946842193604,
        2.194814920425415,
        2.1750986576080322,
        2.2105507850646973,
        2.25547456741333,
        2.3888285160064697,
        2.471233606338501,
        2.524752140045166,
        2.5441057682037354,
        2.6234893798828125,
        2.5043857097625732,
        2.536452054977417,
        2.4062955379486084,
        2.3497042655944824,
        2.22554874420166,
        2.216480016708374,
        2.223302125930786,
        2.1274092197418213,
        2.1918246746063232,
        2.230231285095215,
        2.273317813873291,
        2.2523748874664307,
        2.289024829864502,
        2.342393398284912,
        2.377013683319092,
        2.4288291931152344,
        2.457575559616089,
        2.4457528591156006,
        2.416274070739746,
        2.2920114994049072,
        2.203873872756958,
        2.100201368331909,
        2.0566766262054443,
        2.0634052753448486,
        2.139475107192993,
        2.1456470489501953,
        2.115607976913452,
        2.1402626037597656,
        2.101254463195801,
        2.0463826656341553,
        2.1104466915130615,
        2.1518988609313965,
        2.1841681003570557,
        2.1702141761779785,
        2.2082877159118652,
        2.136169672012329,
        2.1532480716705322,
        2.191129684448242,
        2.2755446434020996,
        2.337080955505371,
        2.4307751655578613,
        2.460601568222046,
        2.504380464553833,
        2.51172137260437,
        2.524984121322632,
        2.5125274658203125,
        2.5950207710266113,
        2.575253486633301,
        2.493216037750244,
        2.3688738346099854,
        2.255523443222046,
        2.139927625656128,
        2.088056802749634,
        2.0774548053741455,
        2.1038014888763428,
        2.166612386703491,
        2.297553539276123,
        2.491032600402832,
        2.6676931381225586,
        2.6757524013519287
    ],
    "train_accuracy": [
        0.32692307233810425,
        0.4038461446762085,
        0.6153846383094788,
        0.557692289352417,
        0.7115384340286255,
        0.807692289352417,
        0.7307692170143127,
        0.7307692170143127,
        0.7692307829856873,
        0.807692289352417,
        0.8269230723381042,
        0.8846153616905212,
        0.7884615659713745,
        0.8461538553237915,
        0.9038461446762085,
        0.9230769276618958,
        0.9038461446762085,
        0.8461538553237915,
        0.9230769276618958,
        0.8846153616905212,
        0.9230769276618958,
        0.9230769276618958,
        0.8846153616905212,
        0.8269230723381042,
        0.942307710647583,
        0.9230769276618958,
        0.942307710647583,
        0.942307710647583,
        0.9038461446762085,
        0.9230769276618958,
        0.8653846383094788,
        0.8653846383094788,
        0.9038461446762085,
        0.9230769276618958,
        0.9615384340286255,
        0.942307710647583,
        0.9615384340286255,
        0.942307710647583,
        0.8846153616905212,
        0.942307710647583,
        0.9807692170143127,
        0.942307710647583,
        1.0,
        0.9807692170143127,
        0.9230769276618958,
        0.9230769276618958,
        0.942307710647583,
        0.9038461446762085,
        0.9230769276618958,
        0.9230769276618958,
        0.942307710647583,
        0.942307710647583,
        0.9230769276618958,
        0.942307710647583,
        0.9615384340286255,
        0.9230769276618958,
        0.9615384340286255,
        0.9230769276618958,
        0.8461538553237915,
        0.9038461446762085,
        0.9807692170143127,
        0.942307710647583,
        0.942307710647583,
        1.0,
        0.9038461446762085,
        0.9038461446762085,
        0.942307710647583,
        0.9230769276618958,
        0.942307710647583,
        0.9807692170143127,
        0.9615384340286255,
        0.942307710647583,
        0.9615384340286255,
        0.942307710647583,
        0.9615384340286255,
        0.9615384340286255,
        0.9615384340286255,
        0.9230769276618958,
        0.9230769276618958,
        0.9230769276618958,
        0.942307710647583,
        0.942307710647583,
        0.9230769276618958,
        0.9230769276618958
    ],