{
    "hyperparameters": {
        "activation": "relu",
        "dropout_rate": 0.3344386254343,
        "kernel_size": 7,
        "learning_rate": 0.0020122345501,
        "num_filters": 73,
        "num_layers": 5,
        "pooling": "average",
        "pooling_size": 2
    },
    "dataset_stats": {
        "name": "Beef",
        "train_size": 48,
        "val_size": 12,
        "input_shape": [
            1,
            470
        ],
        "num_classes": 5
    },
    "epochs": 83,
    "train_loss": [
        1.7678108215332031,
        1.959769368171692,
        1.6723092794418335,
        1.660500168800354,
        1.6880098581314087,
        1.4589934349060059,
        1.4933913946151733,
        1.707284927368164,
        1.5469874143600464,
        1.413791298866272,
        1.3322477340698242,
        1.483194351196289,
        1.3709510564804077,
        1.552164912223816,
        1.3572713136672974,
        1.4214309453964233,
        1.3424819707870483,
        1.460771918296814,
        1.2532668113708496,
        1.2471323013305664,
        1.2123674154281616,
        1.2499886751174927,
        1.2447422742843628,
        1.2817891836166382,
        1.3439737558364868,
        1.2758867740631104,
        1.216776728630066,
        1.3044081926345825,
        1.1421376466751099,
        1.1776976585388184,
        1.0684354305267334,
        1.2011984586715698,
        1.196165919303894,
        1.0960617065429688,
        1.131665825843811,
        1.1261619329452515,
        0.9670408368110657,
        1.2855676412582397,
        1.1650948524475098,
        1.007625937461853,
        1.127714991569519,
        1.0553126335144043,
        1.1180248260498047,
        1.1585851907730103,
        1.0144537687301636,
        0.9497072696685791,
        0.9792855381965637,
        1.1332403421401978,
        1.1115087270736694,
        1.381096363067627,
        1.0519599914550781,
        1.0517730712890625,
        1.178554654121399,
        1.016242504119873,
        1.077813744544983,
        1.022316336631775,
        0.9110841751098633,
        1.0025492906570435,
        0.8816585540771484,
        0.9188701510429382,
        0.8755878806114197,
        0.7423651218414307,
        0.8520439267158508,
        0.9608282446861267,
        0.8329573273658752,
        1.152766227722168,
        0.8885696530342102,
        0.8672492504119873,
        0.9123813509941101,
        0.7513604164123535,
        0.6445724368095398,
        0.8630433082580566,
        0.9094297289848328,
        0.8517882227897644,
        0.7418873906135559,
        1.0031691789627075,
        0.7696933150291443,
        0.8476415276527405,
        0.8473504185676575,
        0.7008059024810791,
        0.7064889073371887,
        0.8068763613700867,
        0.8532307147979736
    ],
    "val_loss": [
        1.610496163368225,
        1.6139230728149414,
        1.6198970079421997,
        1.624891757965088,
        1.6298643350601196,
        1.6340800523757935,
        1.6401602029800415,
        1.6484260559082031,
        1.6525343656539917,
        1.6534677743911743,
        1.6526846885681152,
        1.6474052667617798,
        1.6419109106063843,
        1.6343231201171875,
        1.6306096315383911,
        1.6149425506591797,
        1.5844950675964355,
        1.542573094367981,
        1.4940334558486938,
        1.4570884704589844,
        1.4438053369522095,
        1.4439126253128052,
        1.437644362449646,
        1.4394785165786743,
        1.4424303770065308,
        1.4341883659362793,
        1.4279340505599976,
        1.424245834350586,
        1.421394944190979,
        1.4141632318496704,
        1.4079166650772095,
        1.3998829126358032,
        1.4067083597183228,
        1.3966022729873657,
        1.4075216054916382,
        1.4142190217971802,
        1.4071544408798218,
        1.3979206085205078,
        1.387050986289978,
        1.4058831930160522,
        1.4043480157852173,
        1.4116746187210083,
        1.4308723211288452,
        1.4512510299682617,
        1.4736104011535645,
        1.4997949600219727,
        1.4816007614135742,
        1.4456415176391602,
        1.4276515245437622,
        1.407334327697754,
        1.3857860565185547,
        1.3706141710281372,
        1.3451275825500488,
        1.3358110189437866,
        1.366960883140564,
        1.3709052801132202,
        1.3856478929519653,
        1.416907787322998,
        1.4355696439743042,
        1.4730318784713745,
        1.482283592224121,
        1.5124014616012573,
        1.511177659034729,
        1.550428032875061,
        1.6142481565475464,
        1.7135730981826782,
        1.7121119499206543,
        1.713614821434021,
        1.679979920387268,
        1.6310276985168457,
        1.5201921463012695,
        1.472678780555725,
        1.4667720794677734,
        1.5373659133911133,
        1.4949746131896973,
        1.4474323987960815,
        1.4196953773498535,
        1.3438926935195923,
        1.3602410554885864,
        1.534174919128418,
        1.6620217561721802,
        1.7895954847335815,
        1.8808937072753906,
        1.8853813409805298
    ],
    "train_accuracy": [
        0.2083333283662796,
        0.1666666716337204,
        0.2291666716337204,
        0.2291666716337204,
        0.2083333283662796,
        0.375,
        0.3958333432674408,
        0.2916666567325592,
        0.3125,
        0.4375,
        0.4583333432674408,
        0.3333333432674408,
        0.375,
        0.3333333432674408,
        0.4375,
        0.3541666567325592,
        0.3541666567325592,
        0.4583333432674408,
        0.4375,
        0.5208333134651184,
        0.5,
        0.4583333432674408,
        0.5208333134651184,
        0.3541666567325592,
        0.4166666567325592,
        0.4791666567325592,
        0.4375,
        0.4375,
        0.5833333134651184,
        0.4583333432674408,
        0.6458333134651184,
        0.4375,
        0.5416666865348816,
        0.5416666865348816,
        0.5208333134651184,
        0.4791666567325592,
        0.5833333134651184,
        0.375,
        0.4375,
        0.6041666865348816,
        0.4583333432674408,
        0.5,
        0.5416666865348816,
        0.5208333134651184,
        0.5625,
        0.6666666865348816,
        0.5625,
        0.5625,
        0.5,
        0.4166666567325592,
        0.5833333134651184,
        0.5625,
        0.4791666567325592,
        0.5833333134651184,
        0.5833333134651184,
        0.5208333134651184,
        0.6041666865348816,
        0.5625,
        0.6458333134651184,
        0.625,
        0.625,
        0.75,
        0.7083333134651184,
        0.4791666567325592,
        0.6875,
        0.5208333134651184,
        0.5833333134651184,
        0.5625,
        0.6875,
        0.6875,
        0.75,
        0.6041666865348816,
        0.625,
        0.6041666865348816,
        0.7291666865348816,
        0.625,
        0.625,
        0.625,
        0.7083333134651184,
        0.6666666865348816,
        0.6875,
        0.6875,
        0.6458333134651184
    ],