{
    "hyperparameters": {
        "activation": "gelu",
        "dropout_rate": 0.1956085507927,
        "kernel_size": 5,
        "learning_rate": 0.0002408123338,
        "num_filters": 154,
        "num_layers": 5,
        "pooling": "average",
        "pooling_size": 2
    },
    "dataset_stats": {
        "name": "Beef",
        "train_size": 48,
        "val_size": 12,
        "input_shape": [
            1,
            470
        ],
        "num_classes": 5
    },
    "epochs": 114,
    "train_loss": [
        1.7166203260421753,
        1.543657660484314,
        1.4069732427597046,
        1.261308193206787,
        1.2618248462677002,
        1.2042927742004395,
        1.3261520862579346,
        1.2301342487335205,
        1.158989429473877,
        1.0845251083374023,
        1.1246572732925415,
        0.9914719462394714,
        0.9602481722831726,
        1.017223834991455,
        0.9383726119995117,
        0.9737141132354736,
        1.0025943517684937,
        0.8371438980102539,
        0.8615077137947083,
        0.873518168926239,
        0.8286153674125671,
        0.8033053874969482,
        0.7668249607086182,
        0.8531792163848877,
        0.6910664439201355,
        0.6322157979011536,
        0.6977026462554932,
        0.7786798477172852,
        0.6684523224830627,
        0.5867902636528015,
        0.5605085492134094,
        0.5428163409233093,
        0.5474101901054382,
        0.5888519883155823,
        0.5574193596839905,
        0.5872462391853333,
        0.5795729756355286,
        0.4712037146091461,
        0.446285218000412,
        0.455765962600708,
        0.5584440231323242,
        0.45627251267433167,
        0.3923896253108978,
        0.39810383319854736,
        0.5183145999908447,
        0.4212660789489746,
        0.44297584891319275,
        0.42072322964668274,
        0.43604040145874023,
        0.38137438893318176,
        0.4450039863586426,
        0.34113064408302307,
        0.3997187614440918,
        0.3644738495349884,
        0.43625882267951965,
        0.3361909091472626,
        0.43853506445884705,
        0.3170717656612396,
        0.37314653396606445,
        0.35314860939979553,
        0.35496845841407776,
        0.30440855026245117,
        0.3451930284500122,
        0.3094799518585205,
        0.37751391530036926,
        0.32718396186828613,
        0.38338473439216614,
        0.3044889271259308,
        0.3944191038608551,
        0.4043557643890381,
        0.37629127502441406,
        0.30431613326072693,
        0.3172459304332733,
        0.4684359133243561,
        0.3446601927280426,
        0.43156376481056213,
        0.2882101237773895,
        0.2618028223514557,
        0.29029640555381775,
        0.39908888936042786,
        0.47681137919425964,
        0.3146471083164215,
        0.2742156386375427,
        0.3329697549343109,
        0.43832913041114807,
        0.2643948495388031,
        0.44163569808006287,
        0.30102941393852234,
        0.24754048883914948,
        0.2888515293598175,
        0.24270610511302948,
        0.30819204449653625,
        0.34618160128593445,
        0.1928185671567917,
        0.18961893022060394,
        0.20188336074352264,
        0.22022747993469238,
        0.4379964768886566,
        0.3104330897331238,
        0.23607535660266876,
        0.5255565643310547,
        0.2006886750459671,
        0.3496144115924835,
        0.41448232531547546,
        0.25423547625541687,
        0.1996011883020401,
        0.30956053733825684,
        0.2546120882034302,
        0.2686619460582733,
        0.2209911346435547,
        0.23826660215854645,
        0.286200612783432,
        0.24874652922153473,
        0.21815966069698334
    ],
    "val_loss": [
        1.6191163063049316,
        1.618124008178711,
        1.6168023347854614,
        1.6158790588378906,
        1.6158571243286133,
        1.6149287223815918,
        1.6135053634643555,
        1.6114836931228638,
        1.6092177629470825,
        1.6067670583724976,
        1.604341983795166,
        1.5991159677505493,
        1.5969878435134888,
        1.5891132354736328,
        1.5796068906784058,
        1.566759467124939,
        1.546887993812561,
        1.5180081129074097,
        1.4872959852218628,
        1.4568324089050293,
        1.4230905771255493,
        1.3920050859451294,
        1.3838061094284058,
        1.402276635169983,
        1.4197622537612915,
        1.3968315124511719,
        1.3601280450820923,
        1.2999345064163208,
        1.2380174398422241,
        1.2407413721084595,
        1.281043529510498,
        1.3018553256988525,
        1.29684317111969,
        1.2684670686721802,
        1.260384440422058,
        1.240610122680664,
        1.1860157251358032,
        1.1635843515396118,
        1.137895941734314,
        1.1390067338943481,
        1.1780155897140503,
        1.1997207403182983,
        1.2414473295211792,
        1.2839874029159546,
        1.2823948860168457,
        1.2152098417282104,
        1.0820672512054443,
        1.023702621459961,
        1.049491047859192,
        1.1108622550964355,
        1.0708783864974976,
        1.09083092212677,
        1.1394256353378296,
        1.199368953704834,
        1.3592891693115234,
        1.5254310369491577,
        1.46310555934906,
        1.3152801990509033,
        1.2447270154953003,
        1.160359501838684,
        1.0682411193847656,
        1.1445221900939941,
        1.1609907150268555,
        1.1113628149032593,
        1.1287906169891357,
        1.1755619049072266,
        1.302988886833191,
        1.5120954513549805,
        1.5169605016708374,
        1.3938013315200806,
        1.3983850479125977,
        1.5033788681030273,
        1.3607501983642578,
        1.2160755395889282,
        1.0552704334259033,
        0.9237122535705566,
        1.0031362771987915,
        1.1149452924728394,
        1.1143220663070679,
        0.9981449246406555,
        1.1330448389053345,
        1.3095043897628784,
        1.0913808345794678,
        0.8730103969573975,
        0.7804276347160339,
        0.9260632395744324,
        1.1872941255569458,
        1.2947202920913696,
        1.345959186553955,
        1.3345484733581543,
        1.202513337135315,
        1.2267001867294312,
        1.1975723505020142,
        1.1631470918655396,
        1.1219860315322876,
        1.134682059288025,
        1.0747648477554321,
        1.0821996927261353,
        1.0617876052856445,
        1.3697069883346558,
        1.8225456476211548,
        1.578810691833496,
        1.0962573289871216,
        1.4285740852355957,
        1.7708505392074585,
        1.720489501953125,
        1.6649227142333984,
        1.6077613830566406,
        1.6768711805343628,
        1.7245211601257324,
        1.6404386758804321,
        1.5852552652359009,
        1.506597876548767,
        1.419559121131897,
        1.274762749671936
    ],