{
    "hyperparameters": {
        "bidirectional": true,
        "dropout_rate": 0.1184032283809,
        "hidden_units": 89,
        "learning_rate": 0.0003654639951,
        "num_layers": 3,
        "output_activation": "gelu",
        "weight_decay": 6.47002786e-05
    },
    "dataset_stats": {
        "name": "CBF",
        "train_size": 48,
        "val_size": 12,
        "input_shape": [
            128,
            1
        ],
        "num_classes": 3
    },
    "epochs": 54,
    "train_loss": [
        1.0556379556655884,
        0.88125079870224,
        0.8020163178443909,
        0.7069403529167175,
        0.6243428587913513,
        0.54527747631073,
        0.5107563138008118,
        0.45429083704948425,
        0.48335036635398865,
        0.4331425130367279,
        0.39167556166648865,
        0.38391056656837463,
        0.36145511269569397,
        0.360804945230484,
        0.33490514755249023,
        0.3366020619869232,
        0.33654800057411194,
        0.3138117492198944,
        0.31680524349212646,
        0.29864487051963806,
        0.3054080605506897,
        0.298858642578125,
        0.29631829261779785,
        0.2991498112678528,
        0.29607316851615906,
        0.29533669352531433,
        0.29489782452583313,
        0.29490819573402405,
        0.2953334450721741,
        0.2936002016067505,
        0.2956007122993469,
        0.2959176003932953,
        0.29405876994132996,
        0.29392921924591064,
        0.2933821380138397,
        0.29372280836105347,
        0.2943643629550934,
        0.29427698254585266,
        0.2947389781475067,
        0.29424357414245605,
        0.293869286775589,
        0.29426777362823486,
        0.2935321033000946,
        0.2943851053714752,
        0.2940562665462494,
        0.29491937160491943,
        0.2928211987018585,
        0.29337286949157715,
        0.2938480079174042,
        0.29342761635780334,
        0.29372963309288025,
        0.29315030574798584,
        0.2934229075908661,
        0.29318690299987793
    ],
    "val_loss": [
        1.080793857574463,
        0.8690299391746521,
        0.8021565079689026,
        0.7496278882026672,
        0.6589967012405396,
        0.6041412949562073,
        0.6100981831550598,
        0.5897061824798584,
        0.4601939618587494,
        0.4265458881855011,
        0.5326643586158752,
        0.522940993309021,
        0.41875091195106506,
        0.3504059314727783,
        0.3485497534275055,
        0.5788900852203369,
        0.5981966853141785,
        0.3846021592617035,
        0.3036841154098511,
        0.30033624172210693,
        0.30652061104774475,
        0.30995333194732666,
        0.29608073830604553,
        0.29430466890335083,
        0.2942456603050232,
        0.32116401195526123,
        0.49587535858154297,
        0.5379939675331116,
        0.4853889048099518,
        0.37158215045928955,
        0.3225686550140381,
        0.32301443815231323,
        0.3519021272659302,
        0.41282472014427185,
        0.49837175011634827,
        0.5592308640480042,
        0.5989282131195068,
        0.610969066619873,
        0.6116126179695129,
        0.6050316095352173,
        0.5881611108779907,
        0.563642680644989,
        0.5355678200721741,
        0.5219742655754089,
        0.5122337341308594,
        0.5037946105003357,
        0.4963654577732086,
        0.4889924228191376,
        0.481424480676651,
        0.4792407751083374,
        0.477309912443161,
        0.47723492980003357,
        0.4780631959438324,
        0.4786517322063446,
        0.4791727066040039
    ],
    "train_accuracy": [
        0.5,
        0.8541666865348816,
        0.8333333134651184,
        0.875,
        0.9166666865348816,
        0.9791666865348816,
        0.9375,
        0.9791666865348816,
        0.9583333134651184,
        0.9791666865348816,
        0.9791666865348816,
        0.9791666865348816,
        0.9791666865348816,
        1.0,
        0.9791666865348816,
        0.9791666865348816,
        0.9791666865348816,
        0.9791666865348816,
        1.0,
        1.0,
        1.0,
        1.0,
        1.0,
        1.0,
        1.0,
        1.0,
        1.0,
        1.0,
        1.0,
        1.0,
        1.0,
        1.0,
        1.0,
        1.0,
        1.0,
        1.0,
        1.0,
        1.0,
        1.0,
        1.0,
        1.0,
        1.0,
        1.0,
        1.0,
        1.0,
        1.0,
        1.0,
        1.0,
        1.0,
        1.0,
        1.0,
        1.0,
        1.0,
        1.0
    ],
    "val_accuracy": [
        0.25,
        0.9166666865348816,
        0.8333333134651184,
        0.8333333134651184,
        0.8333333134651184,
        0.9166666865348816,
        0.75,
        0.75,
        0.9166666865348816,
        1.0,
        0.9166666865348816,
        0.9166666865348816,
        0.9166666865348816,
        1.0,
        1.0,
        0.75,
        0.75,
        0.9166666865348816,
        1.0,
        1.0,
        1.0,
        1.0,
        1.0,
        1.0,
        1.0,
        1.0,
        0.8333333134651184,
        0.8333333134651184,
        0.8333333134651184,
        1.0,
        1.0,
        1.0,
        1.0,
        0.8333333134651184,
        0.8333333134651184,
        0.8333333134651184,
        0.8333333134651184,
        0.8333333134651184,
        0.8333333134651184,
        0.8333333134651184,
        0.8333333134651184,
        0.8333333134651184,
        0.8333333134651184,
        0.8333333134651184,
        0.8333333134651184,
        0.8333333134651184,
        0.8333333134651184,
        0.8333333134651184,
        0.8333333134651184,
        0.8333333134651184,
        0.8333333134651184,
        0.8333333134651184,
        0.8333333134651184,
        0.8333333134651184,
        0.8333333134651184
    ],
    "epoch_times": [
        0.2062225341796875,
        0.045770883560180664,
        0.04184722900390625,
        0.044589996337890625,
        0.0481414794921875,
        0.05000472068786621,
        0.05086660385131836,
        0.05259227752685547,
        0.05485391616821289,
        0.05565237998962402,
        0.05949091911315918,
        0.0631570816040039,
        0.048949241638183594,
        0.046381473541259766,
        0.0498654842376709,
        0.057494401931762695,
        0.05219411849975586,
        0.052516937255859375,
        0.052362680435180664,
        0.0486752986907959,
        0.05126547813415527,
        0.040964603424072266,
        0.037445068359375,
        0.04189443588256836,
        0.040407419204711914,
        0.040039777755737305,
        0.03957986831665039,
        0.041013479232788086,
        0.03795480728149414,
        0.04270291328430176,
        0.04240083694458008,
        0.046944379806518555,
        0.041948795318603516,
        0.04503059387207031,
        0.04929804801940918,
        0.04221749305725098,
        0.043881893157958984,
        0.04622936248779297,
        0.0444941520690918,
        0.042313337326049805,
        0.04158520698547363,
        0.03970766067504883,
        0.039554595947265625,
        0.03859448432922363,
        0.03539729118347168,
        0.03518271446228027,
        0.035143375396728516,
        0.035825490951538086,
        0.03532552719116211,
        0.03554701805114746,
        0.03558182716369629,
        0.03534245491027832,
        0.03552722930908203,
        0.035471439361572266
    ]
}