{
    "hyperparameters": {
        "activation": "gelu",
        "dropout_rate": 0.5275598304021,
        "hidden_units": 27,
        "learning_rate": 0.0193644752482,
        "num_layers": 3,
        "weight_decay": 0.0097357775988
    },
    "dataset_stats": {
        "name": "Adiac",
        "train_size": 312,
        "val_size": 78,
        "input_shape": [
            176,
            1
        ],
        "num_classes": 37
    },
    "epochs": 61,
    "train_loss": [
        3.7686564922332764,
        3.5045478343963623,
        3.3258824348449707,
        3.296980619430542,
        3.256542921066284,
        3.1474180221557617,
        3.1284053325653076,
        3.0550835132598877,
        3.022955894470215,
        3.0091774463653564,
        3.0134031772613525,
        3.0323636531829834,
        2.9997265338897705,
        2.9699573516845703,
        2.9344332218170166,
        2.935476541519165,
        2.8969924449920654,
        2.9159507751464844,
        2.9299495220184326,
        2.9657771587371826,
        2.961562395095825,
        2.93298602104187,
        2.9586806297302246,
        2.9705874919891357,
        2.902341604232788,
        2.9233219623565674,
        2.901674270629883,
        2.914626359939575,
        2.910036563873291,
        2.8990514278411865,
        2.919445753097534,
        2.8439924716949463,
        2.9009995460510254,
        2.8890273571014404,
        2.9522206783294678,
        2.8722386360168457,
        2.9975993633270264,
        2.963258981704712,
        2.9481921195983887,
        2.9349796772003174,
        2.900641679763794,
        2.937758684158325,
        2.9634082317352295,
        2.923461437225342,
        3.0180346965789795,
        2.9399352073669434,
        3.0147271156311035,
        2.9879274368286133,
        3.0384345054626465,
        2.9513208866119385,
        2.9732306003570557,
        2.932514190673828,
        3.010263681411743,
        3.0212604999542236,
        2.96628737449646,
        2.995074510574341,
        2.8812530040740967,
        2.981891632080078,
        3.0303754806518555,
        2.909862995147705,
        2.8658602237701416
    ],
    "val_loss": [
        3.607083797454834,
        3.5419225692749023,
        3.4843480587005615,
        3.328763961791992,
        3.287790060043335,
        3.272678852081299,
        3.3622474670410156,
        3.270569324493408,
        3.264862298965454,
        3.303105354309082,
        3.202425718307495,
        3.041219711303711,
        3.1757774353027344,
        3.6682515144348145,
        3.172057628631592,
        3.07397723197937,
        3.3748481273651123,
        3.3393285274505615,
        3.395794153213501,
        3.2143990993499756,
        3.677962064743042,
        3.1817870140075684,
        3.215219736099243,
        3.282212495803833,
        2.8779966831207275,
        3.2241923809051514,
        4.724245071411133,
        3.3348212242126465,
        3.344210147857666,
        2.923516273498535,
        3.1787781715393066,
        2.8531405925750732,
        2.9783782958984375,
        3.430328369140625,
        3.102649688720703,
        2.8997936248779297,
        3.588623046875,
        4.003962516784668,
        3.188774585723877,
        3.8476383686065674,
        3.8453712463378906,
        3.4176318645477295,
        3.043278932571411,
        3.2438061237335205,
        2.9507181644439697,
        2.9471919536590576,
        4.1441426277160645,
        3.9786548614501953,
        3.651729106903076,
        3.134437322616577,
        2.9259109497070312,
        3.3088722229003906,
        3.6642072200775146,
        3.288097620010376,
        3.1711323261260986,
        3.308964252471924,
        2.9802210330963135,
        3.7439680099487305,
        2.8864190578460693,
        3.0286619663238525,
        5.158000946044922,
        4.446168422698975
    ],
    "train_accuracy": [
        0.025641025975346565,
        0.06730769574642181,
        0.10897435992956161,
        0.09615384787321091,
        0.09294871985912323,
        0.12179487198591232,
        0.11217948794364929,
        0.11858974397182465,
        0.12179487198591232,
        0.125,
        0.14102564752101898,
        0.09935897588729858,
        0.1378205120563507,
        0.12820513546466827,
        0.14102564752101898,
        0.10576923191547394,
        0.125,
        0.16346153616905212,
        0.15064102411270142,
        0.11858974397182465,
        0.14102564752101898,
        0.12820513546466827,
        0.16025641560554504,
        0.1538461595773697,
        0.15705128014087677,
        0.1378205120563507,
        0.14423076808452606,
        0.125,
        0.10576923191547394,
        0.14423076808452606,
        0.13461539149284363,
        0.16025641560554504,
        0.15705128014087677,
        0.1378205120563507,
        0.16025641560554504,
        0.14743590354919434,
        0.125,
        0.11217948794364929,
        0.16025641560554504,
        0.15705128014087677,
        0.14102564752101898,
        0.14423076808452606,
        0.13141025602817535,
        0.14102564752101898,
        0.13461539149284363,
        0.15064102411270142,
        0.125,
        0.125,
        0.11217948794364929,
        0.14743590354919434,
        0.1378205120563507,
        0.16346153616905212,
        0.13461539149284363,
        0.15064102411270142,
        0.17307692766189575,
        0.1538461595773697,
        0.16025641560554504,
        0.15064102411270142,
        0.11858974397182465,
        0.16346153616905212,
        0.16025641560554504
    ],
    "val_accuracy": [
        0.046875,
        0.06410256773233414,
        0.07692307978868484,
        0.08974359184503555,
        0.10256410390138626,
        0.07692307978868484,
        0.07692307978868484,
        0.08974359184503555,
        0.06410256773233414,
        0.05128205195069313,
        0.07692307978868484,
        0.08974359184503555,
        0.07692307978868484,
        0.03846153989434242,
        0.08974359184503555,
        0.08974359184503555,
        0.07692307978868484,
        0.05128205195069313,
        0.07692307978868484,
        0.08974359184503555,
        0.05128205195069313,
        0.10256410390138626,
        0.08974359184503555,
        0.07692307978868484,
        0.14102564752101898,
        0.10256410390138626,
        0.03846153989434242,
        0.10256410390138626,
        0.05128205195069313,
        0.10256410390138626,
        0.05128205195069313,
        0.1538461595773697,
        0.10256410390138626,
        0.12820513546466827,
        0.08974359184503555,
        0.11538461595773697,
        0.08974359184503555,
        0.03846153989434242,
        0.05128205195069313,
        0.03846153989434242,
        0.05128205195069313,
        0.07692307978868484,
        0.11538461595773697,
        0.06410256773233414,
        0.14102564752101898,
        0.08974359184503555,
        0.06410256773233414,
        0.03846153989434242,
        0.05128205195069313,
        0.07692307978868484,
        0.1538461595773697,
        0.07692307978868484,
        0.05128205195069313,
        0.14102564752101898,
        0.11538461595773697,
        0.06410256773233414,
        0.1538461595773697,
        0.05128205195069313,
        0.1538461595773697,
        0.10256410390138626,
        0.012820512987673283,
        0.05128205195069313
    ],