{
    "hyperparameters": {
        "activation": "relu",
        "dropout_rate": 0.3565036467735,
        "kernel_size": 6,
        "learning_rate": 0.000577544121,
        "num_filters": 167,
        "num_layers": 3,
        "pooling": "max",
        "pooling_size": 1
    },
    "dataset_stats": {
        "name": "Car",
        "train_size": 96,
        "val_size": 24,
        "input_shape": [
            1,
            577
        ],
        "num_classes": 4
    },
    "epochs": 38,
    "train_loss": [
        1.5635385513305664,
        1.42499577999115,
        1.4370821714401245,
        1.2123684883117676,
        1.2278308868408203,
        1.3060822486877441,
        1.0808628797531128,
        1.002146601676941,
        1.1678314208984375,
        1.0487887859344482,
        0.9969561100006104,
        0.9223547577857971,
        0.8015829920768738,
        0.8203436732292175,
        0.758778989315033,
        0.8035510182380676,
        0.7416884303092957,
        0.614904522895813,
        0.6997646689414978,
        0.6019811034202576,
        0.6588445901870728,
        0.6550924777984619,
        0.5892737507820129,
        0.6017048358917236,
        0.5229359269142151,
        0.6205798983573914,
        0.4579087197780609,
        0.520534098148346,
        0.46882057189941406,
        0.4961220920085907,
        0.49621501564979553,
        0.4597759544849396,
        0.43433988094329834,
        0.43782028555870056,
        0.4764460027217865,
        0.41999998688697815,
        0.46081864833831787,
        0.3250831365585327
    ],
    "val_loss": [
        1.3893316984176636,
        1.3899813890457153,
        1.3880456686019897,
        1.3669495582580566,
        1.3485103845596313,
        1.3287972211837769,
        1.314907431602478,
        1.3092752695083618,
        1.2651201486587524,
        1.2707535028457642,
        1.2963703870773315,
        1.3730825185775757,
        1.2973610162734985,
        1.3045727014541626,
        1.3347216844558716,
        1.3780781030654907,
        1.3869951963424683,
        1.3197993040084839,
        1.3877626657485962,
        1.3771557807922363,
        1.475612759590149,
        1.597946047782898,
        1.674234390258789,
        1.6242179870605469,
        1.840640664100647,
        1.8883156776428223,
        1.8588200807571411,
        1.8372130393981934,
        2.016549825668335,
        1.9084514379501343,
        1.7639802694320679,
        1.6955561637878418,
        1.650352120399475,
        1.858062744140625,
        2.228571891784668,
        2.3405821323394775,
        2.2305972576141357,
        2.2382798194885254,
        2.3782994747161865
    ],
    "train_accuracy": [
        0.28125,
        0.375,
        0.2916666567325592,
        0.46875,
        0.4375,
        0.4166666567325592,
        0.4895833432674408,
        0.5416666865348816,
        0.5,
        0.53125,
        0.5729166865348816,
        0.625,
        0.6770833134651184,
        0.65625,
        0.6770833134651184,
        0.65625,
        0.6979166865348816,
        0.7708333134651184,
        0.6979166865348816,
        0.71875,
        0.7604166865348816,
        0.75,
        0.7916666865348816,
        0.8333333134651184,
        0.7708333134651184,
        0.8125,
        0.8229166865348816,
        0.8020833134651184,
        0.8333333134651184,
        0.8125,
        0.8020833134651184,
        0.8125,
        0.8333333134651184,
        0.8229166865348816,
        0.8333333134651184,
        0.8541666865348816,
        0.8020833134651184,
        0.9166666865348816
    ],
    "val_accuracy": [
        0.2083333283662796,
        0.2916666567325592,
        0.2916666567325592,
        0.3333333432674408,
        0.2916666567325592,
        0.25,
        0.375,
        0.375,
        0.5,
        0.5,
        0.4583333432674408,
        0.4583333432674408,
        0.5,
        0.4583333432674408,
        0.5416666865348816,
        0.5833333134651184,
        0.4166666567325592,
        0.5,
        0.5416666865348816,
        0.5833333134651184,
        0.5,
        0.5416666865348816,
        0.5833333134651184,
        0.5416666865348816,
        0.5416666865348816,
        0.5416666865348816,
        0.5416666865348816,
        0.5833333134651184,
        0.5,
        0.5416666865348816,
        0.5833333134651184,
        0.5833333134651184,
        0.625,
        0.5833333134651184,
        0.5833333134651184,
        0.5833333134651184,
        0.625,
        0.5833333134651184,
        0.5833333134651184
    ],
    "epoch_times": [
        0.3012232780456543,
        0.13977718353271484,
        0.17103981971740723,
        0.1753995418548584,
        0.16344594955444336,
        0.09676074981689453,
        0.15078973770141602,
        0.0922386646270752,
        0.15900349617004395,
        0.09950089454650879,
        0.16559720039367676,
        0.17750930786132812,
        0.16446304321289062,
        0.09833049774169922,
        0.16139507293701172,
        0.16348004341125488,
        0.09950757026672363,
        0.16437482833862305,
        0.09528684616088867,
        0.11715507507324219,
        0.09745478630065918,
        0.1469271183013916,
        0.09722161293029785,
        0.15934991836547852,
        0.09636044502258301,
        0.16547703742980957,
        0.16525888442993164,
        0.10119509696960449,
        0.15946435928344727,
        0.09414505958557129,
        0.1613166332244873,
        0.09068727493286133,
        0.1520853042602539,
        0.09278488159179688,
        0.1526331901550293,
        0.16480398178100586,
        0.183091402053833,
        0.09084010124206543
    ]
}