{
    "hyperparameters": {
        "activation": "tanh",
        "dropout_rate": 0.4840527871325,
        "hidden_units": 41,
        "learning_rate": 0.0001627170936,
        "num_layers": 2,
        "weight_decay": 0.0045664446733
    },
    "dataset_stats": {
        "name": "ArrowHead",
        "train_size": 49,
        "val_size": 12,
        "input_shape": [
            251,
            1
        ],
        "num_classes": 3
    },
    "epochs": 102,
    "train_loss": [
        1.397692322731018,
        1.338077425956726,
        1.2384285926818848,
        1.1744743585586548,
        1.0827174186706543,
        1.2714217901229858,
        1.250355839729309,
        1.1644635200500488,
        1.1436156034469604,
        1.215456247329712,
        1.0623338222503662,
        1.0376183986663818,
        1.0408127307891846,
        0.993739128112793,
        1.1076527833938599,
        1.102359652519226,
        1.0606210231781006,
        0.9332327842712402,
        0.9683486223220825,
        1.088128685951233,
        0.9180530905723572,
        0.9139018058776855,
        1.045336365699768,
        0.9353986382484436,
        1.036215901374817,
        0.8046680092811584,
        1.0000067949295044,
        0.9015048146247864,
        0.7493036389350891,
        0.9735007286071777,
        0.9621756672859192,
        0.9238609671592712,
        0.8872652649879456,
        0.8633052110671997,
        0.9922671318054199,
        0.9157165884971619,
        0.9798391461372375,
        0.8935993909835815,
        0.7769303321838379,
        0.8330526351928711,
        0.8637838363647461,
        0.7969274520874023,
        0.7572268843650818,
        0.9111357927322388,
        0.8704426884651184,
        0.7052597999572754,
        0.7946627140045166,
        0.7859340310096741,
        0.7511069774627686,
        0.8538790345191956,
        0.810828685760498,
        0.8042309880256653,
        0.8392578363418579,
        0.7806087136268616,
        0.8046722412109375,
        0.812495768070221,
        0.7723718881607056,
        0.7576192617416382,
        0.7040345072746277,
        0.7846662402153015,
        0.7182666063308716,
        0.8273494243621826,
        0.7718831896781921,
        0.7252692580223083,
        0.6899943351745605,
        0.7020193338394165,
        0.7295319437980652,
        0.715106189250946,
        0.7457467913627625,
        0.5998866558074951,
        0.8086020946502686,
        0.7325383424758911,
        0.7238733172416687,
        0.6409367322921753,
        0.8299952745437622,
        0.7081708908081055,
        0.7391535043716431,
        0.7970349192619324,
        0.6427976489067078,
        0.7770716547966003,
        0.668525218963623,
        0.6217390298843384,
        0.6672908067703247,
        0.6598566770553589,
        0.6441988348960876,
        0.7639650702476501,
        0.6084883809089661,
        0.663776159286499,
        0.692566990852356,
        0.6775930523872375,
        0.7530138492584229,
        0.5534208416938782,
        0.6695699691772461,
        0.5872961282730103,
        0.6473816633224487,
        0.6760052442550659,
        0.6819585561752319,
        0.6087355613708496,
        0.5982670187950134,
        0.6088284850120544,
        0.6794797778129578,
        0.6972707509994507
    ],
    "val_loss": [
        1.1747938394546509,
        1.1796542406082153,
        1.18106210231781,
        1.1827603578567505,
        1.1825321912765503,
        1.1815881729125977,
        1.1783802509307861,
        1.1722840070724487,
        1.1638116836547852,
        1.1539608240127563,
        1.1420354843139648,
        1.1277037858963013,
        1.1193336248397827,
        1.1019244194030762,
        1.0895367860794067,
        1.0819777250289917,
        1.071292519569397,
        1.0599102973937988,
        1.0494797229766846,
        1.0423630475997925,
        1.0380741357803345,
        1.0350008010864258,
        1.0293956995010376,
        1.0246955156326294,
        1.0188473463058472,
        1.0238345861434937,
        1.027673363685608,
        1.0247827768325806,
        1.0296127796173096,
        1.0248808860778809,
        1.0213416814804077,
        1.025997281074524,
        1.0273569822311401,
        1.0246071815490723,
        1.0185402631759644,
        1.0162407159805298,
        1.0023411512374878,
        1.0048569440841675,
        0.9980323910713196,
        1.0037095546722412,
        1.0128768682479858,
        1.0148943662643433,
        1.0181485414505005,
        1.0182522535324097,
        1.0238621234893799,
        1.0230977535247803,
        1.0323035717010498,
        1.034056305885315,
        1.0345929861068726,
        1.028826355934143,
        1.0351775884628296,
        1.0310722589492798,
        1.0239049196243286,
        1.0224210023880005,
        1.019130825996399,
        1.0209442377090454,
        1.0263054370880127,
        1.0314935445785522,
        1.0088986158370972,
        1.0115786790847778,
        0.9973554611206055,
        0.9891874194145203,
        0.9866042137145996,
        0.9679873585700989,
        0.963925838470459,
        0.9506528973579407,
        0.9417406916618347,
        0.9194812178611755,
        0.9159097075462341,
        0.9184172749519348,
        0.9179585576057434,
        0.9232347011566162,
        0.9154494404792786,
        0.9213281273841858,
        0.9293133616447449,
        0.928472101688385,
        0.9466845393180847,
        0.956233561038971,
        0.9500408172607422,
        0.9400156140327454,
        0.9272636771202087,
        0.9322328567504883,
        0.9388325810432434,
        0.9340135455131531,
        0.9313120245933533,
        0.9357432723045349,
        0.9359987378120422,
        0.9425873160362244,
        0.9297396540641785,
        0.9343915581703186,
        0.9282369613647461,
        0.931522786617279,
        0.9157407879829407,
        0.9183050990104675,
        0.9172934889793396,
        0.9271397590637207,
        0.9253249168395996,
        0.9502419829368591,
        0.9573696255683899,
        0.9541385769844055,
        0.9527068734169006,
        0.949364960193634,
        0.9401342272758484
    ],