{
    "hyperparameters": {
        "bidirectional": true,
        "dropout_rate": 0.2342632886,
        "hidden_units": 219,
        "learning_rate": 0.0009830591396,
        "num_layers": 2,
        "output_activation": "gelu",
        "weight_decay": 3.2705172e-05
    },
    "dataset_stats": {
        "name": "BirdChicken",
        "train_size": 32,
        "val_size": 8,
        "input_shape": [
            512,
            1
        ],
        "num_classes": 2
    },
    "epochs": 132,
    "train_loss": [
        0.6881726980209351,
        0.6883811950683594,
        0.6487146615982056,
        0.5358991026878357,
        0.4879722595214844,
        0.5566332936286926,
        0.40508517622947693,
        0.3848414421081543,
        0.4856591820716858,
        0.3837786912918091,
        0.639352560043335,
        0.7162637710571289,
        0.7767733335494995,
        0.7156705856323242,
        0.6188938617706299,
        0.4544534683227539,
        0.4628415107727051,
        0.38687899708747864,
        0.39862847328186035,
        0.4117426574230194,
        0.3914971351623535,
        0.3759968876838684,
        0.3703174889087677,
        0.338487446308136,
        0.34215205907821655,
        0.3069241940975189,
        0.28397896885871887,
        0.29021701216697693,
        0.2713438868522644,
        0.25509577989578247,
        0.24978500604629517,
        0.24099303781986237,
        0.23371610045433044,
        0.2284819483757019,
        0.25388550758361816,
        0.23594969511032104,
        0.22209244966506958,
        0.21909403800964355,
        0.20941126346588135,
        0.21350762248039246,
        0.21246790885925293,
        0.21034112572669983,
        0.2076435089111328,
        0.20594522356987,
        0.20921605825424194,
        0.205133318901062,
        0.203360915184021,
        0.20582285523414612,
        0.20363585650920868,
        0.20228713750839233,
        0.20099270343780518,
        0.20220696926116943,
        0.202840656042099,
        0.202515110373497,
        0.2018415927886963,
        0.20107197761535645,
        0.20092451572418213,
        0.2002442479133606,
        0.20365270972251892,
        0.2012258768081665,
        0.20100179314613342,
        0.2013474404811859,
        0.2004321813583374,
        0.2009863704442978,
        0.20040027797222137,
        0.20092512667179108,
        0.2009141445159912,
        0.20016810297966003,
        0.200820654630661,
        0.19980019330978394,
        0.20194005966186523,
        0.20267441868782043,
        0.2011147141456604,
        0.20111867785453796,
        0.20037761330604553,
        0.20062175393104553,
        0.2010536938905716,
        0.2008320391178131,
        0.20141839981079102,
        0.20116356015205383,
        0.20133253931999207,
        0.20131367444992065,
        0.2009069323539734,
        0.20085099339485168,
        0.20010779798030853,
        0.2014440894126892,
        0.2001037299633026,
        0.2012229859828949,
        0.20055633783340454,
        0.20157648622989655,
        0.2003563940525055,
        0.19949929416179657,
        0.2011501044034958,
        0.20145493745803833,
        0.20003697276115417,
        0.20138069987297058,
        0.1995498090982437,
        0.20075395703315735,
        0.20251937210559845,
        0.1997602880001068,
        0.20019730925559998,
        0.200990229845047,
        0.20114222168922424,
        0.20163050293922424,
        0.20027205348014832,
        0.20011889934539795,
        0.20096850395202637,
        0.20051132142543793,
        0.2011042833328247,
        0.20073021948337555,
        0.20039701461791992,
        0.20095014572143555,
        0.20048004388809204,
        0.20135030150413513,
        0.20132316648960114,
        0.2004663348197937,
        0.20182234048843384,
        0.20099502801895142,
        0.20181775093078613,
        0.20039737224578857,
        0.1997774839401245,
        0.20054537057876587,
        0.2010638564825058,
        0.20032164454460144,
        0.20137497782707214,
        0.20081999897956848,
        0.2008872777223587,
        0.20080871880054474,
        0.20088481903076172,
        0.20042526721954346,
        0.20120562613010406,
        0.20018267631530762
    ],