{
    "hyperparameters": {
        "activation": "tanh",
        "dropout_rate": 0.010687980544,
        "kernel_size": 7,
        "learning_rate": 0.0072781949692,
        "num_filters": 245,
        "num_layers": 3,
        "pooling": "average",
        "pooling_size": 1
    },
    "dataset_stats": {
        "name": "BeetleFly",
        "train_size": 32,
        "val_size": 8,
        "input_shape": [
            1,
            512
        ],
        "num_classes": 2
    },
    "epochs": 37,
    "train_loss": [
        0.7505818605422974,
        2.0185844898223877,
        3.3254127502441406,
        1.1603080034255981,
        0.5839869976043701,
        0.7437251806259155,
        1.0359290838241577,
        0.6662306189537048,
        0.34382444620132446,
        0.2712496221065521,
        0.2937321960926056,
        0.33497297763824463,
        0.35458654165267944,
        0.3781646192073822,
        0.40026551485061646,
        0.4019194543361664,
        0.40109342336654663,
        0.38834306597709656,
        0.3675015866756439,
        0.350178986787796,
        0.3220198452472687,
        0.28455543518066406,
        0.2260875403881073,
        0.14641304314136505,
        0.1264263391494751,
        0.12528091669082642,
        0.1272522509098053,
        0.13637490570545197,
        0.1436888724565506,
        0.14638090133666992,
        0.14128528535366058,
        0.1371503472328186,
        0.12634867429733276,
        0.11761060357093811,
        0.11190631240606308,
        0.10967761278152466,
        0.1084761917591095
    ],
    "val_loss": [
        0.6888967752456665,
        0.7200496792793274,
        1.9077918529510498,
        1.8332794904708862,
        1.2070850133895874,
        0.7505040168762207,
        0.8298393487930298,
        0.6991329193115234,
        0.809151291847229,
        1.2435119152069092,
        1.6932716369628906,
        2.029993772506714,
        2.263700485229492,
        2.4199166297912598,
        2.5178065299987793,
        2.56313157081604,
        2.5608975887298584,
        2.5161306858062744,
        2.4369454383850098,
        2.343148946762085,
        2.2910516262054443,
        2.2879161834716797,
        2.2659902572631836,
        2.1906044483184814,
        2.0766711235046387,
        1.9536373615264893,
        1.8605231046676636,
        1.807178258895874,
        1.7532085180282593,
        1.688002347946167,
        1.643027424812317,
        1.6504476070404053,
        1.700157880783081,
        1.7782220840454102,
        1.8700345754623413,
        1.9660344123840332,
        2.0610899925231934,
        2.1489782333374023
    ],
    "train_accuracy": [
        0.59375,
        0.5625,
        0.5,
        0.75,
        0.75,
        0.625,
        0.125,
        0.5,
        0.90625,
        0.9375,
        0.9375,
        0.9375,
        0.9375,
        0.9375,
        0.9375,
        0.9375,
        0.9375,
        0.9375,
        0.9375,
        0.9375,
        0.9375,
        0.9375,
        0.9375,
        0.96875,
        0.96875,
        0.96875,
        0.96875,
        0.96875,
        0.96875,
        0.96875,
        0.96875,
        0.96875,
        0.96875,
        0.96875,
        0.96875,
        0.96875,
        0.96875
    ],
    "val_accuracy": [
        0.625,
        0.375,
        0.75,
        0.5,
        0.5,
        0.625,
        0.375,
        0.5,
        0.5,
        0.5,
        0.5,
        0.5,
        0.625,
        0.625,
        0.625,
        0.625,
        0.625,
        0.625,
        0.625,
        0.625,
        0.5,
        0.5,
        0.5,
        0.5,
        0.5,
        0.375,
        0.375,
        0.25,
        0.25,
        0.25,
        0.25,
        0.375,
        0.375,
        0.5,
        0.5,
        0.5,
        0.5,
        0.5
    ],
    "epoch_times": [
        0.035492897033691406,
        0.20694208145141602,
        0.031548261642456055,
        0.02978515625,
        0.021272897720336914,
        0.025027990341186523,
        0.024463653564453125,
        0.02437567710876465,
        0.024677038192749023,
        0.024420738220214844,
        0.023502349853515625,
        0.0215761661529541,
        0.022134065628051758,
        0.022903919219970703,
        0.025652170181274414,
        0.023749351501464844,
        0.025809764862060547,
        0.020901918411254883,
        0.020228862762451172,
        0.022549152374267578,
        0.021913766860961914,
        0.022954702377319336,
        0.022674560546875,
        0.021515369415283203,
        0.02080059051513672,
        0.02109503746032715,
        0.021268129348754883,
        0.022176742553710938,
        0.021815776824951172,
        0.0222165584564209,
        0.021709918975830078,
        0.021722078323364258,
        0.020977020263671875,
        0.02164292335510254,
        0.021623611450195312,
        0.02133655548095703,
        0.02209782600402832
    ]
}