{
    "hyperparameters": {
        "activation": "gelu",
        "dropout_rate": 0.1063315681968,
        "hidden_units": 21,
        "learning_rate": 0.0340386069966,
        "num_layers": 3,
        "weight_decay": 0.0025800575938
    },
    "dataset_stats": {
        "name": "CinCECGTorso",
        "train_size": 52,
        "val_size": 13,
        "input_shape": [
            1639,
            1
        ],
        "num_classes": 4
    },
    "epochs": 34,
    "train_loss": [
        1.4657323360443115,
        1.4248114824295044,
        1.1182459592819214,
        1.0003553628921509,
        0.9643120169639587,
        0.7427887320518494,
        0.6453166604042053,
        0.6035409569740295,
        0.4276481866836548,
        0.4095908999443054,
        0.2369643747806549,
        0.24510833621025085,
        0.49574482440948486,
        0.4062264561653137,
        0.24249540269374847,
        0.4218903183937073,
        0.21782231330871582,
        0.27434998750686646,
        0.3334905207157135,
        0.25534912943840027,
        0.2045385241508484,
        0.22408588230609894,
        0.21480296552181244,
        0.3272656202316284,
        0.28320154547691345,
        0.20916901528835297,
        0.2718912363052368,
        0.27128222584724426,
        0.35348832607269287,
        0.2682306468486786,
        0.22240613400936127,
        0.28175145387649536,
        0.16715280711650848,
        0.17603161931037903
    ],
    "val_loss": [
        1.3743770122528076,
        1.2258354425430298,
        1.2122595310211182,
        1.1663174629211426,
        1.1550822257995605,
        1.265228033065796,
        1.412736415863037,
        1.6065459251403809,
        1.787597417831421,
        1.9062716960906982,
        1.8168690204620361,
        1.8416239023208618,
        2.111079692840576,
        2.3138506412506104,
        2.4679791927337646,
        2.53360652923584,
        2.3397879600524902,
        2.2680413722991943,
        2.3319756984710693,
        2.3380420207977295,
        2.2934775352478027,
        2.3140954971313477,
        2.4613590240478516,
        2.619727611541748,
        2.9324381351470947,
        3.2128703594207764,
        3.273543119430542,
        3.3174405097961426,
        2.979809045791626,
        2.7289388179779053,
        2.7053799629211426,
        2.7442641258239746,
        2.774979829788208,
        2.722602367401123,
        2.731189250946045
    ],
    "train_accuracy": [
        0.3076923191547394,
        0.38461539149284363,
        0.557692289352417,
        0.5961538553237915,
        0.6346153616905212,
        0.692307710647583,
        0.7692307829856873,
        0.75,
        0.8846153616905212,
        0.8846153616905212,
        0.942307710647583,
        0.9615384340286255,
        0.8653846383094788,
        0.8846153616905212,
        0.9230769276618958,
        0.8269230723381042,
        0.9230769276618958,
        0.9230769276618958,
        0.8846153616905212,
        0.9230769276618958,
        0.9038461446762085,
        0.9230769276618958,
        0.9230769276618958,
        0.8846153616905212,
        0.9230769276618958,
        0.9038461446762085,
        0.9038461446762085,
        0.9230769276618958,
        0.8846153616905212,
        0.9230769276618958,
        0.8846153616905212,
        0.9230769276618958,
        0.942307710647583,
        0.9230769276618958
    ],
    "val_accuracy": [
        0.23076923191547394,
        0.4615384638309479,
        0.4615384638309479,
        0.5384615659713745,
        0.5384615659713745,
        0.4615384638309479,
        0.3076923191547394,
        0.3076923191547394,
        0.4615384638309479,
        0.38461539149284363,
        0.4615384638309479,
        0.4615384638309479,
        0.4615384638309479,
        0.4615384638309479,
        0.4615384638309479,
        0.4615384638309479,
        0.5384615659713745,
        0.5384615659713745,
        0.5384615659713745,
        0.5384615659713745,
        0.5384615659713745,
        0.5384615659713745,
        0.5384615659713745,
        0.5384615659713745,
        0.5384615659713745,
        0.5384615659713745,
        0.4615384638309479,
        0.38461539149284363,
        0.4615384638309479,
        0.5384615659713745,
        0.6153846383094788,
        0.6153846383094788,
        0.6153846383094788,
        0.6153846383094788,
        0.5384615659713745
    ],
    "epoch_times": [
        0.30970311164855957,
        0.028413772583007812,
        0.03461003303527832,
        0.03236699104309082,
        0.025735139846801758,
        0.025432825088500977,
        0.02554798126220703,
        0.025052785873413086,
        0.02538776397705078,
        0.024970054626464844,
        0.02449488639831543,
        0.024467945098876953,
        0.02421712875366211,
        0.02498793601989746,
        0.024959802627563477,
        0.024946928024291992,
        0.024871826171875,
        0.024978160858154297,
        0.025222301483154297,
        0.02490997314453125,
        0.024515867233276367,
        0.02549290657043457,
        0.0250399112701416,
        0.02518606185913086,
        0.024466991424560547,
        0.02499985694885254,
        0.024853944778442383,
        0.024216890335083008,
        0.02525806427001953,
        0.025067806243896484,
        0.023849964141845703,
        0.025440216064453125,
        0.024750232696533203,
        0.024638891220092773
    ]
}