{
    "hyperparameters": {
        "activation": "relu",
        "dropout_rate": 0.1748877554686,
        "hidden_units": 89,
        "learning_rate": 0.070580401972,
        "num_layers": 3,
        "weight_decay": 0.0011594050168
    },
    "dataset_stats": {
        "name": "ArrowHead",
        "train_size": 49,
        "val_size": 12,
        "input_shape": [
            251,
            1
        ],
        "num_classes": 3
    },
    "epochs": 80,
    "train_loss": [
        1.2820335626602173,
        1.4526413679122925,
        1.0952863693237305,
        1.1149481534957886,
        0.8261094093322754,
        1.219743251800537,
        0.5730787515640259,
        1.0197417736053467,
        0.7073178887367249,
        0.6666200757026672,
        0.8173845410346985,
        0.5639075636863708,
        0.3548510670661926,
        0.5220956206321716,
        0.4484694302082062,
        0.4698055386543274,
        0.36465367674827576,
        0.3506264090538025,
        0.5156396627426147,
        0.28847020864486694,
        0.3411823511123657,
        0.5144456624984741,
        0.3812099099159241,
        0.2542896568775177,
        0.25641483068466187,
        0.369564026594162,
        0.47595447301864624,
        0.36598601937294006,
        0.5572477579116821,
        0.3054567277431488,
        0.23872628808021545,
        0.332891047000885,
        0.26137059926986694,
        0.3322020471096039,
        0.2522772252559662,
        0.28752171993255615,
        0.359356552362442,
        0.371990829706192,
        0.18557919561862946,
        0.3625943660736084,
        0.4601990580558777,
        0.3371913433074951,
        0.4065597653388977,
        0.48810988664627075,
        0.3101257085800171,
        0.22747652232646942,
        0.3769373297691345,
        0.29960882663726807,
        0.2685648202896118,
        0.27878469228744507,
        0.21009087562561035,
        0.3125753104686737,
        0.45090317726135254,
        0.4275164008140564,
        0.2790384292602539,
        0.2900288701057434,
        0.26743218302726746,
        0.29097962379455566,
        0.2951289713382721,
        0.3748350739479065,
        0.2181108444929123,
        0.36198264360427856,
        0.46848928928375244,
        0.361889123916626,
        0.4621767997741699,
        0.2761184573173523,
        0.5311539173126221,
        0.3382118344306946,
        0.37918004393577576,
        0.45165058970451355,
        0.39432844519615173,
        0.4163144826889038,
        0.294024795293808,
        0.4095269739627838,
        0.5243229269981384,
        0.3401780128479004,
        0.2826077938079834,
        0.5307422280311584,
        0.20134633779525757,
        0.15911205112934113
    ],
    "val_loss": [
        1.0744905471801758,
        7.807783603668213,
        16.12847900390625,
        15.083663940429688,
        11.233668327331543,
        6.1160569190979,
        5.831459045410156,
        6.505191802978516,
        4.473214626312256,
        3.208712339401245,
        2.420598030090332,
        2.201228141784668,
        2.3872106075286865,
        1.9185837507247925,
        2.31695818901062,
        2.6858136653900146,
        2.1297125816345215,
        1.9026542901992798,
        1.6534467935562134,
        1.8293412923812866,
        2.1733245849609375,
        2.7344772815704346,
        3.037472724914551,
        3.0181849002838135,
        2.72664475440979,
        2.5122599601745605,
        2.2925899028778076,
        2.31194806098938,
        2.5150249004364014,
        2.55328106880188,
        2.4863500595092773,
        2.3439509868621826,
        2.2655327320098877,
        2.39420223236084,
        2.5149288177490234,
        2.479940176010132,
        2.4083940982818604,
        2.4105923175811768,
        2.3297383785247803,
        1.9835807085037231,
        1.73833429813385,
        2.098694086074829,
        2.436335563659668,
        2.46205997467041,
        2.4541032314300537,
        2.04858660697937,
        1.795702338218689,
        1.7541890144348145,
        1.6425844430923462,
        1.370856761932373,
        1.2067313194274902,
        1.464956283569336,
        2.04557204246521,
        3.589279890060425,
        3.8119308948516846,
        6.358648777008057,
        2.6079704761505127,
        2.714078903198242,
        3.068195343017578,
        3.3410072326660156,
        3.2357027530670166,
        3.0522663593292236,
        3.2333972454071045,
        3.7040865421295166,
        11.43204402923584,
        7.870699405670166,
        9.815963745117188,
        8.85069465637207,
        10.12817096710205,
        11.079312324523926,
        9.765721321105957,
        9.065293312072754,
        8.439288139343262,
        13.542167663574219,
        1.600725769996643,
        1.5541481971740723,
        1.4553815126419067,
        1.5779725313186646,
        1.9229809045791626,
        2.199622392654419,
        2.7122905254364014
    ],
    "train_accuracy": [
        0.4897959232330322,
        0.4285714328289032,
        0.6530612111091614,
        0.5306122303009033,
        0.6734693646430969,
        0.6530612111091614,
        0.7142857313156128,
        0.6326530575752258,
        0.7551020383834839,
        0.7346938848495483,
        0.7142857313156128,
        0.8163265585899353,
        0.8979591727256775,
        0.8367347121238708,
        0.8163265585899353,
        0.7755101919174194,
        0.8571428656578064,
        0.8571428656578064,
        0.7755101919174194,
        0.8979591727256775,
        0.795918345451355,
        0.7755101919174194,
        0.8979591727256775,
        0.8979591727256775,
        0.8979591727256775,
        0.8775510191917419,
        0.8163265585899353,
        0.8979591727256775,
        0.8367347121238708,
        0.8571428656578064,
        0.8979591727256775,
        0.8979591727256775,
        0.918367326259613,
        0.8775510191917419,
        0.918367326259613,
        0.8979591727256775,
        0.8979591727256775,
        0.918367326259613,
        0.918367326259613,
        0.7755101919174194,
        0.8163265585899353,
        0.8367347121238708,
        0.8775510191917419,
        0.8571428656578064,
        0.8367347121238708,
        0.8979591727256775,
        0.8571428656578064,
        0.8163265585899353,
        0.9387755393981934,
        0.918367326259613,
        0.8979591727256775,
        0.8775510191917419,
        0.8775510191917419,
        0.8571428656578064,
        0.8571428656578064,
        0.918367326259613,
        0.8775510191917419,
        0.918367326259613,
        0.8979591727256775,
        0.8571428656578064,
        0.8775510191917419,
        0.8163265585899353,
        0.8163265585899353,
        0.8367347121238708,
        0.8775510191917419,
        0.9387755393981934,
        0.8775510191917419,
        0.8775510191917419,
        0.8571428656578064,
        0.8163265585899353,
        0.8775510191917419,
        0.795918345451355,
        0.8979591727256775,
        0.8367347121238708,
        0.8571428656578064,
        0.8367347121238708,
        0.918367326259613,
        0.8163265585899353,
        0.8979591727256775,
        0.9591836929321289
    ],