{
    "hyperparameters": {
        "bidirectional": false,
        "dropout_rate": 0.4902523565685,
        "hidden_units": 215,
        "learning_rate": 0.0034192546608,
        "num_layers": 2,
        "output_activation": "tanh",
        "weight_decay": 3.61945254e-05
    },
    "dataset_stats": {
        "name": "Car",
        "train_size": 68,
        "val_size": 17,
        "input_shape": [
            577,
            1
        ],
        "num_classes": 4
    },
    "epochs": 60,
    "train_loss": [
        4.564702033996582,
        1.506387710571289,
        2.400763750076294,
        3.298177719116211,
        1.6265045404434204,
        2.2160801887512207,
        0.6419340372085571,
        2.199594736099243,
        1.111788272857666,
        1.517581820487976,
        3.245791435241699,
        0.2737560570240021,
        1.5459463596343994,
        0.7807967662811279,
        1.306626796722412,
        2.4119958877563477,
        1.552815318107605,
        2.4120895862579346,
        1.3124263286590576,
        1.8690717220306396,
        0.9612653255462646,
        1.1223078966140747,
        1.3465169668197632,
        0.8620135188102722,
        2.2253241539001465,
        0.6332759857177734,
        1.067702054977417,
        1.3867253065109253,
        1.0547515153884888,
        1.2546976804733276,
        1.9486875534057617,
        1.6920764446258545,
        0.4190542995929718,
        0.7768998742103577,
        1.5995900630950928,
        1.0167601108551025,
        1.1343621015548706,
        0.3972165584564209,
        0.25247862935066223,
        1.343063235282898,
        0.9611796140670776,
        0.4419691562652588,
        1.2195974588394165,
        1.2130813598632812,
        1.11689031124115,
        1.0836831331253052,
        1.1770241260528564,
        0.3862859010696411,
        0.9281617403030396,
        0.8253408670425415,
        0.3531624972820282,
        1.5471755266189575,
        0.6825577616691589,
        0.8908758759498596,
        0.9023511409759521,
        0.477660208940506,
        0.6465567946434021,
        1.045809030532837,
        0.5538239479064941,
        0.6610066294670105
    ],
    "val_loss": [
        1.6311299800872803,
        2.613069534301758,
        3.4076483249664307,
        2.6928441524505615,
        1.8012990951538086,
        1.2451823949813843,
        1.3091305494308472,
        1.5068624019622803,
        1.456585168838501,
        1.64194655418396,
        1.621427059173584,
        1.5481868982315063,
        1.5717827081680298,
        1.5945848226547241,
        1.5484352111816406,
        1.3286052942276,
        1.1813583374023438,
        1.1716935634613037,
        1.256549596786499,
        1.2928704023361206,
        1.2056632041931152,
        1.2108423709869385,
        1.2383817434310913,
        1.2243402004241943,
        1.2086308002471924,
        1.2446938753128052,
        1.2720645666122437,
        1.2324018478393555,
        1.1497217416763306,
        1.0946143865585327,
        1.0769492387771606,
        1.090015172958374,
        1.1260099411010742,
        1.1930042505264282,
        1.2631826400756836,
        1.2909537553787231,
        1.269119381904602,
        1.2660081386566162,
        1.2608808279037476,
        1.2350214719772339,
        1.2150732278823853,
        1.196175456047058,
        1.1774083375930786,
        1.168952226638794,
        1.1676955223083496,
        1.1811532974243164,
        1.2074878215789795,
        1.228675365447998,
        1.2329331636428833,
        1.2316522598266602,
        1.2284328937530518,
        1.2224575281143188,
        1.2122184038162231,
        1.2040185928344727,
        1.2000826597213745,
        1.1987581253051758,
        1.1990811824798584,
        1.2007715702056885,
        1.2023042440414429,
        1.2041009664535522,
        1.2054134607315063
    ],
    "train_accuracy": [
        0.25,
        0.5,
        0.25,
        0.0,
        0.5,
        0.0,
        1.0,
        0.0,
        0.5,
        0.25,
        0.0,
        1.0,
        0.5,
        0.5,
        0.25,
        0.0,
        0.5,
        0.25,
        0.25,
        0.0,
        0.5,
        0.25,
        0.5,
        0.5,
        0.25,
        0.75,
        0.5,
        0.25,
        0.5,
        0.25,
        0.0,
        0.25,
        1.0,
        0.75,
        0.25,
        0.5,
        0.25,
        1.0,
        1.0,
        0.25,
        0.5,
        1.0,
        0.0,
        0.0,
        0.5,
        0.75,
        0.5,
        1.0,
        0.5,
        0.5,
        1.0,
        0.5,
        0.75,
        0.5,
        0.75,
        0.75,
        0.75,
        0.5,
        0.5,
        0.75
    ],
    "val_accuracy": [
        0.23529411852359772,
        0.29411765933036804,
        0.23529411852359772,
        0.11764705926179886,
        0.3529411852359772,
        0.3529411852359772,
        0.29411765933036804,
        0.3529411852359772,
        0.3529411852359772,
        0.3529411852359772,
        0.47058823704719543,
        0.3529411852359772,
        0.29411765933036804,
        0.23529411852359772,
        0.23529411852359772,
        0.3529411852359772,
        0.4117647111415863,
        0.5882353186607361,
        0.529411792755127,
        0.4117647111415863,
        0.47058823704719543,
        0.47058823704719543,
        0.529411792755127,
        0.5882353186607361,
        0.47058823704719543,
        0.47058823704719543,
        0.47058823704719543,
        0.47058823704719543,
        0.5882353186607361,
        0.6470588445663452,
        0.5882353186607361,
        0.47058823704719543,
        0.529411792755127,
        0.5882353186607361,
        0.529411792755127,
        0.529411792755127,
        0.529411792755127,
        0.529411792755127,
        0.529411792755127,
        0.5882353186607361,
        0.5882353186607361,
        0.5882353186607361,
        0.5882353186607361,
        0.5882353186607361,
        0.5882353186607361,
        0.5882353186607361,
        0.529411792755127,
        0.529411792755127,
        0.529411792755127,
        0.529411792755127,
        0.529411792755127,
        0.529411792755127,
        0.529411792755127,
        0.5882353186607361,
        0.5882353186607361,
        0.5882353186607361,
        0.5882353186607361,
        0.5882353186607361,
        0.5882353186607361,
        0.5882353186607361,
        0.5882353186607361
    ],