{
    "hyperparameters": {
        "activation": "tanh",
        "dropout_rate": 0.3400891675248,
        "kernel_size": 7,
        "learning_rate": 0.0002394279243,
        "num_filters": 112,
        "num_layers": 5,
        "pooling": "max",
        "pooling_size": 2
    },
    "dataset_stats": {
        "name": "ChlorineConcentration",
        "train_size": 748,
        "val_size": 186,
        "input_shape": [
            1,
            166
        ],
        "num_classes": 3
    },
    "epochs": 59,
    "train_loss": [
        1.2434817552566528,
        1.1866536140441895,
        1.1759123802185059,
        1.147643804550171,
        1.1268575191497803,
        1.140915870666504,
        1.1060802936553955,
        1.1182337999343872,
        1.0823150873184204,
        1.0780388116836548,
        1.0961833000183105,
        1.0859848260879517,
        1.0650436878204346,
        1.0388132333755493,
        1.0600720643997192,
        1.023917555809021,
        1.047187328338623,
        1.0553150177001953,
        1.0312968492507935,
        1.0271315574645996,
        1.026292085647583,
        1.0205678939819336,
        1.021966576576233,
        1.014440655708313,
        1.0135074853897095,
        0.9982297420501709,
        1.0185366868972778,
        1.0139330625534058,
        0.9880523681640625,
        0.9935194253921509,
        0.9877191781997681,
        0.9711611270904541,
        0.9979488849639893,
        0.9902963638305664,
        0.9851153492927551,
        0.9594242572784424,
        0.9659863710403442,
        0.978995680809021,
        0.9572495222091675,
        0.955710768699646,
        0.9787124395370483,
        0.9637751579284668,
        0.9556726217269897,
        0.957546055316925,
        0.9478938579559326,
        0.9421399235725403,
        0.9643775224685669,
        0.9498445391654968,
        0.9571143388748169,
        0.9350643157958984,
        0.9382522702217102,
        0.9335461854934692,
        0.9341747164726257,
        0.9423182010650635,
        0.9371669292449951,
        0.9306744337081909,
        0.9301435351371765,
        0.9367968440055847,
        0.9241147637367249
    ],
    "val_loss": [
        1.0996661186218262,
        1.097429871559143,
        1.1028310060501099,
        1.0861539840698242,
        1.0884528160095215,
        1.098027229309082,
        1.0790115594863892,
        1.068380355834961,
        1.0603772401809692,
        1.074297308921814,
        1.0608817338943481,
        1.0472958087921143,
        1.0347955226898193,
        1.050630807876587,
        1.0500376224517822,
        1.054424524307251,
        1.0554802417755127,
        1.0337733030319214,
        1.024346947669983,
        1.0515657663345337,
        1.0392026901245117,
        1.0464736223220825,
        1.0309996604919434,
        1.0450046062469482,
        1.0389546155929565,
        1.0491105318069458,
        1.0469257831573486,
        1.0293824672698975,
        1.0201501846313477,
        0.9988651275634766,
        1.0382100343704224,
        1.0230971574783325,
        1.0126560926437378,
        1.0235167741775513,
        1.016732096672058,
        1.0360184907913208,
        1.0267680883407593,
        1.0314338207244873,
        1.0286526679992676,
        1.0152418613433838,
        1.029434323310852,
        1.0217807292938232,
        1.0088152885437012,
        1.029583215713501,
        1.0445234775543213,
        1.028497576713562,
        1.0353978872299194,
        1.02455735206604,
        1.0281716585159302,
        1.0210678577423096,
        1.0216379165649414,
        1.0266057252883911,
        1.0305836200714111,
        1.0349639654159546,
        1.0238515138626099,
        1.0197999477386475,
        1.020556926727295,
        1.0221186876296997,
        1.0362941026687622,
        1.0237231254577637
    ],
    "train_accuracy": [
        0.32486632466316223,
        0.34625667333602905,
        0.37165775895118713,
        0.36631014943122864,
        0.38770052790641785,
        0.38368985056877136,
        0.39839571714401245,
        0.38903743028640747,
        0.41978609561920166,
        0.43449199199676514,
        0.4010695219039917,
        0.4438502788543701,
        0.446524053812027,
        0.4732620418071747,
        0.4692513346672058,
        0.4786096215248108,
        0.45989304780960083,
        0.4625668525695801,
        0.48796790838241577,
        0.49732619524002075,
        0.5026738047599792,
        0.49197861552238464,
        0.5080214142799377,
        0.5160427689552307,
        0.5120320916175842,
        0.5521390438079834,
        0.5040106773376465,
        0.4986630976200104,
        0.5213903784751892,
        0.5360962748527527,
        0.5347593426704407,
        0.5427807569503784,
        0.5173797011375427,
        0.5320855379104614,
        0.5160427689552307,
        0.5735294222831726,
        0.5534759163856506,
        0.5360962748527527,
        0.5387700796127319,
        0.5695187449455261,
        0.5334224700927734,
        0.5668449401855469,
        0.5708556175231934,
        0.5548128485679626,
        0.5628342032432556,
        0.5668449401855469,
        0.5454545617103577,
        0.5708556175231934,
        0.5561497211456299,
        0.5735294222831726,
        0.5601603984832764,
        0.5481283664703369,
        0.5775400996208191,
        0.5521390438079834,
        0.5641711354255676,
        0.5494652390480042,
        0.5708556175231934,
        0.5601603984832764,
        0.5855615139007568
    ],
    "val_accuracy": [
        0.328125,
        0.24193547666072845,
        0.36021506786346436,
        0.4516128897666931,
        0.44086021184921265,
        0.36021506786346436,
        0.42473119497299194,
        0.4354838728904724,
        0.4838709533214569,
        0.4354838728904724,
        0.4677419364452362,
        0.49462366104125977,
        0.5591397881507874,
        0.48924732208251953,
        0.48924732208251953,
        0.5430107712745667,
        0.4838709533214569,
        0.5483871102333069,
        0.5053763389587402,
        0.5,
        0.5322580933570862,
        0.5376344323158264,
        0.5215053558349609,
        0.5215053558349609,
        0.5322580933570862,
        0.5215053558349609,
        0.5,
        0.5376344323158264,
        0.5645161271095276,
        0.5698924660682678,
        0.5161290168762207,
        0.5537634491920471,
        0.5430107712745667,
        0.5591397881507874,
        0.5591397881507874,
        0.5376344323158264,
        0.5483871102333069,
        0.5483871102333069,
        0.5215053558349609,
        0.5645161271095276,
        0.5430107712745667,
        0.5645161271095276,
        0.5698924660682678,
        0.5483871102333069,
        0.5376344323158264,
        0.5537634491920471,
        0.5376344323158264,
        0.5591397881507874,
        0.5591397881507874,
        0.5430107712745667,
        0.5752688050270081,
        0.5376344323158264,
        0.5591397881507874,
        0.5645161271095276,
        0.5698924660682678,
        0.5591397881507874,
        0.5268816947937012,
        0.5161290168762207,
        0.5698924660682678,
        0.5537634491920471
    ],