{
    "hyperparameters": {
        "bidirectional": false,
        "dropout_rate": 0.2712420058676,
        "hidden_units": 151,
        "learning_rate": 0.0007904720787,
        "num_layers": 3,
        "output_activation": "gelu",
        "weight_decay": 1.0753157e-05
    },
    "dataset_stats": {
        "name": "Adiac",
        "train_size": 312,
        "val_size": 78,
        "input_shape": [
            176,
            1
        ],
        "num_classes": 37
    },
    "epochs": 88,
    "train_loss": [
        3.600627899169922,
        3.4655561447143555,
        3.448920249938965,
        3.3653345108032227,
        3.2561159133911133,
        3.155988931655884,
        3.102739095687866,
        3.018799304962158,
        2.974912643432617,
        2.937026023864746,
        2.827514410018921,
        2.729520797729492,
        2.6650338172912598,
        2.664728879928589,
        2.5425612926483154,
        2.5442557334899902,
        2.484727144241333,
        2.480290412902832,
        2.421731472015381,
        2.3789680004119873,
        2.2982847690582275,
        2.2368078231811523,
        2.2387351989746094,
        2.274639129638672,
        2.1653175354003906,
        2.155748128890991,
        2.0466644763946533,
        2.0677170753479004,
        2.028512716293335,
        1.9591776132583618,
        1.8827508687973022,
        1.7900421619415283,
        1.7806017398834229,
        1.7268340587615967,
        1.721484661102295,
        1.665615200996399,
        1.6804654598236084,
        1.67630136013031,
        1.6679112911224365,
        1.60238778591156,
        1.5813578367233276,
        1.5436687469482422,
        1.5352829694747925,
        1.4682180881500244,
        1.4546669721603394,
        1.4454103708267212,
        1.4342888593673706,
        1.3722254037857056,
        1.3670319318771362,
        1.3833199739456177,
        1.340384840965271,
        1.3440996408462524,
        1.328784704208374,
        1.3089441061019897,
        1.2889935970306396,
        1.2887636423110962,
        1.2552684545516968,
        1.2334703207015991,
        1.2062616348266602,
        1.222870111465454,
        1.2096925973892212,
        1.2013468742370605,
        1.2196834087371826,
        1.166552186012268,
        1.1701321601867676,
        1.1492846012115479,
        1.1606810092926025,
        1.156060814857483,
        1.1394261121749878,
        1.1501634120941162,
        1.1298837661743164,
        1.1315546035766602,
        1.1468912363052368,
        1.1217108964920044,
        1.1353859901428223,
        1.1344839334487915,
        1.114290475845337,
        1.120352864265442,
        1.1056981086730957,
        1.1053522825241089,
        1.1300804615020752,
        1.1231060028076172,
        1.1207880973815918,
        1.0945230722427368,
        1.1059666872024536,
        1.1018236875534058,
        1.1116358041763306,
        1.126315951347351
    ],
    "val_loss": [
        3.5912246704101562,
        3.576030731201172,
        3.529175281524658,
        3.451491594314575,
        3.384047269821167,
        3.345755100250244,
        3.271371364593506,
        3.185776710510254,
        3.1125428676605225,
        3.1699469089508057,
        2.95816969871521,
        2.8279011249542236,
        2.8704845905303955,
        2.719038963317871,
        2.7611851692199707,
        2.911851167678833,
        2.815953493118286,
        2.771287202835083,
        2.6953532695770264,
        2.705888509750366,
        2.8053791522979736,
        2.659255266189575,
        2.5655357837677,
        2.707190752029419,
        2.5822136402130127,
        2.6272454261779785,
        2.6663100719451904,
        2.57962965965271,
        2.6179730892181396,
        2.5220062732696533,
        2.4334635734558105,
        2.4374327659606934,
        2.413146495819092,
        2.406768560409546,
        2.3906333446502686,
        2.3696401119232178,
        2.5279078483581543,
        2.327272653579712,
        2.4254064559936523,
        2.4087562561035156,
        2.386937141418457,
        2.430476427078247,
        2.390364170074463,
        2.4260005950927734,
        2.317042589187622,
        2.3885161876678467,
        2.3300793170928955,
        2.3774983882904053,
        2.314753770828247,
        2.3269429206848145,
        2.3563883304595947,
        2.3667759895324707,
        2.388817310333252,
        2.423290252685547,
        2.362600326538086,
        2.3808951377868652,
        2.3266468048095703,
        2.381223201751709,
        2.313568592071533,
        2.4078118801116943,
        2.359797477722168,
        2.3536159992218018,
        2.4029057025909424,
        2.350825071334839,
        2.3641231060028076,
        2.3628973960876465,
        2.3709120750427246,
        2.386432647705078,
        2.3817553520202637,
        2.3936986923217773,
        2.37778639793396,
        2.385650157928467,
        2.4169552326202393,
        2.3876373767852783,
        2.417144536972046,
        2.4050490856170654,
        2.390385866165161,
        2.400827407836914,
        2.397606134414673,
        2.387377977371216,
        2.391780376434326,
        2.3980672359466553,
        2.4011547565460205,
        2.39646315574646,
        2.3971712589263916,
        2.3886866569519043,
        2.3857078552246094,
        2.3897814750671387,
        2.385812759399414
    ],
    "train_accuracy": [
        0.0416666679084301,
        0.09294871985912323,
        0.08653846383094788,
        0.09935897588729858,
        0.1378205120563507,
        0.17628204822540283,
        0.1666666716337204,
        0.1955128163099289,
        0.2371794879436493,
        0.22435897588729858,
        0.2660256326198578,
        0.2788461446762085,
        0.2788461446762085,
        0.31089743971824646,
        0.3076923191547394,
        0.30128204822540283,
        0.3365384638309479,
        0.375,
        0.3493589758872986,
        0.39423078298568726,
        0.40705129504203796,
        0.4038461446762085,
        0.3717948794364929,
        0.3717948794364929,
        0.44871795177459717,
        0.41987180709838867,
        0.4967948794364929,
        0.46794870495796204,
        0.46794870495796204,
        0.5064102411270142,
        0.5608974099159241,
        0.5480769276618958,
        0.5961538553237915,
        0.6217948794364929,
        0.5961538553237915,
        0.6057692170143127,
        0.6153846383094788,
        0.625,
        0.5801281929016113,
        0.6346153616905212,
        0.6730769276618958,
        0.6762820482254028,
        0.6891025900840759,
        0.7179487347602844,
        0.7371794581413269,
        0.7403846383094788,
        0.7275640964508057,
        0.75,
        0.7884615659713745,
        0.7467948794364929,
        0.7692307829856873,
        0.7660256624221802,
        0.7756410241127014,
        0.7916666865348816,
        0.7980769276618958,
        0.7820512652397156,
        0.8108974099159241,
        0.8301281929016113,
        0.8557692170143127,
        0.8525640964508057,
        0.8237179517745972,
        0.8429487347602844,
        0.8429487347602844,
        0.8717948794364929,
        0.8814102411270142,
        0.8525640964508057,
        0.8685897588729858,
        0.8461538553237915,
        0.8717948794364929,
        0.8589743375778198,
        0.9006410241127014,
        0.875,
        0.8589743375778198,
        0.9006410241127014,
        0.8846153616905212,
        0.8685897588729858,
        0.8878205418586731,
        0.8814102411270142,
        0.8782051205635071,
        0.8878205418586731,
        0.8717948794364929,
        0.8589743375778198,
        0.8910256624221802,
        0.9102563858032227,
        0.8942307829856873,
        0.8974359035491943,
        0.875,
        0.875
    ],