{
    "hyperparameters": {
        "activation": "elu",
        "dropout_rate": 0.4722973779954,
        "kernel_size": 7,
        "learning_rate": 0.0013868105038,
        "num_filters": 104,
        "num_layers": 1,
        "pooling": "max",
        "pooling_size": 1
    },
    "dataset_stats": {
        "name": "ChlorineConcentration",
        "train_size": 748,
        "val_size": 186,
        "input_shape": [
            1,
            166
        ],
        "num_classes": 3
    },
    "epochs": 57,
    "train_loss": [
        1.2413543462753296,
        1.1137036085128784,
        1.080448865890503,
        1.052208662033081,
        1.0251810550689697,
        1.0118614435195923,
        0.9937047362327576,
        1.0127760171890259,
        0.9960767030715942,
        0.9795299768447876,
        0.9915807247161865,
        0.9604223966598511,
        0.9577928781509399,
        0.9546704888343811,
        0.969147801399231,
        0.9475358724594116,
        0.9391204714775085,
        0.9223214983940125,
        0.9313001036643982,
        0.9320422410964966,
        0.9187480807304382,
        0.9174953103065491,
        0.9316419959068298,
        0.9111000895500183,
        0.8977718949317932,
        0.9190102815628052,
        0.8875119090080261,
        0.8932740092277527,
        0.9056891798973083,
        0.912674605846405,
        0.8886239528656006,
        0.9012225866317749,
        0.8894423842430115,
        0.9152781367301941,
        0.8961794972419739,
        0.8734224438667297,
        0.8490468263626099,
        0.8829249143600464,
        0.8790335655212402,
        0.8696388602256775,
        0.8813717365264893,
        0.8680150508880615,
        0.8840247988700867,
        0.8736596703529358,
        0.8338354825973511,
        0.8733380436897278,
        0.8693411946296692,
        0.83658367395401,
        0.8516903519630432,
        0.8601565361022949,
        0.8540881276130676,
        0.857826292514801,
        0.8582221269607544,
        0.8397497534751892,
        0.8413645029067993,
        0.8376079797744751,
        0.8080037236213684
    ],
    "val_loss": [
        1.1659181118011475,
        0.9946154356002808,
        1.0284591913223267,
        1.0301532745361328,
        0.9948107004165649,
        1.0111281871795654,
        0.976948618888855,
        0.9838479161262512,
        1.0026307106018066,
        1.001873254776001,
        0.9828248620033264,
        0.9975436925888062,
        0.9855309128761292,
        0.9951749444007874,
        0.9908735752105713,
        1.0087676048278809,
        0.9922692179679871,
        0.9823192358016968,
        1.0296761989593506,
        0.9808385968208313,
        0.9889275431632996,
        1.0003820657730103,
        0.9880388379096985,
        0.9786110520362854,
        0.9798304438591003,
        0.9965807795524597,
        0.9806923866271973,
        0.9749436974525452,
        0.9887592196464539,
        1.0305473804473877,
        0.9865028858184814,
        0.9800091981887817,
        0.9858152270317078,
        0.9778812527656555,
        1.0106710195541382,
        1.001115322113037,
        0.9879871606826782,
        1.0043799877166748,
        0.9854633808135986,
        1.0550440549850464,
        0.9932808876037598,
        0.984641432762146,
        1.0057332515716553,
        0.9849377870559692,
        0.981892466545105,
        0.9866544008255005,
        1.0181559324264526,
        0.9792805314064026,
        0.9990515112876892,
        1.0088036060333252,
        1.0154772996902466,
        0.9999057650566101,
        0.9983000159263611,
        0.994499683380127,
        1.0096442699432373,
        1.0284414291381836,
        1.000775694847107,
        1.011198878288269
    ],
    "train_accuracy": [
        0.35160428285598755,
        0.42379680275917053,
        0.446524053812027,
        0.47058823704719543,
        0.5173797011375427,
        0.5066844820976257,
        0.5360962748527527,
        0.5160427689552307,
        0.529411792755127,
        0.5441176295280457,
        0.5374331474304199,
        0.5708556175231934,
        0.5601603984832764,
        0.5735294222831726,
        0.5614973306655884,
        0.5494652390480042,
        0.5788770318031311,
        0.5748662948608398,
        0.5815507769584656,
        0.5748662948608398,
        0.5668449401855469,
        0.5815507769584656,
        0.5762032270431519,
        0.5855615139007568,
        0.6016042828559875,
        0.5775400996208191,
        0.6002673506736755,
        0.6096256971359253,
        0.5975936055183411,
        0.5935828685760498,
        0.5855615139007568,
        0.5989304780960083,
        0.6016042828559875,
        0.5695187449455261,
        0.6082887649536133,
        0.5935828685760498,
        0.6203208565711975,
        0.5949198007583618,
        0.6082887649536133,
        0.614973247051239,
        0.5949198007583618,
        0.6136363744735718,
        0.6029411554336548,
        0.6029411554336548,
        0.625668466091156,
        0.5975936055183411,
        0.616310179233551,
        0.606951892375946,
        0.614973247051239,
        0.5975936055183411,
        0.6176470518112183,
        0.6109625697135925,
        0.606951892375946,
        0.6042780876159668,
        0.606951892375946,
        0.6363636255264282,
        0.6403743028640747
    ],
    "val_accuracy": [
        0.203125,
        0.5376344323158264,
        0.5107526779174805,
        0.5107526779174805,
        0.5645161271095276,
        0.5483871102333069,
        0.5806451439857483,
        0.5698924660682678,
        0.5860214829444885,
        0.5376344323158264,
        0.5645161271095276,
        0.5483871102333069,
        0.5860214829444885,
        0.5483871102333069,
        0.5537634491920471,
        0.5806451439857483,
        0.5752688050270081,
        0.5752688050270081,
        0.5322580933570862,
        0.5645161271095276,
        0.5698924660682678,
        0.5537634491920471,
        0.5806451439857483,
        0.5698924660682678,
        0.5913978219032288,
        0.5537634491920471,
        0.5591397881507874,
        0.5752688050270081,
        0.5806451439857483,
        0.5591397881507874,
        0.5698924660682678,
        0.6075268983840942,
        0.5806451439857483,
        0.5860214829444885,
        0.5483871102333069,
        0.5376344323158264,
        0.5860214829444885,
        0.5698924660682678,
        0.5806451439857483,
        0.49462366104125977,
        0.5645161271095276,
        0.6129032373428345,
        0.5537634491920471,
        0.5860214829444885,
        0.5860214829444885,
        0.5752688050270081,
        0.5698924660682678,
        0.5806451439857483,
        0.5483871102333069,
        0.5537634491920471,
        0.5591397881507874,
        0.602150559425354,
        0.5645161271095276,
        0.5537634491920471,
        0.5537634491920471,
        0.5645161271095276,
        0.5483871102333069,
        0.5752688050270081
    ],