{
    "hyperparameters": {
        "activation": "relu",
        "dropout_rate": 0.4897950871797,
        "kernel_size": 7,
        "learning_rate": 0.0001276983221,
        "num_filters": 71,
        "num_layers": 1,
        "pooling": "max",
        "pooling_size": 1
    },
    "dataset_stats": {
        "name": "BeetleFly",
        "train_size": 32,
        "val_size": 8,
        "input_shape": [
            1,
            512
        ],
        "num_classes": 2
    },
    "epochs": 55,
    "train_loss": [
        0.9211641550064087,
        0.6605568528175354,
        0.5979673266410828,
        0.5792093276977539,
        0.5424585342407227,
        0.47275230288505554,
        0.41541045904159546,
        0.4480627477169037,
        0.3562910854816437,
        0.369058221578598,
        0.368790864944458,
        0.2508077025413513,
        0.2538321018218994,
        0.2795644998550415,
        0.24732787907123566,
        0.23314285278320312,
        0.24387948215007782,
        0.2379947304725647,
        0.2577788531780243,
        0.18583610653877258,
        0.21305391192436218,
        0.17717936635017395,
        0.21346251666545868,
        0.2059950828552246,
        0.21549533307552338,
        0.19229508936405182,
        0.1948975920677185,
        0.16664674878120422,
        0.14748668670654297,
        0.1963575780391693,
        0.14921775460243225,
        0.16013522446155548,
        0.1433221399784088,
        0.13059796392917633,
        0.18108540773391724,
        0.1389211267232895,
        0.14156721532344818,
        0.11568326503038406,
        0.12101640552282333,
        0.11197764426469803,
        0.12348991632461548,
        0.11512839794158936,
        0.1305396854877472,
        0.14703427255153656,
        0.11927784234285355,
        0.08837883174419403,
        0.08353770524263382,
        0.11871734261512756,
        0.12324251979589462,
        0.10358075052499771,
        0.09563037753105164,
        0.10294090956449509,
        0.1038237139582634,
        0.12480121850967407,
        0.12265871465206146
    ],
    "val_loss": [
        0.7041279673576355,
        0.7026693820953369,
        0.7021480202674866,
        0.7010709047317505,
        0.7008205652236938,
        0.7013411521911621,
        0.7015414834022522,
        0.701204776763916,
        0.7016592621803284,
        0.7014974355697632,
        0.7003604173660278,
        0.7005521059036255,
        0.7002322673797607,
        0.699944257736206,
        0.699585497379303,
        0.6986516714096069,
        0.6975127458572388,
        0.6954609155654907,
        0.6937386393547058,
        0.6914411187171936,
        0.6894667148590088,
        0.6882297992706299,
        0.687255859375,
        0.6855932474136353,
        0.6841630935668945,
        0.6835431456565857,
        0.6838915944099426,
        0.6842817664146423,
        0.6856936812400818,
        0.6874638795852661,
        0.6910879611968994,
        0.6942147612571716,
        0.6982837915420532,
        0.7037426233291626,
        0.7095162868499756,
        0.716620683670044,
        0.7267966866493225,
        0.7377814054489136,
        0.7487940788269043,
        0.757564127445221,
        0.7662866115570068,
        0.775439441204071,
        0.78416907787323,
        0.793026328086853,
        0.8019729852676392,
        0.812142550945282,
        0.8214700222015381,
        0.8313801288604736,
        0.8392425179481506,
        0.8471403121948242,
        0.8545102477073669,
        0.8622835278511047,
        0.8688856363296509,
        0.8734233975410461,
        0.8762598633766174,
        0.8797252774238586
    ],
    "train_accuracy": [
        0.375,
        0.59375,
        0.65625,
        0.625,
        0.75,
        0.78125,
        0.875,
        0.875,
        0.8125,
        0.875,
        0.875,
        0.96875,
        1.0,
        0.875,
        0.9375,
        0.9375,
        0.96875,
        0.9375,
        0.9375,
        1.0,
        1.0,
        0.96875,
        1.0,
        0.9375,
        0.96875,
        0.9375,
        1.0,
        0.96875,
        0.9375,
        0.9375,
        0.96875,
        0.9375,
        0.96875,
        1.0,
        0.9375,
        1.0,
        0.96875,
        1.0,
        1.0,
        1.0,
        1.0,
        1.0,
        0.96875,
        0.96875,
        0.96875,
        1.0,
        1.0,
        1.0,
        1.0,
        1.0,
        1.0,
        0.96875,
        0.96875,
        1.0,
        1.0
    ],
    "val_accuracy": [
        0.625,
        0.5,
        0.5,
        0.5,
        0.375,
        0.375,
        0.5,
        0.625,
        0.625,
        0.625,
        0.625,
        0.5,
        0.5,
        0.5,
        0.5,
        0.5,
        0.5,
        0.5,
        0.625,
        0.625,
        0.75,
        0.75,
        0.75,
        0.75,
        0.625,
        0.625,
        0.625,
        0.625,
        0.625,
        0.625,
        0.5,
        0.5,
        0.5,
        0.5,
        0.5,
        0.5,
        0.5,
        0.5,
        0.5,
        0.5,
        0.5,
        0.5,
        0.5,
        0.5,
        0.5,
        0.5,
        0.5,
        0.375,
        0.375,
        0.375,
        0.375,
        0.375,
        0.375,
        0.375,
        0.375,
        0.375
    ],
    "epoch_times": [
        0.09174990653991699,
        0.2292652130126953,
        0.01989579200744629,
        0.018657445907592773,
        0.02139115333557129,
        0.020941972732543945,
        0.020772695541381836,
        0.02053546905517578,
        0.021312952041625977,
        0.021079540252685547,
        0.02085280418395996,
        0.02053070068359375,
        0.02104783058166504,
        0.021146059036254883,
        0.020386934280395508,
        0.020385026931762695,
        0.020524978637695312,
        0.020029306411743164,
        0.022480487823486328,
        0.019742250442504883,
        0.02176833152770996,
        0.021006107330322266,
        0.02043747901916504,
        0.020993709564208984,
        0.020564794540405273,
        0.01972055435180664,
        0.020168781280517578,
        0.019355058670043945,
        0.023653268814086914,
        0.01922130584716797,
        0.018001079559326172,
        0.01846480369567871,
        0.017937421798706055,
        0.018208742141723633,
        0.0177309513092041,
        0.01902031898498535,
        0.01885700225830078,
        0.01913595199584961,
        0.017224788665771484,
        0.017673969268798828,
        0.01801609992980957,
        0.01836371421813965,
        0.017025232315063477,
        0.01794266700744629,
        0.022424697875976562,
        0.019153356552124023,
        0.01944899559020996,
        0.021280288696289062,
        0.018509387969970703,
        0.019885778427124023,
        0.018716812133789062,
        0.017983436584472656,
        0.019069910049438477,
        0.0191497802734375,
        0.019454479217529297
    ]
}