{
    "hyperparameters": {
        "activation": "tanh",
        "dropout_rate": 0.3611194457385,
        "hidden_units": 25,
        "learning_rate": 0.006447489876,
        "num_layers": 2,
        "weight_decay": 0.0093327363573
    },
    "dataset_stats": {
        "name": "classification_ozone",
        "train_size": 85,
        "val_size": 21,
        "input_shape": [
            1201,
            1
        ],
        "num_classes": 2
    },
    "epochs": 51,
    "train_loss": [
        0.7917555570602417,
        0.6722650527954102,
        0.7184719443321228,
        0.7375727891921997,
        0.7147955298423767,
        0.7452329993247986,
        0.75275057554245,
        0.7213324308395386,
        0.7302730083465576,
        0.7287628054618835,
        0.7057633996009827,
        0.6927019357681274,
        0.6592060327529907,
        0.7289772629737854,
        0.7265281081199646,
        0.689150869846344,
        0.7202998995780945,
        0.7080761790275574,
        0.6995150446891785,
        0.6789896488189697,
        0.7002451419830322,
        0.7269393801689148,
        0.6999111175537109,
        0.6963446736335754,
        0.6937872171401978,
        0.6925997734069824,
        0.6998177170753479,
        0.691279947757721,
        0.6765257716178894,
        0.6889452338218689,
        0.7031890153884888,
        0.6851370930671692,
        0.7090150713920593,
        0.7024564146995544,
        0.707935631275177,
        0.6782684922218323,
        0.6908210515975952,
        0.6726372838020325,
        0.6937850713729858,
        0.6986168026924133,
        0.6855387091636658,
        0.7006276845932007,
        0.6980304718017578,
        0.6894868016242981,
        0.6950926780700684,
        0.6896491646766663,
        0.6908169984817505,
        0.705284833908081,
        0.6896253824234009,
        0.6959620118141174,
        0.6936390399932861
    ],
    "val_loss": [
        0.6573235988616943,
        0.7642377018928528,
        0.7719888091087341,
        0.7807571887969971,
        0.7522892951965332,
        0.7517146468162537,
        0.7222309708595276,
        0.7098695039749146,
        0.7033140063285828,
        0.7087357640266418,
        0.7110079526901245,
        0.7078694105148315,
        0.6979480981826782,
        0.6866440773010254,
        0.6908077001571655,
        0.6953092217445374,
        0.6962294578552246,
        0.6966788172721863,
        0.6953148245811462,
        0.6961296796798706,
        0.6941774487495422,
        0.6812136769294739,
        0.6812429428100586,
        0.6823179721832275,
        0.6911011934280396,
        0.6919255256652832,
        0.6978546380996704,
        0.7037327885627747,
        0.7065563797950745,
        0.6957406401634216,
        0.690836489200592,
        0.6877754926681519,
        0.684485137462616,
        0.6894086003303528,
        0.6885602474212646,
        0.6965811848640442,
        0.6894842982292175,
        0.6836638450622559,
        0.6830282211303711,
        0.6850622296333313,
        0.6889908909797668,
        0.6922889351844788,
        0.6950428485870361,
        0.6991001963615417,
        0.7096548676490784,
        0.7096571922302246,
        0.7067992091178894,
        0.7021133303642273,
        0.6971583962440491,
        0.6937398910522461,
        0.7161023020744324,
        0.7083565592765808
    ],
    "train_accuracy": [
        0.47058823704719543,
        0.5882353186607361,
        0.5058823823928833,
        0.5058823823928833,
        0.5176470875740051,
        0.529411792755127,
        0.47058823704719543,
        0.5529412031173706,
        0.48235294222831726,
        0.5529412031173706,
        0.529411792755127,
        0.5058823823928833,
        0.5647059082984924,
        0.5058823823928833,
        0.4470588266849518,
        0.6470588445663452,
        0.4470588266849518,
        0.4588235318660736,
        0.5529412031173706,
        0.5882353186607361,
        0.5647059082984924,
        0.48235294222831726,
        0.5058823823928833,
        0.5764706134796143,
        0.5647059082984924,
        0.5058823823928833,
        0.5176470875740051,
        0.5647059082984924,
        0.6117647290229797,
        0.6235294342041016,
        0.5058823823928833,
        0.5176470875740051,
        0.5411764979362488,
        0.42352941632270813,
        0.5058823823928833,
        0.5764706134796143,
        0.5764706134796143,
        0.6352941393852234,
        0.47058823704719543,
        0.47058823704719543,
        0.5411764979362488,
        0.5058823823928833,
        0.47058823704719543,
        0.4941176474094391,
        0.529411792755127,
        0.5058823823928833,
        0.5411764979362488,
        0.6352941393852234,
        0.529411792755127,
        0.5058823823928833,
        0.5411764979362488
    ],
    "val_accuracy": [
        0.4761904776096344,
        0.380952388048172,
        0.3333333432674408,
        0.2857142984867096,
        0.380952388048172,
        0.3333333432674408,
        0.380952388048172,
        0.380952388048172,
        0.380952388048172,
        0.380952388048172,
        0.380952388048172,
        0.380952388048172,
        0.380952388048172,
        0.5714285969734192,
        0.4761904776096344,
        0.523809552192688,
        0.523809552192688,
        0.523809552192688,
        0.523809552192688,
        0.523809552192688,
        0.4761904776096344,
        0.5714285969734192,
        0.5714285969734192,
        0.6190476417541504,
        0.5714285969734192,
        0.380952388048172,
        0.523809552192688,
        0.4761904776096344,
        0.523809552192688,
        0.4285714328289032,
        0.5714285969734192,
        0.6666666865348816,
        0.6190476417541504,
        0.4761904776096344,
        0.6190476417541504,
        0.523809552192688,
        0.6190476417541504,
        0.6666666865348816,
        0.6190476417541504,
        0.6666666865348816,
        0.5714285969734192,
        0.523809552192688,
        0.4761904776096344,
        0.4761904776096344,
        0.4285714328289032,
        0.4761904776096344,
        0.523809552192688,
        0.523809552192688,
        0.523809552192688,
        0.4285714328289032,
        0.4285714328289032,
        0.4285714328289032
    ],
    "epoch_times": [
        0.007748126983642578,
        0.008610963821411133,
        0.008079290390014648,
        0.007861852645874023,
        0.011421918869018555,
        0.007842779159545898,
        0.008031845092773438,
        0.008224010467529297,
        0.008641958236694336,
        0.007989883422851562,
        0.007946968078613281,
        0.0075299739837646484,
        0.008832931518554688,
        0.008458852767944336,
        0.008147954940795898,
        0.009010076522827148,
        0.00960683822631836,
        0.007557868957519531,
        0.007835865020751953,
        0.007779836654663086,
        0.00745391845703125,
        0.007552146911621094,
        0.00797891616821289,
        0.0084381103515625,
        0.0073201656341552734,
        0.007658958435058594,
        0.008013010025024414,
        0.008259773254394531,
        0.00780177116394043,
        0.007185935974121094,
        0.008205890655517578,
        0.008114814758300781,
        0.007977962493896484,
        0.0075130462646484375,
        0.007456064224243164,
        0.008720874786376953,
        0.008257150650024414,
        0.007759809494018555,
        0.007456064224243164,
        0.007965803146362305,
        0.008172035217285156,
        0.007602214813232422,
        0.0077669620513916016,
        0.008137941360473633,
        0.008008003234863281,
        0.008026123046875,
        0.007255077362060547,
        0.0332639217376709,
        0.009805917739868164,
        0.00798797607421875,
        0.007704019546508789
    ]
}