{
    "hyperparameters": {
        "activation": "relu",
        "dropout_rate": 0.2633252996383,
        "ff_dim": 531,
        "hidden_units": 137,
        "learning_rate": 0.0004363594998,
        "num_heads": 6,
        "num_layers": 5,
        "pooling": "mean",
        "weight_decay": 3.68371044e-05
    },
    "dataset_stats": {
        "name": "classification_ozone",
        "train_size": 85,
        "val_size": 21,
        "input_shape": [
            1201,
            1
        ],
        "num_classes": 2
    },
    "epochs": 42,
    "train_loss": [
        1.4014477729797363,
        0.5399173498153687,
        0.8037149310112,
        1.0870375633239746,
        0.9928388595581055,
        0.7304437756538391,
        0.662635326385498,
        0.7909692525863647,
        0.7891330718994141,
        0.7014155983924866,
        0.6895535588264465,
        0.5289903879165649,
        0.538716197013855,
        1.4214364290237427,
        0.6733806133270264,
        0.8164830207824707,
        0.5463493466377258,
        0.6881887316703796,
        0.4990488588809967,
        0.7683351635932922,
        0.7995519638061523,
        0.5289584398269653,
        0.8889375925064087,
        0.820730984210968,
        0.805431067943573,
        0.7639384269714355,
        0.5920649170875549,
        0.646826446056366,
        0.6888240575790405,
        0.6562886238098145,
        0.6613845825195312,
        0.758197009563446,
        0.6728826761245728,
        0.7595120668411255,
        0.5795329809188843,
        0.7108122706413269,
        0.3593396246433258,
        0.8601015210151672,
        0.7172710299491882,
        0.5089433193206787,
        0.6899110078811646,
        0.5973106622695923
    ],
    "val_loss": [
        1.0642929077148438,
        0.6692595481872559,
        0.8430405855178833,
        0.667548418045044,
        0.7914804816246033,
        0.7741001844406128,
        0.7211790084838867,
        0.7746642827987671,
        0.8339644074440002,
        0.6610491275787354,
        0.6958155035972595,
        0.69454425573349,
        0.6557602286338806,
        0.7168319225311279,
        0.7109203338623047,
        0.7003750801086426,
        0.7071008086204529,
        0.7297301292419434,
        0.7178236246109009,
        0.7360952496528625,
        0.7239497303962708,
        0.7454059720039368,
        0.768588662147522,
        0.7526680827140808,
        0.7153885960578918,
        0.7241507172584534,
        0.7308881878852844,
        0.7460217475891113,
        0.779127836227417,
        0.7660895586013794,
        0.7336006164550781,
        0.7240465879440308,
        0.7182811498641968,
        0.7095755338668823,
        0.7079023718833923,
        0.7051474452018738,
        0.6991598010063171,
        0.6973754167556763,
        0.6916208863258362,
        0.693989098072052,
        0.6985670924186707,
        0.7070806622505188,
        0.7061969637870789
    ],
    "train_accuracy": [
        0.20000000298023224,
        0.800000011920929,
        0.4000000059604645,
        0.20000000298023224,
        0.4000000059604645,
        0.4000000059604645,
        0.800000011920929,
        0.20000000298023224,
        0.6000000238418579,
        0.20000000298023224,
        0.6000000238418579,
        0.6000000238418579,
        0.800000011920929,
        0.0,
        0.800000011920929,
        0.6000000238418579,
        0.6000000238418579,
        0.800000011920929,
        0.800000011920929,
        0.20000000298023224,
        0.6000000238418579,
        0.800000011920929,
        0.20000000298023224,
        0.4000000059604645,
        0.4000000059604645,
        0.20000000298023224,
        0.6000000238418579,
        0.800000011920929,
        0.6000000238418579,
        0.6000000238418579,
        0.6000000238418579,
        0.20000000298023224,
        0.800000011920929,
        0.20000000298023224,
        0.800000011920929,
        0.4000000059604645,
        1.0,
        0.20000000298023224,
        0.4000000059604645,
        0.800000011920929,
        0.4000000059604645,
        0.6000000238418579
    ],
    "val_accuracy": [
        0.5714285969734192,
        0.5714285969734192,
        0.4761904776096344,
        0.380952388048172,
        0.5714285969734192,
        0.3333333432674408,
        0.4761904776096344,
        0.3333333432674408,
        0.5714285969734192,
        0.6666666865348816,
        0.4761904776096344,
        0.3333333432674408,
        0.5714285969734192,
        0.380952388048172,
        0.380952388048172,
        0.380952388048172,
        0.380952388048172,
        0.380952388048172,
        0.380952388048172,
        0.3333333432674408,
        0.3333333432674408,
        0.380952388048172,
        0.380952388048172,
        0.380952388048172,
        0.523809552192688,
        0.4285714328289032,
        0.380952388048172,
        0.380952388048172,
        0.3333333432674408,
        0.380952388048172,
        0.380952388048172,
        0.380952388048172,
        0.380952388048172,
        0.380952388048172,
        0.4285714328289032,
        0.4285714328289032,
        0.523809552192688,
        0.523809552192688,
        0.6190476417541504,
        0.6190476417541504,
        0.6190476417541504,
        0.523809552192688,
        0.4761904776096344
    ],
    "epoch_times": [
        0.8696391582489014,
        0.7939944267272949,
        0.791773796081543,
        0.788787841796875,
        0.7935385704040527,
        0.7923736572265625,
        0.7857556343078613,
        0.79477858543396,
        0.7944340705871582,
        0.795628547668457,
        0.7933213710784912,
        0.7889468669891357,
        0.791273832321167,
        0.7959141731262207,
        0.7901153564453125,
        0.7895293235778809,
        0.7903976440429688,
        0.7915792465209961,
        0.7944982051849365,
        0.7911069393157959,
        0.7920424938201904,
        0.7915730476379395,
        0.7944867610931396,
        0.7912490367889404,
        0.7883970737457275,
        0.7906546592712402,
        0.7929022312164307,
        0.7928743362426758,
        0.7919940948486328,
        0.7906463146209717,
        0.7935304641723633,
        0.7949326038360596,
        0.7907838821411133,
        0.7932178974151611,
        0.7977626323699951,
        0.7938129901885986,
        0.7923305034637451,
        0.790503978729248,
        0.7920658588409424,
        0.7921028137207031,
        0.7963547706604004,
        0.7907285690307617
    ]
}