{
    "hyperparameters": {
        "bidirectional": false,
        "dropout_rate": 0.1278245803526,
        "hidden_units": 81,
        "learning_rate": 0.0007976643912,
        "num_layers": 2,
        "output_activation": "tanh",
        "weight_decay": 6.40531507e-05
    },
    "dataset_stats": {
        "name": "ArrowHead",
        "train_size": 58,
        "val_size": 14,
        "input_shape": [
            251,
            1
        ],
        "num_classes": 3
    },
    "epochs": 57,
    "train_loss": [
        1.0750298500061035,
        0.9626711010932922,
        0.8224952816963196,
        0.7246513366699219,
        0.6314486861228943,
        0.5564643144607544,
        0.5014999508857727,
        0.4708101153373718,
        0.4599374234676361,
        0.404508501291275,
        0.38435661792755127,
        0.37349840998649597,
        0.35698845982551575,
        0.3444669544696808,
        0.33473607897758484,
        0.3263348340988159,
        0.32309529185295105,
        0.31245219707489014,
        0.3450304865837097,
        0.33838963508605957,
        0.3052520751953125,
        0.30679693818092346,
        0.30169519782066345,
        0.30310624837875366,
        0.29923322796821594,
        0.29727450013160706,
        0.2977043092250824,
        0.2974740266799927,
        0.29706010222435,
        0.29554206132888794,
        0.29573023319244385,
        0.29492613673210144,
        0.2949998378753662,
        0.2956683933734894,
        0.2948515713214874,
        0.2947078049182892,
        0.29474693536758423,
        0.2947419285774231,
        0.294193834066391,
        0.2941211760044098,
        0.2944079339504242,
        0.2945590615272522,
        0.29464027285575867,
        0.29413682222366333,
        0.2940292954444885,
        0.2943919897079468,
        0.2947274446487427,
        0.29511311650276184,
        0.2943445146083832,
        0.29380545020103455,
        0.2938857972621918,
        0.29456961154937744,
        0.29405906796455383,
        0.29490065574645996,
        0.2941075265407562,
        0.29665935039520264,
        0.2944129407405853
    ],
    "val_loss": [
        1.1578900814056396,
        1.1516386270523071,
        1.1579229831695557,
        1.2054532766342163,
        1.2149927616119385,
        1.1663904190063477,
        1.1117264032363892,
        0.9988550543785095,
        1.0810637474060059,
        1.0257998704910278,
        1.0462063550949097,
        1.0520654916763306,
        1.03788423538208,
        1.0166946649551392,
        0.9882957339286804,
        0.9381809234619141,
        0.8927856683731079,
        0.8436424136161804,
        0.910493791103363,
        0.95008784532547,
        0.7703458070755005,
        0.7833312153816223,
        0.7602595686912537,
        0.7433795928955078,
        0.7269690632820129,
        0.7190112471580505,
        0.7163041234016418,
        0.7123385667800903,
        0.7224406599998474,
        0.7312017679214478,
        0.735619843006134,
        0.7335672974586487,
        0.7296004295349121,
        0.7263209223747253,
        0.726446807384491,
        0.7267951965332031,
        0.7263275980949402,
        0.7260841727256775,
        0.7251596450805664,
        0.7238365411758423,
        0.722956120967865,
        0.722339928150177,
        0.722086489200592,
        0.7217726707458496,
        0.7208039164543152,
        0.7208219766616821,
        0.7207340598106384,
        0.7211469411849976,
        0.7228497862815857,
        0.7246893644332886,
        0.7258898615837097,
        0.7267966270446777,
        0.7268498539924622,
        0.7270336747169495,
        0.7273050546646118,
        0.7276515960693359,
        0.7277336120605469,
        0.7278784513473511
    ],
    "train_accuracy": [
        0.48275861144065857,
        0.5862069129943848,
        0.7068965435028076,
        0.7931034564971924,
        0.8275862336158752,
        0.8103448152542114,
        0.8793103694915771,
        0.8793103694915771,
        0.8793103694915771,
        0.9482758641242981,
        0.9482758641242981,
        0.9482758641242981,
        0.9655172228813171,
        0.982758641242981,
        0.982758641242981,
        1.0,
        1.0,
        1.0,
        0.982758641242981,
        0.982758641242981,
        1.0,
        1.0,
        1.0,
        1.0,
        1.0,
        1.0,
        1.0,
        1.0,
        1.0,
        1.0,
        1.0,
        1.0,
        1.0,
        1.0,
        1.0,
        1.0,
        1.0,
        1.0,
        1.0,
        1.0,
        1.0,
        1.0,
        1.0,
        1.0,
        1.0,
        1.0,
        1.0,
        1.0,
        1.0,
        1.0,
        1.0,
        1.0,
        1.0,
        1.0,
        1.0,
        1.0,
        1.0
    ],
    "val_accuracy": [
        0.3571428656578064,
        0.2857142984867096,
        0.2857142984867096,
        0.3571428656578064,
        0.3571428656578064,
        0.5,
        0.6428571939468384,
        0.7142857313156128,
        0.6428571939468384,
        0.6428571939468384,
        0.7142857313156128,
        0.7142857313156128,
        0.7142857313156128,
        0.785714328289032,
        0.785714328289032,
        0.8571429252624512,
        0.8571429252624512,
        0.8571429252624512,
        0.785714328289032,
        0.785714328289032,
        0.8571429252624512,
        0.8571429252624512,
        0.8571429252624512,
        0.8571429252624512,
        0.8571429252624512,
        0.8571429252624512,
        0.8571429252624512,
        0.8571429252624512,
        0.8571429252624512,
        0.8571429252624512,
        0.8571429252624512,
        0.8571429252624512,
        0.8571429252624512,
        0.8571429252624512,
        0.8571429252624512,
        0.8571429252624512,
        0.8571429252624512,
        0.8571429252624512,
        0.8571429252624512,
        0.8571429252624512,
        0.8571429252624512,
        0.8571429252624512,
        0.8571429252624512,
        0.8571429252624512,
        0.8571429252624512,
        0.8571429252624512,
        0.8571429252624512,
        0.8571429252624512,
        0.8571429252624512,
        0.8571429252624512,
        0.8571429252624512,
        0.8571429252624512,
        0.8571429252624512,
        0.8571429252624512,
        0.8571429252624512,
        0.8571429252624512,
        0.8571429252624512,
        0.8571429252624512
    ],