{
    "hyperparameters": {
        "activation": "relu",
        "dropout_rate": 0.1941254256055,
        "hidden_units": 28,
        "learning_rate": 0.0067443041587,
        "num_layers": 3,
        "weight_decay": 0.0065147164767
    },
    "dataset_stats": {
        "name": "FiftyWords",
        "train_size": 360,
        "val_size": 90,
        "input_shape": [
            270,
            1
        ],
        "num_classes": 50
    },
    "epochs": 136,
    "train_loss": [
        3.7902333736419678,
        3.1208317279815674,
        2.786137819290161,
        2.5047411918640137,
        2.3970422744750977,
        2.149646759033203,
        2.135728359222412,
        1.9336751699447632,
        1.8088784217834473,
        1.819795846939087,
        1.8033130168914795,
        1.781776785850525,
        1.7871202230453491,
        1.6463783979415894,
        1.6550710201263428,
        1.6627899408340454,
        1.5118274688720703,
        1.5318399667739868,
        1.4951642751693726,
        1.3964658975601196,
        1.3919610977172852,
        1.3863521814346313,
        1.4275658130645752,
        1.4056310653686523,
        1.4388960599899292,
        1.4256285429000854,
        1.3559068441390991,
        1.3608702421188354,
        1.2879542112350464,
        1.2436225414276123,
        1.3619829416275024,
        1.3147504329681396,
        1.3349140882492065,
        1.307765245437622,
        1.2784059047698975,
        1.2813715934753418,
        1.2011492252349854,
        1.3558536767959595,
        1.250492811203003,
        1.22417414188385,
        1.2100149393081665,
        1.2823693752288818,
        1.2151776552200317,
        1.1988781690597534,
        1.2614696025848389,
        1.2655333280563354,
        1.211272954940796,
        1.2736254930496216,
        1.3834813833236694,
        1.196548581123352,
        1.1789355278015137,
        1.1323840618133545,
        1.084337592124939,
        1.1948102712631226,
        1.1643733978271484,
        1.1462419033050537,
        1.13698410987854,
        1.2271753549575806,
        1.2046252489089966,
        1.1507352590560913,
        1.1558058261871338,
        1.2254410982131958,
        1.2492992877960205,
        1.1221818923950195,
        1.1734369993209839,
        1.13955819606781,
        1.134258508682251,
        1.1822906732559204,
        1.1459710597991943,
        0.979365348815918,
        1.045718789100647,
        1.0953772068023682,
        1.1415530443191528,
        1.120938777923584,
        1.1507724523544312,
        1.0866320133209229,
        1.12313973903656,
        1.1423627138137817,
        1.1713227033615112,
        1.188927173614502,
        1.0759389400482178,
        1.1818546056747437,
        1.1665741205215454,
        1.1829997301101685,
        1.0872858762741089,
        1.1585599184036255,
        1.0767844915390015,
        1.1070157289505005,
        1.106591820716858,
        1.1383413076400757,
        1.1626107692718506,
        1.156639814376831,
        1.1493322849273682,
        1.1309431791305542,
        1.1538840532302856,
        1.118896484375,
        1.15477454662323,
        1.0393850803375244,
        1.040619134902954,
        1.1566836833953857,
        1.2382347583770752,
        1.0792595148086548,
        1.0986430644989014,
        1.146569013595581,
        1.086651086807251,
        1.1556024551391602,
        1.2119892835617065,
        1.084768295288086,
        0.9773029088973999,
        1.0475571155548096,
        0.9796699285507202,
        1.0556273460388184,
        1.1247926950454712,
        1.0959903001785278,
        1.1196279525756836,
        1.0408939123153687,
        1.1091641187667847,
        0.9356062412261963,
        1.0539555549621582,
        1.067859172821045,
        1.030876874923706,
        1.1153221130371094,
        1.161770224571228,
        1.1784063577651978,
        1.1626224517822266,
        1.0826505422592163,
        1.1106858253479004,
        1.1569503545761108,
        1.1254754066467285,
        1.1127870082855225,
        1.032461404800415,
        1.0931377410888672,
        1.080247402191162,
        1.025093913078308,
        1.1439032554626465,
        1.1387693881988525
    ],