{
    "hyperparameters": {
        "bidirectional": true,
        "dropout_rate": 0.0149872666046,
        "hidden_units": 77,
        "learning_rate": 0.0001811463193,
        "num_layers": 1,
        "output_activation": "relu",
        "weight_decay": 4.77563463e-05
    },
    "dataset_stats": {
        "name": "classification_ozone",
        "train_size": 85,
        "val_size": 21,
        "input_shape": [
            1201,
            1
        ],
        "num_classes": 2
    },
    "epochs": 42,
    "train_loss": [
        0.6957020163536072,
        0.6879838109016418,
        0.6847824454307556,
        0.683376133441925,
        0.6827023029327393,
        0.688747763633728,
        0.6920904517173767,
        0.6909180879592896,
        0.6873626708984375,
        0.6851224303245544,
        0.6817100048065186,
        0.68104487657547,
        0.6792697906494141,
        0.6734088063240051,
        0.6966925859451294,
        0.7109852433204651,
        0.7011984586715698,
        0.6862955093383789,
        0.6855024695396423,
        0.6859668493270874,
        0.6866723299026489,
        0.6864668726921082,
        0.6872258186340332,
        0.6895298957824707,
        0.6826041340827942,
        0.6823723912239075,
        0.6817354559898376,
        0.6850182414054871,
        0.6837967038154602,
        0.6846874356269836,
        0.6861892342567444,
        0.6809824705123901,
        0.682479202747345,
        0.6828625798225403,
        0.6861962080001831,
        0.6830158233642578,
        0.683212399482727,
        0.6808159947395325,
        0.6859306693077087,
        0.6828741431236267,
        0.6816431283950806,
        0.6810091137886047
    ],
    "val_loss": [
        0.734052836894989,
        0.7303877472877502,
        0.7254210710525513,
        0.7208470702171326,
        0.7168126702308655,
        0.7139590382575989,
        0.7183392643928528,
        0.7114289402961731,
        0.6953862309455872,
        0.6937066912651062,
        0.6922950744628906,
        0.6918624043464661,
        0.6916811466217041,
        0.6924698352813721,
        0.696885883808136,
        0.8228893280029297,
        0.7972949743270874,
        0.763637363910675,
        0.7460930943489075,
        0.7398777008056641,
        0.7321025133132935,
        0.7289261817932129,
        0.7259292006492615,
        0.7217555046081543,
        0.718180775642395,
        0.7169619798660278,
        0.7175898551940918,
        0.7190219163894653,
        0.7197703123092651,
        0.7206532955169678,
        0.7217105031013489,
        0.7224329113960266,
        0.7227486371994019,
        0.7231497168540955,
        0.7233157157897949,
        0.7238272428512573,
        0.7246770262718201,
        0.7251771092414856,
        0.725601315498352,
        0.7261943817138672,
        0.7265852093696594,
        0.7271628379821777,
        0.7275137901306152
    ],
    "train_accuracy": [
        0.5411764979362488,
        0.5529412031173706,
        0.5411764979362488,
        0.5411764979362488,
        0.5647059082984924,
        0.5411764979362488,
        0.529411792755127,
        0.5529412031173706,
        0.5529412031173706,
        0.5647059082984924,
        0.5529412031173706,
        0.5647059082984924,
        0.5411764979362488,
        0.5764706134796143,
        0.5647059082984924,
        0.5647059082984924,
        0.5647059082984924,
        0.5764706134796143,
        0.5764706134796143,
        0.5529412031173706,
        0.5529412031173706,
        0.5529412031173706,
        0.5647059082984924,
        0.5764706134796143,
        0.5764706134796143,
        0.5882353186607361,
        0.5764706134796143,
        0.5764706134796143,
        0.5764706134796143,
        0.5764706134796143,
        0.5764706134796143,
        0.5647059082984924,
        0.6000000238418579,
        0.5764706134796143,
        0.5647059082984924,
        0.5764706134796143,
        0.5647059082984924,
        0.5764706134796143,
        0.5764706134796143,
        0.5764706134796143,
        0.5764706134796143,
        0.5764706134796143
    ],
    "val_accuracy": [
        0.3333333432674408,
        0.3333333432674408,
        0.3333333432674408,
        0.3333333432674408,
        0.3333333432674408,
        0.3333333432674408,
        0.3333333432674408,
        0.3333333432674408,
        0.380952388048172,
        0.4285714328289032,
        0.4285714328289032,
        0.4285714328289032,
        0.380952388048172,
        0.3333333432674408,
        0.3333333432674408,
        0.3333333432674408,
        0.2857142984867096,
        0.380952388048172,
        0.3333333432674408,
        0.3333333432674408,
        0.3333333432674408,
        0.3333333432674408,
        0.3333333432674408,
        0.3333333432674408,
        0.3333333432674408,
        0.3333333432674408,
        0.3333333432674408,
        0.2857142984867096,
        0.2857142984867096,
        0.2857142984867096,
        0.2857142984867096,
        0.2857142984867096,
        0.2857142984867096,
        0.2857142984867096,
        0.2857142984867096,
        0.3333333432674408,
        0.3333333432674408,
        0.3333333432674408,
        0.3333333432674408,
        0.3333333432674408,
        0.3333333432674408,
        0.3333333432674408,
        0.3333333432674408
    ],
    "epoch_times": [
        0.26534509658813477,
        0.1159663200378418,
        0.13901066780090332,
        0.14192509651184082,
        0.1372847557067871,
        0.10021352767944336,
        0.10113668441772461,
        0.10027241706848145,
        0.11489605903625488,
        0.11386251449584961,
        0.12640380859375,
        0.12802696228027344,
        0.12204551696777344,
        0.12002801895141602,
        0.10943174362182617,
        0.12375307083129883,
        0.12525558471679688,
        0.12427210807800293,
        0.11647558212280273,
        0.10570263862609863,
        0.11868000030517578,
        0.12112665176391602,
        0.11471319198608398,
        0.11775732040405273,
        0.12198495864868164,
        0.1242227554321289,
        0.13003921508789062,
        0.14548563957214355,
        0.13564491271972656,
        0.13240551948547363,
        0.12572979927062988,
        0.13574457168579102,
        0.1358635425567627,
        0.12600374221801758,
        0.15395188331604004,
        0.12343621253967285,
        0.11435532569885254,
        0.12369418144226074,
        0.08922696113586426,
        0.09017658233642578,
        0.08356404304504395,
        0.07973980903625488
    ]
}