{
    "hyperparameters": {
        "activation": "gelu",
        "dropout_rate": 0.085929710744,
        "ff_dim": 588,
        "hidden_units": 222,
        "learning_rate": 0.0001061877299,
        "num_heads": 3,
        "num_layers": 2,
        "pooling": "mean",
        "weight_decay": 1.93873466e-05
    },
    "dataset_stats": {
        "name": "ChlorineConcentration",
        "train_size": 374,
        "val_size": 93,
        "input_shape": [
            166,
            1
        ],
        "num_classes": 3
    },
    "epochs": 34,
    "train_loss": [
        0.8795616030693054,
        0.7312130331993103,
        0.949405312538147,
        0.8272973895072937,
        0.9596929550170898,
        1.2044947147369385,
        1.2328780889511108,
        0.8254191875457764,
        0.918406069278717,
        0.9773275256156921,
        1.075822353363037,
        1.042804479598999,
        1.032639980316162,
        0.9925729632377625,
        1.0744880437850952,
        1.0411590337753296,
        1.004766821861267,
        1.1135058403015137,
        1.0257774591445923,
        1.210708498954773,
        0.8708052039146423,
        1.2221693992614746,
        0.8240482807159424,
        1.240282416343689,
        0.8690721988677979,
        0.9629350304603577,
        1.2368009090423584,
        0.8686023950576782,
        1.1674484014511108,
        0.9186983108520508,
        0.8093603253364563,
        0.9981713891029358,
        0.8712003827095032,
        1.0026965141296387
    ],
    "val_loss": [
        1.6066040992736816,
        0.9765562415122986,
        0.9746479392051697,
        1.0580593347549438,
        0.9366175532341003,
        0.9702252745628357,
        1.2338480949401855,
        0.9474431276321411,
        0.9582197070121765,
        0.9646242260932922,
        0.961179256439209,
        0.9457046389579773,
        0.9465937614440918,
        0.9626307487487793,
        0.9576385021209717,
        0.953041136264801,
        0.9392900466918945,
        0.9408129453659058,
        0.9478458762168884,
        0.9489689469337463,
        0.9435726404190063,
        0.9515633583068848,
        0.9547672867774963,
        0.9513415098190308,
        0.9486610889434814,
        0.9496894478797913,
        0.9447588920593262,
        0.9472313523292542,
        0.9517907500267029,
        0.9513057470321655,
        0.9510467648506165,
        0.9487636089324951,
        0.9448956847190857,
        0.9475883841514587,
        0.9500126838684082
    ],
    "train_accuracy": [
        0.6363636255264282,
        0.7727273106575012,
        0.6363636255264282,
        0.6818181872367859,
        0.5454545617103577,
        0.1818181872367859,
        0.40909093618392944,
        0.6363636255264282,
        0.5909091234207153,
        0.5909091234207153,
        0.4545454680919647,
        0.5,
        0.5,
        0.6818181872367859,
        0.5454545617103577,
        0.4545454680919647,
        0.5454545617103577,
        0.5,
        0.5909091234207153,
        0.27272728085517883,
        0.6363636255264282,
        0.4545454680919647,
        0.7272727489471436,
        0.5,
        0.5454545617103577,
        0.5909091234207153,
        0.3181818127632141,
        0.6818181872367859,
        0.40909093618392944,
        0.5909091234207153,
        0.6818181872367859,
        0.5454545617103577,
        0.7272727489471436,
        0.5454545617103577
    ],
    "val_accuracy": [
        0.640625,
        0.5591397881507874,
        0.602150559425354,
        0.5376344323158264,
        0.602150559425354,
        0.602150559425354,
        0.23655913770198822,
        0.602150559425354,
        0.602150559425354,
        0.602150559425354,
        0.602150559425354,
        0.602150559425354,
        0.602150559425354,
        0.602150559425354,
        0.602150559425354,
        0.602150559425354,
        0.602150559425354,
        0.602150559425354,
        0.602150559425354,
        0.602150559425354,
        0.602150559425354,
        0.602150559425354,
        0.602150559425354,
        0.602150559425354,
        0.602150559425354,
        0.602150559425354,
        0.602150559425354,
        0.602150559425354,
        0.602150559425354,
        0.602150559425354,
        0.602150559425354,
        0.602150559425354,
        0.602150559425354,
        0.602150559425354,
        0.602150559425354
    ],
    "epoch_times": [
        0.2420816421508789,
        0.14177799224853516,
        0.15636706352233887,
        0.13773560523986816,
        0.15956568717956543,
        0.14180302619934082,
        0.14402484893798828,
        0.14554572105407715,
        0.14400172233581543,
        0.13515758514404297,
        0.15152788162231445,
        0.13240933418273926,
        0.13721108436584473,
        0.14711284637451172,
        0.14502763748168945,
        0.14413738250732422,
        0.14607453346252441,
        0.1424880027770996,
        0.14106416702270508,
        0.13335657119750977,
        0.12712693214416504,
        0.14338970184326172,
        0.13412094116210938,
        0.13884615898132324,
        0.14187002182006836,
        0.13672351837158203,
        0.14044594764709473,
        0.14066553115844727,
        0.13781261444091797,
        0.13905835151672363,
        0.13799309730529785,
        0.13743376731872559,
        0.1409459114074707,
        0.13857531547546387
    ]
}