bidirectional,dropout_rate,hidden_units,learning_rate,num_layers,output_activation,dataset,epoch_1,epoch_2,epoch_3,epoch_4,epoch_5,epoch_6,epoch_7,epoch_8,epoch_9,epoch_10,epoch_11,epoch_12,epoch_13,epoch_14,epoch_15,epoch_16,epoch_17,epoch_18,epoch_19,epoch_20
True,0.4826466755532,184,0.000355101983,5,linear,Adiac,,,0.0399999991059303,0.0399999991059303,,,,0.0399999991059303,0.0399999991059303,0.0399999991059303,,,0.0199999995529651,0.0199999995529651,0.0199999995529651,,,0.0399999991059303,0.1000000014901161,
True,0.0606642906026,53,4.43333986e-05,3,elu,Adiac,0.0399999991059303,0.0399999991059303,0.0399999991059303,0.0399999991059303,0.0399999991059303,0.0399999991059303,0.0399999991059303,0.0399999991059303,0.0399999991059303,0.0399999991059303,0.0399999991059303,0.0399999991059303,0.0399999991059303,0.0399999991059303,0.0399999991059303,0.0399999991059303,0.0399999991059303,0.0399999991059303,0.0399999991059303,0.0399999991059303
True,0.2097913783415,242,0.0078647413745,3,elu,Adiac,,,,0.0199999995529651,0.0799999982118606,,0.0599999986588954,,0.0599999986588954,,,,,,,,,,,
False,0.2863969349344,242,0.000266235419,3,elu,Adiac,0.0399999991059303,0.0199999995529651,0.0199999995529651,0.0199999995529651,0.0199999995529651,0.0199999995529651,0.0199999995529651,0.0199999995529651,,,0.0199999995529651,0.0199999995529651,0.0199999995529651,,,0.0199999995529651,0.0399999991059303,0.0399999991059303,0.0399999991059303,0.1000000014901161
False,0.3723761617122,101,0.0082469828429,5,linear,Adiac,0.0399999991059303,,0.0199999995529651,,,0.0199999995529651,,,,,,,,,,,,,,
False,0.4176231558426,89,0.0098821025825,2,tanh,Adiac,0.0199999995529651,0.0199999995529651,,0.0199999995529651,0.0599999986588954,0.0399999991059303,0.0199999995529651,0.0399999991059303,0.0199999995529651,0.0199999995529651,0.0199999995529651,0.0199999995529651,0.0199999995529651,0.0199999995529651,0.0199999995529651,0.0199999995529651,0.0199999995529651,0.0199999995529651,0.0199999995529651,0.0199999995529651
True,0.4044646018958,141,0.0006743276937,4,tanh,Adiac,0.019999999552965164,0.03999999910593033,0.03999999910593033,,0.019999999552965164,0.019999999552965164,,0.03999999910593033,,0.019999999552965164,,,0.019999999552965164,,,,,,,0.10000000149011612
