{
    "hyperparameters": {
        "activation": "tanh",
        "dropout_rate": 0.168663758262,
        "hidden_units": 79,
        "learning_rate": 0.0120181281075,
        "num_layers": 3,
        "weight_decay": 0.0024503111454
    },
    "dataset_stats": {
        "name": "Beef",
        "train_size": 44,
        "val_size": 11,
        "input_shape": [
            470,
            1
        ],
        "num_classes": 5
    },
    "epochs": 59,
    "train_loss": [
        1.5913947820663452,
        0.9910299777984619,
        0.7948219776153564,
        0.8139917254447937,
        0.6615312099456787,
        0.5936647057533264,
        0.5547273755073547,
        0.4969957172870636,
        0.5343040227890015,
        0.5148617029190063,
        0.4832191467285156,
        0.47650524973869324,
        0.3982904255390167,
        0.45371297001838684,
        0.4933287799358368,
        0.5058906078338623,
        0.4103717505931854,
        0.380876749753952,
        0.4852244257926941,
        0.5295611023902893,
        0.38572874665260315,
        0.5364139080047607,
        0.4687660336494446,
        0.4652685821056366,
        0.4303540289402008,
        0.5219221115112305,
        0.366953581571579,
        0.4017549753189087,
        0.4207030236721039,
        0.46651649475097656,
        0.4037680923938751,
        0.4108028709888458,
        0.3340848982334137,
        0.31296202540397644,
        0.3519231975078583,
        0.4054381251335144,
        0.3733854293823242,
        0.4609750509262085,
        0.4952305853366852,
        0.3817504942417145,
        0.3502025306224823,
        0.4599408209323883,
        0.30743494629859924,
        0.3082229197025299,
        0.3982069790363312,
        0.44166794419288635,
        0.3456305265426636,
        0.3814838230609894,
        0.46357962489128113,
        0.34606754779815674,
        0.33021801710128784,
        0.40934276580810547,
        0.2939096689224243,
        0.3705332577228546,
        0.39877036213874817,
        0.35226231813430786,
        0.38584834337234497,
        0.36058035492897034,
        0.3668903410434723
    ],
    "val_loss": [
        1.6357356309890747,
        1.083919882774353,
        1.0867034196853638,
        1.1262340545654297,
        0.9619870781898499,
        1.0881648063659668,
        1.3375226259231567,
        1.2493349313735962,
        1.1001769304275513,
        1.0546057224273682,
        1.2876718044281006,
        1.3382805585861206,
        1.246480107307434,
        1.0900222063064575,
        0.9154630303382874,
        0.8915071487426758,
        1.5862126350402832,
        2.771038293838501,
        3.395353078842163,
        3.0055348873138428,
        2.2923123836517334,
        1.7557308673858643,
        1.400294303894043,
        1.6251076459884644,
        1.8665426969528198,
        2.216174364089966,
        1.4058384895324707,
        0.8291898369789124,
        0.6395083069801331,
        0.6299448609352112,
        0.6729176640510559,
        0.7552303075790405,
        1.0569859743118286,
        1.3176743984222412,
        1.2404478788375854,
        1.1841661930084229,
        0.9755594730377197,
        0.8455587029457092,
        0.8803576827049255,
        0.9871936440467834,
        1.0564618110656738,
        1.2534908056259155,
        1.4675190448760986,
        1.2970720529556274,
        1.0942847728729248,
        1.0539301633834839,
        0.9941309094429016,
        1.0046252012252808,
        1.071852207183838,
        1.1773114204406738,
        1.358070969581604,
        1.3921589851379395,
        1.1719025373458862,
        1.0957064628601074,
        0.9752418398857117,
        0.9565660357475281,
        1.2806451320648193,
        1.0582711696624756,
        0.9145042896270752,
        1.0088238716125488
    ],
    "train_accuracy": [
        0.3636363744735718,
        0.5909090638160706,
        0.6136363744735718,
        0.6590909361839294,
        0.75,
        0.8409090638160706,
        0.7954545617103577,
        0.7954545617103577,
        0.7954545617103577,
        0.7954545617103577,
        0.8181818127632141,
        0.7727272510528564,
        0.8181818127632141,
        0.7954545617103577,
        0.8181818127632141,
        0.7727272510528564,
        0.7954545617103577,
        0.8409090638160706,
        0.7727272510528564,
        0.7272727489471436,
        0.8181818127632141,
        0.7954545617103577,
        0.8181818127632141,
        0.75,
        0.8409090638160706,
        0.75,
        0.8409090638160706,
        0.8181818127632141,
        0.8181818127632141,
        0.75,
        0.8181818127632141,
        0.8181818127632141,
        0.8409090638160706,
        0.8863636255264282,
        0.8636363744735718,
        0.8181818127632141,
        0.75,
        0.7954545617103577,
        0.8181818127632141,
        0.8409090638160706,
        0.8636363744735718,
        0.8636363744735718,
        0.8863636255264282,
        0.8409090638160706,
        0.8181818127632141,
        0.8181818127632141,
        0.8409090638160706,
        0.8409090638160706,
        0.7954545617103577,
        0.8409090638160706,
        0.8409090638160706,
        0.75,
        0.8636363744735718,
        0.7727272510528564,
        0.7954545617103577,
        0.8636363744735718,
        0.8181818127632141,
        0.8409090638160706,
        0.8181818127632141
    ],
    "val_accuracy": [
        0.0,
        0.4545454680919647,
        0.4545454680919647,
        0.4545454680919647,
        0.5454545617103577,
        0.5454545617103577,
        0.5454545617103577,
        0.6363636255264282,
        0.6363636255264282,
        0.6363636255264282,
        0.5454545617103577,
        0.5454545617103577,
        0.5454545617103577,
        0.5454545617103577,
        0.5454545617103577,
        0.6363636255264282,
        0.6363636255264282,
        0.6363636255264282,
        0.6363636255264282,
        0.5454545617103577,
        0.5454545617103577,
        0.5454545617103577,
        0.5454545617103577,
        0.5454545617103577,
        0.5454545617103577,
        0.5454545617103577,
        0.5454545617103577,
        0.5454545617103577,
        0.5454545617103577,
        0.6363636255264282,
        0.6363636255264282,
        0.6363636255264282,
        0.5454545617103577,
        0.5454545617103577,
        0.5454545617103577,
        0.5454545617103577,
        0.5454545617103577,
        0.5454545617103577,
        0.5454545617103577,
        0.5454545617103577,
        0.5454545617103577,
        0.6363636255264282,
        0.5454545617103577,
        0.5454545617103577,
        0.5454545617103577,
        0.5454545617103577,
        0.5454545617103577,
        0.5454545617103577,
        0.5454545617103577,
        0.5454545617103577,
        0.5454545617103577,
        0.5454545617103577,
        0.5454545617103577,
        0.6363636255264282,
        0.5454545617103577,
        0.6363636255264282,
        0.6363636255264282,
        0.6363636255264282,
        0.6363636255264282,
        0.6363636255264282
    ],