{
    "hyperparameters": {
        "activation": "relu",
        "dropout_rate": 0.1542695426505,
        "hidden_units": 35,
        "learning_rate": 0.0021110505901,
        "num_layers": 2,
        "weight_decay": 0.0045628407918
    },
    "dataset_stats": {
        "name": "Beef",
        "train_size": 44,
        "val_size": 11,
        "input_shape": [
            470,
            1
        ],
        "num_classes": 5
    },
    "epochs": 68,
    "train_loss": [
        1.563287615776062,
        1.3567554950714111,
        1.1862683296203613,
        1.0670413970947266,
        1.087411880493164,
        1.0493156909942627,
        0.9453075528144836,
        0.9035947918891907,
        0.8415266275405884,
        0.8088375329971313,
        0.82448410987854,
        0.7390701174736023,
        0.779457151889801,
        0.7579517960548401,
        0.7434605956077576,
        0.7766849994659424,
        0.6865347027778625,
        0.6939134001731873,
        0.7614938616752625,
        0.5807397961616516,
        0.6728681921958923,
        0.6117199063301086,
        0.5901046395301819,
        0.5959587693214417,
        0.6218720078468323,
        0.6372334957122803,
        0.5973814725875854,
        0.5743091106414795,
        0.5598362684249878,
        0.5379509925842285,
        0.5010843873023987,
        0.5649768710136414,
        0.555095911026001,
        0.4771042764186859,
        0.5023963451385498,
        0.5309991240501404,
        0.523615837097168,
        0.48763513565063477,
        0.44665250182151794,
        0.4580855071544647,
        0.45953893661499023,
        0.4195399582386017,
        0.4678027927875519,
        0.4102405309677124,
        0.41146373748779297,
        0.3620474934577942,
        0.3803483843803406,
        0.37960633635520935,
        0.3822219967842102,
        0.41464388370513916,
        0.37201932072639465,
        0.3632250428199768,
        0.3781898617744446,
        0.34332168102264404,
        0.3363627791404724,
        0.33115750551223755,
        0.37758925557136536,
        0.35330677032470703,
        0.32519662380218506,
        0.3808549642562866,
        0.3658579885959625,
        0.34890803694725037,
        0.3272016942501068,
        0.32154297828674316,
        0.35611897706985474,
        0.34859368205070496,
        0.3266889750957489,
        0.31670260429382324
    ],
    "val_loss": [
        1.5992144346237183,
        1.5636591911315918,
        1.5374480485916138,
        1.5059188604354858,
        1.4427298307418823,
        1.3896926641464233,
        1.3366013765335083,
        1.3255246877670288,
        1.3429702520370483,
        1.3513426780700684,
        1.3153576850891113,
        1.2586661577224731,
        1.2077033519744873,
        1.1663808822631836,
        1.1628371477127075,
        1.1551188230514526,
        1.1672130823135376,
        1.1290534734725952,
        1.0481141805648804,
        0.9941568970680237,
        0.9954645037651062,
        1.001142978668213,
        0.9418660998344421,
        0.8836891055107117,
        0.8509412407875061,
        0.835940957069397,
        0.8339456915855408,
        0.8287624716758728,
        0.8205104470252991,
        0.8511165380477905,
        1.0715866088867188,
        1.1753920316696167,
        1.1308956146240234,
        1.0493162870407104,
        0.9199599623680115,
        0.8148819208145142,
        0.7315782308578491,
        0.6627771854400635,
        0.6100555658340454,
        0.6334155797958374,
        0.7593699097633362,
        0.9075902700424194,
        0.9930946826934814,
        1.085542917251587,
        1.1163229942321777,
        1.1048099994659424,
        1.0992604494094849,
        1.0353001356124878,
        0.9627708196640015,
        0.9756723046302795,
        0.9804403781890869,
        0.9694823622703552,
        0.9004137516021729,
        0.8685804009437561,
        0.8148068785667419,
        0.8029512763023376,
        0.8306951522827148,
        0.7966908812522888,
        0.796506941318512,
        0.8211286067962646,
        0.7940039038658142,
        0.7868808507919312,
        0.8261617422103882,
        0.9076772928237915,
        0.945138692855835,
        0.8484630584716797,
        0.86139315366745,
        0.8696598410606384,
        0.8558302521705627
    ],
    "train_accuracy": [
        0.34090909361839294,
        0.2954545319080353,
        0.6363636255264282,
        0.5909090638160706,
        0.5681818127632141,
        0.6363636255264282,
        0.6590909361839294,
        0.6363636255264282,
        0.7045454382896423,
        0.7045454382896423,
        0.7727272510528564,
        0.7727272510528564,
        0.75,
        0.7045454382896423,
        0.6818181872367859,
        0.7272727489471436,
        0.7954545617103577,
        0.7272727489471436,
        0.7272727489471436,
        0.8409090638160706,
        0.7954545617103577,
        0.75,
        0.75,
        0.7954545617103577,
        0.7727272510528564,
        0.7272727489471436,
        0.75,
        0.7727272510528564,
        0.8409090638160706,
        0.7727272510528564,
        0.7954545617103577,
        0.8409090638160706,
        0.7954545617103577,
        0.9090909361839294,
        0.7954545617103577,
        0.8181818127632141,
        0.8636363744735718,
        0.8863636255264282,
        0.9090909361839294,
        0.8863636255264282,
        0.8636363744735718,
        0.8863636255264282,
        0.8181818127632141,
        0.8409090638160706,
        0.9090909361839294,
        0.8863636255264282,
        0.9090909361839294,
        0.8863636255264282,
        0.8636363744735718,
        0.8409090638160706,
        0.9090909361839294,
        0.8636363744735718,
        0.8636363744735718,
        0.9318181872367859,
        0.9318181872367859,
        0.9090909361839294,
        0.8636363744735718,
        0.9090909361839294,
        0.9090909361839294,
        0.8409090638160706,
        0.8863636255264282,
        0.8863636255264282,
        0.8863636255264282,
        0.8863636255264282,
        0.8409090638160706,
        0.8636363744735718,
        0.9090909361839294,
        0.8863636255264282
    ],