bidirectional,dropout_rate,hidden_units,learning_rate,num_layers,output_activation,dataset,epoch_1,epoch_2,epoch_3,epoch_4,epoch_5,epoch_6,epoch_7,epoch_8,epoch_9,epoch_10,epoch_11,epoch_12,epoch_13,epoch_14,epoch_15,epoch_16,epoch_17,epoch_18,epoch_19,epoch_20
True,0.0606642906026,53,4.43333986e-05,3,elu,Car,0.0833333358168602,0.0833333358168602,0.0833333358168602,0.0833333358168602,0.0833333358168602,0.0833333358168602,0.0833333358168602,0.0833333358168602,0.0833333358168602,0.0833333358168602,0.0833333358168602,0.0833333358168602,0.0833333358168602,0.0833333358168602,0.0833333358168602,0.0833333358168602,0.0833333358168602,0.0833333358168602,0.0833333358168602,0.0833333358168602
True,0.2097913783415,242,0.0078647413745,3,elu,Car,0.3333333432674408,0.25,0.2083333283662796,0.2083333283662796,0.2916666567325592,0.2083333283662796,0.2916666567325592,0.2083333283662796,0.2083333283662796,0.2083333283662796,0.25,0.2916666567325592,0.25,0.2083333283662796,0.2083333283662796,0.2083333283662796,0.2083333283662796,0.2083333283662796,0.2083333283662796,0.2083333283662796
False,0.2863969349344,242,0.000266235419,3,elu,Car,0.2083333283662796,0.2083333283662796,0.125,0.125,0.125,0.125,0.125,0.125,0.125,0.125,0.125,0.125,0.125,0.125,0.125,0.125,0.125,0.125,0.125,0.125
False,0.3723761617122,101,0.0082469828429,5,linear,Car,0.2083333283662796,0.25,0.2916666567325592,0.25,0.25,0.25,0.25,0.2916666567325592,0.25,0.375,0.2916666567325592,0.3333333432674408,0.2083333283662796,0.25,0.1666666716337204,0.2083333283662796,0.2083333283662796,0.25,0.25,0.2916666567325592
False,0.4176231558426,89,0.0098821025825,2,tanh,Car,0.2083333283662796,0.2916666567325592,0.2916666567325592,0.2916666567325592,0.2916666567325592,0.2916666567325592,0.2916666567325592,0.2916666567325592,0.3333333432674408,0.2916666567325592,0.25,0.3333333432674408,0.25,0.2916666567325592,0.25,0.25,0.2916666567325592,0.25,0.2916666567325592,0.2916666567325592
True,0.4044646018958,141,0.0006743276937,4,tanh,Car,0.25,0.2916666567325592,0.25,0.25,0.25,0.25,0.25,0.25,0.2916666567325592,0.25,0.2916666567325592,0.2916666567325592,0.2083333283662796,0.2083333283662796,0.25,0.25,0.25,0.25,0.25,0.25
