{
    "hyperparameters": {
        "bidirectional": true,
        "dropout_rate": 0.1283116540965,
        "hidden_units": 187,
        "learning_rate": 0.0003407823695,
        "num_layers": 3,
        "output_activation": "gelu",
        "weight_decay": 7.8538985e-06
    },
    "dataset_stats": {
        "name": "BeetleFly",
        "train_size": 32,
        "val_size": 8,
        "input_shape": [
            512,
            1
        ],
        "num_classes": 2
    },
    "epochs": 154,
    "train_loss": [
        0.7217024564743042,
        0.5000870227813721,
        0.3921765387058258,
        0.3345072865486145,
        0.2788548171520233,
        0.24865207076072693,
        0.22329379618167877,
        0.2097022980451584,
        0.20442253351211548,
        0.20342803001403809,
        0.20417840778827667,
        0.2019261121749878,
        0.2008497714996338,
        0.20387963950634003,
        0.2022767812013626,
        0.20075461268424988,
        0.2024872601032257,
        0.20181575417518616,
        0.20120090246200562,
        0.2004247009754181,
        0.20103362202644348,
        0.2013871967792511,
        0.20054426789283752,
        0.19987702369689941,
        0.20044521987438202,
        0.19998130202293396,
        0.2009407877922058,
        0.19973985850811005,
        0.19994288682937622,
        0.2001177817583084,
        0.20028984546661377,
        0.19985738396644592,
        0.1996140033006668,
        0.19991272687911987,
        0.19987055659294128,
        0.20035934448242188,
        0.1999698281288147,
        0.19986218214035034,
        0.19996672868728638,
        0.1998213827610016,
        0.20073437690734863,
        0.19951608777046204,
        0.2001059204339981,
        0.19995953142642975,
        0.20024561882019043,
        0.1995631605386734,
        0.20015880465507507,
        0.19942820072174072,
        0.19940494000911713,
        0.1997843086719513,
        0.19995088875293732,
        0.1996839940547943,
        0.20007561147212982,
        0.19955188035964966,
        0.19984303414821625,
        0.19959598779678345,
        0.20056012272834778,
        0.19978517293930054,
        0.1995246410369873,
        0.20054097473621368,
        0.1997554898262024,
        0.1997116208076477,
        0.2001134157180786,
        0.1996554732322693,
        0.19952867925167084,
        0.19963526725769043,
        0.19969579577445984,
        0.20027635991573334,
        0.19973090291023254,
        0.1997639238834381,
        0.19971472024917603,
        0.19982010126113892,
        0.19983845949172974,
        0.19971969723701477,
        0.19947092235088348,
        0.19949288666248322,
        0.19951185584068298,
        0.1998627483844757,
        0.20003116130828857,
        0.19921061396598816,
        0.19960662722587585,
        0.19960731267929077,
        0.19979029893875122,
        0.19958722591400146,
        0.19981487095355988,
        0.1995917558670044,
        0.19980964064598083,
        0.19994568824768066,
        0.1994670182466507,
        0.19960400462150574,
        0.1999351978302002,
        0.1995065063238144,
        0.1996023952960968,
        0.19991987943649292,
        0.19924139976501465,
        0.19952818751335144,
        0.19968684017658234,
        0.19935676455497742,
        0.19925983250141144,
        0.1992577612400055,
        0.19965766370296478,
        0.1996057778596878,
        0.19916000962257385,
        0.20116397738456726,
        0.1998627930879593,
        0.19936129450798035,
        0.2003415822982788,
        0.19924741983413696,
        0.19967633485794067,
        0.19967204332351685,
        0.1995016634464264,
        0.19931074976921082,
        0.1998116672039032,
        0.1996745467185974,
        0.19932609796524048,
        0.20003093779087067,
        0.19962844252586365,
        0.19945639371871948,
        0.19944649934768677,
        0.19979284703731537,
        0.19956672191619873,
        0.19934676587581635,
        0.1996871829032898,
        0.19933417439460754,
        0.19940634071826935,
        0.1998588591814041,
        0.1993834376335144,
        0.20026332139968872,
        0.19944876432418823,
        0.19995175302028656,
        0.1995074450969696,
        0.19938784837722778,
        0.200209379196167,
        0.19951798021793365,
        0.19945406913757324,
        0.19958636164665222,
        0.1994122564792633,
        0.19928666949272156,
        0.19912543892860413,
        0.19980688393115997,
        0.1999937891960144,
        0.19928191602230072,
        0.19975891709327698,
        0.19945548474788666,
        0.19962887465953827,
        0.1995229423046112,
        0.19948896765708923,
        0.19989286363124847,
        0.1994737684726715,
        0.1997814178466797,
        0.19953197240829468,
        0.19954825937747955,
        0.19938141107559204,
        0.19963449239730835
    ],