{
    "hyperparameters": {
        "activation": "relu",
        "dropout_rate": 0.2473234240535,
        "kernel_size": 6,
        "learning_rate": 0.0043122453105,
        "num_filters": 232,
        "num_layers": 3,
        "pooling": "max",
        "pooling_size": 2
    },
    "dataset_stats": {
        "name": "ArrowHead",
        "train_size": 58,
        "val_size": 14,
        "input_shape": [
            1,
            251
        ],
        "num_classes": 3
    },
    "epochs": 31,
    "train_loss": [
        1.6036616563796997,
        4.874918460845947,
        1.6222569942474365,
        1.2311499118804932,
        0.9191899299621582,
        0.861761748790741,
        0.7198713421821594,
        0.7024334669113159,
        0.6820418834686279,
        0.5809008479118347,
        0.5437361598014832,
        0.5195268392562866,
        0.48655617237091064,
        0.3455113470554352,
        0.39976680278778076,
        0.342121958732605,
        0.3977731466293335,
        0.27795514464378357,
        0.2959604263305664,
        0.3035741448402405,
        0.2547204792499542,
        0.29992973804473877,
        0.24671941995620728,
        0.2559199631214142,
        0.21055559813976288,
        0.09859097748994827,
        0.24418455362319946,
        0.17548294365406036,
        0.10851627588272095,
        0.21393844485282898,
        0.29141637682914734
    ],
    "val_loss": [
        1.0971847772598267,
        1.3976534605026245,
        1.4424852132797241,
        2.755384683609009,
        2.83705472946167,
        2.414180278778076,
        1.7563800811767578,
        1.478290319442749,
        1.8843406438827515,
        2.0364723205566406,
        2.0148725509643555,
        2.2322185039520264,
        2.439249038696289,
        2.5175423622131348,
        2.5391292572021484,
        2.6368114948272705,
        2.66528058052063,
        2.590160369873047,
        2.574611186981201,
        2.652474880218506,
        2.821263551712036,
        3.0271377563476562,
        3.305194139480591,
        3.4817028045654297,
        3.4029698371887207,
        3.296495199203491,
        3.2238056659698486,
        3.1704156398773193,
        3.1221845149993896,
        3.073765516281128,
        3.3608686923980713,
        3.1208248138427734
    ],
    "train_accuracy": [
        0.4482758641242981,
        0.4137931168079376,
        0.5517241358757019,
        0.517241358757019,
        0.6206896305084229,
        0.6551724076271057,
        0.6724137663841248,
        0.6724137663841248,
        0.6724137663841248,
        0.7758620977401733,
        0.6551724076271057,
        0.6724137663841248,
        0.7413793206214905,
        0.8793103694915771,
        0.8275862336158752,
        0.8448275923728943,
        0.8103448152542114,
        0.8793103694915771,
        0.8275862336158752,
        0.8275862336158752,
        0.9137930870056152,
        0.8620689511299133,
        0.9137930870056152,
        0.9137930870056152,
        0.9137930870056152,
        0.982758641242981,
        0.9137930870056152,
        0.9137930870056152,
        0.9655172228813171,
        0.931034505367279,
        0.8793103694915771
    ],
    "val_accuracy": [
        0.3571428656578064,
        0.3571428656578064,
        0.4285714626312256,
        0.3571428656578064,
        0.3571428656578064,
        0.3571428656578064,
        0.3571428656578064,
        0.5,
        0.5,
        0.5,
        0.5,
        0.5,
        0.4285714626312256,
        0.5,
        0.5,
        0.4285714626312256,
        0.4285714626312256,
        0.4285714626312256,
        0.4285714626312256,
        0.4285714626312256,
        0.4285714626312256,
        0.4285714626312256,
        0.4285714626312256,
        0.4285714626312256,
        0.4285714626312256,
        0.4285714626312256,
        0.5714285969734192,
        0.4285714626312256,
        0.4285714626312256,
        0.4285714626312256,
        0.5,
        0.5714285969734192
    ],
    "epoch_times": [
        0.21056771278381348,
        0.0626060962677002,
        0.033898353576660156,
        0.03158283233642578,
        0.03064441680908203,
        0.026975631713867188,
        0.029841899871826172,
        0.030165910720825195,
        0.030431032180786133,
        0.029168367385864258,
        0.0295412540435791,
        0.029219388961791992,
        0.027736663818359375,
        0.02722954750061035,
        0.03191542625427246,
        0.0307004451751709,
        0.02811121940612793,
        0.02727794647216797,
        0.029451370239257812,
        0.02401590347290039,
        0.028841257095336914,
        0.02916574478149414,
        0.02805042266845703,
        0.028818130493164062,
        0.02844381332397461,
        0.027570724487304688,
        0.02566695213317871,
        0.028486013412475586,
        0.029869794845581055,
        0.029870033264160156,
        0.029775381088256836
    ]
}