{
    "hyperparameters": {
        "activation": "gelu",
        "dropout_rate": 0.1799906420434,
        "ff_dim": 840,
        "hidden_units": 273,
        "learning_rate": 1.09356413e-05,
        "num_heads": 6,
        "num_layers": 4,
        "pooling": "mean",
        "weight_decay": 2.88015742e-05
    },
    "dataset_stats": {
        "name": "CBF",
        "train_size": 48,
        "val_size": 12,
        "input_shape": [
            128,
            1
        ],
        "num_classes": 3
    },
    "epochs": 87,
    "train_loss": [
        1.7661219835281372,
        1.4677151441574097,
        1.3476347923278809,
        1.199366807937622,
        1.150931477546692,
        1.2729085683822632,
        1.1265932321548462,
        0.8273702263832092,
        0.9934154152870178,
        1.2211964130401611,
        1.1850018501281738,
        0.9819578528404236,
        1.2448691129684448,
        1.3717925548553467,
        1.1851989030838013,
        0.9865301251411438,
        1.0770069360733032,
        0.9994276165962219,
        1.0794219970703125,
        0.9281336069107056,
        1.007352352142334,
        0.9569494128227234,
        0.9248570799827576,
        0.8654534816741943,
        0.8641499280929565,
        0.6679295897483826,
        0.8794355392456055,
        1.1092889308929443,
        1.0858227014541626,
        0.8223258256912231,
        0.8121469616889954,
        1.0548380613327026,
        0.9494873285293579,
        0.8925707936286926,
        0.821843147277832,
        1.111318588256836,
        0.6200942397117615,
        0.8883129358291626,
        0.7310534119606018,
        0.7516897916793823,
        1.0255796909332275,
        0.9165292978286743,
        0.8930426239967346,
        0.5911514759063721,
        1.1154590845108032,
        0.7055421471595764,
        0.9487511515617371,
        0.7070127725601196,
        0.822683572769165,
        0.7403912544250488,
        0.8131411671638489,
        0.6582230925559998,
        0.8661589026451111,
        0.9498038291931152,
        0.9967392086982727,
        0.9810043573379517,
        0.9393736124038696,
        0.7840875387191772,
        0.7594358325004578,
        0.7435331344604492,
        1.0537582635879517,
        0.9176751971244812,
        0.4313201606273651,
        0.7093883752822876,
        0.6468226909637451,
        0.9370351433753967,
        1.0656731128692627,
        0.9415299296379089,
        1.0126521587371826,
        1.028375267982483,
        0.9159334301948547,
        0.8406268358230591,
        0.6297838091850281,
        0.815631091594696,
        0.9272544980049133,
        0.726200520992279,
        0.8284055590629578,
        0.9822759628295898,
        0.9436891078948975,
        0.9762004613876343,
        0.8689034581184387,
        0.8207587599754333,
        0.603089451789856,
        0.7590434551239014,
        0.9683709144592285,
        0.6690413951873779,
        0.8493409156799316
    ],
    "val_loss": [
        2.1842596530914307,
        1.3101160526275635,
        1.0734443664550781,
        1.0549367666244507,
        1.0554732084274292,
        1.1254487037658691,
        1.1698178052902222,
        1.1071288585662842,
        0.9914539456367493,
        0.8980273604393005,
        0.8342759609222412,
        0.7830657958984375,
        0.7631235122680664,
        0.7532896399497986,
        0.7545742988586426,
        0.7698139548301697,
        0.8069589734077454,
        0.8389776349067688,
        0.8359944224357605,
        0.8072018027305603,
        0.7832760214805603,
        0.752859354019165,
        0.7170076370239258,
        0.6909832954406738,
        0.6761505603790283,
        0.6715726852416992,
        0.6738400459289551,
        0.6867955327033997,
        0.7015295028686523,
        0.7199944853782654,
        0.7348681092262268,
        0.7392082810401917,
        0.7368336319923401,
        0.729831874370575,
        0.7204997539520264,
        0.7104775905609131,
        0.7008812427520752,
        0.6908712983131409,
        0.6849780678749084,
        0.6770079731941223,
        0.6687349677085876,
        0.6611548066139221,
        0.6545229554176331,
        0.6493207812309265,
        0.6458480358123779,
        0.643419086933136,
        0.6414596438407898,
        0.6399751901626587,
        0.6413813233375549,
        0.6413753032684326,
        0.6419842839241028,
        0.642127513885498,
        0.6397716403007507,
        0.6355495452880859,
        0.6318241357803345,
        0.6299434304237366,
        0.6297938227653503,
        0.6279597878456116,
        0.6280128359794617,
        0.629709780216217,
        0.6299673914909363,
        0.6288940906524658,
        0.6315245032310486,
        0.6364230513572693,
        0.6388121247291565,
        0.6407939791679382,
        0.6425330638885498,
        0.6447264552116394,
        0.6455737948417664,
        0.6466432809829712,
        0.6463326811790466,
        0.6460779309272766,
        0.6452704071998596,
        0.6450031995773315,
        0.6439051032066345,
        0.6432124972343445,
        0.6430621147155762,
        0.6430699229240417,
        0.642831563949585,
        0.6423906683921814,
        0.6420804262161255,
        0.6421396732330322,
        0.6419713497161865,
        0.641916811466217,
        0.6418337821960449,
        0.6417979598045349,
        0.6417932510375977,
        0.6418100595474243
    ],
    "train_accuracy": [
        0.25,
        0.25,
        0.3125,
        0.3125,
        0.3125,
        0.3125,
        0.3125,
        0.625,
        0.5,
        0.4375,
        0.5,
        0.5,
        0.5,
        0.375,
        0.5,
        0.5625,
        0.375,
        0.5625,
        0.5,
        0.5625,
        0.4375,
        0.625,
        0.6875,
        0.625,
        0.5625,
        0.6875,
        0.5625,
        0.625,
        0.3125,
        0.5,
        0.8125,
        0.5,
        0.5625,
        0.6875,
        0.6875,
        0.5,
        0.75,
        0.625,
        0.75,
        0.75,
        0.5,
        0.625,
        0.375,
        0.75,
        0.5,
        0.75,
        0.375,
        0.5625,
        0.6875,
        0.6875,
        0.6875,
        0.6875,
        0.625,
        0.625,
        0.5,
        0.5,
        0.4375,
        0.5625,
        0.6875,
        0.6875,
        0.5,
        0.5625,
        0.875,
        0.75,
        0.8125,
        0.5,
        0.375,
        0.5,
        0.625,
        0.5625,
        0.5625,
        0.5625,
        0.8125,
        0.5625,
        0.375,
        0.6875,
        0.5625,
        0.625,
        0.5,
        0.5,
        0.4375,
        0.6875,
        0.6875,
        0.6875,
        0.625,
        0.8125,
        0.5625
    ],