{
    "hyperparameters": {
        "bidirectional": false,
        "dropout_rate": 0.2146810362251,
        "hidden_units": 144,
        "learning_rate": 0.0001115550864,
        "num_layers": 1,
        "output_activation": "relu",
        "weight_decay": 6.49782703e-05
    },
    "dataset_stats": {
        "name": "FiftyWords",
        "train_size": 360,
        "val_size": 90,
        "input_shape": [
            270,
            1
        ],
        "num_classes": 50
    },
    "epochs": 109,
    "train_loss": [
        3.8759264945983887,
        3.779794931411743,
        3.676867723464966,
        3.603773355484009,
        3.497948169708252,
        3.4066617488861084,
        3.2988431453704834,
        3.202630043029785,
        3.1448442935943604,
        3.0708513259887695,
        3.0089526176452637,
        2.9513704776763916,
        2.9114041328430176,
        2.8741061687469482,
        2.8331046104431152,
        2.797868490219116,
        2.7775330543518066,
        2.7416622638702393,
        2.7569429874420166,
        2.683603048324585,
        2.6653316020965576,
        2.61289644241333,
        2.590873956680298,
        2.5538339614868164,
        2.546191692352295,
        2.520101547241211,
        2.4943127632141113,
        2.451916217803955,
        2.4386911392211914,
        2.3938753604888916,
        2.380625009536743,
        2.3585901260375977,
        2.308589458465576,
        2.3010995388031006,
        2.3039169311523438,
        2.230097532272339,
        2.2366132736206055,
        2.2280032634735107,
        2.203110694885254,
        2.1831789016723633,
        2.171013832092285,
        2.158708095550537,
        2.1388776302337646,
        2.1281661987304688,
        2.1089391708374023,
        2.0851118564605713,
        2.057713747024536,
        2.0235607624053955,
        2.0195417404174805,
        2.000260591506958,
        1.9836902618408203,
        1.9450832605361938,
        1.9267452955245972,
        1.9153499603271484,
        1.9116854667663574,
        1.9321361780166626,
        1.9157634973526,
        1.8734349012374878,
        1.8636800050735474,
        1.879824161529541,
        1.8368374109268188,
        1.8533085584640503,
        1.82924485206604,
        1.7971585988998413,
        1.820070505142212,
        1.7799352407455444,
        1.786065697669983,
        1.7493828535079956,
        1.740059733390808,
        1.7305867671966553,
        1.7043850421905518,
        1.700221300125122,
        1.6892162561416626,
        1.6642049551010132,
        1.643668293952942,
        1.6340359449386597,
        1.609489917755127,
        1.6120883226394653,
        1.6067264080047607,
        1.6106302738189697,
        1.5816904306411743,
        1.577634334564209,
        1.5703216791152954,
        1.568964958190918,
        1.5683081150054932,
        1.5442949533462524,
        1.5511232614517212,
        1.5487385988235474,
        1.50872004032135,
        1.5308489799499512,
        1.5175336599349976,
        1.498150110244751,
        1.503904104232788,
        1.4940775632858276,
        1.5315380096435547,
        1.5018136501312256,
        1.484983205795288,
        1.4844818115234375,
        1.487114429473877,
        1.4721145629882812,
        1.4533708095550537,
        1.4849331378936768,
        1.4643213748931885,
        1.4822794198989868,
        1.4698089361190796,
        1.4792633056640625,
        1.4824395179748535,
        1.4741917848587036,
        1.4586189985275269
    ],
    "val_loss": [
        3.92136812210083,
        3.8569843769073486,
        3.7907402515411377,
        3.7351298332214355,
        3.671165943145752,
        3.5974981784820557,
        3.531047821044922,
        3.474299430847168,
        3.4299471378326416,
        3.3985595703125,
        3.3401296138763428,
        3.322011947631836,
        3.2943267822265625,
        3.256680727005005,
        3.224876880645752,
        3.219431161880493,
        3.214721441268921,
        3.1978986263275146,
        3.1689538955688477,
        3.1399078369140625,
        3.111403703689575,
        3.0940029621124268,
        3.118825674057007,
        3.0920097827911377,
        3.06422758102417,
        3.0309510231018066,
        3.0319669246673584,
        3.01719331741333,
        3.0030083656311035,
        2.983739137649536,
        2.931030035018921,
        2.9511637687683105,
        2.954274892807007,
        2.9189562797546387,
        2.9398889541625977,
        2.894009828567505,
        2.8898863792419434,
        2.871156930923462,
        2.859168767929077,
        2.8263840675354004,
        2.846076488494873,
        2.8372914791107178,
        2.8419506549835205,
        2.8137645721435547,
        2.754974842071533,
        2.770162343978882,
        2.7177321910858154,
        2.7433857917785645,
        2.7604730129241943,
        2.753481149673462,
        2.7317092418670654,
        2.7259230613708496,
        2.6857454776763916,
        2.686619281768799,
        2.6540300846099854,
        2.673621416091919,
        2.673818349838257,
        2.66519832611084,
        2.671945095062256,
        2.659839153289795,
        2.647125005722046,
        2.6392574310302734,
        2.625800848007202,
        2.639178514480591,
        2.6871488094329834,
        2.6018431186676025,
        2.5719900131225586,
        2.655224323272705,
        2.556354522705078,
        2.581326723098755,
        2.5730338096618652,
        2.6482186317443848,
        2.6124722957611084,
        2.5884268283843994,
        2.5747857093811035,
        2.6076788902282715,
        2.5680809020996094,
        2.6072378158569336,
        2.5833184719085693,
        2.530782461166382,
        2.584155321121216,
        2.5766522884368896,
        2.579272508621216,
        2.6248464584350586,
        2.5726447105407715,
        2.5716536045074463,
        2.5982298851013184,
        2.5840389728546143,
        2.5900278091430664,
        2.5834195613861084,
        2.6074700355529785,
        2.554022789001465,
        2.5966296195983887,
        2.5779647827148438,
        2.605647087097168,
        2.5852644443511963,
        2.595738172531128,
        2.579862594604492,
        2.589914083480835,
        2.6031394004821777,
        2.593067169189453,
        2.607285737991333,
        2.581944465637207,
        2.5950405597686768,
        2.591651201248169,
        2.5959837436676025,
        2.6037936210632324,
        2.598209857940674,
        2.593658685684204,
        2.5962910652160645
    ],