{
    "hyperparameters": {
        "activation": "relu",
        "dropout_rate": 0.2269669279389,
        "hidden_units": 96,
        "learning_rate": 0.0001332670247,
        "num_layers": 2,
        "weight_decay": 0.0097095976429
    },
    "dataset_stats": {
        "name": "classification_ozone",
        "train_size": 85,
        "val_size": 21,
        "input_shape": [
            1201,
            1
        ],
        "num_classes": 2
    },
    "epochs": 63,
    "train_loss": [
        0.7217341661453247,
        0.7230401635169983,
        0.6015890836715698,
        0.6651207208633423,
        0.549109697341919,
        0.6063855886459351,
        0.6494708061218262,
        0.6289966106414795,
        0.5815399885177612,
        0.553481936454773,
        0.5644610524177551,
        0.5696813464164734,
        0.5886439681053162,
        0.6147467494010925,
        0.6394141912460327,
        0.6339382529258728,
        0.5367003083229065,
        0.5775550603866577,
        0.6280629634857178,
        0.5573827624320984,
        0.5550144910812378,
        0.5487128496170044,
        0.5763878226280212,
        0.5919746160507202,
        0.5835722088813782,
        0.5477486848831177,
        0.5783231854438782,
        0.5471562743186951,
        0.6068023443222046,
        0.5851593017578125,
        0.581535279750824,
        0.5554416179656982,
        0.6181779503822327,
        0.545139729976654,
        0.569530725479126,
        0.5463843941688538,
        0.48224055767059326,
        0.5420008897781372,
        0.585127055644989,
        0.5752917528152466,
        0.48799753189086914,
        0.4910728931427002,
        0.5104143023490906,
        0.5702798366546631,
        0.48649659752845764,
        0.5393462181091309,
        0.5307145118713379,
        0.5602349042892456,
        0.5529395341873169,
        0.5689784288406372,
        0.544066309928894,
        0.5675992369651794,
        0.5353198647499084,
        0.5458266735076904,
        0.5693696737289429,
        0.5713472366333008,
        0.5432177186012268,
        0.4939917027950287,
        0.5087159872055054,
        0.5310994982719421,
        0.4776863157749176,
        0.5024827122688293,
        0.5506721138954163
    ],
    "val_loss": [
        1.5140867233276367,
        1.1236835718154907,
        0.9550156593322754,
        0.7779730558395386,
        0.665769636631012,
        0.6711188554763794,
        0.6927995681762695,
        0.7009091973304749,
        0.7270709872245789,
        0.726015567779541,
        0.6886979341506958,
        0.6926201581954956,
        0.7403609156608582,
        0.6816833019256592,
        0.633674144744873,
        0.6824790239334106,
        0.6938995122909546,
        0.6548968553543091,
        0.6277291178703308,
        0.6596485376358032,
        0.8492979407310486,
        0.9109484553337097,
        0.8887108564376831,
        0.7648671269416809,
        0.6752737760543823,
        0.6184976100921631,
        0.6403296589851379,
        0.6166501641273499,
        0.6378318071365356,
        0.6044929027557373,
        0.5954298973083496,
        0.6894835233688354,
        0.5806866884231567,
        0.5338675379753113,
        0.5568854212760925,
        0.6190809011459351,
        0.7126166224479675,
        0.7123428583145142,
        0.6941515207290649,
        0.7449838519096375,
        0.7434654235839844,
        0.6732132434844971,
        0.6391922831535339,
        0.7611252665519714,
        0.856383204460144,
        0.7799510955810547,
        0.8433950543403625,
        1.0195531845092773,
        0.9206506609916687,
        0.6726585626602173,
        0.7337092161178589,
        0.9687897562980652,
        1.1059645414352417,
        1.024706482887268,
        0.8189491033554077,
        0.6652552485466003,
        0.5886505246162415,
        0.5969813466072083,
        0.6437771916389465,
        0.7040260434150696,
        0.6533501744270325,
        0.6135215163230896,
        0.6199215054512024,
        0.6786425709724426
    ],
    "train_accuracy": [
        0.4941176474094391,
        0.6000000238418579,
        0.6705882549285889,
        0.5764706134796143,
        0.7764706015586853,
        0.658823549747467,
        0.6352941393852234,
        0.658823549747467,
        0.6941176652908325,
        0.7529411911964417,
        0.7529411911964417,
        0.6823529601097107,
        0.7058823704719543,
        0.6352941393852234,
        0.6470588445663452,
        0.658823549747467,
        0.7882353067398071,
        0.7058823704719543,
        0.6352941393852234,
        0.7764706015586853,
        0.6941176652908325,
        0.7529411911964417,
        0.729411780834198,
        0.7176470756530762,
        0.6470588445663452,
        0.729411780834198,
        0.6941176652908325,
        0.800000011920929,
        0.7176470756530762,
        0.6823529601097107,
        0.729411780834198,
        0.6705882549285889,
        0.6823529601097107,
        0.7411764860153198,
        0.7529411911964417,
        0.7176470756530762,
        0.7882353067398071,
        0.7529411911964417,
        0.6823529601097107,
        0.7058823704719543,
        0.8117647171020508,
        0.7882353067398071,
        0.7529411911964417,
        0.6705882549285889,
        0.800000011920929,
        0.729411780834198,
        0.7529411911964417,
        0.7411764860153198,
        0.7411764860153198,
        0.729411780834198,
        0.7882353067398071,
        0.7411764860153198,
        0.7529411911964417,
        0.7882353067398071,
        0.729411780834198,
        0.7176470756530762,
        0.7411764860153198,
        0.7882353067398071,
        0.6941176652908325,
        0.729411780834198,
        0.8117647171020508,
        0.7529411911964417,
        0.7647058963775635
    ],
    "val_accuracy": [
        0.4285714328289032,
        0.2857142984867096,
        0.4761904776096344,
        0.523809552192688,
        0.6666666865348816,
        0.6666666865348816,
        0.6190476417541504,
        0.5714285969734192,
        0.4761904776096344,
        0.4761904776096344,
        0.523809552192688,
        0.4761904776096344,
        0.4285714328289032,
        0.523809552192688,
        0.6190476417541504,
        0.523809552192688,
        0.523809552192688,
        0.6190476417541504,
        0.5714285969734192,
        0.5714285969734192,
        0.4761904776096344,
        0.4761904776096344,
        0.4761904776096344,
        0.523809552192688,
        0.5714285969734192,
        0.6666666865348816,
        0.5714285969734192,
        0.6666666865348816,
        0.7142857313156128,
        0.6190476417541504,
        0.6666666865348816,
        0.6190476417541504,
        0.6190476417541504,
        0.7142857313156128,
        0.7142857313156128,
        0.6190476417541504,
        0.6190476417541504,
        0.6190476417541504,
        0.5714285969734192,
        0.5714285969734192,
        0.5714285969734192,
        0.523809552192688,
        0.5714285969734192,
        0.523809552192688,
        0.4761904776096344,
        0.5714285969734192,
        0.5714285969734192,
        0.4761904776096344,
        0.4761904776096344,
        0.6666666865348816,
        0.5714285969734192,
        0.4761904776096344,
        0.4761904776096344,
        0.4761904776096344,
        0.523809552192688,
        0.6190476417541504,
        0.761904776096344,
        0.7142857313156128,
        0.6666666865348816,
        0.4761904776096344,
        0.6666666865348816,
        0.6666666865348816,
        0.6666666865348816,
        0.6190476417541504
    ],