{
    "hyperparameters": {
        "bidirectional": true,
        "dropout_rate": 0.1756722309786,
        "hidden_units": 64,
        "learning_rate": 0.0004388195787,
        "num_layers": 1,
        "output_activation": "gelu",
        "weight_decay": 2.22458079e-05
    },
    "dataset_stats": {
        "name": "CBF",
        "train_size": 48,
        "val_size": 12,
        "input_shape": [
            128,
            1
        ],
        "num_classes": 3
    },
    "epochs": 72,
    "train_loss": [
        1.1293612718582153,
        1.0889405012130737,
        1.0561341047286987,
        1.0248301029205322,
        0.9920799732208252,
        0.97291499376297,
        0.9370913505554199,
        0.925903856754303,
        0.8792292475700378,
        0.8564550280570984,
        0.8401668667793274,
        0.7906804084777832,
        0.7742879986763,
        0.7411072254180908,
        0.6979465484619141,
        0.6748513579368591,
        0.6291351318359375,
        0.5861566066741943,
        0.5574777722358704,
        0.5379349589347839,
        0.5071556568145752,
        0.48872682452201843,
        0.4506855905056,
        0.4389894902706146,
        0.41620883345603943,
        0.41016316413879395,
        0.3868945837020874,
        0.377726286649704,
        0.3646725118160248,
        0.36068496108055115,
        0.41876220703125,
        0.483080118894577,
        0.3468189239501953,
        0.3660622537136078,
        0.3765765130519867,
        0.3614291250705719,
        0.34239017963409424,
        0.3399108350276947,
        0.3295043408870697,
        0.3283822536468506,
        0.32789918780326843,
        0.32594648003578186,
        0.31593140959739685,
        0.3138609230518341,
        0.3129204511642456,
        0.3073522746562958,
        0.30222049355506897,
        0.30760458111763,
        0.30183327198028564,
        0.2996198832988739,
        0.30002644658088684,
        0.30166569352149963,
        0.3013072907924652,
        0.3013099133968353,
        0.2997974157333374,
        0.29849591851234436,
        0.30016711354255676,
        0.3000641167163849,
        0.2979631721973419,
        0.3003067076206207,
        0.3011064827442169,
        0.29992619156837463,
        0.2978445291519165,
        0.29889610409736633,
        0.29936468601226807,
        0.29751086235046387,
        0.29889610409736633,
        0.3000757098197937,
        0.29751303791999817,
        0.30123546719551086,
        0.2975921928882599,
        0.29904448986053467
    ],
    "val_loss": [
        1.1302770376205444,
        1.087761402130127,
        1.0518748760223389,
        1.0224121809005737,
        0.9966593384742737,
        0.968737781047821,
        0.938612163066864,
        0.9069167971611023,
        0.8760561943054199,
        0.8433693051338196,
        0.8124160170555115,
        0.7920597195625305,
        0.7719545960426331,
        0.7581279873847961,
        0.727764904499054,
        0.7033851742744446,
        0.6771878600120544,
        0.6776140332221985,
        0.6457922458648682,
        0.6316876411437988,
        0.5875687003135681,
        0.5401381254196167,
        0.5190543532371521,
        0.5142577290534973,
        0.5100805759429932,
        0.4997701644897461,
        0.5077418088912964,
        0.5011734962463379,
        0.5443459153175354,
        0.5207461714744568,
        0.4809718132019043,
        0.6915674805641174,
        0.47307252883911133,
        0.5206189751625061,
        0.5990891456604004,
        0.5569350123405457,
        0.49702465534210205,
        0.4042433202266693,
        0.3404562473297119,
        0.33695077896118164,
        0.34648561477661133,
        0.32820022106170654,
        0.3247046172618866,
        0.3320639133453369,
        0.34547004103660583,
        0.36142268776893616,
        0.3672111928462982,
        0.3526022434234619,
        0.34642377495765686,
        0.3443618714809418,
        0.347973108291626,
        0.3533303439617157,
        0.3621562719345093,
        0.37469616532325745,
        0.38381528854370117,
        0.38159123063087463,
        0.377043753862381,
        0.37275609374046326,
        0.36720943450927734,
        0.3621737062931061,
        0.35690370202064514,
        0.3547767102718353,
        0.35259565711021423,
        0.35016271471977234,
        0.34763240814208984,
        0.3455471098423004,
        0.3432025909423828,
        0.34168651700019836,
        0.3401842415332794,
        0.3390866816043854,
        0.33777400851249695,
        0.33651742339134216,
        0.33548927307128906
    ],
    "train_accuracy": [
        0.2083333283662796,
        0.4375,
        0.5416666865348816,
        0.6875,
        0.7291666865348816,
        0.7083333134651184,
        0.7708333134651184,
        0.7708333134651184,
        0.7708333134651184,
        0.7083333134651184,
        0.7708333134651184,
        0.8125,
        0.8333333134651184,
        0.875,
        0.9166666865348816,
        0.9166666865348816,
        0.9166666865348816,
        0.9375,
        0.9166666865348816,
        0.9583333134651184,
        0.9583333134651184,
        0.9375,
        0.9583333134651184,
        0.9375,
        0.9791666865348816,
        0.9791666865348816,
        0.9791666865348816,
        0.9791666865348816,
        0.9791666865348816,
        0.9791666865348816,
        0.9375,
        0.8958333134651184,
        1.0,
        0.9583333134651184,
        0.9583333134651184,
        0.9791666865348816,
        0.9791666865348816,
        1.0,
        1.0,
        0.9791666865348816,
        0.9791666865348816,
        1.0,
        1.0,
        1.0,
        1.0,
        1.0,
        1.0,
        1.0,
        1.0,
        1.0,
        1.0,
        1.0,
        1.0,
        1.0,
        1.0,
        1.0,
        1.0,
        1.0,
        1.0,
        1.0,
        1.0,
        1.0,
        1.0,
        1.0,
        1.0,
        1.0,
        1.0,
        1.0,
        1.0,
        1.0,
        1.0,
        1.0
    ],
    "val_accuracy": [
        0.25,
        0.5833333730697632,
        0.6666666865348816,
        0.8333333134651184,
        0.8333333134651184,
        0.8333333134651184,
        0.8333333134651184,
        0.8333333134651184,
        0.8333333134651184,
        0.8333333134651184,
        0.8333333134651184,
        0.8333333134651184,
        0.8333333134651184,
        0.8333333134651184,
        0.8333333134651184,
        0.8333333134651184,
        0.6666666865348816,
        0.6666666865348816,
        0.6666666865348816,
        0.6666666865348816,
        0.9166666865348816,
        0.9166666865348816,
        0.9166666865348816,
        0.9166666865348816,
        0.9166666865348816,
        0.9166666865348816,
        0.9166666865348816,
        0.75,
        0.75,
        0.75,
        0.8333333134651184,
        0.6666666865348816,
        0.8333333134651184,
        0.75,
        0.6666666865348816,
        0.75,
        0.75,
        1.0,
        1.0,
        1.0,
        0.9166666865348816,
        1.0,
        1.0,
        1.0,
        1.0,
        1.0,
        1.0,
        1.0,
        1.0,
        1.0,
        1.0,
        1.0,
        1.0,
        1.0,
        0.9166666865348816,
        1.0,
        1.0,
        1.0,
        1.0,
        1.0,
        1.0,
        1.0,
        1.0,
        1.0,
        1.0,
        1.0,
        1.0,
        1.0,
        1.0,
        1.0,
        1.0,
        1.0,
        1.0
    ],