{
    "hyperparameters": {
        "activation": "elu",
        "dropout_rate": 0.4157204051192,
        "kernel_size": 4,
        "learning_rate": 0.0024809387277,
        "num_filters": 75,
        "num_layers": 4,
        "pooling": "average",
        "pooling_size": 1
    },
    "dataset_stats": {
        "name": "Beef",
        "train_size": 48,
        "val_size": 12,
        "input_shape": [
            1,
            470
        ],
        "num_classes": 5
    },
    "epochs": 37,
    "train_loss": [
        1.7645263671875,
        1.5646101236343384,
        1.6329485177993774,
        1.6512937545776367,
        1.4747923612594604,
        1.464290976524353,
        1.4567676782608032,
        1.0575401782989502,
        1.1833508014678955,
        1.2879122495651245,
        1.2546653747558594,
        1.057503581047058,
        1.2041887044906616,
        1.208756446838379,
        1.2667207717895508,
        1.1177937984466553,
        1.1115648746490479,
        1.1245654821395874,
        1.1369878053665161,
        0.8932688236236572,
        0.9589894413948059,
        0.8724260330200195,
        0.948961079120636,
        0.8421375155448914,
        1.0085362195968628,
        0.844517707824707,
        0.7033963203430176,
        0.7213721871376038,
        0.8644863963127136,
        0.8096228241920471,
        0.6837935447692871,
        0.5950705409049988,
        0.8685753345489502,
        0.6625242233276367,
        0.9414129853248596,
        0.6454575061798096,
        0.7270825505256653
    ],
    "val_loss": [
        1.5948952436447144,
        1.5772929191589355,
        1.5560545921325684,
        1.608029842376709,
        1.7095870971679688,
        1.7213290929794312,
        1.6480110883712769,
        1.5201996564865112,
        1.573003888130188,
        1.8426645994186401,
        1.9980292320251465,
        1.9981955289840698,
        1.9547700881958008,
        1.8056408166885376,
        1.6951030492782593,
        1.597718596458435,
        1.6736373901367188,
        1.8710495233535767,
        1.912623405456543,
        1.8412485122680664,
        1.739141583442688,
        1.6802152395248413,
        1.727347493171692,
        1.9098362922668457,
        2.276254415512085,
        2.428083658218384,
        2.169599771499634,
        1.9136263132095337,
        1.9161385297775269,
        2.094122886657715,
        2.2492172718048096,
        2.5200271606445312,
        2.7801313400268555,
        2.5279386043548584,
        2.4653022289276123,
        2.3269307613372803,
        2.1385586261749268,
        2.018018960952759
    ],
    "train_accuracy": [
        0.1875,
        0.3125,
        0.3125,
        0.3333333432674408,
        0.375,
        0.3958333432674408,
        0.3541666567325592,
        0.5208333134651184,
        0.5625,
        0.3958333432674408,
        0.5208333134651184,
        0.5,
        0.4791666567325592,
        0.4791666567325592,
        0.4791666567325592,
        0.4791666567325592,
        0.5625,
        0.5625,
        0.4583333432674408,
        0.625,
        0.6666666865348816,
        0.6041666865348816,
        0.625,
        0.6458333134651184,
        0.6666666865348816,
        0.7291666865348816,
        0.6666666865348816,
        0.7083333134651184,
        0.6458333134651184,
        0.6458333134651184,
        0.75,
        0.8125,
        0.6666666865348816,
        0.7291666865348816,
        0.6041666865348816,
        0.6875,
        0.7291666865348816
    ],
    "val_accuracy": [
        0.3333333432674408,
        0.4166666567325592,
        0.3333333432674408,
        0.25,
        0.25,
        0.1666666716337204,
        0.3333333432674408,
        0.3333333432674408,
        0.25,
        0.25,
        0.25,
        0.25,
        0.25,
        0.25,
        0.1666666716337204,
        0.3333333432674408,
        0.25,
        0.25,
        0.3333333432674408,
        0.3333333432674408,
        0.25,
        0.3333333432674408,
        0.3333333432674408,
        0.25,
        0.25,
        0.25,
        0.25,
        0.3333333432674408,
        0.4166666567325592,
        0.4166666567325592,
        0.3333333432674408,
        0.25,
        0.25,
        0.3333333432674408,
        0.3333333432674408,
        0.3333333432674408,
        0.25,
        0.3333333432674408
    ],
    "epoch_times": [
        0.14136576652526855,
        0.1606895923614502,
        0.02587437629699707,
        0.021169185638427734,
        0.026326894760131836,
        0.02103447914123535,
        0.021199464797973633,
        0.02613687515258789,
        0.02049875259399414,
        0.022873878479003906,
        0.020816564559936523,
        0.019749879837036133,
        0.026811599731445312,
        0.01932239532470703,
        0.02167201042175293,
        0.01875472068786621,
        0.01868724822998047,
        0.02451467514038086,
        0.021270036697387695,
        0.018764495849609375,
        0.018896818161010742,
        0.017857789993286133,
        0.019301414489746094,
        0.019420146942138672,
        0.02032160758972168,
        0.022231578826904297,
        0.019480228424072266,
        0.021129131317138672,
        0.019435644149780273,
        0.019104480743408203,
        0.018860816955566406,
        0.01746821403503418,
        0.020478487014770508,
        0.018297195434570312,
        0.01842498779296875,
        0.017935514450073242,
        0.016866445541381836
    ]
}