{
    "hyperparameters": {
        "activation": "tanh",
        "dropout_rate": 0.2289811314559,
        "hidden_units": 23,
        "learning_rate": 0.0008538938034,
        "num_layers": 4,
        "weight_decay": 0.0002965007363
    },
    "dataset_stats": {
        "name": "ChlorineConcentration",
        "train_size": 374,
        "val_size": 93,
        "input_shape": [
            166,
            1
        ],
        "num_classes": 3
    },
    "epochs": 91,
    "train_loss": [
        1.1791085004806519,
        1.1549280881881714,
        1.2023837566375732,
        1.1030802726745605,
        1.0970313549041748,
        1.1175965070724487,
        1.0780878067016602,
        1.0613797903060913,
        1.061347484588623,
        1.0169956684112549,
        1.0506106615066528,
        1.0114238262176514,
        0.994744062423706,
        1.0036590099334717,
        1.0017369985580444,
        0.9642385244369507,
        0.9821344614028931,
        0.9505631327629089,
        0.9604682326316833,
        0.9428310394287109,
        0.9823931455612183,
        0.9745826125144958,
        0.9510177373886108,
        0.9211037158966064,
        0.9412539601325989,
        0.9261714220046997,
        0.9412634372711182,
        0.9432345032691956,
        0.9309893846511841,
        0.9318036437034607,
        0.9084959626197815,
        0.9053816199302673,
        0.9088369011878967,
        0.9143506288528442,
        0.8802313804626465,
        0.8957734107971191,
        0.9177757501602173,
        0.89681476354599,
        0.935178279876709,
        0.9130402207374573,
        0.9169479012489319,
        0.9286538362503052,
        0.9143897891044617,
        0.8977338075637817,
        0.9064862132072449,
        0.8906630277633667,
        0.9359060525894165,
        0.9130810499191284,
        0.8996584415435791,
        0.8698676824569702,
        0.8896637558937073,
        0.901390016078949,
        0.8975123167037964,
        0.8723836541175842,
        0.9073669910430908,
        0.9134413003921509,
        0.88292396068573,
        0.860194742679596,
        0.8850739002227783,
        0.8477968573570251,
        0.8355365991592407,
        0.8479209542274475,
        0.8921776413917542,
        0.8811713457107544,
        0.8524307608604431,
        0.8798620104789734,
        0.8395444750785828,
        0.8949491381645203,
        0.9092562198638916,
        0.9459753036499023,
        0.977210283279419,
        0.934544026851654,
        0.9486154913902283,
        0.9201319217681885,
        0.9094328880310059,
        0.8982625603675842,
        0.8995651602745056,
        0.8913003206253052,
        0.9191372394561768,
        0.9000083208084106,
        0.8774036169052124,
        0.8754689693450928,
        0.9101047515869141,
        0.8922528624534607,
        0.8972055315971375,
        0.8801622986793518,
        0.8606330752372742,
        0.9041091203689575,
        0.8734696507453918,
        0.8644949197769165,
        0.8811956644058228
    ],
    "val_loss": [
        1.119255781173706,
        1.1402831077575684,
        1.1311941146850586,
        1.1441664695739746,
        1.1169768571853638,
        1.0996618270874023,
        1.1003105640411377,
        1.0737286806106567,
        1.0639886856079102,
        1.0695250034332275,
        1.0655415058135986,
        1.0474108457565308,
        1.030225157737732,
        1.0304923057556152,
        1.023861050605774,
        0.9964056611061096,
        1.0308514833450317,
        1.0332640409469604,
        1.0272413492202759,
        1.0070141553878784,
        1.0239301919937134,
        1.040743112564087,
        1.0374341011047363,
        1.023759365081787,
        1.0279781818389893,
        1.013409972190857,
        1.0718544721603394,
        1.0019607543945312,
        1.0157575607299805,
        1.0199923515319824,
        1.0368038415908813,
        1.0186734199523926,
        1.0299879312515259,
        1.0476704835891724,
        1.0466080904006958,
        1.0322277545928955,
        1.026519536972046,
        1.0298765897750854,
        1.0082550048828125,
        1.0115357637405396,
        1.0202932357788086,
        1.0342944860458374,
        0.9990641474723816,
        1.0003349781036377,
        0.9949588775634766,
        1.0002893209457397,
        0.9997530579566956,
        1.0135002136230469,
        0.9830050468444824,
        1.0020943880081177,
        1.008535623550415,
        1.013243556022644,
        1.0071187019348145,
        1.0059159994125366,
        1.0170555114746094,
        0.9989955425262451,
        1.0007961988449097,
        0.9900314807891846,
        0.9862784743309021,
        0.9886394739151001,
        0.9897623658180237,
        0.9793494343757629,
        1.0150758028030396,
        1.0151811838150024,
        1.0087660551071167,
        1.0347882509231567,
        1.0280237197875977,
        1.0538569688796997,
        1.118232011795044,
        1.0543081760406494,
        1.0389771461486816,
        1.0740960836410522,
        1.0732654333114624,
        1.0682474374771118,
        1.0736150741577148,
        1.056990385055542,
        1.057336449623108,
        1.0599405765533447,
        1.0258103609085083,
        1.0089541673660278,
        1.0198308229446411,
        1.0070594549179077,
        1.0296722650527954,
        1.0338724851608276,
        1.0646612644195557,
        1.046854019165039,
        1.0311075448989868,
        1.001936912536621,
        1.006024718284607,
        1.011591911315918,
        0.9913681149482727,
        0.9890729188919067
    ],