{
    "hyperparameters": {
        "activation": "relu",
        "dropout_rate": 0.5221782576014,
        "hidden_units": 115,
        "learning_rate": 0.0042257281105,
        "num_layers": 1,
        "weight_decay": 0.0091325013783
    },
    "dataset_stats": {
        "name": "FiftyWords",
        "train_size": 360,
        "val_size": 90,
        "input_shape": [
            270,
            1
        ],
        "num_classes": 50
    },
    "epochs": 89,
    "train_loss": [
        3.4024596214294434,
        2.324951410293579,
        1.935110092163086,
        1.6829336881637573,
        1.5069018602371216,
        1.3842483758926392,
        1.291033387184143,
        1.2558817863464355,
        1.2490127086639404,
        1.220185399055481,
        1.1241624355316162,
        1.0232653617858887,
        1.0433824062347412,
        1.0002052783966064,
        1.037637710571289,
        0.9503272771835327,
        0.9270589351654053,
        1.0168157815933228,
        0.9217543005943298,
        0.8472839593887329,
        0.9711045026779175,
        0.8660598993301392,
        0.8114994764328003,
        0.8317244052886963,
        0.8635862469673157,
        0.8075488805770874,
        0.8774245381355286,
        0.8185559511184692,
        0.8258460164070129,
        0.8202618360519409,
        0.799952507019043,
        0.873364269733429,
        0.8656324744224548,
        0.804380476474762,
        0.7560409307479858,
        0.7769030332565308,
        0.6872682571411133,
        0.7536343336105347,
        0.7250655293464661,
        0.8219612240791321,
        0.7828566431999207,
        0.7421340346336365,
        0.7605276107788086,
        0.7556018233299255,
        0.7752861976623535,
        0.738922655582428,
        0.7877889275550842,
        0.8293258547782898,
        0.7610495090484619,
        0.7274335026741028,
        0.7263489365577698,
        0.8142499923706055,
        0.7700785398483276,
        0.7276316285133362,
        0.7487702369689941,
        0.7179082036018372,
        0.7644907832145691,
        0.6977583169937134,
        0.6741818189620972,
        0.7214787602424622,
        0.7575617432594299,
        0.7457997798919678,
        0.6991048455238342,
        0.6599178910255432,
        0.6834115982055664,
        0.6626327037811279,
        0.6863872408866882,
        0.7176113724708557,
        0.6858164668083191,
        0.7054176926612854,
        0.7022615075111389,
        0.711305558681488,
        0.7527628540992737,
        0.7378932237625122,
        0.734586775302887,
        0.6956942081451416,
        0.6815699934959412,
        0.7216138243675232,
        0.687030017375946,
        0.7115249037742615,
        0.651562511920929,
        0.7283958196640015,
        0.7210569381713867,
        0.7042636275291443,
        0.7282178997993469,
        0.7362664341926575,
        0.7647759914398193,
        0.7328726649284363,
        0.7535253167152405
    ],
    "val_loss": [
        3.9142398834228516,
        2.57165265083313,
        2.182586908340454,
        2.079036235809326,
        1.9963042736053467,
        1.9225928783416748,
        1.8765913248062134,
        1.8141028881072998,
        1.7692755460739136,
        1.7575587034225464,
        1.7339204549789429,
        1.6821649074554443,
        1.7046809196472168,
        1.690452218055725,
        1.7072994709014893,
        1.7136611938476562,
        1.7227667570114136,
        1.7536202669143677,
        1.6923539638519287,
        1.661677598953247,
        1.6512888669967651,
        1.6760915517807007,
        1.6951839923858643,
        1.6805484294891357,
        1.7194149494171143,
        1.73318612575531,
        1.6364071369171143,
        1.6731940507888794,
        1.7132693529129028,
        1.687443494796753,
        1.6617531776428223,
        1.6720235347747803,
        1.6482408046722412,
        1.6575678586959839,
        1.6833186149597168,
        1.6895586252212524,
        1.6762772798538208,
        1.6636594533920288,
        1.6323363780975342,
        1.6452544927597046,
        1.6422187089920044,
        1.6723953485488892,
        1.7007642984390259,
        1.782841682434082,
        1.7471613883972168,
        1.6628144979476929,
        1.691945195198059,
        1.7280819416046143,
        1.66225004196167,
        1.6477055549621582,
        1.7007029056549072,
        1.7308993339538574,
        1.7404792308807373,
        1.6601223945617676,
        1.7055704593658447,
        1.7071082592010498,
        1.6603471040725708,
        1.6342804431915283,
        1.6317083835601807,
        1.6135872602462769,
        1.6357258558273315,
        1.6722947359085083,
        1.6773380041122437,
        1.6966291666030884,
        1.7157572507858276,
        1.6764787435531616,
        1.6257388591766357,
        1.691180944442749,
        1.6732101440429688,
        1.6695892810821533,
        1.6520965099334717,
        1.6566543579101562,
        1.673849105834961,
        1.6447770595550537,
        1.6396962404251099,
        1.659262776374817,
        1.6691893339157104,
        1.6312650442123413,
        1.6972113847732544,
        1.667115569114685,
        1.701470971107483,
        1.6620064973831177,
        1.638301968574524,
        1.619376301765442,
        1.6471693515777588,
        1.6801360845565796,
        1.744028925895691,
        1.7022103071212769,
        1.7500228881835938,
        1.6989210844039917
    ],