{
    "hyperparameters": {
        "activation": "sigmoid",
        "dropout_rate": 0.0666035568756,
        "kernel_size": 4,
        "learning_rate": 0.0006389916847,
        "num_filters": 111,
        "num_layers": 1,
        "pooling": "max",
        "pooling_size": 1
    },
    "dataset_stats": {
        "name": "classification_ozone",
        "train_size": 170,
        "val_size": 42,
        "input_shape": [
            1,
            1201
        ],
        "num_classes": 2
    },
    "epochs": 52,
    "train_loss": [
        1.7337976694107056,
        0.7186296582221985,
        0.7107889652252197,
        0.6983461380004883,
        0.688530683517456,
        0.681775689125061,
        0.6854633092880249,
        0.6735574007034302,
        0.7038286328315735,
        0.6784262657165527,
        0.681840717792511,
        0.6761117577552795,
        0.6949330568313599,
        0.6761646866798401,
        0.6710749268531799,
        0.6744159460067749,
        0.6734485626220703,
        0.6727598905563354,
        0.6722500324249268,
        0.6590887308120728,
        0.6539639830589294,
        0.6579169631004333,
        0.6652798056602478,
        0.6460726261138916,
        0.6733419895172119,
        0.6496114134788513,
        0.6377148628234863,
        0.6555107831954956,
        0.6626319289207458,
        0.6251753568649292,
        0.6497025489807129,
        0.6530085802078247,
        0.6655100584030151,
        0.6888201832771301,
        0.6723727583885193,
        0.6790149211883545,
        0.6415553092956543,
        0.6563432812690735,
        0.6449071764945984,
        0.6478769183158875,
        0.6420568227767944,
        0.637755274772644,
        0.6482407450675964,
        0.658890962600708,
        0.6548037528991699,
        0.6417236328125,
        0.6443929076194763,
        0.6501092314720154,
        0.640483021736145,
        0.6279401779174805,
        0.6302069425582886,
        0.63347327709198
    ],
    "val_loss": [
        0.7065595984458923,
        0.6682057976722717,
        0.7224119305610657,
        0.6864281892776489,
        0.6695166230201721,
        0.6656703352928162,
        0.6658360362052917,
        0.6670854091644287,
        0.6640302538871765,
        0.6637292504310608,
        0.666581392288208,
        0.6635671854019165,
        0.6589459776878357,
        0.6554117798805237,
        0.6568533778190613,
        0.656287431716919,
        0.6563252210617065,
        0.651675283908844,
        0.6545900106430054,
        0.6546518802642822,
        0.6612483263015747,
        0.6498292684555054,
        0.6456724405288696,
        0.668262779712677,
        0.653130829334259,
        0.6479879021644592,
        0.6534569263458252,
        0.6532126665115356,
        0.6561495661735535,
        0.652586042881012,
        0.6503764390945435,
        0.6504584550857544,
        0.6589847803115845,
        0.6738625764846802,
        0.660210907459259,
        0.6647475957870483,
        0.6649548411369324,
        0.6621668934822083,
        0.6560012698173523,
        0.6601754426956177,
        0.6583296656608582,
        0.6531240344047546,
        0.6537007689476013,
        0.656715452671051,
        0.6518874764442444,
        0.6526562571525574,
        0.6561404466629028,
        0.6458334922790527,
        0.6479816436767578,
        0.6566118597984314,
        0.6523197889328003,
        0.6461332440376282,
        0.6583231687545776
    ],
    "train_accuracy": [
        0.5235294103622437,
        0.5235294103622437,
        0.5117647051811218,
        0.5235294103622437,
        0.5117647051811218,
        0.5470588207244873,
        0.5176470875740051,
        0.5647059082984924,
        0.529411792755127,
        0.5176470875740051,
        0.5470588207244873,
        0.5941176414489746,
        0.5,
        0.5470588207244873,
        0.5529412031173706,
        0.570588231086731,
        0.5235294103622437,
        0.5764706134796143,
        0.5529412031173706,
        0.6000000238418579,
        0.5882353186607361,
        0.570588231086731,
        0.6000000238418579,
        0.6647058725357056,
        0.5235294103622437,
        0.5882353186607361,
        0.6352941393852234,
        0.5352941155433655,
        0.5647059082984924,
        0.6294117569923401,
        0.6176470518112183,
        0.5588235259056091,
        0.5411764979362488,
        0.5352941155433655,
        0.5764706134796143,
        0.5647059082984924,
        0.5764706134796143,
        0.5941176414489746,
        0.5941176414489746,
        0.5882353186607361,
        0.5882353186607361,
        0.570588231086731,
        0.6058823466300964,
        0.5588235259056091,
        0.5235294103622437,
        0.6058823466300964,
        0.5764706134796143,
        0.5764706134796143,
        0.5529412031173706,
        0.6411764621734619,
        0.6058823466300964,
        0.5764706134796143
    ],
    "val_accuracy": [
        0.4523809552192688,
        0.6190476417541504,
        0.5,
        0.6428571343421936,
        0.6190476417541504,
        0.5476190447807312,
        0.4523809552192688,
        0.5952380895614624,
        0.5714285969734192,
        0.5476190447807312,
        0.523809552192688,
        0.5952380895614624,
        0.523809552192688,
        0.523809552192688,
        0.523809552192688,
        0.5476190447807312,
        0.5476190447807312,
        0.4761904776096344,
        0.5,
        0.5952380895614624,
        0.5476190447807312,
        0.523809552192688,
        0.523809552192688,
        0.5714285969734192,
        0.4285714328289032,
        0.5714285969734192,
        0.523809552192688,
        0.5714285969734192,
        0.5714285969734192,
        0.5714285969734192,
        0.4761904776096344,
        0.5476190447807312,
        0.5714285969734192,
        0.5714285969734192,
        0.523809552192688,
        0.4761904776096344,
        0.380952388048172,
        0.5714285969734192,
        0.4761904776096344,
        0.523809552192688,
        0.5476190447807312,
        0.5952380895614624,
        0.4523809552192688,
        0.5476190447807312,
        0.5714285969734192,
        0.523809552192688,
        0.4761904776096344,
        0.5952380895614624,
        0.5714285969734192,
        0.5952380895614624,
        0.4761904776096344,
        0.5,
        0.5476190447807312
    ],
    "epoch_times": [
        0.16445112228393555,
        0.05474591255187988,
        0.0473630428314209,
        0.03964090347290039,
        0.04563426971435547,
        0.03555583953857422,
        0.04234194755554199,
        0.04307436943054199,
        0.04550051689147949,
        0.03872847557067871,
        0.03547811508178711,
        0.03801608085632324,
        0.0357058048248291,
        0.04022383689880371,
        0.03792572021484375,
        0.03878188133239746,
        0.042916297912597656,
        0.03735828399658203,
        0.04768848419189453,
        0.051009178161621094,
        0.03798246383666992,
        0.03550601005554199,
        0.03560447692871094,
        0.0400698184967041,
        0.03645658493041992,
        0.03721261024475098,
        0.04551267623901367,
        0.042027950286865234,
        0.042031049728393555,
        0.044408559799194336,
        0.03808093070983887,
        0.04895734786987305,
        0.0449213981628418,
        0.04128265380859375,
        0.03915882110595703,
        0.03677988052368164,
        0.04117107391357422,
        0.03678321838378906,
        0.03586745262145996,
        0.04037928581237793,
        0.03836417198181152,
        0.036170005798339844,
        0.04426240921020508,
        0.0358128547668457,
        0.0367732048034668,
        0.03642892837524414,
        0.03603100776672363,
        0.03851127624511719,
        0.03521990776062012,
        0.03727078437805176,
        0.03555798530578613,
        0.03569483757019043
    ]
}