{
    "hyperparameters": {
        "bidirectional": true,
        "dropout_rate": 0.1367587041197,
        "hidden_units": 90,
        "learning_rate": 0.0009722041211,
        "num_layers": 2,
        "output_activation": "tanh",
        "weight_decay": 1.65202711e-05
    },
    "dataset_stats": {
        "name": "FiftyWords",
        "train_size": 360,
        "val_size": 90,
        "input_shape": [
            270,
            1
        ],
        "num_classes": 50
    },
    "epochs": 102,
    "train_loss": [
        3.76645565032959,
        3.384467601776123,
        3.1265869140625,
        2.920501470565796,
        2.748683452606201,
        2.663466453552246,
        2.5059878826141357,
        2.434593677520752,
        2.3670196533203125,
        2.2631685733795166,
        2.179426908493042,
        2.0666325092315674,
        1.9998682737350464,
        1.9451119899749756,
        1.8952175378799438,
        1.851190209388733,
        1.764507532119751,
        1.708503007888794,
        1.6715995073318481,
        1.6206607818603516,
        1.6059997081756592,
        1.5839111804962158,
        1.532834768295288,
        1.636018991470337,
        1.4975606203079224,
        1.522750735282898,
        1.5676045417785645,
        1.4924192428588867,
        1.4014010429382324,
        1.3501662015914917,
        1.3125081062316895,
        1.3698780536651611,
        1.3452922105789185,
        1.4196416139602661,
        1.274872899055481,
        1.2813059091567993,
        1.212317705154419,
        1.1765605211257935,
        1.116483211517334,
        1.1269521713256836,
        1.1052347421646118,
        1.0797837972640991,
        1.0647116899490356,
        1.0321779251098633,
        1.029731035232544,
        1.0164366960525513,
        1.027977466583252,
        0.9813295006752014,
        0.9797975420951843,
        0.9654831886291504,
        0.9337072372436523,
        0.9483656883239746,
        0.9056703448295593,
        0.9127627015113831,
        0.9029858708381653,
        0.8924038410186768,
        0.8782197833061218,
        0.8885441422462463,
        0.8759604692459106,
        0.8642261028289795,
        0.8758977055549622,
        0.8614789247512817,
        0.8490805625915527,
        0.8475602269172668,
        0.8377543687820435,
        0.8325076699256897,
        0.8314741253852844,
        0.8280518651008606,
        0.81642085313797,
        0.8278645873069763,
        0.8207281231880188,
        0.8269845843315125,
        0.8176298141479492,
        0.8213971257209778,
        0.8206825852394104,
        0.8087692856788635,
        0.8170310854911804,
        0.8186624050140381,
        0.8156862854957581,
        0.8091154098510742,
        0.8069413304328918,
        0.8125534653663635,
        0.8126899600028992,
        0.8085137009620667,
        0.8064966201782227,
        0.8057435750961304,
        0.8108395338058472,
        0.8091528415679932,
        0.8030243515968323,
        0.8134474754333496,
        0.8050071597099304,
        0.8047802448272705,
        0.8016802668571472,
        0.8078107833862305,
        0.8076797723770142,
        0.8055323958396912,
        0.807127058506012,
        0.8065444827079773,
        0.8088983297348022,
        0.8020342588424683,
        0.8097765445709229,
        0.8024274110794067
    ],
    "val_loss": [
        3.9346818923950195,
        3.6354336738586426,
        3.449719190597534,
        3.3826026916503906,
        3.1491658687591553,
        3.180180549621582,
        3.0058186054229736,
        3.1038899421691895,
        2.9440765380859375,
        2.878082513809204,
        2.8846867084503174,
        2.8154280185699463,
        2.772355079650879,
        2.6852543354034424,
        2.824826955795288,
        2.7285940647125244,
        2.656698226928711,
        2.619699001312256,
        2.6508872509002686,
        2.601698875427246,
        2.5997889041900635,
        2.661468744277954,
        2.551837205886841,
        2.493760108947754,
        2.555173635482788,
        2.595409393310547,
        2.6594228744506836,
        2.5614497661590576,
        2.494202136993408,
        2.489022970199585,
        2.484483480453491,
        2.620582342147827,
        2.804372549057007,
        2.9003047943115234,
        2.597720146179199,
        2.556164264678955,
        2.508225917816162,
        2.5107059478759766,
        2.4957094192504883,
        2.5043768882751465,
        2.5149805545806885,
        2.4746105670928955,
        2.4673452377319336,
        2.4507014751434326,
        2.447176933288574,
        2.4872515201568604,
        2.605842351913452,
        2.493680715560913,
        2.4603514671325684,
        2.533292531967163,
        2.620291233062744,
        2.5436434745788574,
        2.4866535663604736,
        2.486121892929077,
        2.515401601791382,
        2.4432458877563477,
        2.469911813735962,
        2.5515542030334473,
        2.493150234222412,
        2.5246410369873047,
        2.499401807785034,
        2.4862918853759766,
        2.4997501373291016,
        2.494040012359619,
        2.515944719314575,
        2.477048397064209,
        2.463616371154785,
        2.461007595062256,
        2.4562079906463623,
        2.475371837615967,
        2.4659664630889893,
        2.45647931098938,
        2.438514471054077,
        2.47074818611145,
        2.4751107692718506,
        2.472803831100464,
        2.4640390872955322,
        2.4886889457702637,
        2.4980180263519287,
        2.501361608505249,
        2.498622417449951,
        2.495887517929077,
        2.491199493408203,
        2.479086399078369,
        2.470432758331299,
        2.464139461517334,
        2.461594581604004,
        2.466479539871216,
        2.4699745178222656,
        2.4758522510528564,
        2.4736478328704834,
        2.4762539863586426,
        2.4789042472839355,
        2.4802517890930176,
        2.4825189113616943,
        2.48226261138916,
        2.4795475006103516,
        2.479794979095459,
        2.479759693145752,
        2.4796319007873535,
        2.4797770977020264,
        2.4801950454711914,
        2.4795587062835693
    ],