{
    "hyperparameters": {
        "activation": "sigmoid",
        "dropout_rate": 0.0889861677351,
        "kernel_size": 3,
        "learning_rate": 0.001607666035,
        "num_filters": 87,
        "num_layers": 2,
        "pooling": "average",
        "pooling_size": 2
    },
    "dataset_stats": {
        "name": "ChlorineConcentration",
        "train_size": 748,
        "val_size": 186,
        "input_shape": [
            1,
            166
        ],
        "num_classes": 3
    },
    "epochs": 36,
    "train_loss": [
        1.1901400089263916,
        1.0520823001861572,
        1.0228960514068604,
        0.9889803528785706,
        0.9625482559204102,
        0.9781154990196228,
        0.951780378818512,
        0.9423564672470093,
        0.9401955604553223,
        0.9271253943443298,
        0.9062570929527283,
        0.9330475330352783,
        0.9166703820228577,
        0.907351553440094,
        0.9050401449203491,
        0.9110406041145325,
        0.893537163734436,
        0.8845714330673218,
        0.8812136650085449,
        0.8804986476898193,
        0.8609358668327332,
        0.8558573126792908,
        0.8649594187736511,
        0.8300901055335999,
        0.8423172831535339,
        0.8382358551025391,
        0.8176319599151611,
        0.8421798348426819,
        0.8041024208068848,
        0.8106682896614075,
        0.7936435341835022,
        0.8036661148071289,
        0.811641275882721,
        0.8096614480018616,
        0.8062332272529602,
        0.7994853854179382
    ],
    "val_loss": [
        1.0760068893432617,
        1.0573105812072754,
        1.0603481531143188,
        1.0976619720458984,
        1.0217734575271606,
        1.0673366785049438,
        1.021321177482605,
        1.0314465761184692,
        1.0291694402694702,
        1.0877447128295898,
        1.0413926839828491,
        1.1042985916137695,
        1.0926893949508667,
        1.0834397077560425,
        1.0743709802627563,
        1.106428861618042,
        1.0858715772628784,
        1.0637885332107544,
        1.1379493474960327,
        1.0981850624084473,
        1.106197476387024,
        1.119878888130188,
        1.0940505266189575,
        1.116184115409851,
        1.097865104675293,
        1.1700729131698608,
        1.1279144287109375,
        1.1831120252609253,
        1.1219485998153687,
        1.1755675077438354,
        1.1114647388458252,
        1.1750582456588745,
        1.2102317810058594,
        1.1933562755584717,
        1.2757439613342285,
        1.101671576499939,
        1.1337331533432007
    ],
    "train_accuracy": [
        0.35561496019363403,
        0.4491978585720062,
        0.49331551790237427,
        0.5508021116256714,
        0.5681818127632141,
        0.5414438247680664,
        0.5561497211456299,
        0.5708556175231934,
        0.5828877091407776,
        0.5815507769584656,
        0.5909090638160706,
        0.5788770318031311,
        0.5922459959983826,
        0.5868983864784241,
        0.5735294222831726,
        0.5828877091407776,
        0.6002673506736755,
        0.6136363744735718,
        0.5868983864784241,
        0.624331533908844,
        0.6109625697135925,
        0.6096256971359253,
        0.606951892375946,
        0.616310179233551,
        0.6176470518112183,
        0.6122994422912598,
        0.6457219123840332,
        0.6096256971359253,
        0.635026752948761,
        0.6229946613311768,
        0.6270053386688232,
        0.635026752948761,
        0.6483957171440125,
        0.635026752948761,
        0.624331533908844,
        0.633689820766449
    ],
    "val_accuracy": [
        0.484375,
        0.5645161271095276,
        0.3870967626571655,
        0.3709677457809448,
        0.5483871102333069,
        0.47311827540397644,
        0.5376344323158264,
        0.5161290168762207,
        0.5591397881507874,
        0.5591397881507874,
        0.5376344323158264,
        0.5107526779174805,
        0.4838709533214569,
        0.5376344323158264,
        0.45698925852775574,
        0.5268816947937012,
        0.5107526779174805,
        0.5161290168762207,
        0.5,
        0.4784946143627167,
        0.5268816947937012,
        0.5483871102333069,
        0.5430107712745667,
        0.4677419364452362,
        0.5430107712745667,
        0.5,
        0.5161290168762207,
        0.5430107712745667,
        0.5430107712745667,
        0.4784946143627167,
        0.5322580933570862,
        0.5161290168762207,
        0.4838709533214569,
        0.5215053558349609,
        0.5322580933570862,
        0.5430107712745667,
        0.5215053558349609
    ],
    "epoch_times": [
        0.5514452457427979,
        0.22117018699645996,
        0.2292623519897461,
        0.22189688682556152,
        0.18418264389038086,
        0.20572757720947266,
        0.22050786018371582,
        0.22941851615905762,
        0.23046088218688965,
        0.22577714920043945,
        0.23599457740783691,
        0.242950439453125,
        0.22830915451049805,
        0.22612309455871582,
        0.2223982810974121,
        0.2223801612854004,
        0.22704339027404785,
        0.23058581352233887,
        0.22282862663269043,
        0.22252631187438965,
        0.23551487922668457,
        0.2199234962463379,
        0.22406697273254395,
        0.22509217262268066,
        0.22398829460144043,
        0.23012614250183105,
        0.22344207763671875,
        0.22766661643981934,
        0.22033452987670898,
        0.22198724746704102,
        0.2206432819366455,
        0.230621337890625,
        0.23553967475891113,
        0.2362499237060547,
        0.23286986351013184,
        0.23732590675354004
    ]
}