{
    "hyperparameters": {
        "activation": "relu",
        "dropout_rate": 0.593456050663,
        "hidden_units": 17,
        "learning_rate": 0.015260510934,
        "num_layers": 2,
        "weight_decay": 0.0053455601722
    },
    "dataset_stats": {
        "name": "FiftyWords",
        "train_size": 360,
        "val_size": 90,
        "input_shape": [
            270,
            1
        ],
        "num_classes": 50
    },
    "epochs": 78,
    "train_loss": [
        4.101603984832764,
        3.594072103500366,
        3.326442241668701,
        3.262472629547119,
        3.1381874084472656,
        3.1160058975219727,
        2.9721875190734863,
        3.0427072048187256,
        2.9565646648406982,
        2.948312759399414,
        2.9626305103302,
        2.8927016258239746,
        2.9591994285583496,
        2.9543769359588623,
        2.9481022357940674,
        2.8706445693969727,
        2.8554399013519287,
        2.9133033752441406,
        2.8946571350097656,
        2.901453733444214,
        2.8351457118988037,
        2.900076389312744,
        2.8302347660064697,
        2.858243227005005,
        2.800779104232788,
        2.754281520843506,
        2.7294631004333496,
        2.798360824584961,
        2.835249662399292,
        2.80903697013855,
        2.751629590988159,
        2.809929609298706,
        2.8256278038024902,
        2.864629030227661,
        2.8230056762695312,
        2.7930781841278076,
        2.774099111557007,
        2.7945148944854736,
        2.819120407104492,
        2.752767324447632,
        2.7476725578308105,
        2.844740152359009,
        2.812282085418701,
        2.798992872238159,
        2.703735828399658,
        2.752591848373413,
        2.7417988777160645,
        2.7348673343658447,
        2.8020381927490234,
        2.6781253814697266,
        2.6320714950561523,
        2.7392752170562744,
        2.8144259452819824,
        2.825021982192993,
        2.652052402496338,
        2.760342836380005,
        2.7700161933898926,
        2.694727659225464,
        2.6758742332458496,
        2.728008508682251,
        2.6848459243774414,
        2.7051799297332764,
        2.745769500732422,
        2.789928913116455,
        2.7635793685913086,
        2.6536755561828613,
        2.800482988357544,
        2.7837815284729004,
        2.75508713722229,
        2.741182804107666,
        2.772322416305542,
        2.779691219329834,
        2.7646658420562744,
        2.8286638259887695,
        2.802539348602295,
        2.775670289993286,
        2.7565951347351074,
        2.784918785095215
    ],
    "val_loss": [
        3.9140572547912598,
        3.5958313941955566,
        3.332393169403076,
        3.1674516201019287,
        3.0334126949310303,
        2.977032423019409,
        2.9212749004364014,
        2.8369109630584717,
        2.788750648498535,
        2.778047800064087,
        2.7750723361968994,
        2.801285743713379,
        2.7696404457092285,
        2.748082160949707,
        2.7123332023620605,
        2.7156474590301514,
        2.672548294067383,
        2.673703193664551,
        2.722879409790039,
        2.689680337905884,
        2.712757110595703,
        2.718383550643921,
        2.712029457092285,
        2.7248432636260986,
        2.673910617828369,
        2.6437175273895264,
        2.642944097518921,
        2.6037964820861816,
        2.5679116249084473,
        2.54764723777771,
        2.607248306274414,
        2.585171937942505,
        2.58793044090271,
        2.6059319972991943,
        2.5694034099578857,
        2.5589897632598877,
        2.5263779163360596,
        2.5159833431243896,
        2.553894281387329,
        2.536177158355713,
        2.527817726135254,
        2.5639216899871826,
        2.5837621688842773,
        2.545602560043335,
        2.6132335662841797,
        2.5044503211975098,
        2.45021390914917,
        2.4789319038391113,
        2.4121062755584717,
        2.4781687259674072,
        2.532557964324951,
        2.4465718269348145,
        2.460793972015381,
        2.470747470855713,
        2.510556936264038,
        2.4884493350982666,
        2.492429494857788,
        2.5428497791290283,
        2.568798065185547,
        2.5240485668182373,
        2.5075836181640625,
        2.50496244430542,
        2.488800287246704,
        2.478752613067627,
        2.477313995361328,
        2.548300266265869,
        2.5211572647094727,
        2.457223892211914,
        2.413475751876831,
        2.4736313819885254,
        2.5875461101531982,
        2.5384938716888428,
        2.522418737411499,
        2.622138738632202,
        2.45120906829834,
        2.4790453910827637,
        2.4632534980773926,
        2.5080068111419678,
        2.481025218963623
    ],
    "train_accuracy": [
        0.05277777835726738,
        0.12222222238779068,
        0.20000000298023224,
        0.20555555820465088,
        0.24722221493721008,
        0.2527777850627899,
        0.25833332538604736,
        0.25555557012557983,
        0.2611111104488373,
        0.27222222089767456,
        0.2527777850627899,
        0.2638888955116272,
        0.24166665971279144,
        0.25833332538604736,
        0.25833332538604736,
        0.2527777850627899,
        0.25833332538604736,
        0.29722222685813904,
        0.2750000059604645,
        0.24722221493721008,
        0.2777777910232544,
        0.2666666805744171,
        0.2777777910232544,
        0.2750000059604645,
        0.2805555462837219,
        0.2944444417953491,
        0.31111112236976624,
        0.28333333134651184,
        0.2750000059604645,
        0.2888889014720917,
        0.2888889014720917,
        0.2777777910232544,
        0.26944443583488464,
        0.26944443583488464,
        0.27222222089767456,
        0.2944444417953491,
        0.2888889014720917,
        0.2638888955116272,
        0.2916666567325592,
        0.3083333373069763,
        0.28611111640930176,
        0.2638888955116272,
        0.25555557012557983,
        0.2944444417953491,
        0.3027777671813965,
        0.2777777910232544,
        0.26944443583488464,
        0.2944444417953491,
        0.25,
        0.3055555522441864,
        0.3027777671813965,
        0.2611111104488373,
        0.2805555462837219,
        0.25555557012557983,
        0.29722222685813904,
        0.30000001192092896,
        0.26944443583488464,
        0.3083333373069763,
        0.2750000059604645,
        0.3027777671813965,
        0.30000001192092896,
        0.3194444477558136,
        0.2916666567325592,
        0.2777777910232544,
        0.2916666567325592,
        0.3083333373069763,
        0.2805555462837219,
        0.2944444417953491,
        0.2916666567325592,
        0.2916666567325592,
        0.28611111640930176,
        0.28611111640930176,
        0.26944443583488464,
        0.28333333134651184,
        0.2805555462837219,
        0.2888889014720917,
        0.2777777910232544,
        0.2888889014720917
    ],