{
    "hyperparameters": {
        "activation": "gelu",
        "dropout_rate": 0.3706258676659,
        "kernel_size": 6,
        "learning_rate": 0.0004134511572,
        "num_filters": 213,
        "num_layers": 1,
        "pooling": "average",
        "pooling_size": 2
    },
    "dataset_stats": {
        "name": "CBF",
        "train_size": 48,
        "val_size": 12,
        "input_shape": [
            1,
            128
        ],
        "num_classes": 3
    },
    "epochs": 52,
    "train_loss": [
        1.4435224533081055,
        0.9068641662597656,
        0.7419681549072266,
        0.6726502776145935,
        0.567410409450531,
        0.5831717848777771,
        0.5444579124450684,
        0.4666823446750641,
        0.4901817739009857,
        0.42269206047058105,
        0.36226221919059753,
        0.3636716306209564,
        0.31284844875335693,
        0.3289070725440979,
        0.2875366508960724,
        0.25054001808166504,
        0.23037242889404297,
        0.254060834646225,
        0.227163627743721,
        0.20873147249221802,
        0.18129271268844604,
        0.21516071259975433,
        0.23712418973445892,
        0.17459945380687714,
        0.14550365507602692,
        0.1746450662612915,
        0.15076617896556854,
        0.14570289850234985,
        0.1393517702817917,
        0.17429637908935547,
        0.13435782492160797,
        0.13904301822185516,
        0.13583232462406158,
        0.12045464664697647,
        0.10919936746358871,
        0.1069350317120552,
        0.10011404007673264,
        0.08922187238931656,
        0.09094628691673279,
        0.0883307158946991,
        0.10934983938932419,
        0.08320436626672745,
        0.0956794023513794,
        0.07309535890817642,
        0.08120521903038025,
        0.07943982630968094,
        0.0697764977812767,
        0.06352381408214569,
        0.0557655394077301,
        0.08069997280836105,
        0.062401190400123596,
        0.04371435567736626
    ],
    "val_loss": [
        1.1107347011566162,
        1.0648058652877808,
        1.0284820795059204,
        0.9885095953941345,
        0.9487900137901306,
        0.9114987254142761,
        0.876335620880127,
        0.8510625958442688,
        0.8266491293907166,
        0.8065964579582214,
        0.7899268269538879,
        0.7698372006416321,
        0.752777099609375,
        0.7416709065437317,
        0.7297795414924622,
        0.7210919260978699,
        0.7223665714263916,
        0.7255955338478088,
        0.7284683585166931,
        0.7286007404327393,
        0.7270247936248779,
        0.7138485312461853,
        0.7097648978233337,
        0.7220560908317566,
        0.7208192348480225,
        0.7316672205924988,
        0.7460704445838928,
        0.7676749229431152,
        0.774808943271637,
        0.7765302062034607,
        0.778339684009552,
        0.7786128520965576,
        0.781715452671051,
        0.7677211165428162,
        0.7480053305625916,
        0.7508604526519775,
        0.7677668929100037,
        0.7858452796936035,
        0.8075596690177917,
        0.8291832804679871,
        0.8501675128936768,
        0.856182336807251,
        0.8549984097480774,
        0.8325891494750977,
        0.8226448893547058,
        0.8221897482872009,
        0.8262344002723694,
        0.8474416136741638,
        0.8811345100402832,
        0.9190235733985901,
        0.9570629596710205,
        0.9585350155830383,
        0.9611338973045349
    ],
    "train_accuracy": [
        0.3958333432674408,
        0.6458333134651184,
        0.6875,
        0.75,
        0.75,
        0.75,
        0.7291666865348816,
        0.7916666865348816,
        0.7916666865348816,
        0.8333333134651184,
        0.8958333134651184,
        0.875,
        0.8958333134651184,
        0.875,
        0.8958333134651184,
        0.9375,
        0.9375,
        0.9166666865348816,
        0.9166666865348816,
        0.9583333134651184,
        0.9791666865348816,
        0.9166666865348816,
        0.8958333134651184,
        0.9583333134651184,
        0.9791666865348816,
        0.9583333134651184,
        0.9583333134651184,
        0.9791666865348816,
        0.9791666865348816,
        0.9583333134651184,
        0.9791666865348816,
        1.0,
        0.9791666865348816,
        1.0,
        0.9791666865348816,
        0.9791666865348816,
        0.9791666865348816,
        0.9791666865348816,
        0.9791666865348816,
        0.9791666865348816,
        1.0,
        1.0,
        0.9791666865348816,
        1.0,
        0.9791666865348816,
        1.0,
        1.0,
        1.0,
        1.0,
        1.0,
        1.0,
        1.0
    ],
    "val_accuracy": [
        0.25,
        0.4166666567325592,
        0.4166666567325592,
        0.4166666567325592,
        0.4166666567325592,
        0.4166666567325592,
        0.5833333730697632,
        0.5833333730697632,
        0.6666666865348816,
        0.6666666865348816,
        0.6666666865348816,
        0.6666666865348816,
        0.6666666865348816,
        0.75,
        0.75,
        0.6666666865348816,
        0.6666666865348816,
        0.6666666865348816,
        0.6666666865348816,
        0.75,
        0.75,
        0.75,
        0.75,
        0.75,
        0.75,
        0.75,
        0.6666666865348816,
        0.6666666865348816,
        0.6666666865348816,
        0.75,
        0.75,
        0.75,
        0.75,
        0.75,
        0.75,
        0.75,
        0.75,
        0.75,
        0.75,
        0.75,
        0.75,
        0.75,
        0.75,
        0.75,
        0.75,
        0.75,
        0.75,
        0.75,
        0.75,
        0.75,
        0.75,
        0.75,
        0.75
    ],
    "epoch_times": [
        0.05816006660461426,
        0.05034208297729492,
        0.019172191619873047,
        0.01851344108581543,
        0.016850709915161133,
        0.017383813858032227,
        0.018865346908569336,
        0.016988277435302734,
        0.017640352249145508,
        0.018894672393798828,
        0.019017696380615234,
        0.020869731903076172,
        0.021280288696289062,
        0.022350788116455078,
        0.021834373474121094,
        0.020562171936035156,
        0.018266916275024414,
        0.02002549171447754,
        0.02194666862487793,
        0.021376371383666992,
        0.02181863784790039,
        0.0221560001373291,
        0.021175384521484375,
        0.020848512649536133,
        0.022763490676879883,
        0.02390122413635254,
        0.024176359176635742,
        0.02297830581665039,
        0.022389888763427734,
        0.022109270095825195,
        0.020888328552246094,
        0.020748138427734375,
        0.025110244750976562,
        0.02385735511779785,
        0.02484726905822754,
        0.02354907989501953,
        0.0246429443359375,
        0.02597951889038086,
        0.026154279708862305,
        0.025720834732055664,
        0.0241091251373291,
        0.02400064468383789,
        0.02364325523376465,
        0.025725126266479492,
        0.024581193923950195,
        0.0247189998626709,
        0.02613067626953125,
        0.026078224182128906,
        0.024489402770996094,
        0.024544715881347656,
        0.02385115623474121,
        0.025191545486450195
    ]
}