{
    "hyperparameters": {
        "activation": "gelu",
        "dropout_rate": 0.3999965833688,
        "hidden_units": 75,
        "learning_rate": 0.0020630353888,
        "num_layers": 2,
        "weight_decay": 0.002937073895
    },
    "dataset_stats": {
        "name": "BirdChicken",
        "train_size": 36,
        "val_size": 9,
        "input_shape": [
            512,
            1
        ],
        "num_classes": 2
    },
    "epochs": 85,
    "train_loss": [
        0.9107321500778198,
        0.6106021404266357,
        0.584205687046051,
        0.5585296154022217,
        0.49581336975097656,
        0.5442513227462769,
        0.5160118937492371,
        0.44743478298187256,
        0.5072941184043884,
        0.4303714334964752,
        0.43269121646881104,
        0.41726160049438477,
        0.30155572295188904,
        0.4947698414325714,
        0.321043461561203,
        0.37862104177474976,
        0.3199540376663208,
        0.3794342875480652,
        0.34392082691192627,
        0.2794913053512573,
        0.37369000911712646,
        0.21066051721572876,
        0.29952895641326904,
        0.3041183352470398,
        0.2776869535446167,
        0.2697419822216034,
        0.27987563610076904,
        0.21348290145397186,
        0.2392699420452118,
        0.1751517504453659,
        0.20056232810020447,
        0.23726052045822144,
        0.165133997797966,
        0.13656605780124664,
        0.1706029325723648,
        0.2042091190814972,
        0.16863557696342468,
        0.17326843738555908,
        0.16465047001838684,
        0.1255934238433838,
        0.23257265985012054,
        0.2006480097770691,
        0.14693346619606018,
        0.23760424554347992,
        0.24098894000053406,
        0.08096643537282944,
        0.11549050360918045,
        0.13984757661819458,
        0.20560508966445923,
        0.2697860300540924,
        0.0730995237827301,
        0.1046719178557396,
        0.10427003353834152,
        0.12393087893724442,
        0.11434821039438248,
        0.1524021029472351,
        0.17447859048843384,
        0.12427926063537598,
        0.11378766596317291,
        0.12753428518772125,
        0.10724595189094543,
        0.09827694296836853,
        0.1656717211008072,
        0.11133801937103271,
        0.09631119668483734,
        0.06676079332828522,
        0.19107937812805176,
        0.13227227330207825,
        0.09488525986671448,
        0.3121095895767212,
        0.09748968482017517,
        0.1015368402004242,
        0.16821061074733734,
        0.13069048523902893,
        0.10038591921329498,
        0.13362202048301697,
        0.10959242284297943,
        0.096281498670578,
        0.13108523190021515,
        0.10157234221696854,
        0.0759277269244194,
        0.06562143564224243,
        0.16524645686149597,
        0.0647812932729721,
        0.06504301726818085
    ],
    "val_loss": [
        0.7192745208740234,
        0.7324146032333374,
        0.7284641861915588,
        0.7426170706748962,
        0.7799904942512512,
        0.7594276666641235,
        0.7523815631866455,
        0.7493005394935608,
        0.7352869510650635,
        0.7380640506744385,
        0.7677002549171448,
        0.7626856565475464,
        0.7408024668693542,
        0.7099263668060303,
        0.7242989540100098,
        0.7213736772537231,
        0.7249322533607483,
        0.7356801629066467,
        0.7680320739746094,
        0.7780175805091858,
        0.7605730891227722,
        0.7293777465820312,
        0.6828641295433044,
        0.6622878313064575,
        0.6716749668121338,
        0.6724715828895569,
        0.6954236626625061,
        0.6859316229820251,
        0.6959208846092224,
        0.7266364693641663,
        0.7493156790733337,
        0.7752383351325989,
        0.7342963814735413,
        0.7101901173591614,
        0.6875302791595459,
        0.6807631850242615,
        0.6825340986251831,
        0.6490557193756104,
        0.6515105366706848,
        0.7103753685951233,
        0.7113010883331299,
        0.674031674861908,
        0.7037627696990967,
        0.7033504843711853,
        0.6720750331878662,
        0.7370676398277283,
        0.7222975492477417,
        0.7125377655029297,
        0.7064579129219055,
        0.6956149339675903,
        0.6830746531486511,
        0.6990067362785339,
        0.7233778238296509,
        0.6990364789962769,
        0.6896002292633057,
        0.6402456760406494,
        0.6844667792320251,
        0.6897398829460144,
        0.6943159103393555,
        0.7223033905029297,
        0.7057535648345947,
        0.7076086401939392,
        0.7170850038528442,
        0.706068754196167,
        0.7131674885749817,
        0.7611939311027527,
        0.7976716756820679,
        0.8013896346092224,
        0.8001718521118164,
        0.8031989336013794,
        0.890666127204895,
        0.9345672130584717,
        0.9087120890617371,
        0.9346253275871277,
        0.9034580588340759,
        0.905327558517456,
        0.8648751378059387,
        0.8376118540763855,
        0.8618156909942627,
        0.8450016975402832,
        0.8495244979858398,
        0.860545814037323,
        0.8375386595726013,
        0.8559610843658447,
        0.8578859567642212,
        0.8192625045776367
    ],
    "train_accuracy": [
        0.5,
        0.6666666865348816,
        0.7222222089767456,
        0.6944444179534912,
        0.8333333134651184,
        0.6944444179534912,
        0.7222222089767456,
        0.7777777910232544,
        0.7222222089767456,
        0.8333333134651184,
        0.8055555820465088,
        0.8055555820465088,
        0.8888888955116272,
        0.8055555820465088,
        0.8888888955116272,
        0.8611111044883728,
        0.8888888955116272,
        0.8333333134651184,
        0.8888888955116272,
        0.9166666865348816,
        0.8888888955116272,
        0.9722222089767456,
        0.8888888955116272,
        0.9166666865348816,
        0.9444444179534912,
        0.9722222089767456,
        0.9166666865348816,
        0.9444444179534912,
        0.9444444179534912,
        0.9722222089767456,
        0.9722222089767456,
        0.9166666865348816,
        0.9722222089767456,
        1.0,
        0.9722222089767456,
        0.9444444179534912,
        0.9166666865348816,
        0.9722222089767456,
        0.9722222089767456,
        0.9722222089767456,
        0.9722222089767456,
        0.9444444179534912,
        0.9444444179534912,
        0.9166666865348816,
        0.9166666865348816,
        1.0,
        1.0,
        1.0,
        0.9166666865348816,
        0.9166666865348816,
        1.0,
        1.0,
        1.0,
        0.9722222089767456,
        1.0,
        0.9722222089767456,
        0.9166666865348816,
        0.9722222089767456,
        0.9722222089767456,
        0.9722222089767456,
        0.9722222089767456,
        0.9722222089767456,
        0.9166666865348816,
        0.9722222089767456,
        1.0,
        1.0,
        0.9166666865348816,
        0.9722222089767456,
        0.9722222089767456,
        0.8888888955116272,
        1.0,
        0.9722222089767456,
        0.9444444179534912,
        1.0,
        1.0,
        0.9722222089767456,
        0.9722222089767456,
        0.9722222089767456,
        0.9722222089767456,
        0.9722222089767456,
        1.0,
        1.0,
        0.9166666865348816,
        1.0,
        1.0
    ],