{
    "hyperparameters": {
        "bidirectional": true,
        "dropout_rate": 0.1367587041197,
        "hidden_units": 90,
        "learning_rate": 0.0009722041211,
        "num_layers": 2,
        "output_activation": "tanh",
        "weight_decay": 1.65202711e-05
    },
    "dataset_stats": {
        "name": "Adiac",
        "train_size": 312,
        "val_size": 78,
        "input_shape": [
            176,
            1
        ],
        "num_classes": 37
    },
    "epochs": 67,
    "train_loss": [
        3.551551342010498,
        3.366266965866089,
        3.1914567947387695,
        3.0820066928863525,
        2.9677019119262695,
        2.8232645988464355,
        2.7336246967315674,
        2.6099941730499268,
        2.4983134269714355,
        2.39955997467041,
        2.3384757041931152,
        2.2261998653411865,
        2.181666851043701,
        2.106613874435425,
        2.092320442199707,
        2.011364221572876,
        1.962734341621399,
        1.8928743600845337,
        1.8698073625564575,
        1.8114283084869385,
        1.8013036251068115,
        1.704904556274414,
        1.6817678213119507,
        1.6836833953857422,
        1.656557559967041,
        1.598196268081665,
        1.5528371334075928,
        1.4930275678634644,
        1.5114023685455322,
        1.4298250675201416,
        1.4385640621185303,
        1.3554776906967163,
        1.3555604219436646,
        1.3367599248886108,
        1.313254475593567,
        1.3166255950927734,
        1.347898006439209,
        1.2487367391586304,
        1.2119052410125732,
        1.262082576751709,
        1.2405893802642822,
        1.2536134719848633,
        1.223533034324646,
        1.1405792236328125,
        1.0591555833816528,
        1.041582703590393,
        1.0141620635986328,
        1.031822919845581,
        0.9912540912628174,
        0.9759652614593506,
        0.939859926700592,
        0.9291911721229553,
        0.9322323203086853,
        0.9006030559539795,
        0.8956270217895508,
        0.8920372128486633,
        0.887711763381958,
        0.8792589902877808,
        0.8757236003875732,
        0.8691085577011108,
        0.877886176109314,
        0.8592118620872498,
        0.8491390943527222,
        0.8548271059989929,
        0.8528246879577637,
        0.8572915196418762,
        0.8403709530830383
    ],
    "val_loss": [
        3.6256160736083984,
        3.518666982650757,
        3.4492247104644775,
        3.392576217651367,
        3.2318015098571777,
        3.1403791904449463,
        3.0454299449920654,
        2.9129652976989746,
        2.8885114192962646,
        2.7224998474121094,
        2.680828332901001,
        2.6069462299346924,
        2.5424206256866455,
        2.56723690032959,
        2.4799087047576904,
        2.449759006500244,
        2.430027723312378,
        2.390258312225342,
        2.3300819396972656,
        2.34676194190979,
        2.386113166809082,
        2.326054811477661,
        2.326218366622925,
        2.2535645961761475,
        2.3568334579467773,
        2.2360825538635254,
        2.294628620147705,
        2.231783151626587,
        2.2909603118896484,
        2.348154306411743,
        2.244034767150879,
        2.2927677631378174,
        2.2523393630981445,
        2.22495436668396,
        2.2210779190063477,
        2.2126307487487793,
        2.320901870727539,
        2.1551835536956787,
        2.2423083782196045,
        2.2045207023620605,
        2.279466152191162,
        2.376333475112915,
        2.251685619354248,
        2.401031017303467,
        2.1942074298858643,
        2.1937129497528076,
        2.2377662658691406,
        2.242187023162842,
        2.1734061241149902,
        2.3636186122894287,
        2.308466911315918,
        2.245657205581665,
        2.2098963260650635,
        2.324373960494995,
        2.3272769451141357,
        2.2175986766815186,
        2.356745719909668,
        2.2731502056121826,
        2.327664852142334,
        2.3132636547088623,
        2.2903075218200684,
        2.325161933898926,
        2.31960391998291,
        2.2958321571350098,
        2.2852842807769775,
        2.3380143642425537,
        2.311882257461548,
        2.307663917541504
    ],
    "train_accuracy": [
        0.07692307978868484,
        0.11538461595773697,
        0.18589743971824646,
        0.21153846383094788,
        0.24358974397182465,
        0.3076923191547394,
        0.31410256028175354,
        0.3461538553237915,
        0.36858972907066345,
        0.3910256326198578,
        0.38141027092933655,
        0.45192307233810425,
        0.4711538553237915,
        0.5,
        0.4711538553237915,
        0.5032051205635071,
        0.5320512652397156,
        0.5641025900840759,
        0.567307710647583,
        0.5865384340286255,
        0.5705128312110901,
        0.6346153616905212,
        0.6570512652397156,
        0.6282051205635071,
        0.6217948794364929,
        0.6634615659713745,
        0.7211538553237915,
        0.75,
        0.7115384340286255,
        0.7467948794364929,
        0.7339743375778198,
        0.7820512652397156,
        0.7596153616905212,
        0.7852563858032227,
        0.7980769276618958,
        0.7724359035491943,
        0.7724359035491943,
        0.8397436141967773,
        0.8365384340286255,
        0.807692289352417,
        0.7980769276618958,
        0.8269230723381042,
        0.8333333134651184,
        0.8717948794364929,
        0.9198718070983887,
        0.9230769276618958,
        0.9294871687889099,
        0.9166666865348816,
        0.9519230723381042,
        0.9487179517745972,
        0.9679487347602844,
        0.9743589758872986,
        0.9743589758872986,
        0.9807692170143127,
        0.9903846383094788,
        0.9871794581413269,
        0.9775640964508057,
        0.9839743375778198,
        0.9935897588729858,
        0.9775640964508057,
        0.9743589758872986,
        0.9935897588729858,
        0.9935897588729858,
        0.9967948794364929,
        0.9871794581413269,
        0.9807692170143127,
        0.9967948794364929
    ],