{
    "hyperparameters": {
        "activation": "relu",
        "dropout_rate": 0.1311057789807,
        "hidden_units": 35,
        "learning_rate": 0.0112901121294,
        "num_layers": 4,
        "weight_decay": 0.0024504657609
    },
    "dataset_stats": {
        "name": "CinCECGTorso",
        "train_size": 52,
        "val_size": 13,
        "input_shape": [
            1639,
            1
        ],
        "num_classes": 4
    },
    "epochs": 40,
    "train_loss": [
        1.4118107557296753,
        1.1996279954910278,
        0.9574967622756958,
        0.8909187316894531,
        0.8546542525291443,
        0.6444154977798462,
        0.5145961046218872,
        0.4867963194847107,
        0.3941851258277893,
        0.46140068769454956,
        0.4041011929512024,
        0.2332753837108612,
        0.32710978388786316,
        0.19945134222507477,
        0.19100362062454224,
        0.2804564833641052,
        0.22274094820022583,
        0.1817423701286316,
        0.3970465362071991,
        0.0871039554476738,
        0.17420759797096252,
        0.18465417623519897,
        0.1919451802968979,
        0.14499112963676453,
        0.11979561299085617,
        0.029420096427202225,
        0.0841839388012886,
        0.11866806447505951,
        0.10607694834470749,
        0.033221449702978134,
        0.0755920559167862,
        0.14085549116134644,
        0.07016422599554062,
        0.03689306229352951,
        0.10147971659898758,
        0.16138508915901184,
        0.05669727176427841,
        0.10825814306735992,
        0.07922721654176712,
        0.12578116357326508
    ],
    "val_loss": [
        1.4278818368911743,
        1.3350783586502075,
        1.2713286876678467,
        1.1780753135681152,
        1.1145890951156616,
        1.0834780931472778,
        1.044850468635559,
        0.9561252593994141,
        0.8526830673217773,
        0.7171430587768555,
        0.6645825505256653,
        0.6873435974121094,
        0.7682684659957886,
        0.7478129267692566,
        0.7787291407585144,
        0.8196297287940979,
        0.8355506062507629,
        0.8419280648231506,
        0.8684113621711731,
        0.8410577178001404,
        0.8184687495231628,
        0.7891438603401184,
        0.7309075593948364,
        0.7155531644821167,
        0.7232005596160889,
        0.7614988088607788,
        0.7953334450721741,
        0.8966289758682251,
        1.0471445322036743,
        1.1561580896377563,
        1.2303905487060547,
        1.2939516305923462,
        1.327625036239624,
        1.1992141008377075,
        1.1272190809249878,
        1.0043683052062988,
        0.9834756255149841,
        0.9709028005599976,
        0.9749149680137634,
        1.086012601852417,
        1.116112232208252
    ],
    "train_accuracy": [
        0.3076923191547394,
        0.48076921701431274,
        0.6538461446762085,
        0.6730769276618958,
        0.7115384340286255,
        0.8461538553237915,
        0.8269230723381042,
        0.9038461446762085,
        0.8653846383094788,
        0.8461538553237915,
        0.807692289352417,
        0.9615384340286255,
        0.9038461446762085,
        0.9615384340286255,
        0.9615384340286255,
        0.8846153616905212,
        0.9038461446762085,
        0.942307710647583,
        0.9230769276618958,
        0.9807692170143127,
        0.942307710647583,
        0.942307710647583,
        0.9230769276618958,
        0.9230769276618958,
        0.9807692170143127,
        1.0,
        0.9807692170143127,
        0.9615384340286255,
        0.9807692170143127,
        1.0,
        0.9615384340286255,
        0.9230769276618958,
        0.9615384340286255,
        1.0,
        0.9615384340286255,
        0.942307710647583,
        0.9807692170143127,
        0.9807692170143127,
        0.9807692170143127,
        0.942307710647583
    ],
    "val_accuracy": [
        0.07692307978868484,
        0.5384615659713745,
        0.6153846383094788,
        0.7692307829856873,
        0.7692307829856873,
        0.692307710647583,
        0.6153846383094788,
        0.6153846383094788,
        0.692307710647583,
        0.7692307829856873,
        0.7692307829856873,
        0.692307710647583,
        0.692307710647583,
        0.692307710647583,
        0.692307710647583,
        0.7692307829856873,
        0.7692307829856873,
        0.692307710647583,
        0.692307710647583,
        0.692307710647583,
        0.692307710647583,
        0.7692307829856873,
        0.7692307829856873,
        0.8461538553237915,
        0.8461538553237915,
        0.7692307829856873,
        0.7692307829856873,
        0.7692307829856873,
        0.7692307829856873,
        0.7692307829856873,
        0.7692307829856873,
        0.7692307829856873,
        0.7692307829856873,
        0.7692307829856873,
        0.7692307829856873,
        0.7692307829856873,
        0.8461538553237915,
        0.8461538553237915,
        0.7692307829856873,
        0.7692307829856873,
        0.7692307829856873
    ],
    "epoch_times": [
        0.10171866416931152,
        0.09770464897155762,
        0.017188549041748047,
        0.018310546875,
        0.018653392791748047,
        0.01837754249572754,
        0.018250703811645508,
        0.01785898208618164,
        0.01782703399658203,
        0.017578840255737305,
        0.017652034759521484,
        0.017255783081054688,
        0.01748371124267578,
        0.01716017723083496,
        0.01710033416748047,
        0.01679396629333496,
        0.017090559005737305,
        0.0172119140625,
        0.016640663146972656,
        0.01647353172302246,
        0.01641392707824707,
        0.016896486282348633,
        0.016749143600463867,
        0.016774415969848633,
        0.016323089599609375,
        0.016575098037719727,
        0.016402006149291992,
        0.01627182960510254,
        0.016841888427734375,
        0.016310691833496094,
        0.016317129135131836,
        0.016398191452026367,
        0.01618504524230957,
        0.016568899154663086,
        0.016162395477294922,
        0.01639699935913086,
        0.01613140106201172,
        0.016521215438842773,
        0.01620340347290039,
        0.016139984130859375
    ]
}