{
    "hyperparameters": {
        "activation": "relu",
        "dropout_rate": 0.2217601084509,
        "ff_dim": 327,
        "hidden_units": 455,
        "learning_rate": 2.84710583e-05,
        "num_heads": 6,
        "num_layers": 5,
        "pooling": "mean",
        "weight_decay": 5.14505646e-05
    },
    "dataset_stats": {
        "name": "Adiac",
        "train_size": 312,
        "val_size": 78,
        "input_shape": [
            176,
            1
        ],
        "num_classes": 37
    },
    "epochs": 109,
    "train_loss": [
        3.801623582839966,
        4.00731086730957,
        3.685157060623169,
        3.745835304260254,
        3.6878185272216797,
        3.726552724838257,
        3.215479850769043,
        3.3256680965423584,
        3.906839609146118,
        3.0455234050750732,
        3.0876846313476562,
        3.2584359645843506,
        3.2949330806732178,
        3.051318407058716,
        3.3694801330566406,
        3.0690200328826904,
        2.680598020553589,
        2.8295505046844482,
        3.1825449466705322,
        2.619101047515869,
        2.276933431625366,
        2.537686586380005,
        2.6734702587127686,
        2.466020345687866,
        2.3782196044921875,
        2.6654365062713623,
        2.6236038208007812,
        2.0922648906707764,
        2.235283136367798,
        2.3427135944366455,
        2.9396674633026123,
        2.106046438217163,
        2.4216885566711426,
        1.8716033697128296,
        2.7536447048187256,
        1.8189133405685425,
        2.07320237159729,
        2.1362860202789307,
        1.7831498384475708,
        2.473940849304199,
        2.4052863121032715,
        1.9625698328018188,
        1.7786388397216797,
        1.7303444147109985,
        1.9207454919815063,
        1.9982439279556274,
        2.365586519241333,
        1.7856806516647339,
        1.6129446029663086,
        1.7759982347488403,
        1.4534825086593628,
        1.3527216911315918,
        1.9818326234817505,
        1.8540841341018677,
        1.221569299697876,
        1.4415990114212036,
        1.2484623193740845,
        1.0135153532028198,
        1.359206199645996,
        1.6241213083267212,
        1.7844867706298828,
        1.9429129362106323,
        1.3530248403549194,
        1.2937275171279907,
        1.4609161615371704,
        1.573217749595642,
        1.6559051275253296,
        0.9572096467018127,
        1.2385042905807495,
        1.4863935708999634,
        1.383954644203186,
        1.328825831413269,
        0.986290454864502,
        1.2100104093551636,
        1.2789435386657715,
        1.3650816679000854,
        1.3388177156448364,
        1.3094843626022339,
        0.8679348826408386,
        0.8932948112487793,
        1.1491057872772217,
        0.9942169785499573,
        1.1163418292999268,
        0.9522778391838074,
        0.9278793931007385,
        1.2304093837738037,
        0.9220967888832092,
        0.669180691242218,
        1.2170253992080688,
        0.9995010495185852,
        0.9175946712493896,
        0.7546060681343079,
        0.9023914337158203,
        1.0486695766448975,
        0.9916009306907654,
        1.1115432977676392,
        1.175028920173645,
        0.8276627659797668,
        0.5999248027801514,
        1.1643331050872803,
        0.9568303227424622,
        0.7361032366752625,
        1.269800066947937,
        0.9809545874595642,
        1.0325316190719604,
        1.2784126996994019,
        0.7183330059051514,
        1.0010844469070435,
        1.3510255813598633
    ],
    "val_loss": [
        4.120298385620117,
        3.9173450469970703,
        3.7759556770324707,
        3.6440532207489014,
        3.5075623989105225,
        3.503247022628784,
        3.4250648021698,
        3.2936549186706543,
        3.3221051692962646,
        3.2468693256378174,
        3.2332353591918945,
        3.0761094093322754,
        3.0587456226348877,
        2.9268553256988525,
        2.9338185787200928,
        2.8859453201293945,
        2.870800733566284,
        2.9230918884277344,
        2.736144542694092,
        2.8659417629241943,
        2.7055375576019287,
        2.636471748352051,
        2.523170232772827,
        2.717725992202759,
        2.614710569381714,
        2.444469928741455,
        2.456324577331543,
        2.444580078125,
        2.478168249130249,
        2.4398508071899414,
        2.3996317386627197,
        2.4610273838043213,
        2.4854371547698975,
        2.3271217346191406,
        2.428497552871704,
        2.3200037479400635,
        2.3528833389282227,
        2.358690023422241,
        2.367328405380249,
        2.3430538177490234,
        2.3269684314727783,
        2.26880145072937,
        2.285130500793457,
        2.303954601287842,
        2.292459726333618,
        2.247419834136963,
        2.361467123031616,
        2.2426750659942627,
        2.1925463676452637,
        2.2710437774658203,
        2.2988734245300293,
        2.339412212371826,
        2.1847033500671387,
        2.270019054412842,
        2.1922502517700195,
        2.1658971309661865,
        2.301605701446533,
        2.213325262069702,
        2.241407632827759,
        2.1545541286468506,
        2.280573606491089,
        2.2232072353363037,
        2.2014384269714355,
        2.2021121978759766,
        2.2117583751678467,
        2.2092957496643066,
        2.1678969860076904,
        2.0969417095184326,
        2.0799992084503174,
        2.0827150344848633,
        2.129504919052124,
        2.1355535984039307,
        2.060370922088623,
        2.153503894805908,
        2.087625026702881,
        2.0884833335876465,
        2.10075306892395,
        2.0875298976898193,
        2.0789294242858887,
        2.025538682937622,
        2.141329288482666,
        2.1128056049346924,
        2.0733346939086914,
        2.125591278076172,
        2.067567825317383,
        2.0524003505706787,
        2.0776612758636475,
        2.061682939529419,
        2.0680041313171387,
        2.0692250728607178,
        2.087165594100952,
        2.095223903656006,
        2.0916810035705566,
        2.0693321228027344,
        2.0699219703674316,
        2.084170341491699,
        2.098867654800415,
        2.0962157249450684,
        2.096468687057495,
        2.0835673809051514,
        2.0828654766082764,
        2.077026844024658,
        2.071259021759033,
        2.0676729679107666,
        2.0656137466430664,
        2.0668439865112305,
        2.07184100151062,
        2.0725016593933105,
        2.073103666305542,
        2.0720646381378174
    ],