{
    "hyperparameters": {
        "activation": "gelu",
        "dropout_rate": 0.3161516587151,
        "kernel_size": 6,
        "learning_rate": 0.0012825204594,
        "num_filters": 160,
        "num_layers": 1,
        "pooling": "max",
        "pooling_size": 2
    },
    "dataset_stats": {
        "name": "ChlorineConcentration",
        "train_size": 748,
        "val_size": 186,
        "input_shape": [
            1,
            166
        ],
        "num_classes": 3
    },
    "epochs": 36,
    "train_loss": [
        1.1910954713821411,
        1.0110642910003662,
        0.9969385266304016,
        0.9847791790962219,
        0.975191593170166,
        0.971515417098999,
        0.964640736579895,
        0.9423481225967407,
        0.9634720683097839,
        0.9579383730888367,
        0.933850109577179,
        0.9238855838775635,
        0.8960252404212952,
        0.8876044154167175,
        0.8920146822929382,
        0.8860607743263245,
        0.8765814304351807,
        0.8486416339874268,
        0.8339045643806458,
        0.8546765446662903,
        0.84568190574646,
        0.8445184230804443,
        0.8268647789955139,
        0.8174447417259216,
        0.8080998659133911,
        0.7920306921005249,
        0.8055318593978882,
        0.8246745467185974,
        0.7978382706642151,
        0.7955458760261536,
        0.7752283811569214,
        0.7832916378974915,
        0.7603483200073242,
        0.7288054823875427,
        0.7440903782844543,
        0.7330711483955383
    ],
    "val_loss": [
        1.1004095077514648,
        1.062219262123108,
        1.0508676767349243,
        1.0454686880111694,
        1.1194372177124023,
        1.0717190504074097,
        1.0376904010772705,
        1.0963432788848877,
        1.0873820781707764,
        1.0741486549377441,
        1.0870944261550903,
        1.0802652835845947,
        1.0784298181533813,
        1.0740517377853394,
        1.1000343561172485,
        1.1103358268737793,
        1.109092354774475,
        1.0923432111740112,
        1.1052333116531372,
        1.1333143711090088,
        1.1152397394180298,
        1.131596565246582,
        1.108365774154663,
        1.1304574012756348,
        1.1609350442886353,
        1.1436095237731934,
        1.1468491554260254,
        1.1341255903244019,
        1.121077299118042,
        1.1475253105163574,
        1.188071608543396,
        1.134983777999878,
        1.1191532611846924,
        1.1588047742843628,
        1.1668986082077026,
        1.163231611251831,
        1.1224287748336792
    ],
    "train_accuracy": [
        0.47727271914482117,
        0.5240641832351685,
        0.5454545617103577,
        0.5414438247680664,
        0.5628342032432556,
        0.5521390438079834,
        0.5601603984832764,
        0.5508021116256714,
        0.5628342032432556,
        0.5721924901008606,
        0.5868983864784241,
        0.5721924901008606,
        0.605614960193634,
        0.6002673506736755,
        0.5935828685760498,
        0.6029411554336548,
        0.6002673506736755,
        0.5975936055183411,
        0.6082887649536133,
        0.606951892375946,
        0.6216577291488647,
        0.6122994422912598,
        0.6296791434288025,
        0.614973247051239,
        0.6363636255264282,
        0.6417112350463867,
        0.6310160160064697,
        0.6229946613311768,
        0.6457219123840332,
        0.633689820766449,
        0.6604278087615967,
        0.6564171314239502,
        0.6604278087615967,
        0.6778075098991394,
        0.6751337051391602,
        0.6697860956192017
    ],
    "val_accuracy": [
        0.390625,
        0.5537634491920471,
        0.5161290168762207,
        0.5322580933570862,
        0.5645161271095276,
        0.5483871102333069,
        0.5215053558349609,
        0.5591397881507874,
        0.5483871102333069,
        0.5215053558349609,
        0.46236559748649597,
        0.5161290168762207,
        0.5268816947937012,
        0.5430107712745667,
        0.5645161271095276,
        0.46236559748649597,
        0.5268816947937012,
        0.5645161271095276,
        0.5215053558349609,
        0.5107526779174805,
        0.5376344323158264,
        0.5430107712745667,
        0.5053763389587402,
        0.5537634491920471,
        0.5107526779174805,
        0.48924732208251953,
        0.47311827540397644,
        0.5215053558349609,
        0.5483871102333069,
        0.5537634491920471,
        0.5268816947937012,
        0.5107526779174805,
        0.5,
        0.5053763389587402,
        0.5215053558349609,
        0.5376344323158264,
        0.5322580933570862
    ],
    "epoch_times": [
        0.5404119491577148,
        0.1589522361755371,
        0.16588759422302246,
        0.16399931907653809,
        0.17283225059509277,
        0.17105340957641602,
        0.17546296119689941,
        0.15556621551513672,
        0.15403437614440918,
        0.16229557991027832,
        0.16901373863220215,
        0.16897034645080566,
        0.1736440658569336,
        0.1581418514251709,
        0.15322613716125488,
        0.15455150604248047,
        0.14884161949157715,
        0.1356489658355713,
        0.14681291580200195,
        0.144514799118042,
        0.13631224632263184,
        0.15276288986206055,
        0.18021726608276367,
        0.17329692840576172,
        0.1773378849029541,
        0.16737031936645508,
        0.16982674598693848,
        0.16228151321411133,
        0.1461484432220459,
        0.13624858856201172,
        0.1718897819519043,
        0.1704707145690918,
        0.17313551902770996,
        0.18123793601989746,
        0.16683578491210938,
        0.1778101921081543
    ]
}