{
    "hyperparameters": {
        "activation": "gelu",
        "dropout_rate": 0.303399725375,
        "hidden_units": 63,
        "learning_rate": 0.0183917197358,
        "num_layers": 4,
        "weight_decay": 0.0078676028806
    },
    "dataset_stats": {
        "name": "CBF",
        "train_size": 44,
        "val_size": 11,
        "input_shape": [
            128,
            1
        ],
        "num_classes": 3
    },
    "epochs": 48,
    "train_loss": [
        1.0808014869689941,
        0.9430471062660217,
        0.5089334845542908,
        0.4987289309501648,
        0.3931628167629242,
        0.3748111426830292,
        0.28000032901763916,
        0.2827302813529968,
        0.541779100894928,
        0.27028709650039673,
        0.20133619010448456,
        0.18652449548244476,
        0.3038906455039978,
        0.35390281677246094,
        0.26270589232444763,
        0.2684799134731293,
        0.22681309282779694,
        0.23422600328922272,
        0.10816564410924911,
        0.2028997540473938,
        0.09691119194030762,
        0.15256986021995544,
        0.05890212208032608,
        0.10128175467252731,
        0.1310136467218399,
        0.09198916703462601,
        0.3259839713573456,
        0.08277585357427597,
        0.1401323527097702,
        0.11633097380399704,
        0.23251666128635406,
        0.15054114162921906,
        0.29943326115608215,
        0.5576595067977905,
        0.2277994304895401,
        0.17383885383605957,
        0.22571955621242523,
        0.26794305443763733,
        0.12174392491579056,
        0.08253210037946701,
        0.16849341988563538,
        0.15010543167591095,
        0.07250118255615234,
        0.11375503987073898,
        0.06171143054962158,
        0.1165618896484375,
        0.05547085776925087,
        0.10418016463518143
    ],
    "val_loss": [
        1.1096643209457397,
        1.0415806770324707,
        0.8333277106285095,
        0.6980677843093872,
        0.7057633399963379,
        0.978841245174408,
        1.0711925029754639,
        0.9919480681419373,
        0.8882982730865479,
        0.7947818636894226,
        0.6828356981277466,
        0.881274402141571,
        1.243588924407959,
        1.5970962047576904,
        1.567571997642517,
        1.211639642715454,
        0.8568885922431946,
        0.5206728577613831,
        0.45278969407081604,
        0.45294296741485596,
        0.5569434762001038,
        0.6874752640724182,
        1.014035701751709,
        1.270918607711792,
        1.4060215950012207,
        1.3676551580429077,
        0.9838117361068726,
        0.5921371579170227,
        0.5002451539039612,
        0.5530269742012024,
        0.6634799242019653,
        1.0137826204299927,
        1.3941113948822021,
        1.4938877820968628,
        1.317040205001831,
        1.0811864137649536,
        1.0817173719406128,
        1.278938889503479,
        1.2248551845550537,
        1.0998929738998413,
        1.1049714088439941,
        1.2862629890441895,
        1.2653698921203613,
        1.0717251300811768,
        0.9527038931846619,
        0.9053417444229126,
        1.0978413820266724,
        1.2257041931152344,
        1.278053641319275
    ],
    "train_accuracy": [
        0.4318181872367859,
        0.5681818127632141,
        0.8409090638160706,
        0.8181818127632141,
        0.8863636255264282,
        0.7954545617103577,
        0.9090909361839294,
        0.9090909361839294,
        0.8863636255264282,
        0.9090909361839294,
        0.9545454382896423,
        0.9545454382896423,
        0.9090909361839294,
        0.8636363744735718,
        0.9318181872367859,
        0.9545454382896423,
        0.9545454382896423,
        0.9318181872367859,
        1.0,
        0.8863636255264282,
        1.0,
        0.9772727489471436,
        1.0,
        0.9545454382896423,
        0.9545454382896423,
        0.9545454382896423,
        0.8636363744735718,
        0.9772727489471436,
        0.9545454382896423,
        0.9772727489471436,
        0.9318181872367859,
        0.9318181872367859,
        0.8863636255264282,
        0.8409090638160706,
        0.9090909361839294,
        0.9318181872367859,
        0.9090909361839294,
        0.9318181872367859,
        1.0,
        1.0,
        0.9318181872367859,
        0.9318181872367859,
        1.0,
        0.9545454382896423,
        1.0,
        0.9545454382896423,
        1.0,
        0.9545454382896423
    ],
    "val_accuracy": [
        0.09090909361839294,
        0.27272728085517883,
        0.5454545617103577,
        0.6363636255264282,
        0.7272727489471436,
        0.7272727489471436,
        0.7272727489471436,
        0.6363636255264282,
        0.8181818127632141,
        0.8181818127632141,
        0.6363636255264282,
        0.7272727489471436,
        0.6363636255264282,
        0.6363636255264282,
        0.6363636255264282,
        0.6363636255264282,
        0.6363636255264282,
        0.7272727489471436,
        0.7272727489471436,
        0.7272727489471436,
        0.7272727489471436,
        0.7272727489471436,
        0.6363636255264282,
        0.6363636255264282,
        0.6363636255264282,
        0.6363636255264282,
        0.6363636255264282,
        0.7272727489471436,
        0.8181818127632141,
        0.7272727489471436,
        0.7272727489471436,
        0.6363636255264282,
        0.3636363744735718,
        0.3636363744735718,
        0.4545454680919647,
        0.5454545617103577,
        0.6363636255264282,
        0.5454545617103577,
        0.5454545617103577,
        0.5454545617103577,
        0.4545454680919647,
        0.5454545617103577,
        0.5454545617103577,
        0.5454545617103577,
        0.7272727489471436,
        0.7272727489471436,
        0.6363636255264282,
        0.6363636255264282,
        0.6363636255264282
    ],
    "epoch_times": [
        0.007480144500732422,
        0.007367849349975586,
        0.006816864013671875,
        0.006261110305786133,
        0.00638890266418457,
        0.007391929626464844,
        0.006721019744873047,
        0.006224870681762695,
        0.0072591304779052734,
        0.006989955902099609,
        0.0064008235931396484,
        0.006636142730712891,
        0.007416248321533203,
        0.007928133010864258,
        0.0063228607177734375,
        0.006360054016113281,
        0.006844043731689453,
        0.006927013397216797,
        0.006265163421630859,
        0.006393909454345703,
        0.006847858428955078,
        0.00624394416809082,
        0.006808280944824219,
        0.0074541568756103516,
        0.007004261016845703,
        0.006306171417236328,
        0.007211208343505859,
        0.007236003875732422,
        0.007055997848510742,
        0.006251096725463867,
        0.03998899459838867,
        0.006515979766845703,
        0.00705409049987793,
        0.007156848907470703,
        0.006624937057495117,
        0.0062792301177978516,
        0.00681614875793457,
        0.006816864013671875,
        0.006289958953857422,
        0.007044076919555664,
        0.008231878280639648,
        0.007258176803588867,
        0.006350040435791016,
        0.006465911865234375,
        0.007296085357666016,
        0.006328105926513672,
        0.006513833999633789,
        0.007465839385986328
    ]
}