{
    "hyperparameters": {
        "activation": "tanh",
        "dropout_rate": 0.2701386130325,
        "kernel_size": 3,
        "learning_rate": 0.0019141552194,
        "num_filters": 66,
        "num_layers": 2,
        "pooling": "max",
        "pooling_size": 2
    },
    "dataset_stats": {
        "name": "Beef",
        "train_size": 48,
        "val_size": 12,
        "input_shape": [
            1,
            470
        ],
        "num_classes": 5
    },
    "epochs": 52,
    "train_loss": [
        1.705336093902588,
        1.40656316280365,
        1.2637810707092285,
        1.247269868850708,
        1.1588959693908691,
        1.163015604019165,
        1.1228761672973633,
        1.100283145904541,
        0.963254451751709,
        0.997086226940155,
        0.8899540901184082,
        0.8197426795959473,
        0.8674426674842834,
        0.8731987476348877,
        0.8587048649787903,
        0.7855411171913147,
        0.6894149780273438,
        0.7393715977668762,
        0.6149383783340454,
        0.5822998881340027,
        0.6345074772834778,
        0.5289499759674072,
        0.6419558525085449,
        0.5528792142868042,
        0.6760859489440918,
        0.4906909465789795,
        0.5465984344482422,
        0.5475361943244934,
        0.4753328263759613,
        0.5256771445274353,
        0.4214044511318207,
        0.4294670522212982,
        0.4436069428920746,
        0.42062079906463623,
        0.40868374705314636,
        0.4644743502140045,
        0.4377555847167969,
        0.34557273983955383,
        0.4627726972103119,
        0.3019466996192932,
        0.3646118640899658,
        0.3626551628112793,
        0.4524879455566406,
        0.31041932106018066,
        0.32371529936790466,
        0.43859460949897766,
        0.3057311475276947,
        0.3190525770187378,
        0.33997759222984314,
        0.33167508244514465,
        0.2866879999637604,
        0.36941418051719666
    ],
    "val_loss": [
        1.6491159200668335,
        1.5924663543701172,
        1.6037756204605103,
        1.5908159017562866,
        1.5691219568252563,
        1.544110655784607,
        1.509660243988037,
        1.4767452478408813,
        1.45292329788208,
        1.438624382019043,
        1.4445887804031372,
        1.4724417924880981,
        1.4758015871047974,
        1.4858211278915405,
        1.4824495315551758,
        1.4271559715270996,
        1.4155712127685547,
        1.4462333917617798,
        1.4484285116195679,
        1.4377822875976562,
        1.414720892906189,
        1.3179148435592651,
        1.2565571069717407,
        1.3094353675842285,
        1.3929719924926758,
        1.5076909065246582,
        1.4196281433105469,
        1.3604869842529297,
        1.3181430101394653,
        1.3111053705215454,
        1.3438702821731567,
        1.393643856048584,
        1.3781218528747559,
        1.4816056489944458,
        1.576407790184021,
        1.5776399374008179,
        1.5133401155471802,
        1.4499067068099976,
        1.3821521997451782,
        1.340291142463684,
        1.4031168222427368,
        1.69036865234375,
        1.9821802377700806,
        1.800515055656433,
        1.5026079416275024,
        1.4771071672439575,
        1.4907037019729614,
        1.5271092653274536,
        1.6436409950256348,
        1.778463363647461,
        1.6235946416854858,
        1.540419578552246,
        1.534696102142334
    ],
    "train_accuracy": [
        0.2916666567325592,
        0.4375,
        0.4166666567325592,
        0.375,
        0.5,
        0.4166666567325592,
        0.5208333134651184,
        0.5416666865348816,
        0.6458333134651184,
        0.625,
        0.625,
        0.6458333134651184,
        0.6875,
        0.6875,
        0.75,
        0.7708333134651184,
        0.7708333134651184,
        0.7708333134651184,
        0.8333333134651184,
        0.7916666865348816,
        0.7708333134651184,
        0.8333333134651184,
        0.7708333134651184,
        0.8541666865348816,
        0.6875,
        0.8958333134651184,
        0.8541666865348816,
        0.7916666865348816,
        0.8541666865348816,
        0.8125,
        0.8541666865348816,
        0.875,
        0.8958333134651184,
        0.8333333134651184,
        0.8125,
        0.7916666865348816,
        0.8333333134651184,
        0.8958333134651184,
        0.8333333134651184,
        0.8958333134651184,
        0.875,
        0.8333333134651184,
        0.8125,
        0.875,
        0.875,
        0.8541666865348816,
        0.8958333134651184,
        0.8958333134651184,
        0.8958333134651184,
        0.875,
        0.8958333134651184,
        0.8541666865348816
    ],
    "val_accuracy": [
        0.0833333358168602,
        0.25,
        0.0833333358168602,
        0.1666666716337204,
        0.25,
        0.25,
        0.25,
        0.3333333432674408,
        0.25,
        0.3333333432674408,
        0.3333333432674408,
        0.25,
        0.25,
        0.25,
        0.25,
        0.3333333432674408,
        0.4166666567325592,
        0.3333333432674408,
        0.3333333432674408,
        0.3333333432674408,
        0.3333333432674408,
        0.4166666567325592,
        0.4166666567325592,
        0.4166666567325592,
        0.4166666567325592,
        0.3333333432674408,
        0.5,
        0.4166666567325592,
        0.4166666567325592,
        0.5833333730697632,
        0.5,
        0.5,
        0.3333333432674408,
        0.3333333432674408,
        0.3333333432674408,
        0.3333333432674408,
        0.4166666567325592,
        0.5,
        0.4166666567325592,
        0.5,
        0.4166666567325592,
        0.3333333432674408,
        0.25,
        0.25,
        0.5,
        0.4166666567325592,
        0.5833333730697632,
        0.4166666567325592,
        0.3333333432674408,
        0.3333333432674408,
        0.5,
        0.5,
        0.5
    ],
    "epoch_times": [
        0.11221456527709961,
        0.14272713661193848,
        0.03870964050292969,
        0.03607535362243652,
        0.03671526908874512,
        0.03338742256164551,
        0.032006263732910156,
        0.03235650062561035,
        0.03203392028808594,
        0.03213620185852051,
        0.034234046936035156,
        0.03178811073303223,
        0.031722068786621094,
        0.035454750061035156,
        0.035886287689208984,
        0.03242301940917969,
        0.03032231330871582,
        0.030747175216674805,
        0.03000783920288086,
        0.03227424621582031,
        0.0296323299407959,
        0.028751373291015625,
        0.028842449188232422,
        0.028797626495361328,
        0.030124425888061523,
        0.029218435287475586,
        0.02914595603942871,
        0.02933645248413086,
        0.02929520606994629,
        0.028703689575195312,
        0.031061410903930664,
        0.03148031234741211,
        0.028584003448486328,
        0.029289960861206055,
        0.029279232025146484,
        0.029296159744262695,
        0.029704570770263672,
        0.029787778854370117,
        0.02884197235107422,
        0.029705047607421875,
        0.030974864959716797,
        0.029961824417114258,
        0.027869701385498047,
        0.0298464298248291,
        0.030119657516479492,
        0.030509471893310547,
        0.029749393463134766,
        0.029195785522460938,
        0.0309298038482666,
        0.0308229923248291,
        0.029782772064208984,
        0.028183460235595703
    ]
}