{
    "hyperparameters": {
        "activation": "gelu",
        "dropout_rate": 0.5838653996239,
        "hidden_units": 80,
        "learning_rate": 0.0181476853748,
        "num_layers": 3,
        "weight_decay": 0.0021383191933
    },
    "dataset_stats": {
        "name": "ArrowHead",
        "train_size": 49,
        "val_size": 12,
        "input_shape": [
            251,
            1
        ],
        "num_classes": 3
    },
    "epochs": 33,
    "train_loss": [
        1.3712821006774902,
        1.1605629920959473,
        1.2602814435958862,
        1.0201336145401,
        0.7575391530990601,
        0.6506138443946838,
        0.9268526434898376,
        0.7878708243370056,
        0.9550943374633789,
        0.9096364378929138,
        1.0267577171325684,
        0.9818980097770691,
        0.8358606100082397,
        0.7049979567527771,
        0.8225005269050598,
        0.8859624862670898,
        0.8245245218276978,
        0.8391978740692139,
        0.6982955932617188,
        0.7188060283660889,
        0.7069399952888489,
        0.7773857116699219,
        0.67667156457901,
        0.5961555242538452,
        0.5599051117897034,
        0.5018452405929565,
        0.6045565605163574,
        0.5447474122047424,
        0.48513007164001465,
        0.4569230377674103,
        0.4379352331161499,
        0.48697429895401,
        0.6024859547615051
    ],
    "val_loss": [
        1.1232250928878784,
        1.0428521633148193,
        0.7920477986335754,
        0.7720212936401367,
        1.150091528892517,
        1.3440440893173218,
        1.740667700767517,
        2.01713490486145,
        2.099318742752075,
        1.975286841392517,
        1.9924043416976929,
        1.7731962203979492,
        1.536286473274231,
        1.412356972694397,
        1.3378162384033203,
        1.3763160705566406,
        1.524405837059021,
        1.6544755697250366,
        1.6782594919204712,
        1.696714997291565,
        1.69157874584198,
        1.6552969217300415,
        1.554569125175476,
        1.480129599571228,
        1.4696167707443237,
        1.4904989004135132,
        1.548962950706482,
        1.6201437711715698,
        1.6964460611343384,
        1.6732507944107056,
        1.6088329553604126,
        1.514464259147644,
        1.4169937372207642,
        1.3552303314208984
    ],
    "train_accuracy": [
        0.2448979616165161,
        0.44897958636283875,
        0.40816327929496765,
        0.5306122303009033,
        0.6734693646430969,
        0.7142857313156128,
        0.6326530575752258,
        0.6326530575752258,
        0.6734693646430969,
        0.6530612111091614,
        0.6326530575752258,
        0.5714285969734192,
        0.6326530575752258,
        0.7142857313156128,
        0.6530612111091614,
        0.6326530575752258,
        0.7142857313156128,
        0.6530612111091614,
        0.7551020383834839,
        0.7142857313156128,
        0.6938775777816772,
        0.6938775777816772,
        0.6122449040412903,
        0.6734693646430969,
        0.7551020383834839,
        0.8163265585899353,
        0.7551020383834839,
        0.795918345451355,
        0.795918345451355,
        0.795918345451355,
        0.7755101919174194,
        0.8367347121238708,
        0.6938775777816772
    ],
    "val_accuracy": [
        0.1666666716337204,
        0.4166666567325592,
        0.6666666865348816,
        0.5,
        0.3333333432674408,
        0.4166666567325592,
        0.3333333432674408,
        0.4166666567325592,
        0.3333333432674408,
        0.3333333432674408,
        0.3333333432674408,
        0.3333333432674408,
        0.3333333432674408,
        0.3333333432674408,
        0.3333333432674408,
        0.3333333432674408,
        0.3333333432674408,
        0.3333333432674408,
        0.4166666567325592,
        0.3333333432674408,
        0.3333333432674408,
        0.3333333432674408,
        0.3333333432674408,
        0.4166666567325592,
        0.4166666567325592,
        0.4166666567325592,
        0.3333333432674408,
        0.4166666567325592,
        0.4166666567325592,
        0.5,
        0.4166666567325592,
        0.4166666567325592,
        0.5,
        0.5
    ],
    "epoch_times": [
        0.2236030101776123,
        0.026716947555541992,
        0.025235891342163086,
        0.025185108184814453,
        0.025220870971679688,
        0.02479100227355957,
        0.025339126586914062,
        0.025463104248046875,
        0.025510072708129883,
        0.024689197540283203,
        0.025171995162963867,
        0.02524113655090332,
        0.025168895721435547,
        0.02533102035522461,
        0.02541208267211914,
        0.02519392967224121,
        0.025131940841674805,
        0.025188207626342773,
        0.02557206153869629,
        0.02524733543395996,
        0.025265932083129883,
        0.025228023529052734,
        0.025218963623046875,
        0.024914264678955078,
        0.025163888931274414,
        0.02493906021118164,
        0.025304079055786133,
        0.025165081024169922,
        0.02485823631286621,
        0.02533125877380371,
        0.024863004684448242,
        0.024511098861694336,
        0.02617788314819336
    ]
}