{
    "hyperparameters": {
        "activation": "gelu",
        "dropout_rate": 0.4491025230086,
        "kernel_size": 6,
        "learning_rate": 0.0006814718561,
        "num_filters": 103,
        "num_layers": 2,
        "pooling": "average",
        "pooling_size": 1
    },
    "dataset_stats": {
        "name": "ChlorineConcentration",
        "train_size": 748,
        "val_size": 186,
        "input_shape": [
            1,
            166
        ],
        "num_classes": 3
    },
    "epochs": 37,
    "train_loss": [
        1.1816235780715942,
        1.0834450721740723,
        1.0398006439208984,
        1.0561704635620117,
        1.014033555984497,
        1.051977276802063,
        1.0138953924179077,
        1.0221457481384277,
        0.9902396202087402,
        1.0186320543289185,
        0.9719879627227783,
        1.0013532638549805,
        0.9840370416641235,
        0.9637176394462585,
        0.9914088845252991,
        0.9588137269020081,
        0.9618961811065674,
        0.9586259126663208,
        0.9490323066711426,
        0.9722084999084473,
        0.9479569792747498,
        0.9561888575553894,
        0.9356279969215393,
        0.9449089765548706,
        0.9341582655906677,
        0.9073711633682251,
        0.9129263162612915,
        0.8817184567451477,
        0.9043640494346619,
        0.9022544026374817,
        0.8892667293548584,
        0.9125216007232666,
        0.8954665064811707,
        0.9131700396537781,
        0.9013077616691589,
        0.8734015226364136,
        0.867865800857544
    ],
    "val_loss": [
        1.0849571228027344,
        1.0052013397216797,
        1.0400738716125488,
        1.007124423980713,
        1.012708306312561,
        1.0209108591079712,
        1.0018917322158813,
        0.9873387217521667,
        0.993622899055481,
        1.0145618915557861,
        1.0153027772903442,
        1.0240505933761597,
        1.0097169876098633,
        1.0082842111587524,
        1.0108987092971802,
        1.005545735359192,
        1.0137783288955688,
        1.015708088874817,
        1.0261774063110352,
        1.0181478261947632,
        1.0082119703292847,
        1.0260772705078125,
        1.0082464218139648,
        1.0264171361923218,
        1.013262152671814,
        1.0015395879745483,
        1.0161606073379517,
        1.0224665403366089,
        1.062186360359192,
        1.0086584091186523,
        1.0278022289276123,
        1.071616530418396,
        1.023638367652893,
        1.0439326763153076,
        1.0421191453933716,
        1.0432379245758057,
        1.0273048877716064,
        1.0384398698806763
    ],
    "train_accuracy": [
        0.45053476095199585,
        0.5160427689552307,
        0.5080214142799377,
        0.5240641832351685,
        0.5347593426704407,
        0.5267379879951477,
        0.529411792755127,
        0.5508021116256714,
        0.5414438247680664,
        0.5267379879951477,
        0.5681818127632141,
        0.5427807569503784,
        0.5454545617103577,
        0.5601603984832764,
        0.5574866533279419,
        0.5641711354255676,
        0.5467914342880249,
        0.5574866533279419,
        0.5788770318031311,
        0.5815507769584656,
        0.5574866533279419,
        0.5762032270431519,
        0.5788770318031311,
        0.5828877091407776,
        0.5815507769584656,
        0.5909090638160706,
        0.5975936055183411,
        0.5975936055183411,
        0.5909090638160706,
        0.6029411554336548,
        0.6042780876159668,
        0.5668449401855469,
        0.5815507769584656,
        0.5788770318031311,
        0.5868983864784241,
        0.6109625697135925,
        0.6042780876159668
    ],
    "val_accuracy": [
        0.359375,
        0.5645161271095276,
        0.5430107712745667,
        0.5645161271095276,
        0.5591397881507874,
        0.5322580933570862,
        0.5537634491920471,
        0.5591397881507874,
        0.5483871102333069,
        0.5483871102333069,
        0.5537634491920471,
        0.5,
        0.5268816947937012,
        0.5430107712745667,
        0.5537634491920471,
        0.5483871102333069,
        0.5430107712745667,
        0.5591397881507874,
        0.5430107712745667,
        0.5430107712745667,
        0.5483871102333069,
        0.5483871102333069,
        0.5537634491920471,
        0.5430107712745667,
        0.5645161271095276,
        0.5537634491920471,
        0.5537634491920471,
        0.5483871102333069,
        0.5053763389587402,
        0.5430107712745667,
        0.5537634491920471,
        0.49462366104125977,
        0.5430107712745667,
        0.5483871102333069,
        0.5645161271095276,
        0.5215053558349609,
        0.5430107712745667,
        0.5161290168762207
    ],
    "epoch_times": [
        0.520850419998169,
        0.21904301643371582,
        0.2135016918182373,
        0.21954965591430664,
        0.21431326866149902,
        0.21082448959350586,
        0.20140838623046875,
        0.22415399551391602,
        0.2212047576904297,
        0.20355844497680664,
        0.20786118507385254,
        0.2028341293334961,
        0.19138884544372559,
        0.18495726585388184,
        0.20936131477355957,
        0.21277642250061035,
        0.19684529304504395,
        0.21764469146728516,
        0.21934008598327637,
        0.23379135131835938,
        0.22914481163024902,
        0.2170403003692627,
        0.2306351661682129,
        0.2149357795715332,
        0.224595308303833,
        0.220045804977417,
        0.2128007411956787,
        0.1869363784790039,
        0.2190570831298828,
        0.21780014038085938,
        0.2202010154724121,
        0.2207655906677246,
        0.19950318336486816,
        0.16433024406433105,
        0.19531941413879395,
        0.21168851852416992,
        0.2207169532775879
    ]
}