{
    "hyperparameters": {
        "activation": "gelu",
        "dropout_rate": 0.0266100596626,
        "ff_dim": 593,
        "hidden_units": 126,
        "learning_rate": 0.000440311941,
        "num_heads": 2,
        "num_layers": 5,
        "pooling": "max",
        "weight_decay": 6.8724829e-05
    },
    "dataset_stats": {
        "name": "Adiac",
        "train_size": 312,
        "val_size": 78,
        "input_shape": [
            176,
            1
        ],
        "num_classes": 37
    },
    "epochs": 69,
    "train_loss": [
        3.6994991302490234,
        3.708559989929199,
        3.468357801437378,
        3.4951870441436768,
        3.377401113510132,
        2.677095413208008,
        2.7640674114227295,
        2.7518322467803955,
        2.3884894847869873,
        2.306727886199951,
        2.4999310970306396,
        2.2802822589874268,
        1.92435884475708,
        1.613694190979004,
        2.2682931423187256,
        2.0645453929901123,
        1.3615942001342773,
        1.2727361917495728,
        1.5936893224716187,
        1.594922661781311,
        1.7393722534179688,
        1.2651023864746094,
        1.2403169870376587,
        1.1792268753051758,
        1.133636474609375,
        1.3474246263504028,
        0.7772979140281677,
        0.9289975166320801,
        1.1339322328567505,
        0.7840365767478943,
        0.727584183216095,
        0.7933483719825745,
        0.6452421545982361,
        0.8199871182441711,
        0.6674280762672424,
        0.47865772247314453,
        0.555046558380127,
        0.37979015707969666,
        0.9117016196250916,
        0.5055049061775208,
        0.5868768095970154,
        0.5739074349403381,
        0.34174826741218567,
        0.19951337575912476,
        0.3342910706996918,
        0.24953822791576385,
        0.3981403410434723,
        0.3160605728626251,
        0.32689836621284485,
        0.16302603483200073,
        0.1994745135307312,
        0.19885055720806122,
        0.2876754403114319,
        0.16730886697769165,
        0.21194857358932495,
        0.11257052421569824,
        0.12385500222444534,
        0.1661142259836197,
        0.17542938888072968,
        0.22975397109985352,
        0.1421244889497757,
        0.19601130485534668,
        0.12659476697444916,
        0.25971415638923645,
        0.15454767644405365,
        0.12748311460018158,
        0.17187069356441498,
        0.19345705211162567,
        0.2069704532623291
    ],
    "val_loss": [
        4.073631286621094,
        3.7816619873046875,
        3.776191234588623,
        3.5863208770751953,
        3.560192823410034,
        3.2963404655456543,
        3.1292059421539307,
        3.065587282180786,
        2.866377115249634,
        2.8263697624206543,
        2.64677357673645,
        2.562281370162964,
        2.3256561756134033,
        2.2744927406311035,
        2.254979133605957,
        2.062415838241577,
        1.9725852012634277,
        1.9234442710876465,
        1.8624441623687744,
        1.8850966691970825,
        1.8424060344696045,
        1.9323660135269165,
        1.7242791652679443,
        1.721669316291809,
        1.6800196170806885,
        1.680224895477295,
        1.700763463973999,
        1.472861886024475,
        1.6178754568099976,
        1.422262191772461,
        1.4393022060394287,
        1.527862310409546,
        1.4308295249938965,
        1.5231590270996094,
        1.520526647567749,
        1.4350125789642334,
        1.295412540435791,
        1.345028042793274,
        1.3982137441635132,
        1.2797497510910034,
        1.4085569381713867,
        1.2990162372589111,
        1.519179105758667,
        1.2942659854888916,
        1.304324746131897,
        1.3779184818267822,
        1.3703713417053223,
        1.3578689098358154,
        1.3764917850494385,
        1.357325553894043,
        1.3467282056808472,
        1.3260866403579712,
        1.3623124361038208,
        1.4127799272537231,
        1.3158053159713745,
        1.3559081554412842,
        1.356472373008728,
        1.3631359338760376,
        1.387279748916626,
        1.379433512687683,
        1.3986148834228516,
        1.3998732566833496,
        1.3820812702178955,
        1.395338535308838,
        1.3748607635498047,
        1.3666188716888428,
        1.3758338689804077,
        1.383099913597107,
        1.3741834163665771,
        1.3717094659805298
    ],
    "train_accuracy": [
        0.0,
        0.0,
        0.125,
        0.0833333358168602,
        0.0416666679084301,
        0.375,
        0.25,
        0.1666666716337204,
        0.2916666865348816,
        0.5,
        0.375,
        0.3333333432674408,
        0.5,
        0.625,
        0.3333333432674408,
        0.3333333432674408,
        0.6666666865348816,
        0.6666666865348816,
        0.4583333432674408,
        0.5416666865348816,
        0.5416666865348816,
        0.75,
        0.6666666865348816,
        0.75,
        0.6666666865348816,
        0.7083333730697632,
        0.8333333730697632,
        0.8333333730697632,
        0.6666666865348816,
        0.7083333730697632,
        0.8333333730697632,
        0.8333333730697632,
        0.8333333730697632,
        0.75,
        0.7916666865348816,
        0.875,
        0.875,
        0.9166666865348816,
        0.7083333730697632,
        0.8333333730697632,
        0.8333333730697632,
        0.9166666865348816,
        1.0,
        1.0,
        0.9583333730697632,
        1.0,
        0.9166666865348816,
        0.9166666865348816,
        1.0,
        1.0,
        1.0,
        1.0,
        1.0,
        1.0,
        1.0,
        1.0,
        1.0,
        1.0,
        1.0,
        1.0,
        1.0,
        1.0,
        1.0,
        0.9583333730697632,
        0.9583333730697632,
        1.0,
        0.9583333730697632,
        1.0,
        0.9583333730697632
    ],
    "val_accuracy": [
        0.0625,
        0.03846153989434242,
        0.025641025975346565,
        0.05128205195069313,
        0.06410256773233414,
        0.05128205195069313,
        0.1666666716337204,
        0.20512820780277252,
        0.23076923191547394,
        0.19230769574642181,
        0.28205129504203796,
        0.3076923191547394,
        0.3076923191547394,
        0.29487180709838867,
        0.3076923191547394,
        0.43589743971824646,
        0.44871795177459717,
        0.44871795177459717,
        0.4743589758872986,
        0.5,
        0.5256410241127014,
        0.39743590354919434,
        0.5897436141967773,
        0.5641025900840759,
        0.4615384638309479,
        0.4871794879436493,
        0.5128205418586731,
        0.6282051205635071,
        0.5512820482254028,
        0.5897436141967773,
        0.6025640964508057,
        0.5897436141967773,
        0.6025640964508057,
        0.5641025900840759,
        0.5641025900840759,
        0.6025640964508057,
        0.6666666865348816,
        0.6666666865348816,
        0.6410256624221802,
        0.6282051205635071,
        0.6025640964508057,
        0.6410256624221802,
        0.6025640964508057,
        0.5897436141967773,
        0.6794871687889099,
        0.6666666865348816,
        0.6410256624221802,
        0.6666666865348816,
        0.6282051205635071,
        0.6666666865348816,
        0.6538461446762085,
        0.6666666865348816,
        0.6794871687889099,
        0.6282051205635071,
        0.692307710647583,
        0.6410256624221802,
        0.6538461446762085,
        0.6410256624221802,
        0.6538461446762085,
        0.6794871687889099,
        0.6410256624221802,
        0.6410256624221802,
        0.6410256624221802,
        0.6410256624221802,
        0.6666666865348816,
        0.6666666865348816,
        0.6794871687889099,
        0.6794871687889099,
        0.6666666865348816,
        0.6666666865348816
    ],