{
    "hyperparameters": {
        "activation": "gelu",
        "dropout_rate": 0.2766234918722,
        "ff_dim": 279,
        "hidden_units": 312,
        "learning_rate": 0.0004416842666,
        "num_heads": 8,
        "num_layers": 2,
        "pooling": "max",
        "weight_decay": 1.85418636e-05
    },
    "dataset_stats": {
        "name": "Beef",
        "train_size": 48,
        "val_size": 12,
        "input_shape": [
            470,
            1
        ],
        "num_classes": 5
    },
    "epochs": 40,
    "train_loss": [
        2.2361414432525635,
        2.3511383533477783,
        2.025447130203247,
        1.8016104698181152,
        1.742527723312378,
        1.8738409280776978,
        1.6846215724945068,
        1.635087013244629,
        1.613699197769165,
        1.4290415048599243,
        1.128796100616455,
        1.265527367591858,
        1.3307490348815918,
        1.0765788555145264,
        1.0540767908096313,
        1.4287497997283936,
        0.9770834445953369,
        0.7613694071769714,
        1.4716907739639282,
        0.9380255937576294,
        0.9551315307617188,
        0.7430446147918701,
        0.9015222787857056,
        0.897121250629425,
        0.9970892667770386,
        0.8588998913764954,
        0.7117311358451843,
        1.129997730255127,
        1.037408709526062,
        0.5846426486968994,
        0.5596185326576233,
        0.7144835591316223,
        0.7185386419296265,
        0.8098966479301453,
        0.6366250514984131,
        0.8282267451286316,
        0.762255072593689,
        0.62358158826828,
        0.8686080574989319,
        0.6700838804244995
    ],
    "val_loss": [
        2.0752713680267334,
        2.428068161010742,
        1.5821031332015991,
        1.5764899253845215,
        1.5297647714614868,
        1.5001574754714966,
        1.5973191261291504,
        1.668698787689209,
        1.7559137344360352,
        1.518086552619934,
        1.3955144882202148,
        1.685989499092102,
        2.103687286376953,
        1.8592175245285034,
        1.6407212018966675,
        1.852979302406311,
        1.9913153648376465,
        1.8490091562271118,
        1.7977598905563354,
        1.8494004011154175,
        1.9451484680175781,
        1.986388087272644,
        1.9125910997390747,
        1.865647315979004,
        1.8510502576828003,
        1.924369215965271,
        2.0061566829681396,
        2.0207221508026123,
        2.04213285446167,
        2.0222790241241455,
        2.006596565246582,
        1.9972306489944458,
        1.9988689422607422,
        2.025228977203369,
        2.034245729446411,
        2.023502826690674,
        2.0139029026031494,
        2.0010409355163574,
        1.994378924369812,
        1.9894214868545532,
        1.993209719657898
    ],
    "train_accuracy": [
        0.1875,
        0.1875,
        0.1875,
        0.3125,
        0.25,
        0.1875,
        0.3125,
        0.25,
        0.25,
        0.375,
        0.4375,
        0.4375,
        0.375,
        0.625,
        0.5625,
        0.4375,
        0.625,
        0.625,
        0.3125,
        0.625,
        0.6875,
        0.8125,
        0.6875,
        0.625,
        0.6875,
        0.6875,
        0.6875,
        0.5,
        0.5625,
        0.75,
        0.8125,
        0.6875,
        0.6875,
        0.5625,
        0.625,
        0.625,
        0.6875,
        0.75,
        0.625,
        0.75
    ],
    "val_accuracy": [
        0.25,
        0.1666666716337204,
        0.25,
        0.3333333432674408,
        0.3333333432674408,
        0.4166666567325592,
        0.4166666567325592,
        0.3333333432674408,
        0.25,
        0.4166666567325592,
        0.5,
        0.4166666567325592,
        0.25,
        0.4166666567325592,
        0.3333333432674408,
        0.3333333432674408,
        0.3333333432674408,
        0.25,
        0.3333333432674408,
        0.3333333432674408,
        0.4166666567325592,
        0.4166666567325592,
        0.4166666567325592,
        0.4166666567325592,
        0.4166666567325592,
        0.4166666567325592,
        0.4166666567325592,
        0.4166666567325592,
        0.4166666567325592,
        0.3333333432674408,
        0.3333333432674408,
        0.4166666567325592,
        0.4166666567325592,
        0.3333333432674408,
        0.3333333432674408,
        0.3333333432674408,
        0.3333333432674408,
        0.3333333432674408,
        0.3333333432674408,
        0.3333333432674408,
        0.3333333432674408
    ],
    "epoch_times": [
        0.08809828758239746,
        0.07384610176086426,
        0.07327389717102051,
        0.07404446601867676,
        0.07494997978210449,
        0.07408666610717773,
        0.0738520622253418,
        0.07414746284484863,
        0.07464981079101562,
        0.07415294647216797,
        0.07413816452026367,
        0.07445764541625977,
        0.07433795928955078,
        0.07392621040344238,
        0.07439899444580078,
        0.07457423210144043,
        0.0744619369506836,
        0.07420516014099121,
        0.09370779991149902,
        0.0773169994354248,
        0.0760037899017334,
        0.07612013816833496,
        0.07632684707641602,
        0.07574892044067383,
        0.07567524909973145,
        0.07575654983520508,
        0.07576155662536621,
        0.0760810375213623,
        0.07629513740539551,
        0.07547783851623535,
        0.07524418830871582,
        0.07576727867126465,
        0.07613205909729004,
        0.07718825340270996,
        0.07617425918579102,
        0.07595372200012207,
        0.07604312896728516,
        0.07559418678283691,
        0.07613635063171387,
        0.07563209533691406
    ]
}