{
    "hyperparameters": {
        "activation": "tanh",
        "dropout_rate": 0.4551930621924,
        "hidden_units": 90,
        "learning_rate": 0.0047599094492,
        "num_layers": 1,
        "weight_decay": 0.0016045496475
    },
    "dataset_stats": {
        "name": "Beef",
        "train_size": 44,
        "val_size": 11,
        "input_shape": [
            470,
            1
        ],
        "num_classes": 5
    },
    "epochs": 79,
    "train_loss": [
        1.707574486732483,
        1.1903904676437378,
        0.9582620859146118,
        0.8358874917030334,
        0.8255369663238525,
        0.889983594417572,
        0.7923780083656311,
        0.7220262885093689,
        0.7013034820556641,
        0.721930742263794,
        0.6604661345481873,
        0.6646018624305725,
        0.5948611497879028,
        0.6580805778503418,
        0.539567232131958,
        0.5557069778442383,
        0.564624011516571,
        0.5171404480934143,
        0.5453219413757324,
        0.5399547815322876,
        0.529334545135498,
        0.4872340261936188,
        0.46607962250709534,
        0.5059806108474731,
        0.48049795627593994,
        0.4345965087413788,
        0.5053055286407471,
        0.4726526141166687,
        0.4840594232082367,
        0.4552505612373352,
        0.43509018421173096,
        0.44413459300994873,
        0.521101176738739,
        0.42693087458610535,
        0.47687196731567383,
        0.4200069308280945,
        0.39358216524124146,
        0.4794146716594696,
        0.4478943645954132,
        0.4726535975933075,
        0.4477643668651581,
        0.45289281010627747,
        0.47665804624557495,
        0.45271942019462585,
        0.3771930932998657,
        0.3686029314994812,
        0.420006662607193,
        0.42668917775154114,
        0.4382348358631134,
        0.43327486515045166,
        0.41939985752105713,
        0.3257809579372406,
        0.38348865509033203,
        0.361194372177124,
        0.4392836391925812,
        0.3403888940811157,
        0.41297128796577454,
        0.3260168433189392,
        0.42667248845100403,
        0.32920780777931213,
        0.28222188353538513,
        0.36835405230522156,
        0.3044376075267792,
        0.33479297161102295,
        0.32456424832344055,
        0.29717332124710083,
        0.3531907796859741,
        0.35386061668395996,
        0.315944641828537,
        0.344767302274704,
        0.3638681173324585,
        0.3051043748855591,
        0.31937626004219055,
        0.31944820284843445,
        0.2963947355747223,
        0.2770010828971863,
        0.2870776355266571,
        0.30819937586784363,
        0.3938233554363251
    ],
    "val_loss": [
        1.6376316547393799,
        1.6522434949874878,
        1.6121646165847778,
        1.3676161766052246,
        1.1777548789978027,
        1.1049975156784058,
        1.0289771556854248,
        0.9974998235702515,
        0.9781948328018188,
        0.9846416115760803,
        0.9764455556869507,
        0.9665510654449463,
        0.9168817400932312,
        0.8799664974212646,
        0.8624287247657776,
        0.8510594964027405,
        0.8460291028022766,
        0.8484439849853516,
        0.8353644013404846,
        0.7979212403297424,
        0.7571513652801514,
        0.7393913865089417,
        0.7745940685272217,
        0.795976996421814,
        0.8232429623603821,
        0.9162020087242126,
        0.9524898529052734,
        0.8415162563323975,
        0.7553625106811523,
        0.7085790038108826,
        0.7109805941581726,
        0.7177845239639282,
        0.7213960289955139,
        0.7105745077133179,
        0.6842831969261169,
        0.6968010663986206,
        0.7333524823188782,
        0.7838571071624756,
        0.7979114651679993,
        0.7452449798583984,
        0.7026060223579407,
        0.6637160778045654,
        0.641765296459198,
        0.6234932541847229,
        0.6288071274757385,
        0.6462100148200989,
        0.6461122632026672,
        0.592663586139679,
        0.5701526999473572,
        0.5606765747070312,
        0.5775748491287231,
        0.6244036555290222,
        0.6919376254081726,
        0.7468063831329346,
        0.7758486270904541,
        0.8208493590354919,
        0.7917144894599915,
        0.6962352395057678,
        0.6879388689994812,
        0.7428063750267029,
        0.8172430396080017,
        0.8685827255249023,
        0.7637563347816467,
        0.7037966847419739,
        0.6650658249855042,
        0.6109850406646729,
        0.5924890041351318,
        0.6329619884490967,
        0.6883777976036072,
        0.716727614402771,
        0.7119311690330505,
        0.6837687492370605,
        0.6824191212654114,
        0.691738486289978,
        0.7078421115875244,
        0.7734035849571228,
        0.836388349533081,
        0.7948190569877625,
        0.7500904202461243,
        0.783421516418457
    ],
    "train_accuracy": [
        0.25,
        0.5681818127632141,
        0.6590909361839294,
        0.7272727489471436,
        0.7272727489471436,
        0.7045454382896423,
        0.7272727489471436,
        0.75,
        0.7045454382896423,
        0.7272727489471436,
        0.75,
        0.7727272510528564,
        0.7954545617103577,
        0.7272727489471436,
        0.7272727489471436,
        0.7272727489471436,
        0.75,
        0.7954545617103577,
        0.7272727489471436,
        0.7954545617103577,
        0.75,
        0.8409090638160706,
        0.8636363744735718,
        0.7954545617103577,
        0.7954545617103577,
        0.8181818127632141,
        0.7954545617103577,
        0.8181818127632141,
        0.7954545617103577,
        0.7727272510528564,
        0.8409090638160706,
        0.8181818127632141,
        0.7727272510528564,
        0.8409090638160706,
        0.7954545617103577,
        0.8636363744735718,
        0.8636363744735718,
        0.8181818127632141,
        0.8181818127632141,
        0.8863636255264282,
        0.8636363744735718,
        0.8409090638160706,
        0.8636363744735718,
        0.8181818127632141,
        0.8409090638160706,
        0.8636363744735718,
        0.7954545617103577,
        0.8181818127632141,
        0.8181818127632141,
        0.8181818127632141,
        0.7954545617103577,
        0.8409090638160706,
        0.8181818127632141,
        0.8409090638160706,
        0.7954545617103577,
        0.8636363744735718,
        0.8863636255264282,
        0.8636363744735718,
        0.8409090638160706,
        0.9090909361839294,
        0.9090909361839294,
        0.8409090638160706,
        0.9318181872367859,
        0.8409090638160706,
        0.8863636255264282,
        0.9090909361839294,
        0.7954545617103577,
        0.8636363744735718,
        0.8636363744735718,
        0.8409090638160706,
        0.8409090638160706,
        0.8409090638160706,
        0.9090909361839294,
        0.9090909361839294,
        0.8863636255264282,
        0.8863636255264282,
        0.9090909361839294,
        0.8863636255264282,
        0.7954545617103577
    ],