{
    "hyperparameters": {
        "activation": "gelu",
        "dropout_rate": 0.3942114959852,
        "hidden_units": 62,
        "learning_rate": 0.0147097048439,
        "num_layers": 4,
        "weight_decay": 0.009277897298
    },
    "dataset_stats": {
        "name": "BirdChicken",
        "train_size": 36,
        "val_size": 9,
        "input_shape": [
            512,
            1
        ],
        "num_classes": 2
    },
    "epochs": 68,
    "train_loss": [
        0.8601475358009338,
        0.724160373210907,
        0.5390511751174927,
        0.6575473546981812,
        0.5089680552482605,
        0.41933003067970276,
        0.5514209270477295,
        0.6176074147224426,
        0.47760650515556335,
        0.5744900107383728,
        0.6031259894371033,
        0.3026050329208374,
        0.2944486737251282,
        0.4444460868835449,
        0.5116743445396423,
        0.37886589765548706,
        0.5641177892684937,
        0.29178011417388916,
        0.37134259939193726,
        0.4371921122074127,
        0.4895615577697754,
        0.4433283507823944,
        0.4982661008834839,
        0.4007740020751953,
        0.345298707485199,
        0.42452728748321533,
        0.3785467743873596,
        0.33496493101119995,
        0.3869780898094177,
        0.16627070307731628,
        0.31492796540260315,
        0.26281824707984924,
        0.34650182723999023,
        0.34954774379730225,
        0.36745312809944153,
        0.38155311346054077,
        0.36302119493484497,
        0.4745914041996002,
        0.27959346771240234,
        0.549381673336029,
        0.44222891330718994,
        0.2769041657447815,
        0.40910637378692627,
        0.33508574962615967,
        0.3285152018070221,
        0.3711031377315521,
        0.3378017246723175,
        0.29057905077934265,
        0.2561717629432678,
        0.2630932331085205,
        0.34805452823638916,
        0.2974528670310974,
        0.2556624412536621,
        0.3253934383392334,
        0.324623703956604,
        0.2757619619369507,
        0.5175998210906982,
        0.34754684567451477,
        0.3954082727432251,
        0.3888215720653534,
        0.3034118413925171,
        0.33260372281074524,
        0.28391233086586,
        0.3400643765926361,
        0.4318395256996155,
        0.3774518072605133,
        0.42243748903274536,
        0.4549444019794464
    ],
    "val_loss": [
        0.6530784368515015,
        0.6227945685386658,
        0.6143473982810974,
        0.613915205001831,
        0.6103103756904602,
        0.5879785418510437,
        0.522729218006134,
        0.4675225615501404,
        0.3712815046310425,
        0.28933292627334595,
        0.2970842123031616,
        0.32449638843536377,
        0.35039961338043213,
        0.3360004425048828,
        0.33704856038093567,
        0.2834714651107788,
        0.2185264676809311,
        0.17674942314624786,
        0.15065604448318481,
        0.14679783582687378,
        0.153861865401268,
        0.13121859729290009,
        0.14094248414039612,
        0.1371690034866333,
        0.12656137347221375,
        0.14473408460617065,
        0.1355980634689331,
        0.13130253553390503,
        0.13227587938308716,
        0.12729120254516602,
        0.15278072655200958,
        0.16360165178775787,
        0.15421320497989655,
        0.15918487310409546,
        0.1704980731010437,
        0.14722654223442078,
        0.13121016323566437,
        0.10591236501932144,
        0.10360141843557358,
        0.11299213021993637,
        0.12346669286489487,
        0.14262883365154266,
        0.1667945235967636,
        0.17718316614627838,
        0.20923680067062378,
        0.23105090856552124,
        0.23957055807113647,
        0.23074358701705933,
        0.2026580423116684,
        0.15902547538280487,
        0.14053796231746674,
        0.13161230087280273,
        0.14997707307338715,
        0.15148915350437164,
        0.1424836665391922,
        0.16406449675559998,
        0.1766614317893982,
        0.1730949580669403,
        0.18922671675682068,
        0.18683332204818726,
        0.20054419338703156,
        0.19861505925655365,
        0.17951788008213043,
        0.161382794380188,
        0.15850093960762024,
        0.1739317774772644,
        0.19512708485126495,
        0.21241772174835205,
        0.26303040981292725
    ],
    "train_accuracy": [
        0.3888888955116272,
        0.5,
        0.6666666865348816,
        0.5277777910232544,
        0.6944444179534912,
        0.8055555820465088,
        0.7222222089767456,
        0.6388888955116272,
        0.8611111044883728,
        0.75,
        0.6666666865348816,
        0.9166666865348816,
        0.8333333134651184,
        0.7777777910232544,
        0.7222222089767456,
        0.8611111044883728,
        0.75,
        0.9166666865348816,
        0.8333333134651184,
        0.8055555820465088,
        0.8611111044883728,
        0.8055555820465088,
        0.75,
        0.8055555820465088,
        0.8333333134651184,
        0.8333333134651184,
        0.8611111044883728,
        0.9166666865348816,
        0.8055555820465088,
        0.9444444179534912,
        0.8611111044883728,
        0.9166666865348816,
        0.8888888955116272,
        0.8611111044883728,
        0.8055555820465088,
        0.8611111044883728,
        0.8888888955116272,
        0.8333333134651184,
        0.9166666865348816,
        0.75,
        0.8055555820465088,
        0.8888888955116272,
        0.8333333134651184,
        0.8055555820465088,
        0.8611111044883728,
        0.8333333134651184,
        0.8611111044883728,
        0.8611111044883728,
        0.9166666865348816,
        0.9444444179534912,
        0.8888888955116272,
        0.8611111044883728,
        0.9166666865348816,
        0.8611111044883728,
        0.7777777910232544,
        0.9166666865348816,
        0.7777777910232544,
        0.8888888955116272,
        0.8611111044883728,
        0.8333333134651184,
        0.8055555820465088,
        0.8888888955116272,
        0.8611111044883728,
        0.8611111044883728,
        0.8055555820465088,
        0.8055555820465088,
        0.8611111044883728,
        0.7777777910232544
    ],
    "val_accuracy": [
        0.8888888955116272,
        0.8888888955116272,
        0.8888888955116272,
        0.8888888955116272,
        0.8888888955116272,
        0.7777777910232544,
        0.7777777910232544,
        0.7777777910232544,
        0.8888888955116272,
        0.8888888955116272,
        0.8888888955116272,
        0.8888888955116272,
        0.8888888955116272,
        0.8888888955116272,
        0.8888888955116272,
        0.8888888955116272,
        0.8888888955116272,
        1.0,
        1.0,
        1.0,
        1.0,
        1.0,
        1.0,
        1.0,
        1.0,
        1.0,
        1.0,
        1.0,
        1.0,
        1.0,
        0.8888888955116272,
        0.8888888955116272,
        0.8888888955116272,
        0.8888888955116272,
        0.8888888955116272,
        0.8888888955116272,
        1.0,
        1.0,
        1.0,
        1.0,
        1.0,
        1.0,
        1.0,
        0.8888888955116272,
        0.8888888955116272,
        0.8888888955116272,
        0.8888888955116272,
        0.8888888955116272,
        0.8888888955116272,
        0.8888888955116272,
        1.0,
        1.0,
        0.8888888955116272,
        0.8888888955116272,
        1.0,
        1.0,
        0.8888888955116272,
        1.0,
        1.0,
        1.0,
        0.8888888955116272,
        0.8888888955116272,
        1.0,
        1.0,
        1.0,
        1.0,
        1.0,
        1.0,
        0.8888888955116272
    ],