{
    "hyperparameters": {
        "bidirectional": true,
        "dropout_rate": 0.3317814347294,
        "hidden_units": 74,
        "learning_rate": 0.0004795048671,
        "num_layers": 5,
        "output_activation": "sigmoid",
        "weight_decay": 0.0007841861635
    },
    "dataset_stats": {
        "name": "CinCECGTorso",
        "train_size": 52,
        "val_size": 13,
        "input_shape": [
            1639,
            1
        ],
        "num_classes": 4
    },
    "epochs": 31,
    "train_loss": [
        1.7550196647644043,
        1.4109838008880615,
        1.4078336954116821,
        1.421993374824524,
        1.3748005628585815,
        1.3388150930404663,
        1.3202900886535645,
        1.2482330799102783,
        1.4517275094985962,
        1.0895514488220215,
        1.3287447690963745,
        1.4864157438278198,
        1.1934125423431396,
        1.086696743965149,
        1.2527999877929688,
        1.2642499208450317,
        1.244234323501587,
        1.3368480205535889,
        1.239502191543579,
        1.1210894584655762,
        1.1678191423416138,
        1.2786871194839478,
        1.0513763427734375,
        1.4031682014465332,
        1.066625714302063,
        1.246711015701294,
        1.3093516826629639,
        1.121982455253601,
        1.192870020866394,
        1.166488528251648,
        1.2678099870681763
    ],
    "val_loss": [
        1.41715669631958,
        1.2767963409423828,
        1.3131073713302612,
        1.3571879863739014,
        1.403122067451477,
        1.4047863483428955,
        1.419105052947998,
        1.4444724321365356,
        1.4516857862472534,
        1.4527246952056885,
        1.4406867027282715,
        1.4278687238693237,
        1.4046980142593384,
        1.3847733736038208,
        1.374573826789856,
        1.3668097257614136,
        1.3615418672561646,
        1.3593547344207764,
        1.357909083366394,
        1.3556126356124878,
        1.3550447225570679,
        1.3552322387695312,
        1.3564707040786743,
        1.3577721118927002,
        1.3596566915512085,
        1.3611969947814941,
        1.36128830909729,
        1.362699270248413,
        1.3642592430114746,
        1.3652622699737549,
        1.3660508394241333,
        1.3667839765548706
    ],
    "train_accuracy": [
        0.03846153989434242,
        0.3461538553237915,
        0.38461539149284363,
        0.3461538553237915,
        0.3076923191547394,
        0.38461539149284363,
        0.38461539149284363,
        0.42307692766189575,
        0.3076923191547394,
        0.5384615659713745,
        0.3461538553237915,
        0.26923078298568726,
        0.38461539149284363,
        0.5,
        0.3076923191547394,
        0.3461538553237915,
        0.38461539149284363,
        0.38461539149284363,
        0.38461539149284363,
        0.5,
        0.42307692766189575,
        0.3461538553237915,
        0.46153849363327026,
        0.3076923191547394,
        0.6538462042808533,
        0.38461539149284363,
        0.5384615659713745,
        0.5,
        0.5384615659713745,
        0.5384615659713745,
        0.38461539149284363
    ],
    "val_accuracy": [
        0.23076924681663513,
        0.46153849363327026,
        0.46153849363327026,
        0.46153849363327026,
        0.46153849363327026,
        0.6153846383094788,
        0.5384615659713745,
        0.5384615659713745,
        0.46153849363327026,
        0.46153849363327026,
        0.5384615659713745,
        0.5384615659713745,
        0.5384615659713745,
        0.5384615659713745,
        0.6153846383094788,
        0.6153846383094788,
        0.6153846383094788,
        0.5384615659713745,
        0.5384615659713745,
        0.5384615659713745,
        0.5384615659713745,
        0.5384615659713745,
        0.5384615659713745,
        0.5384615659713745,
        0.5384615659713745,
        0.5384615659713745,
        0.5384615659713745,
        0.5384615659713745,
        0.5384615659713745,
        0.5384615659713745,
        0.5384615659713745,
        0.5384615659713745
    ],
    "epoch_times": [
        0.658860445022583,
        1.092500925064087,
        0.9992766380310059,
        1.0834357738494873,
        1.1575815677642822,
        1.1138179302215576,
        1.0734877586364746,
        1.1706020832061768,
        1.1628165245056152,
        1.0743820667266846,
        1.1939129829406738,
        1.107661485671997,
        1.0189833641052246,
        1.1190176010131836,
        1.177320957183838,
        1.074009656906128,
        1.1183574199676514,
        1.0658254623413086,
        1.0094563961029053,
        0.9296162128448486,
        0.9225063323974609,
        1.0962824821472168,
        1.0406930446624756,
        0.9309380054473877,
        1.1170709133148193,
        1.0622947216033936,
        0.923675537109375,
        1.0086874961853027,
        0.9977331161499023,
        1.1147537231445312,
        1.0875842571258545
    ]
}