{
    "hyperparameters": {
        "activation": "relu",
        "dropout_rate": 0.2018844291337,
        "ff_dim": 828,
        "hidden_units": 311,
        "learning_rate": 0.0001674501561,
        "num_heads": 5,
        "num_layers": 5,
        "pooling": "mean",
        "weight_decay": 2.63006347e-05
    },
    "dataset_stats": {
        "name": "Beef",
        "train_size": 48,
        "val_size": 12,
        "input_shape": [
            470,
            1
        ],
        "num_classes": 5
    },
    "epochs": 54,
    "train_loss": [
        3.040053129196167,
        2.702845811843872,
        1.750166893005371,
        1.7546504735946655,
        1.2640146017074585,
        1.600830316543579,
        1.4104290008544922,
        1.5610206127166748,
        1.7085473537445068,
        1.3688796758651733,
        1.4499081373214722,
        1.5075167417526245,
        1.3685489892959595,
        1.6436327695846558,
        1.308049201965332,
        1.3413310050964355,
        1.6762709617614746,
        1.3021842241287231,
        1.2976577281951904,
        0.9802252650260925,
        0.804994523525238,
        1.2084943056106567,
        1.264316201210022,
        0.9965989589691162,
        1.0108309984207153,
        0.8562893271446228,
        0.85834801197052,
        0.8752590417861938,
        1.1572355031967163,
        0.6923969388008118,
        0.9368100762367249,
        0.9421024322509766,
        1.2110481262207031,
        1.020716905593872,
        0.7617323398590088,
        0.9208855032920837,
        0.8423239588737488,
        0.5782973766326904,
        0.8393521904945374,
        0.9934696555137634,
        0.707258939743042,
        0.6796655654907227,
        0.6901330947875977,
        1.084980845451355,
        0.5353710055351257,
        0.9983498454093933,
        0.5629114508628845,
        0.8047854900360107,
        0.9634594321250916,
        0.7837071418762207,
        0.6140381097793579,
        0.7260328531265259,
        0.7713025808334351,
        0.8166886568069458
    ],
    "val_loss": [
        1.9829407930374146,
        3.6525800228118896,
        2.4456870555877686,
        1.7435308694839478,
        1.6204543113708496,
        2.143346071243286,
        1.9069722890853882,
        1.579611897468567,
        1.6387605667114258,
        1.778091311454773,
        2.0638222694396973,
        1.8111470937728882,
        1.6894358396530151,
        1.873715877532959,
        1.7761527299880981,
        1.596732497215271,
        1.5861592292785645,
        1.7542856931686401,
        2.216238498687744,
        2.3114778995513916,
        2.1400222778320312,
        1.8699727058410645,
        1.6774002313613892,
        1.5830140113830566,
        1.5686370134353638,
        1.598473072052002,
        1.697625994682312,
        1.805716633796692,
        1.8937493562698364,
        1.9240221977233887,
        1.9825348854064941,
        2.0186069011688232,
        1.9989031553268433,
        1.9789031744003296,
        1.9533443450927734,
        1.941331386566162,
        1.927341341972351,
        1.91441810131073,
        1.9103189706802368,
        1.9030534029006958,
        1.919256567955017,
        1.9420987367630005,
        1.975759506225586,
        1.987719178199768,
        2.004117250442505,
        2.0181705951690674,
        2.0354208946228027,
        2.0573151111602783,
        2.0698657035827637,
        2.0743470191955566,
        2.076634645462036,
        2.078511953353882,
        2.080439329147339,
        2.0809011459350586,
        2.083526134490967
    ],
    "train_accuracy": [
        0.1875,
        0.3125,
        0.25,
        0.3125,
        0.4375,
        0.375,
        0.4375,
        0.375,
        0.375,
        0.375,
        0.5625,
        0.3125,
        0.25,
        0.3125,
        0.4375,
        0.25,
        0.375,
        0.4375,
        0.5,
        0.5,
        0.6875,
        0.4375,
        0.4375,
        0.4375,
        0.625,
        0.75,
        0.625,
        0.6875,
        0.4375,
        0.75,
        0.5625,
        0.5,
        0.375,
        0.625,
        0.5625,
        0.5,
        0.625,
        0.75,
        0.6875,
        0.5,
        0.8125,
        0.6875,
        0.625,
        0.5,
        0.8125,
        0.5625,
        0.6875,
        0.6875,
        0.5625,
        0.625,
        0.6875,
        0.625,
        0.6875,
        0.6875
    ],
    "val_accuracy": [
        0.4166666567325592,
        0.1666666716337204,
        0.25,
        0.1666666716337204,
        0.5,
        0.25,
        0.3333333432674408,
        0.5,
        0.4166666567325592,
        0.3333333432674408,
        0.3333333432674408,
        0.4166666567325592,
        0.4166666567325592,
        0.3333333432674408,
        0.3333333432674408,
        0.4166666567325592,
        0.5,
        0.4166666567325592,
        0.3333333432674408,
        0.3333333432674408,
        0.3333333432674408,
        0.4166666567325592,
        0.5,
        0.4166666567325592,
        0.4166666567325592,
        0.4166666567325592,
        0.5,
        0.4166666567325592,
        0.4166666567325592,
        0.4166666567325592,
        0.4166666567325592,
        0.4166666567325592,
        0.4166666567325592,
        0.4166666567325592,
        0.4166666567325592,
        0.4166666567325592,
        0.4166666567325592,
        0.4166666567325592,
        0.4166666567325592,
        0.4166666567325592,
        0.4166666567325592,
        0.4166666567325592,
        0.4166666567325592,
        0.4166666567325592,
        0.4166666567325592,
        0.4166666567325592,
        0.4166666567325592,
        0.4166666567325592,
        0.4166666567325592,
        0.4166666567325592,
        0.4166666567325592,
        0.4166666567325592,
        0.4166666567325592,
        0.4166666567325592,
        0.4166666567325592
    ],
    "epoch_times": [
        0.2340385913848877,
        0.18326425552368164,
        0.18370437622070312,
        0.18444466590881348,
        0.18463611602783203,
        0.18411493301391602,
        0.1831068992614746,
        0.1848299503326416,
        0.18521475791931152,
        0.18655800819396973,
        0.1845722198486328,
        0.18420982360839844,
        0.18425989151000977,
        0.18584775924682617,
        0.18439507484436035,
        0.1832561492919922,
        0.1845235824584961,
        0.1846456527709961,
        0.187835693359375,
        0.18416643142700195,
        0.18406319618225098,
        0.18422222137451172,
        0.18410515785217285,
        0.18434834480285645,
        0.18349027633666992,
        0.18523311614990234,
        0.18354129791259766,
        0.18359637260437012,
        0.18404054641723633,
        0.18322157859802246,
        0.1844778060913086,
        0.18428635597229004,
        0.18439364433288574,
        0.18589258193969727,
        0.18471121788024902,
        0.18400144577026367,
        0.18631362915039062,
        0.18467354774475098,
        0.18485474586486816,
        0.18416309356689453,
        0.18416285514831543,
        0.18391203880310059,
        0.18583130836486816,
        0.18378925323486328,
        0.1840991973876953,
        0.18412184715270996,
        0.1848766803741455,
        0.18377304077148438,
        0.18352675437927246,
        0.18567347526550293,
        0.18355345726013184,
        0.18384432792663574,
        0.1846458911895752,
        0.1877598762512207
    ]
}