{
    "hyperparameters": {
        "activation": "relu",
        "dropout_rate": 0.218584331441,
        "ff_dim": 683,
        "hidden_units": 202,
        "learning_rate": 0.0002079150577,
        "num_heads": 6,
        "num_layers": 5,
        "pooling": "mean",
        "weight_decay": 9.99230179e-05
    },
    "dataset_stats": {
        "name": "CBF",
        "train_size": 48,
        "val_size": 12,
        "input_shape": [
            128,
            1
        ],
        "num_classes": 3
    },
    "epochs": 42,
    "train_loss": [
        3.6603643894195557,
        1.6365877389907837,
        1.812022089958191,
        1.9282089471817017,
        1.1366298198699951,
        0.9265555143356323,
        1.3549495935440063,
        1.2596206665039062,
        1.1215602159500122,
        0.982820987701416,
        1.0953000783920288,
        0.7724040746688843,
        0.7516379952430725,
        0.8094478249549866,
        0.6383863687515259,
        0.5280979871749878,
        0.8361175060272217,
        0.484996497631073,
        0.5110632181167603,
        0.36665692925453186,
        0.6721798181533813,
        0.35165417194366455,
        0.4873691499233246,
        0.427643358707428,
        0.36409103870391846,
        0.563850462436676,
        0.3247666656970978,
        0.37143826484680176,
        0.28014275431632996,
        0.6457771062850952,
        0.42170366644859314,
        0.28843387961387634,
        0.4032079577445984,
        0.6438869833946228,
        0.13164713978767395,
        0.3660675287246704,
        0.43421462178230286,
        0.33603939414024353,
        0.24802227318286896,
        0.38765233755111694,
        0.18613338470458984,
        0.31743890047073364
    ],
    "val_loss": [
        1.3153613805770874,
        3.1949522495269775,
        1.1184037923812866,
        1.7825183868408203,
        1.2423778772354126,
        1.1892133951187134,
        1.275371789932251,
        1.0571926832199097,
        1.0768979787826538,
        1.086876630783081,
        0.980402410030365,
        0.9957818984985352,
        0.9558050036430359,
        0.9587131142616272,
        1.0969715118408203,
        1.0618669986724854,
        1.4603075981140137,
        1.4327141046524048,
        1.7574577331542969,
        1.8150657415390015,
        1.7269939184188843,
        1.729666829109192,
        2.064347982406616,
        1.969309687614441,
        1.9901396036148071,
        2.1322739124298096,
        2.2457058429718018,
        2.213759422302246,
        2.2762293815612793,
        2.3541505336761475,
        2.311124324798584,
        2.376610040664673,
        2.4068443775177,
        2.4331037998199463,
        2.436058282852173,
        2.38920521736145,
        2.3365042209625244,
        2.354323148727417,
        2.37487530708313,
        2.3735620975494385,
        2.354362964630127,
        2.3248636722564697,
        2.2844631671905518
    ],
    "train_accuracy": [
        0.25,
        0.3125,
        0.3125,
        0.3125,
        0.3125,
        0.5625,
        0.375,
        0.375,
        0.5,
        0.5,
        0.625,
        0.6875,
        0.5,
        0.5625,
        0.6875,
        0.8125,
        0.4375,
        0.8125,
        0.875,
        0.8125,
        0.625,
        0.875,
        0.6875,
        0.8125,
        0.8125,
        0.625,
        0.875,
        0.9375,
        0.875,
        0.75,
        0.8125,
        0.9375,
        0.8125,
        0.625,
        1.0,
        0.875,
        0.8125,
        0.875,
        0.875,
        0.875,
        0.9375,
        0.875
    ],
    "val_accuracy": [
        0.4166666567325592,
        0.3333333432674408,
        0.5,
        0.4166666567325592,
        0.4166666567325592,
        0.4166666567325592,
        0.25,
        0.4166666567325592,
        0.5833333730697632,
        0.5833333730697632,
        0.75,
        0.6666666865348816,
        0.6666666865348816,
        0.6666666865348816,
        0.5833333730697632,
        0.5833333730697632,
        0.5833333730697632,
        0.6666666865348816,
        0.5833333730697632,
        0.5833333730697632,
        0.6666666865348816,
        0.6666666865348816,
        0.6666666865348816,
        0.6666666865348816,
        0.75,
        0.6666666865348816,
        0.6666666865348816,
        0.6666666865348816,
        0.5833333730697632,
        0.5833333730697632,
        0.6666666865348816,
        0.6666666865348816,
        0.6666666865348816,
        0.6666666865348816,
        0.6666666865348816,
        0.6666666865348816,
        0.6666666865348816,
        0.6666666865348816,
        0.6666666865348816,
        0.6666666865348816,
        0.6666666865348816,
        0.6666666865348816,
        0.75
    ],
    "epoch_times": [
        0.13629436492919922,
        0.05232429504394531,
        0.04305601119995117,
        0.053568363189697266,
        0.04520416259765625,
        0.04571270942687988,
        0.05286383628845215,
        0.04587125778198242,
        0.05356597900390625,
        0.044760704040527344,
        0.04605531692504883,
        0.043267011642456055,
        0.05261373519897461,
        0.048911094665527344,
        0.049811363220214844,
        0.050148963928222656,
        0.04359936714172363,
        0.045052289962768555,
        0.04905200004577637,
        0.05916023254394531,
        0.07503890991210938,
        0.08370852470397949,
        0.0824880599975586,
        0.08893895149230957,
        0.08054804801940918,
        0.0859365463256836,
        0.08140301704406738,
        0.08054447174072266,
        0.07985067367553711,
        0.06719112396240234,
        0.08436751365661621,
        0.08918285369873047,
        0.0609591007232666,
        0.06974220275878906,
        0.08410978317260742,
        0.08034682273864746,
        0.08091306686401367,
        0.08242249488830566,
        0.07980728149414062,
        0.08091425895690918,
        0.08163738250732422,
        0.08310770988464355
    ]
}