{
    "hyperparameters": {
        "activation": "gelu",
        "dropout_rate": 0.3999965833688,
        "hidden_units": 75,
        "learning_rate": 0.0020630353888,
        "num_layers": 2,
        "weight_decay": 0.002937073895
    },
    "dataset_stats": {
        "name": "BeetleFly",
        "train_size": 36,
        "val_size": 9,
        "input_shape": [
            512,
            1
        ],
        "num_classes": 2
    },
    "epochs": 57,
    "train_loss": [
        0.7447652816772461,
        0.48475387692451477,
        0.48742029070854187,
        0.3716502785682678,
        0.39305436611175537,
        0.4529712498188019,
        0.3593917191028595,
        0.38018766045570374,
        0.3730520009994507,
        0.29881346225738525,
        0.32938095927238464,
        0.2887382507324219,
        0.2799520194530487,
        0.26876962184906006,
        0.2740345299243927,
        0.19717851281166077,
        0.2360263168811798,
        0.23047955334186554,
        0.19356539845466614,
        0.24907898902893066,
        0.1975323110818863,
        0.1498236060142517,
        0.18510141968727112,
        0.1166413202881813,
        0.22264501452445984,
        0.22783637046813965,
        0.11863654106855392,
        0.1157110258936882,
        0.13228854537010193,
        0.14595168828964233,
        0.21683114767074585,
        0.12386935204267502,
        0.14312076568603516,
        0.15619277954101562,
        0.15395218133926392,
        0.10428999364376068,
        0.136674702167511,
        0.1595039963722229,
        0.13496805727481842,
        0.11873868107795715,
        0.15955610573291779,
        0.0831236019730568,
        0.17519354820251465,
        0.17514586448669434,
        0.09986241906881332,
        0.16574931144714355,
        0.061271701008081436,
        0.15418800711631775,
        0.06957635283470154,
        0.10312667489051819,
        0.17912128567695618,
        0.11171618103981018,
        0.09431877732276917,
        0.10480662435293198,
        0.11597636342048645,
        0.04735005274415016,
        0.08992951363325119
    ],
    "val_loss": [
        0.6757013201713562,
        0.651703953742981,
        0.6379643678665161,
        0.6447427868843079,
        0.6508703827857971,
        0.6442831158638,
        0.6281993389129639,
        0.6091783046722412,
        0.5846014022827148,
        0.5676301717758179,
        0.5429821610450745,
        0.5379502773284912,
        0.5396551489830017,
        0.5191968083381653,
        0.5176861882209778,
        0.5257335305213928,
        0.5230369567871094,
        0.5391638875007629,
        0.5258180499076843,
        0.51985102891922,
        0.5138816833496094,
        0.4914364218711853,
        0.48157453536987305,
        0.4762561619281769,
        0.47504985332489014,
        0.4665319621562958,
        0.4550535976886749,
        0.452291339635849,
        0.46125125885009766,
        0.4722250699996948,
        0.4697719216346741,
        0.47897398471832275,
        0.4953124225139618,
        0.5239154100418091,
        0.5576919913291931,
        0.5992976427078247,
        0.6072877645492554,
        0.6707729697227478,
        0.6867201328277588,
        0.6321980357170105,
        0.6079415082931519,
        0.6301695108413696,
        0.617282509803772,
        0.6024702787399292,
        0.6104061603546143,
        0.6160650849342346,
        0.6120123267173767,
        0.609527587890625,
        0.6145490407943726,
        0.6168292164802551,
        0.6219797730445862,
        0.6280476450920105,
        0.6278159022331238,
        0.6314860582351685,
        0.6283535957336426,
        0.6162318587303162,
        0.6178886294364929,
        0.6347530484199524
    ],
    "train_accuracy": [
        0.5555555820465088,
        0.75,
        0.75,
        0.8888888955116272,
        0.8333333134651184,
        0.8055555820465088,
        0.8611111044883728,
        0.8611111044883728,
        0.8611111044883728,
        0.8888888955116272,
        0.9166666865348816,
        0.9166666865348816,
        0.8888888955116272,
        0.9722222089767456,
        0.9166666865348816,
        1.0,
        0.8888888955116272,
        0.9444444179534912,
        0.9722222089767456,
        0.9444444179534912,
        0.9722222089767456,
        1.0,
        1.0,
        1.0,
        0.9722222089767456,
        0.9166666865348816,
        0.9722222089767456,
        1.0,
        1.0,
        1.0,
        0.9444444179534912,
        1.0,
        0.9722222089767456,
        0.9722222089767456,
        0.9722222089767456,
        0.9722222089767456,
        0.9444444179534912,
        0.9444444179534912,
        1.0,
        1.0,
        0.9444444179534912,
        1.0,
        0.9444444179534912,
        0.9722222089767456,
        1.0,
        0.9444444179534912,
        1.0,
        0.9444444179534912,
        1.0,
        0.9722222089767456,
        0.9722222089767456,
        0.9722222089767456,
        1.0,
        0.9722222089767456,
        0.9722222089767456,
        1.0,
        0.9722222089767456
    ],
    "val_accuracy": [
        0.7777777910232544,
        0.7777777910232544,
        0.6666666865348816,
        0.6666666865348816,
        0.6666666865348816,
        0.6666666865348816,
        0.6666666865348816,
        0.6666666865348816,
        0.7777777910232544,
        0.7777777910232544,
        0.8888888955116272,
        0.8888888955116272,
        0.8888888955116272,
        0.8888888955116272,
        0.8888888955116272,
        0.8888888955116272,
        0.8888888955116272,
        0.8888888955116272,
        0.8888888955116272,
        0.8888888955116272,
        0.8888888955116272,
        0.8888888955116272,
        0.8888888955116272,
        0.8888888955116272,
        0.8888888955116272,
        0.8888888955116272,
        0.8888888955116272,
        0.8888888955116272,
        0.8888888955116272,
        0.8888888955116272,
        0.8888888955116272,
        0.8888888955116272,
        0.8888888955116272,
        0.7777777910232544,
        0.7777777910232544,
        0.7777777910232544,
        0.7777777910232544,
        0.7777777910232544,
        0.7777777910232544,
        0.7777777910232544,
        0.7777777910232544,
        0.7777777910232544,
        0.7777777910232544,
        0.8888888955116272,
        0.7777777910232544,
        0.7777777910232544,
        0.8888888955116272,
        0.8888888955116272,
        0.8888888955116272,
        0.8888888955116272,
        0.8888888955116272,
        0.8888888955116272,
        0.8888888955116272,
        0.8888888955116272,
        0.8888888955116272,
        0.8888888955116272,
        0.8888888955116272,
        0.8888888955116272
    ],