{
    "hyperparameters": {
        "activation": "tanh",
        "dropout_rate": 0.3951925165896,
        "hidden_units": 21,
        "learning_rate": 0.0057584761905,
        "num_layers": 4,
        "weight_decay": 0.0038866593358
    },
    "dataset_stats": {
        "name": "Beef",
        "train_size": 44,
        "val_size": 11,
        "input_shape": [
            470,
            1
        ],
        "num_classes": 5
    },
    "epochs": 66,
    "train_loss": [
        2.0140738487243652,
        1.7280337810516357,
        1.7582005262374878,
        1.855294108390808,
        1.63408625125885,
        1.5091979503631592,
        1.328823208808899,
        1.54637610912323,
        1.4057564735412598,
        1.2584176063537598,
        1.2415639162063599,
        1.3067421913146973,
        1.1308445930480957,
        1.1088985204696655,
        1.1387581825256348,
        1.0752121210098267,
        1.021976113319397,
        0.9495267271995544,
        0.891872763633728,
        0.9543516039848328,
        1.0278924703598022,
        0.9325284361839294,
        0.7465168237686157,
        0.7929613590240479,
        0.7996963858604431,
        0.8779653906822205,
        0.7835752367973328,
        0.7612375617027283,
        0.8246427178382874,
        0.7127165198326111,
        0.7069763541221619,
        0.6939836144447327,
        0.7245681285858154,
        0.7305070757865906,
        0.7454784512519836,
        0.7846385836601257,
        0.6750875115394592,
        0.750190019607544,
        0.7250043749809265,
        0.6440168023109436,
        0.7373151779174805,
        0.7076502442359924,
        0.6824479699134827,
        0.6723306179046631,
        0.6090606451034546,
        0.5953391790390015,
        0.7012167572975159,
        0.6870014667510986,
        0.7033394575119019,
        0.6451111435890198,
        0.5855758786201477,
        0.614953875541687,
        0.6954152584075928,
        0.5625793933868408,
        0.6321888566017151,
        0.9985119104385376,
        0.7101710438728333,
        0.6729194521903992,
        0.6242194175720215,
        0.6969039440155029,
        0.5870290398597717,
        0.6766016483306885,
        0.6412508487701416,
        0.6894147396087646,
        0.6005734801292419,
        0.702217698097229
    ],
    "val_loss": [
        1.6533600091934204,
        1.6199649572372437,
        1.5893250703811646,
        1.5745161771774292,
        1.552796483039856,
        1.5220222473144531,
        1.495590329170227,
        1.46123468875885,
        1.4278935194015503,
        1.4011127948760986,
        1.392885684967041,
        1.3846739530563354,
        1.3866349458694458,
        1.3489446640014648,
        1.329567790031433,
        1.2937369346618652,
        1.2278084754943848,
        1.2042372226715088,
        1.1649104356765747,
        1.1320929527282715,
        1.1126760244369507,
        1.0433459281921387,
        1.0015418529510498,
        0.9824399948120117,
        0.952454149723053,
        0.9119778275489807,
        0.9020235538482666,
        0.8947214484214783,
        0.8726549744606018,
        0.8909562826156616,
        0.8778682351112366,
        0.8878864645957947,
        0.8673420548439026,
        0.8524932265281677,
        0.8401620388031006,
        0.8320659399032593,
        0.8287220597267151,
        0.8302308917045593,
        0.8363291025161743,
        0.8354141712188721,
        0.8361544013023376,
        0.8355502486228943,
        0.8350372314453125,
        0.8355550169944763,
        0.8315077424049377,
        0.8336725831031799,
        0.8332028985023499,
        0.846910834312439,
        0.8566680550575256,
        0.8538771271705627,
        0.8587930202484131,
        0.8619410991668701,
        0.8563019037246704,
        0.8719695806503296,
        0.8860107660293579,
        0.9002637267112732,
        0.896323561668396,
        0.8812172412872314,
        0.8727847933769226,
        0.8810279369354248,
        0.8681311011314392,
        0.8547573089599609,
        0.8508838415145874,
        0.8437719941139221,
        0.8419530391693115,
        0.8413631916046143,
        0.8401251435279846
    ],
    "train_accuracy": [
        0.09090909361839294,
        0.15909090638160706,
        0.20454545319080353,
        0.27272728085517883,
        0.27272728085517883,
        0.3863636255264282,
        0.47727271914482117,
        0.2954545319080353,
        0.3863636255264282,
        0.47727271914482117,
        0.47727271914482117,
        0.5681818127632141,
        0.5909090638160706,
        0.5454545617103577,
        0.5454545617103577,
        0.5454545617103577,
        0.5454545617103577,
        0.6136363744735718,
        0.5909090638160706,
        0.5909090638160706,
        0.5909090638160706,
        0.6818181872367859,
        0.75,
        0.7272727489471436,
        0.6363636255264282,
        0.6590909361839294,
        0.6590909361839294,
        0.7272727489471436,
        0.6818181872367859,
        0.6818181872367859,
        0.6818181872367859,
        0.7045454382896423,
        0.6818181872367859,
        0.6590909361839294,
        0.6590909361839294,
        0.6363636255264282,
        0.6590909361839294,
        0.6590909361839294,
        0.6590909361839294,
        0.6363636255264282,
        0.6818181872367859,
        0.6818181872367859,
        0.6818181872367859,
        0.7045454382896423,
        0.6590909361839294,
        0.7272727489471436,
        0.6818181872367859,
        0.75,
        0.6363636255264282,
        0.75,
        0.7727272510528564,
        0.7272727489471436,
        0.7727272510528564,
        0.7272727489471436,
        0.7045454382896423,
        0.75,
        0.6818181872367859,
        0.7272727489471436,
        0.7727272510528564,
        0.6590909361839294,
        0.7954545617103577,
        0.6818181872367859,
        0.7727272510528564,
        0.6590909361839294,
        0.7045454382896423,
        0.6818181872367859
    ],
    "val_accuracy": [
        0.1818181872367859,
        0.27272728085517883,
        0.27272728085517883,
        0.27272728085517883,
        0.3636363744735718,
        0.4545454680919647,
        0.27272728085517883,
        0.1818181872367859,
        0.27272728085517883,
        0.27272728085517883,
        0.27272728085517883,
        0.27272728085517883,
        0.27272728085517883,
        0.4545454680919647,
        0.4545454680919647,
        0.4545454680919647,
        0.4545454680919647,
        0.4545454680919647,
        0.4545454680919647,
        0.4545454680919647,
        0.4545454680919647,
        0.4545454680919647,
        0.4545454680919647,
        0.5454545617103577,
        0.5454545617103577,
        0.5454545617103577,
        0.4545454680919647,
        0.4545454680919647,
        0.4545454680919647,
        0.4545454680919647,
        0.4545454680919647,
        0.5454545617103577,
        0.5454545617103577,
        0.5454545617103577,
        0.5454545617103577,
        0.5454545617103577,
        0.5454545617103577,
        0.4545454680919647,
        0.4545454680919647,
        0.4545454680919647,
        0.5454545617103577,
        0.5454545617103577,
        0.5454545617103577,
        0.5454545617103577,
        0.5454545617103577,
        0.5454545617103577,
        0.5454545617103577,
        0.5454545617103577,
        0.5454545617103577,
        0.5454545617103577,
        0.5454545617103577,
        0.5454545617103577,
        0.4545454680919647,
        0.4545454680919647,
        0.4545454680919647,
        0.4545454680919647,
        0.4545454680919647,
        0.4545454680919647,
        0.4545454680919647,
        0.4545454680919647,
        0.4545454680919647,
        0.4545454680919647,
        0.4545454680919647,
        0.4545454680919647,
        0.4545454680919647,
        0.4545454680919647,
        0.4545454680919647
    ],