{
    "hyperparameters": {
        "activation": "gelu",
        "dropout_rate": 0.2830115084066,
        "ff_dim": 880,
        "hidden_units": 148,
        "learning_rate": 4.31873011e-05,
        "num_heads": 4,
        "num_layers": 3,
        "pooling": "mean",
        "weight_decay": 9.47975004e-05
    },
    "dataset_stats": {
        "name": "ChlorineConcentration",
        "train_size": 374,
        "val_size": 93,
        "input_shape": [
            166,
            1
        ],
        "num_classes": 3
    },
    "epochs": 38,
    "train_loss": [
        1.0900901556015015,
        1.1712651252746582,
        0.9439287781715393,
        0.902087390422821,
        0.980354368686676,
        1.0253005027770996,
        1.0006011724472046,
        1.0976123809814453,
        0.9102396368980408,
        0.9398906826972961,
        1.3562945127487183,
        1.0738930702209473,
        0.8467511534690857,
        1.070343017578125,
        1.1310982704162598,
        1.1394537687301636,
        1.136525273323059,
        1.0502830743789673,
        1.309643030166626,
        1.0470958948135376,
        0.9063717126846313,
        0.999786913394928,
        0.9629969000816345,
        1.164361834526062,
        0.8769944906234741,
        1.115645170211792,
        0.9842159152030945,
        0.9555829763412476,
        1.002197504043579,
        0.9982755184173584,
        0.7230818271636963,
        1.053388237953186,
        0.9980660080909729,
        0.8232216238975525,
        1.1775366067886353,
        1.051215648651123,
        0.9831764698028564,
        1.1638844013214111
    ],
    "val_loss": [
        2.127124786376953,
        0.9786655902862549,
        0.9449533224105835,
        0.9677913784980774,
        0.9647314548492432,
        0.9485929608345032,
        0.9568625092506409,
        0.9494717717170715,
        0.941353440284729,
        0.9529534578323364,
        0.9469965696334839,
        0.9889055490493774,
        0.9490482211112976,
        0.9470434784889221,
        0.9497770667076111,
        0.9475598335266113,
        0.9499289989471436,
        0.9427388310432434,
        0.9452818036079407,
        0.9587860703468323,
        0.9570510983467102,
        0.9498744606971741,
        0.9492515921592712,
        0.9452663660049438,
        0.9462149739265442,
        0.949578583240509,
        0.943520188331604,
        0.9413482546806335,
        0.9404503703117371,
        0.9436053037643433,
        0.9456138014793396,
        0.9450127482414246,
        0.9451119899749756,
        0.9463983178138733,
        0.9482879638671875,
        0.9479328393936157,
        0.9486735463142395,
        0.9482484459877014,
        0.9478299617767334
    ],
    "train_accuracy": [
        0.5909091234207153,
        0.5,
        0.4545454680919647,
        0.6818181872367859,
        0.5,
        0.5,
        0.5454545617103577,
        0.3181818127632141,
        0.6363636255264282,
        0.6363636255264282,
        0.4545454680919647,
        0.3636363744735718,
        0.6818181872367859,
        0.4545454680919647,
        0.5454545617103577,
        0.5,
        0.3636363744735718,
        0.5,
        0.3181818127632141,
        0.4545454680919647,
        0.5,
        0.5,
        0.5454545617103577,
        0.3636363744735718,
        0.6363636255264282,
        0.4545454680919647,
        0.5454545617103577,
        0.5454545617103577,
        0.5,
        0.5,
        0.7727273106575012,
        0.5,
        0.5,
        0.5909091234207153,
        0.40909093618392944,
        0.3636363744735718,
        0.5909091234207153,
        0.3181818127632141
    ],
    "val_accuracy": [
        0.21875,
        0.602150559425354,
        0.602150559425354,
        0.602150559425354,
        0.602150559425354,
        0.602150559425354,
        0.602150559425354,
        0.602150559425354,
        0.602150559425354,
        0.602150559425354,
        0.602150559425354,
        0.602150559425354,
        0.5913978219032288,
        0.602150559425354,
        0.602150559425354,
        0.602150559425354,
        0.602150559425354,
        0.602150559425354,
        0.602150559425354,
        0.602150559425354,
        0.602150559425354,
        0.602150559425354,
        0.602150559425354,
        0.602150559425354,
        0.602150559425354,
        0.602150559425354,
        0.602150559425354,
        0.602150559425354,
        0.602150559425354,
        0.602150559425354,
        0.602150559425354,
        0.602150559425354,
        0.602150559425354,
        0.602150559425354,
        0.602150559425354,
        0.602150559425354,
        0.602150559425354,
        0.602150559425354,
        0.602150559425354
    ],
    "epoch_times": [
        0.3840627670288086,
        0.24860811233520508,
        0.2889719009399414,
        0.2772965431213379,
        0.27419567108154297,
        0.31055307388305664,
        0.3027069568634033,
        0.29842138290405273,
        0.2976827621459961,
        0.3054513931274414,
        0.25377464294433594,
        0.21852922439575195,
        0.2693052291870117,
        0.2935769557952881,
        0.2934384346008301,
        0.30141186714172363,
        0.30219221115112305,
        0.30948591232299805,
        0.3009152412414551,
        0.3045384883880615,
        0.28275513648986816,
        0.3054037094116211,
        0.28964805603027344,
        0.27135610580444336,
        0.28510403633117676,
        0.26221799850463867,
        0.2582111358642578,
        0.2984142303466797,
        0.2913937568664551,
        0.28017735481262207,
        0.26210832595825195,
        0.272627592086792,
        0.27199316024780273,
        0.29212355613708496,
        0.29561567306518555,
        0.30410003662109375,
        0.27973389625549316,
        0.28460144996643066
    ]
}