{
    "hyperparameters": {
        "activation": "relu",
        "dropout_rate": 0.5695104557121,
        "hidden_units": 37,
        "learning_rate": 0.0046430066869,
        "num_layers": 2,
        "weight_decay": 0.0030227788652
    },
    "dataset_stats": {
        "name": "ArrowHead",
        "train_size": 49,
        "val_size": 12,
        "input_shape": [
            251,
            1
        ],
        "num_classes": 3
    },
    "epochs": 54,
    "train_loss": [
        1.4692796468734741,
        1.4218037128448486,
        1.002517819404602,
        0.9162954092025757,
        1.011069655418396,
        0.9380888938903809,
        0.8865932822227478,
        1.0084326267242432,
        0.8647518754005432,
        0.881626546382904,
        0.8621721267700195,
        0.7738298773765564,
        0.6765396595001221,
        0.7706934809684753,
        0.7848886251449585,
        0.709165632724762,
        0.8075234293937683,
        0.8184357285499573,
        0.7659924626350403,
        0.6369976997375488,
        0.6788373589515686,
        0.5815831422805786,
        0.6952321529388428,
        0.6026466488838196,
        0.6848927736282349,
        0.6491729021072388,
        0.64274662733078,
        0.6295086145401001,
        0.7000075578689575,
        0.5821767449378967,
        0.6450161933898926,
        0.515120804309845,
        0.5075756311416626,
        0.5068210959434509,
        0.4732093811035156,
        0.5573825240135193,
        0.5044201612472534,
        0.45142707228660583,
        0.4876722991466522,
        0.3881382942199707,
        0.4426518976688385,
        0.5534337759017944,
        0.4172404110431671,
        0.5127449631690979,
        0.517918586730957,
        0.44567957520484924,
        0.4361362159252167,
        0.538231372833252,
        0.40031954646110535,
        0.495229572057724,
        0.4874533414840698,
        0.43342146277427673,
        0.49845466017723083,
        0.36302873492240906
    ],
    "val_loss": [
        1.153572678565979,
        1.1596342325210571,
        1.1667402982711792,
        1.141358494758606,
        1.115495204925537,
        1.0922743082046509,
        1.0633193254470825,
        1.033288598060608,
        1.0362330675125122,
        1.0427626371383667,
        1.0396217107772827,
        1.0608373880386353,
        1.0512510538101196,
        1.0770357847213745,
        1.0860873460769653,
        1.0667294263839722,
        1.0532885789871216,
        1.0461400747299194,
        1.0717724561691284,
        1.0510040521621704,
        1.041925072669983,
        1.0173839330673218,
        1.0164556503295898,
        0.9963449835777283,
        0.9871982932090759,
        1.0111898183822632,
        1.032752513885498,
        1.0338225364685059,
        1.0647612810134888,
        1.1010762453079224,
        1.1332629919052124,
        1.1466320753097534,
        1.2211650609970093,
        1.2288836240768433,
        1.225969672203064,
        1.2390735149383545,
        1.2451729774475098,
        1.3021808862686157,
        1.3741264343261719,
        1.4209219217300415,
        1.3789952993392944,
        1.418218731880188,
        1.4293009042739868,
        1.448953628540039,
        1.4326094388961792,
        1.4103256464004517,
        1.3867387771606445,
        1.3918694257736206,
        1.4209378957748413,
        1.4961715936660767,
        1.4776735305786133,
        1.5552210807800293,
        1.6110588312149048,
        1.6696857213974,
        1.6461505889892578
    ],
    "train_accuracy": [
        0.18367347121238708,
        0.26530611515045166,
        0.5510203838348389,
        0.5102040767669678,
        0.4693877696990967,
        0.5714285969734192,
        0.5714285969734192,
        0.5306122303009033,
        0.6326530575752258,
        0.5918367505073547,
        0.5714285969734192,
        0.6122449040412903,
        0.7346938848495483,
        0.6326530575752258,
        0.6326530575752258,
        0.7346938848495483,
        0.6938775777816772,
        0.5306122303009033,
        0.6122449040412903,
        0.7551020383834839,
        0.7755101919174194,
        0.8163265585899353,
        0.6734693646430969,
        0.7755101919174194,
        0.7142857313156128,
        0.7346938848495483,
        0.6938775777816772,
        0.7142857313156128,
        0.7551020383834839,
        0.6530612111091614,
        0.7346938848495483,
        0.8571428656578064,
        0.7551020383834839,
        0.795918345451355,
        0.8775510191917419,
        0.7551020383834839,
        0.795918345451355,
        0.7346938848495483,
        0.8163265585899353,
        0.918367326259613,
        0.795918345451355,
        0.7755101919174194,
        0.8775510191917419,
        0.795918345451355,
        0.7755101919174194,
        0.8367347121238708,
        0.8367347121238708,
        0.7551020383834839,
        0.8163265585899353,
        0.7551020383834839,
        0.8367347121238708,
        0.795918345451355,
        0.795918345451355,
        0.8775510191917419
    ],
    "val_accuracy": [
        0.1666666716337204,
        0.25,
        0.25,
        0.25,
        0.25,
        0.3333333432674408,
        0.4166666567325592,
        0.5,
        0.5,
        0.5,
        0.5833333134651184,
        0.5833333134651184,
        0.5,
        0.5,
        0.5,
        0.5,
        0.4166666567325592,
        0.4166666567325592,
        0.4166666567325592,
        0.4166666567325592,
        0.4166666567325592,
        0.4166666567325592,
        0.5,
        0.5833333134651184,
        0.5833333134651184,
        0.5833333134651184,
        0.5,
        0.5833333134651184,
        0.5,
        0.5,
        0.4166666567325592,
        0.4166666567325592,
        0.4166666567325592,
        0.4166666567325592,
        0.4166666567325592,
        0.4166666567325592,
        0.4166666567325592,
        0.5,
        0.4166666567325592,
        0.4166666567325592,
        0.4166666567325592,
        0.4166666567325592,
        0.4166666567325592,
        0.3333333432674408,
        0.4166666567325592,
        0.4166666567325592,
        0.5,
        0.5833333134651184,
        0.4166666567325592,
        0.4166666567325592,
        0.5,
        0.5,
        0.4166666567325592,
        0.4166666567325592,
        0.4166666567325592
    ],
    "epoch_times": [
        0.8535418510437012,
        0.026086091995239258,
        0.023392915725708008,
        0.02373194694519043,
        0.024127960205078125,
        0.033674001693725586,
        0.031314849853515625,
        0.026207923889160156,
        0.02930903434753418,
        0.023541927337646484,
        0.023571014404296875,
        0.023932218551635742,
        0.023871898651123047,
        0.023253679275512695,
        0.023801803588867188,
        0.02421283721923828,
        0.02383899688720703,
        0.039047956466674805,
        0.03145408630371094,
        0.023951292037963867,
        0.02333211898803711,
        0.023733854293823242,
        0.023890018463134766,
        0.023384809494018555,
        0.025187253952026367,
        0.02402806282043457,
        0.023339033126831055,
        0.02375197410583496,
        0.023714065551757812,
        0.023626089096069336,
        0.023331165313720703,
        0.023820161819458008,
        0.023665904998779297,
        0.02413201332092285,
        0.023530960083007812,
        0.02407693862915039,
        0.02330613136291504,
        0.023653030395507812,
        0.023221969604492188,
        0.023202180862426758,
        0.02341294288635254,
        0.023955821990966797,
        0.023523807525634766,
        0.023373126983642578,
        0.02377605438232422,
        0.02346968650817871,
        0.023470640182495117,
        0.02318120002746582,
        0.02300715446472168,
        0.023363113403320312,
        0.0242311954498291,
        0.02382516860961914,
        0.02303624153137207,
        0.023627042770385742
    ]
}