{
    "hyperparameters": {
        "activation": "gelu",
        "dropout_rate": 0.1133272744406,
        "hidden_units": 35,
        "learning_rate": 0.0002197923583,
        "num_layers": 1,
        "weight_decay": 0.0092726817141
    },
    "dataset_stats": {
        "name": "BirdChicken",
        "train_size": 36,
        "val_size": 9,
        "input_shape": [
            512,
            1
        ],
        "num_classes": 2
    },
    "epochs": 31,
    "train_loss": [
        0.7239560484886169,
        0.6512557864189148,
        0.6116510629653931,
        0.5932090282440186,
        0.49908939003944397,
        0.5238890051841736,
        0.5356777310371399,
        0.497373104095459,
        0.4505355656147003,
        0.5414159297943115,
        0.4711296260356903,
        0.5121434330940247,
        0.48786306381225586,
        0.49310070276260376,
        0.46833598613739014,
        0.4746721088886261,
        0.41146475076675415,
        0.42729127407073975,
        0.4628039598464966,
        0.4696882963180542,
        0.361545592546463,
        0.38767632842063904,
        0.3991537392139435,
        0.3957194983959198,
        0.42630472779273987,
        0.39530980587005615,
        0.3690476715564728,
        0.3968736231327057,
        0.3687487244606018,
        0.3903235197067261,
        0.40336287021636963
    ],
    "val_loss": [
        0.7175739407539368,
        0.7232776880264282,
        0.7334301471710205,
        0.7399485111236572,
        0.7448155283927917,
        0.7436631321907043,
        0.7406195402145386,
        0.7410167455673218,
        0.7430186867713928,
        0.7425280809402466,
        0.7424105405807495,
        0.7345163822174072,
        0.7347280979156494,
        0.7359439134597778,
        0.7424639463424683,
        0.75126051902771,
        0.7554535269737244,
        0.7530596256256104,
        0.7628857493400574,
        0.7648266553878784,
        0.773361325263977,
        0.782179594039917,
        0.779854416847229,
        0.783913791179657,
        0.7791610360145569,
        0.7913085222244263,
        0.8015161156654358,
        0.8012472987174988,
        0.8241356015205383,
        0.8232960104942322,
        0.8408769965171814,
        0.8404467105865479
    ],
    "train_accuracy": [
        0.5,
        0.6111111044883728,
        0.7222222089767456,
        0.75,
        0.7777777910232544,
        0.7777777910232544,
        0.75,
        0.8055555820465088,
        0.8888888955116272,
        0.75,
        0.8055555820465088,
        0.75,
        0.8055555820465088,
        0.7777777910232544,
        0.8055555820465088,
        0.7222222089767456,
        0.8333333134651184,
        0.8333333134651184,
        0.7777777910232544,
        0.7777777910232544,
        0.9722222089767456,
        0.8888888955116272,
        0.9444444179534912,
        0.9166666865348816,
        0.8333333134651184,
        0.8888888955116272,
        0.9166666865348816,
        0.8611111044883728,
        0.9166666865348816,
        0.8333333134651184,
        0.7777777910232544
    ],
    "val_accuracy": [
        0.4444444477558136,
        0.5555555820465088,
        0.5555555820465088,
        0.5555555820465088,
        0.5555555820465088,
        0.5555555820465088,
        0.5555555820465088,
        0.5555555820465088,
        0.4444444477558136,
        0.4444444477558136,
        0.4444444477558136,
        0.4444444477558136,
        0.4444444477558136,
        0.4444444477558136,
        0.4444444477558136,
        0.4444444477558136,
        0.4444444477558136,
        0.4444444477558136,
        0.4444444477558136,
        0.5555555820465088,
        0.5555555820465088,
        0.5555555820465088,
        0.5555555820465088,
        0.5555555820465088,
        0.5555555820465088,
        0.4444444477558136,
        0.4444444477558136,
        0.5555555820465088,
        0.5555555820465088,
        0.5555555820465088,
        0.4444444477558136,
        0.4444444477558136
    ],
    "epoch_times": [
        0.004755258560180664,
        0.0049228668212890625,
        0.007476091384887695,
        0.005099058151245117,
        0.0054242610931396484,
        0.0051288604736328125,
        0.00456690788269043,
        0.004470109939575195,
        0.004563331604003906,
        0.004528999328613281,
        0.004389762878417969,
        0.005118846893310547,
        0.005331993103027344,
        0.004456043243408203,
        0.004491090774536133,
        0.004548072814941406,
        0.004640817642211914,
        0.005126237869262695,
        0.004570960998535156,
        0.004494190216064453,
        0.004598855972290039,
        0.005279064178466797,
        0.004751920700073242,
        0.004621982574462891,
        0.00532984733581543,
        0.004646778106689453,
        0.005445003509521484,
        0.0049321651458740234,
        0.004698991775512695,
        0.005068778991699219,
        0.004493236541748047
    ]
}