{
    "hyperparameters": {
        "activation": "relu",
        "dropout_rate": 0.3487547477708,
        "kernel_size": 3,
        "learning_rate": 0.0003022979891,
        "num_filters": 80,
        "num_layers": 1,
        "pooling": "max",
        "pooling_size": 1
    },
    "dataset_stats": {
        "name": "ArrowHead",
        "train_size": 58,
        "val_size": 14,
        "input_shape": [
            1,
            251
        ],
        "num_classes": 3
    },
    "epochs": 49,
    "train_loss": [
        1.3195103406906128,
        1.0262718200683594,
        0.8820480108261108,
        0.9012176990509033,
        0.739693284034729,
        0.723087728023529,
        0.6438610553741455,
        0.6159490346908569,
        0.6162940859794617,
        0.5851744413375854,
        0.5936866998672485,
        0.483144074678421,
        0.5049247145652771,
        0.4895358979701996,
        0.4960266947746277,
        0.4662831425666809,
        0.5208591818809509,
        0.4606799781322479,
        0.42971888184547424,
        0.4498581290245056,
        0.39883536100387573,
        0.38027718663215637,
        0.40224069356918335,
        0.40377405285835266,
        0.39407414197921753,
        0.38292834162712097,
        0.4064249098300934,
        0.3217179477214813,
        0.31331661343574524,
        0.3940027058124542,
        0.33887332677841187,
        0.3262062072753906,
        0.3635035455226898,
        0.32210856676101685,
        0.3142169713973999,
        0.3038286864757538,
        0.3011699914932251,
        0.2626749277114868,
        0.28930187225341797,
        0.2918397784233093,
        0.2737790048122406,
        0.29846975207328796,
        0.2510310411453247,
        0.25582656264305115,
        0.32531699538230896,
        0.23579485714435577,
        0.29488056898117065,
        0.23858900368213654,
        0.24051636457443237
    ],
    "val_loss": [
        1.0909955501556396,
        1.0826019048690796,
        1.0754003524780273,
        1.0644237995147705,
        1.052135705947876,
        1.0400152206420898,
        1.026222825050354,
        1.0104827880859375,
        0.9939945340156555,
        0.9800345301628113,
        0.9669486880302429,
        0.953984260559082,
        0.9430872201919556,
        0.9329584240913391,
        0.9248778223991394,
        0.9198890328407288,
        0.9199901223182678,
        0.9193735718727112,
        0.9177745580673218,
        0.9171144366264343,
        0.9173244833946228,
        0.9223427176475525,
        0.9360451102256775,
        0.9508428573608398,
        0.9602524638175964,
        0.9650017619132996,
        0.9586825966835022,
        0.9566301703453064,
        0.9504565000534058,
        0.9431663155555725,
        0.9449451565742493,
        0.9526365995407104,
        0.96773761510849,
        0.9737499356269836,
        0.9773300886154175,
        0.9878961443901062,
        1.0003913640975952,
        1.002914309501648,
        1.0029939413070679,
        0.9878799319267273,
        0.9763345718383789,
        0.9720620512962341,
        0.9708465337753296,
        0.9786956906318665,
        0.9933373332023621,
        1.0103578567504883,
        1.010949969291687,
        1.0025646686553955,
        1.0112520456314087,
        1.0198720693588257
    ],
    "train_accuracy": [
        0.3103448152542114,
        0.5,
        0.6206896305084229,
        0.6034482717514038,
        0.7413793206214905,
        0.6551724076271057,
        0.8103448152542114,
        0.7931034564971924,
        0.8103448152542114,
        0.8103448152542114,
        0.8275862336158752,
        0.8793103694915771,
        0.8448275923728943,
        0.8620689511299133,
        0.8965517282485962,
        0.8620689511299133,
        0.8103448152542114,
        0.8793103694915771,
        0.931034505367279,
        0.8793103694915771,
        0.8620689511299133,
        0.931034505367279,
        0.8793103694915771,
        0.8793103694915771,
        0.9482758641242981,
        0.8965517282485962,
        0.8448275923728943,
        0.931034505367279,
        0.9482758641242981,
        0.9137930870056152,
        0.982758641242981,
        0.9482758641242981,
        0.931034505367279,
        0.9482758641242981,
        0.931034505367279,
        0.9482758641242981,
        0.931034505367279,
        0.9655172228813171,
        0.9482758641242981,
        0.931034505367279,
        0.9482758641242981,
        0.9482758641242981,
        1.0,
        0.982758641242981,
        0.9137930870056152,
        0.982758641242981,
        0.931034505367279,
        0.9655172228813171,
        1.0
    ],
    "val_accuracy": [
        0.4285714626312256,
        0.4285714626312256,
        0.5,
        0.5,
        0.6428571939468384,
        0.6428571939468384,
        0.6428571939468384,
        0.5714285969734192,
        0.5714285969734192,
        0.5714285969734192,
        0.5714285969734192,
        0.5714285969734192,
        0.5,
        0.6428571939468384,
        0.6428571939468384,
        0.6428571939468384,
        0.6428571939468384,
        0.6428571939468384,
        0.6428571939468384,
        0.6428571939468384,
        0.6428571939468384,
        0.6428571939468384,
        0.6428571939468384,
        0.6428571939468384,
        0.6428571939468384,
        0.6428571939468384,
        0.6428571939468384,
        0.5714285969734192,
        0.6428571939468384,
        0.6428571939468384,
        0.6428571939468384,
        0.6428571939468384,
        0.5,
        0.5,
        0.5714285969734192,
        0.5714285969734192,
        0.5714285969734192,
        0.5,
        0.5,
        0.5714285969734192,
        0.6428571939468384,
        0.6428571939468384,
        0.6428571939468384,
        0.6428571939468384,
        0.5714285969734192,
        0.5714285969734192,
        0.5714285969734192,
        0.6428571939468384,
        0.6428571939468384,
        0.6428571939468384
    ],
    "epoch_times": [
        0.2820777893066406,
        0.02169966697692871,
        0.02065896987915039,
        0.021094322204589844,
        0.018681049346923828,
        0.0229032039642334,
        0.022704124450683594,
        0.017935514450073242,
        0.01730799674987793,
        0.017917871475219727,
        0.02368330955505371,
        0.017405271530151367,
        0.017069101333618164,
        0.017547607421875,
        0.017757415771484375,
        0.0191953182220459,
        0.021576881408691406,
        0.021688461303710938,
        0.022563457489013672,
        0.023352384567260742,
        0.02399921417236328,
        0.021976709365844727,
        0.022176265716552734,
        0.021635770797729492,
        0.021956443786621094,
        0.02210378646850586,
        0.022221088409423828,
        0.022350072860717773,
        0.020772218704223633,
        0.020722150802612305,
        0.020832538604736328,
        0.02255558967590332,
        0.02328968048095703,
        0.021913528442382812,
        0.021972179412841797,
        0.02255868911743164,
        0.021103858947753906,
        0.02082991600036621,
        0.02088642120361328,
        0.020709514617919922,
        0.021785974502563477,
        0.020886659622192383,
        0.02354145050048828,
        0.022993087768554688,
        0.02294301986694336,
        0.02331233024597168,
        0.023875713348388672,
        0.02355647087097168,
        0.0231475830078125
    ]
}