{
    "hyperparameters": {
        "bidirectional": false,
        "dropout_rate": 0.1631339704956,
        "hidden_units": 48,
        "learning_rate": 8.55665264e-05,
        "num_layers": 2,
        "output_activation": "linear",
        "weight_decay": 0.0005137104373
    },
    "dataset_stats": {
        "name": "classification_ozone",
        "train_size": 85,
        "val_size": 21,
        "input_shape": [
            1201,
            1
        ],
        "num_classes": 2
    },
    "epochs": 31,
    "train_loss": [
        0.8191046714782715,
        0.7683253288269043,
        0.7322108745574951,
        0.6743876338005066,
        0.7614642381668091,
        0.7168313264846802,
        0.7211458683013916,
        0.725557804107666,
        0.7654838562011719,
        0.6542001962661743,
        0.7368155121803284,
        0.7190936803817749,
        0.784778892993927,
        0.6868401765823364,
        0.7642537951469421,
        0.7942407727241516,
        0.7568104267120361,
        0.7168291211128235,
        0.72768235206604,
        0.817714512348175,
        0.6818878650665283,
        0.652066707611084,
        0.8713518977165222,
        0.6427293419837952,
        0.8291642069816589,
        0.7423604130744934,
        0.7814388275146484,
        0.7592024803161621,
        0.7203941345214844,
        0.7343287467956543,
        0.7286211848258972
    ],
    "val_loss": [
        0.6655458211898804,
        0.6927552223205566,
        0.7068524360656738,
        0.7134018540382385,
        0.7105856537818909,
        0.7069418430328369,
        0.7088503837585449,
        0.7074647545814514,
        0.704642117023468,
        0.7046216130256653,
        0.7055953741073608,
        0.7092549204826355,
        0.7139649391174316,
        0.7197756767272949,
        0.7217716574668884,
        0.7239250540733337,
        0.7245660424232483,
        0.7234370112419128,
        0.7223917841911316,
        0.7210196852684021,
        0.7202871441841125,
        0.7194133400917053,
        0.7186564207077026,
        0.7176971435546875,
        0.7166457772254944,
        0.7157154083251953,
        0.7151974439620972,
        0.7150116562843323,
        0.7146762013435364,
        0.7145282030105591,
        0.7145047187805176,
        0.7144769430160522
    ],
    "train_accuracy": [
        0.4285714328289032,
        0.4761904776096344,
        0.4761904776096344,
        0.5714285969734192,
        0.4761904776096344,
        0.6190476417541504,
        0.523809552192688,
        0.4761904776096344,
        0.4285714328289032,
        0.6190476417541504,
        0.4761904776096344,
        0.5714285969734192,
        0.4761904776096344,
        0.5714285969734192,
        0.4761904776096344,
        0.2380952388048172,
        0.5714285969734192,
        0.523809552192688,
        0.5714285969734192,
        0.4285714328289032,
        0.5714285969734192,
        0.6190476417541504,
        0.3333333432674408,
        0.5714285969734192,
        0.4285714328289032,
        0.523809552192688,
        0.380952388048172,
        0.4761904776096344,
        0.523809552192688,
        0.523809552192688,
        0.4761904776096344
    ],
    "val_accuracy": [
        0.6190476417541504,
        0.4285714328289032,
        0.380952388048172,
        0.3333333432674408,
        0.2857142984867096,
        0.380952388048172,
        0.3333333432674408,
        0.4285714328289032,
        0.4761904776096344,
        0.4285714328289032,
        0.4285714328289032,
        0.2857142984867096,
        0.2857142984867096,
        0.2857142984867096,
        0.3333333432674408,
        0.3333333432674408,
        0.3333333432674408,
        0.3333333432674408,
        0.3333333432674408,
        0.3333333432674408,
        0.3333333432674408,
        0.2857142984867096,
        0.2857142984867096,
        0.2857142984867096,
        0.2857142984867096,
        0.2857142984867096,
        0.2857142984867096,
        0.2857142984867096,
        0.2857142984867096,
        0.2857142984867096,
        0.2857142984867096,
        0.3333333432674408
    ],
    "epoch_times": [
        0.6331334114074707,
        0.9435760974884033,
        0.9802517890930176,
        1.1405107975006104,
        1.1033005714416504,
        0.803870439529419,
        1.0470170974731445,
        1.1478147506713867,
        1.1831119060516357,
        1.353318691253662,
        1.0415279865264893,
        0.8800616264343262,
        0.9876103401184082,
        1.0332489013671875,
        1.0423316955566406,
        1.0848493576049805,
        1.3263185024261475,
        1.2743792533874512,
        1.2480731010437012,
        0.9618072509765625,
        1.1059279441833496,
        0.963716983795166,
        0.8481950759887695,
        1.3185029029846191,
        0.9427978992462158,
        1.0487632751464844,
        0.9204936027526855,
        0.9266726970672607,
        1.1342120170593262,
        1.0709514617919922,
        1.0009129047393799
    ]
}