{
    "hyperparameters": {
        "activation": "gelu",
        "dropout_rate": 0.1909034723157,
        "ff_dim": 962,
        "hidden_units": 194,
        "learning_rate": 0.0005101409637,
        "num_heads": 6,
        "num_layers": 6,
        "pooling": "mean",
        "weight_decay": 6.5419984e-05
    },
    "dataset_stats": {
        "name": "ArrowHead",
        "train_size": 58,
        "val_size": 14,
        "input_shape": [
            251,
            1
        ],
        "num_classes": 3
    },
    "epochs": 36,
    "train_loss": [
        4.9218854904174805,
        1.1327848434448242,
        1.6183050870895386,
        1.430452823638916,
        1.37205171585083,
        1.4036228656768799,
        1.190543293952942,
        1.1423332691192627,
        1.2142586708068848,
        1.0115768909454346,
        0.9682426452636719,
        1.0150376558303833,
        1.0747150182724,
        0.9209828972816467,
        0.9489676356315613,
        0.8530279994010925,
        1.033990740776062,
        0.8585382103919983,
        0.9216506481170654,
        0.7567163109779358,
        0.6022641062736511,
        0.8061391115188599,
        0.856727659702301,
        0.5862233638763428,
        0.7736467123031616,
        0.7529177069664001,
        0.7642044425010681,
        0.8126726746559143,
        0.6867820024490356,
        0.7963858842849731,
        0.7859789729118347,
        0.5215198993682861,
        0.591148316860199,
        0.7685608267784119,
        0.5179656744003296,
        0.6677138805389404
    ],
    "val_loss": [
        1.4614019393920898,
        2.497072458267212,
        1.8230243921279907,
        1.1415703296661377,
        1.47506582736969,
        1.1407597064971924,
        1.1003270149230957,
        1.1080821752548218,
        1.2006397247314453,
        1.2088249921798706,
        1.309382438659668,
        1.424289345741272,
        1.460457444190979,
        1.5491739511489868,
        1.6607674360275269,
        1.8505069017410278,
        1.8237123489379883,
        1.8250318765640259,
        1.7990211248397827,
        1.817535161972046,
        1.7671658992767334,
        1.7546683549880981,
        1.7318954467773438,
        1.7373348474502563,
        1.7810041904449463,
        1.7920997142791748,
        1.7858269214630127,
        1.7873668670654297,
        1.785729169845581,
        1.8166828155517578,
        1.874023675918579,
        1.8839536905288696,
        1.873689889907837,
        1.8670682907104492,
        1.8557254076004028,
        1.8675214052200317,
        1.8932182788848877
    ],
    "train_accuracy": [
        0.3461538553237915,
        0.3461538553237915,
        0.26923078298568726,
        0.38461539149284363,
        0.38461539149284363,
        0.3461538553237915,
        0.38461539149284363,
        0.38461539149284363,
        0.38461539149284363,
        0.46153849363327026,
        0.46153849363327026,
        0.5,
        0.3461538553237915,
        0.5384615659713745,
        0.46153849363327026,
        0.5384615659713745,
        0.5384615659713745,
        0.5,
        0.5384615659713745,
        0.5769230723381042,
        0.692307710647583,
        0.5769230723381042,
        0.5384615659713745,
        0.7692307829856873,
        0.46153849363327026,
        0.6153846383094788,
        0.5384615659713745,
        0.5,
        0.6153846383094788,
        0.42307692766189575,
        0.46153849363327026,
        0.7307692766189575,
        0.7307692766189575,
        0.5,
        0.7307692766189575,
        0.692307710647583
    ],
    "val_accuracy": [
        0.3571428656578064,
        0.2857142984867096,
        0.3571428656578064,
        0.5,
        0.2857142984867096,
        0.3571428656578064,
        0.4285714626312256,
        0.4285714626312256,
        0.4285714626312256,
        0.4285714626312256,
        0.4285714626312256,
        0.2857142984867096,
        0.2857142984867096,
        0.4285714626312256,
        0.4285714626312256,
        0.3571428656578064,
        0.4285714626312256,
        0.5,
        0.5,
        0.4285714626312256,
        0.5,
        0.4285714626312256,
        0.4285714626312256,
        0.5714285969734192,
        0.4285714626312256,
        0.4285714626312256,
        0.5,
        0.5,
        0.5,
        0.4285714626312256,
        0.4285714626312256,
        0.4285714626312256,
        0.4285714626312256,
        0.4285714626312256,
        0.4285714626312256,
        0.5,
        0.5
    ],
    "epoch_times": [
        0.11922073364257812,
        0.09139609336853027,
        0.08814501762390137,
        0.08925890922546387,
        0.09954285621643066,
        0.09001445770263672,
        0.09315800666809082,
        0.09033417701721191,
        0.09090185165405273,
        0.08991456031799316,
        0.08925652503967285,
        0.0924842357635498,
        0.08794784545898438,
        0.09097909927368164,
        0.08588218688964844,
        0.08992886543273926,
        0.09089350700378418,
        0.08836984634399414,
        0.08890461921691895,
        0.08907055854797363,
        0.08840823173522949,
        0.08935737609863281,
        0.08773279190063477,
        0.08880901336669922,
        0.09527301788330078,
        0.08968281745910645,
        0.08789277076721191,
        0.08791875839233398,
        0.0865011215209961,
        0.08612418174743652,
        0.0857248306274414,
        0.08871912956237793,
        0.08912801742553711,
        0.08877348899841309,
        0.08923935890197754,
        0.08614706993103027
    ]
}