{
    "hyperparameters": {
        "activation": "gelu",
        "dropout_rate": 0.3485313162309,
        "kernel_size": 5,
        "learning_rate": 0.0003327357482,
        "num_filters": 100,
        "num_layers": 3,
        "pooling": "average",
        "pooling_size": 1
    },
    "dataset_stats": {
        "name": "FiftyWords",
        "train_size": 720,
        "val_size": 180,
        "input_shape": [
            1,
            270
        ],
        "num_classes": 50
    },
    "epochs": 80,
    "train_loss": [
        3.9674158096313477,
        3.6382174491882324,
        3.4041876792907715,
        3.3233916759490967,
        3.24027943611145,
        3.1768815517425537,
        3.0662319660186768,
        3.0725178718566895,
        2.9988155364990234,
        2.8687899112701416,
        2.901426076889038,
        2.849642038345337,
        2.8296241760253906,
        2.7811458110809326,
        2.717141628265381,
        2.7320444583892822,
        2.7026209831237793,
        2.6730945110321045,
        2.6150968074798584,
        2.5928468704223633,
        2.5611326694488525,
        2.512421131134033,
        2.551104784011841,
        2.510822057723999,
        2.4535255432128906,
        2.4907639026641846,
        2.4344632625579834,
        2.4846079349517822,
        2.414086103439331,
        2.4442052841186523,
        2.341331958770752,
        2.3623063564300537,
        2.3576762676239014,
        2.2749319076538086,
        2.261887550354004,
        2.2550692558288574,
        2.301553964614868,
        2.1996233463287354,
        2.1787359714508057,
        2.1596832275390625,
        2.1613833904266357,
        2.1875767707824707,
        2.1434385776519775,
        2.126662254333496,
        2.1556146144866943,
        2.1047284603118896,
        2.091790199279785,
        2.037005662918091,
        2.044434070587158,
        2.080341339111328,
        2.012267589569092,
        1.9644848108291626,
        1.9482438564300537,
        1.9817051887512207,
        1.9885162115097046,
        1.9806843996047974,
        1.9570646286010742,
        1.9106906652450562,
        1.9797600507736206,
        1.9327203035354614,
        1.9691377878189087,
        1.894752860069275,
        1.9418599605560303,
        1.8358237743377686,
        1.8185091018676758,
        1.8480944633483887,
        1.8483861684799194,
        1.8159573078155518,
        1.812205195426941,
        1.8384552001953125,
        1.7518978118896484,
        1.8176138401031494,
        1.8231581449508667,
        1.796450138092041,
        1.7534867525100708,
        1.7831785678863525,
        1.6767072677612305,
        1.7569712400436401,
        1.7897366285324097,
        1.740123987197876
    ],
    "val_loss": [
        3.9119091033935547,
        3.8481295108795166,
        3.5833988189697266,
        3.4180305004119873,
        3.390608310699463,
        3.35129451751709,
        3.312485456466675,
        3.240095376968384,
        3.221243381500244,
        3.2139458656311035,
        3.1852383613586426,
        3.1730875968933105,
        3.1399497985839844,
        3.1382713317871094,
        3.130718946456909,
        3.138659954071045,
        3.1090872287750244,
        3.0512452125549316,
        3.0606014728546143,
        3.041682720184326,
        3.007822036743164,
        2.9969980716705322,
        2.999171733856201,
        3.024019479751587,
        3.0005171298980713,
        3.014892578125,
        2.996743679046631,
        2.967545986175537,
        2.9654438495635986,
        2.9678795337677,
        2.950881004333496,
        2.910438060760498,
        2.916689157485962,
        2.9164879322052,
        2.9170572757720947,
        2.9279656410217285,
        2.89296293258667,
        2.9083011150360107,
        2.905095100402832,
        2.8729474544525146,
        2.889291763305664,
        2.8833296298980713,
        2.893324375152588,
        2.86879825592041,
        2.8791518211364746,
        2.878056049346924,
        2.8725976943969727,
        2.8647165298461914,
        2.8708739280700684,
        2.8631091117858887,
        2.8150057792663574,
        2.839221239089966,
        2.819589376449585,
        2.83296537399292,
        2.8172857761383057,
        2.864574909210205,
        2.8753418922424316,
        2.8497557640075684,
        2.8553476333618164,
        2.867337942123413,
        2.856475591659546,
        2.8341028690338135,
        2.83099627494812,
        2.8502848148345947,
        2.8745439052581787,
        2.9069108963012695,
        2.883244514465332,
        2.913200616836548,
        2.9003255367279053,
        2.8906733989715576,
        2.9102420806884766,
        2.9485528469085693,
        2.899049997329712,
        2.9077019691467285,
        2.9161200523376465,
        2.9393062591552734,
        2.944896697998047,
        2.971585750579834,
        2.9350311756134033,
        2.91331148147583,
        2.892807722091675
    ],
    "train_accuracy": [
        0.0486111119389534,
        0.15138888359069824,
        0.20277777314186096,
        0.23194444179534912,
        0.24722221493721008,
        0.2597222328186035,
        0.26944443583488464,
        0.30694442987442017,
        0.2986111044883728,
        0.3263888955116272,
        0.32083332538604736,
        0.3236111104488373,
        0.33472222089767456,
        0.3194444477558136,
        0.3638888895511627,
        0.36250001192092896,
        0.35277777910232544,
        0.3375000059604645,
        0.3569444417953491,
        0.3638888895511627,
        0.375,
        0.3819444477558136,
        0.3638888895511627,
        0.3638888895511627,
        0.3986110985279083,
        0.37361112236976624,
        0.38055557012557983,
        0.3916666805744171,
        0.4138889014720917,
        0.3861111104488373,
        0.41111111640930176,
        0.40416666865348816,
        0.40416666865348816,
        0.4305555522441864,
        0.4277777671813965,
        0.42500001192092896,
        0.4208333194255829,
        0.4305555522441864,
        0.43888887763023376,
        0.44305557012557983,
        0.4277777671813965,
        0.4124999940395355,
        0.4555555582046509,
        0.4555555582046509,
        0.4402777850627899,
        0.47361111640930176,
        0.46666666865348816,
        0.4930555522441864,
        0.45694443583488464,
        0.46388888359069824,
        0.4819444417953491,
        0.49166667461395264,
        0.49166667461395264,
        0.4902777671813965,
        0.4749999940395355,
        0.47083333134651184,
        0.47777777910232544,
        0.4819444417953491,
        0.47361111640930176,
        0.5111111402511597,
        0.47777777910232544,
        0.5055555701255798,
        0.4902777671813965,
        0.5097222328186035,
        0.5305555462837219,
        0.5055555701255798,
        0.5222222208976746,
        0.5236111283302307,
        0.5111111402511597,
        0.49444442987442017,
        0.5361111164093018,
        0.5180555582046509,
        0.5013889074325562,
        0.5166666507720947,
        0.5472221970558167,
        0.5263888835906982,
        0.5458333492279053,
        0.5375000238418579,
        0.5138888955116272,
        0.5402777791023254
    ],