{
    "hyperparameters": {
        "bidirectional": true,
        "dropout_rate": 0.1133603298791,
        "hidden_units": 112,
        "learning_rate": 3.14233966e-05,
        "num_layers": 3,
        "output_activation": "elu",
        "weight_decay": 0.0008109366109
    },
    "dataset_stats": {
        "name": "BeetleFly",
        "train_size": 36,
        "val_size": 9,
        "input_shape": [
            512,
            1
        ],
        "num_classes": 2
    },
    "epochs": 34,
    "train_loss": [
        0.8250464200973511,
        0.658245325088501,
        0.6281763315200806,
        0.5263078808784485,
        0.5549018383026123,
        0.4023059606552124,
        0.40663930773735046,
        0.6144328713417053,
        0.5182210206985474,
        0.6144494414329529,
        0.41413941979408264,
        0.4726692736148834,
        0.5192028880119324,
        0.570332407951355,
        0.4889392852783203,
        0.4402874708175659,
        0.5367310643196106,
        0.642702579498291,
        0.8296388983726501,
        0.5502440333366394,
        0.7271851897239685,
        0.5652670860290527,
        0.4855705499649048,
        0.5411511063575745,
        0.557808518409729,
        0.636133074760437,
        0.4018825888633728,
        0.30752044916152954,
        0.5374630689620972,
        0.3344266414642334,
        0.585521936416626,
        0.6712754368782043,
        0.5372689962387085,
        0.5950300097465515
    ],
    "val_loss": [
        0.6559376120567322,
        0.5998254418373108,
        0.5643030405044556,
        0.5497890710830688,
        0.5486589074134827,
        0.5541940927505493,
        0.5599191188812256,
        0.5698321461677551,
        0.5790312886238098,
        0.5893599390983582,
        0.6010749340057373,
        0.6069380044937134,
        0.6127965450286865,
        0.6178721189498901,
        0.6234630346298218,
        0.628133237361908,
        0.6323443651199341,
        0.6338841915130615,
        0.6347529292106628,
        0.6351067423820496,
        0.6356768012046814,
        0.6363911628723145,
        0.636865496635437,
        0.6368448734283447,
        0.6366586089134216,
        0.6365751028060913,
        0.6365388035774231,
        0.6364293694496155,
        0.6363375782966614,
        0.6362626552581787,
        0.6361433863639832,
        0.6360775232315063,
        0.6360727548599243,
        0.6359761357307434,
        0.6359719038009644
    ],
    "train_accuracy": [
        0.4444444477558136,
        0.5555555820465088,
        0.6111111044883728,
        0.7222222089767456,
        0.7777777910232544,
        0.8333333134651184,
        0.8333333134651184,
        0.8333333134651184,
        0.7222222089767456,
        0.6666666865348816,
        0.8888888955116272,
        0.8333333134651184,
        0.7777777910232544,
        0.7222222089767456,
        0.6666666865348816,
        0.7777777910232544,
        0.7777777910232544,
        0.6666666865348816,
        0.5,
        0.7777777910232544,
        0.7222222089767456,
        0.7777777910232544,
        0.7777777910232544,
        0.7777777910232544,
        0.8333333134651184,
        0.6111111044883728,
        0.7777777910232544,
        0.8333333134651184,
        0.7222222089767456,
        0.8888888955116272,
        0.6666666865348816,
        0.6666666865348816,
        0.7777777910232544,
        0.7222222089767456
    ],
    "val_accuracy": [
        0.5555555820465088,
        0.5555555820465088,
        0.6666666865348816,
        0.6666666865348816,
        0.7777777910232544,
        0.7777777910232544,
        0.7777777910232544,
        0.7777777910232544,
        0.7777777910232544,
        0.7777777910232544,
        0.7777777910232544,
        0.7777777910232544,
        0.7777777910232544,
        0.7777777910232544,
        0.7777777910232544,
        0.7777777910232544,
        0.7777777910232544,
        0.6666666865348816,
        0.6666666865348816,
        0.6666666865348816,
        0.6666666865348816,
        0.6666666865348816,
        0.6666666865348816,
        0.6666666865348816,
        0.6666666865348816,
        0.6666666865348816,
        0.6666666865348816,
        0.6666666865348816,
        0.6666666865348816,
        0.6666666865348816,
        0.6666666865348816,
        0.6666666865348816,
        0.6666666865348816,
        0.6666666865348816,
        0.6666666865348816
    ],
    "epoch_times": [
        0.47896742820739746,
        0.9879436492919922,
        0.9597866535186768,
        0.9778077602386475,
        0.8836395740509033,
        1.0363917350769043,
        0.8945269584655762,
        1.0372512340545654,
        1.0319197177886963,
        0.8954060077667236,
        0.9189174175262451,
        0.8778719902038574,
        0.9390802383422852,
        0.9690816402435303,
        0.9263820648193359,
        1.0385429859161377,
        0.9617476463317871,
        0.8767921924591064,
        0.9426167011260986,
        0.9389724731445312,
        0.9197649955749512,
        0.8804781436920166,
        1.0204792022705078,
        0.9119687080383301,
        0.9671401977539062,
        0.904221773147583,
        0.9092466831207275,
        0.9225773811340332,
        0.9556546211242676,
        0.9482054710388184,
        0.9156222343444824,
        1.0594148635864258,
        1.0977609157562256,
        0.8815772533416748
    ]
}