{
    "hyperparameters": {
        "activation": "gelu",
        "dropout_rate": 0.5291975019833,
        "hidden_units": 123,
        "learning_rate": 0.0002216066504,
        "num_layers": 3,
        "weight_decay": 2.5147259e-05
    },
    "dataset_stats": {
        "name": "classification_ozone",
        "train_size": 85,
        "val_size": 21,
        "input_shape": [
            1201,
            1
        ],
        "num_classes": 2
    },
    "epochs": 33,
    "train_loss": [
        0.9034982919692993,
        0.7766510248184204,
        0.7494221925735474,
        0.8707152605056763,
        0.8349684476852417,
        0.7563446164131165,
        0.7162579894065857,
        0.8578323125839233,
        0.7710183262825012,
        0.679684579372406,
        0.6355635523796082,
        0.772126317024231,
        0.7861895561218262,
        0.8297027349472046,
        0.7750418186187744,
        0.7643186450004578,
        0.8343166708946228,
        0.7712666392326355,
        0.7802131175994873,
        0.6887991428375244,
        0.6816580891609192,
        0.7767662405967712,
        0.8037653565406799,
        0.8531084656715393,
        0.7038532495498657,
        0.707101583480835,
        0.8722255229949951,
        0.800048291683197,
        0.785998523235321,
        0.7380012273788452,
        0.7258447408676147,
        0.756646454334259,
        0.7350978851318359
    ],
    "val_loss": [
        0.6695641279220581,
        0.7630515098571777,
        0.7326094508171082,
        0.73257976770401,
        0.7555986642837524,
        0.7696025371551514,
        0.7754310369491577,
        0.7825407981872559,
        0.7784500122070312,
        0.7670838236808777,
        0.7679622173309326,
        0.7577670216560364,
        0.7615042924880981,
        0.7696240544319153,
        0.780609130859375,
        0.7850079536437988,
        0.770982563495636,
        0.763797402381897,
        0.7607426643371582,
        0.7685862183570862,
        0.7874733209609985,
        0.7954212427139282,
        0.8232836723327637,
        0.8379790782928467,
        0.8143208622932434,
        0.799598217010498,
        0.7985161542892456,
        0.8005896210670471,
        0.8082525134086609,
        0.8126324415206909,
        0.8065749406814575,
        0.7949142456054688,
        0.7901644706726074,
        0.7830297350883484
    ],
    "train_accuracy": [
        0.5058823823928833,
        0.4470588266849518,
        0.4941176474094391,
        0.42352941632270813,
        0.5411764979362488,
        0.5176470875740051,
        0.5647059082984924,
        0.4470588266849518,
        0.5176470875740051,
        0.5764706134796143,
        0.658823549747467,
        0.4000000059604645,
        0.5176470875740051,
        0.4941176474094391,
        0.5411764979362488,
        0.5058823823928833,
        0.529411792755127,
        0.5882353186607361,
        0.4941176474094391,
        0.5529412031173706,
        0.6352941393852234,
        0.529411792755127,
        0.6235294342041016,
        0.5176470875740051,
        0.5647059082984924,
        0.6352941393852234,
        0.48235294222831726,
        0.5529412031173706,
        0.48235294222831726,
        0.5764706134796143,
        0.5647059082984924,
        0.5647059082984924,
        0.5882353186607361
    ],
    "val_accuracy": [
        0.523809552192688,
        0.4285714328289032,
        0.4761904776096344,
        0.4761904776096344,
        0.4285714328289032,
        0.4285714328289032,
        0.4285714328289032,
        0.4285714328289032,
        0.4285714328289032,
        0.4285714328289032,
        0.4285714328289032,
        0.4285714328289032,
        0.3333333432674408,
        0.3333333432674408,
        0.3333333432674408,
        0.4761904776096344,
        0.380952388048172,
        0.4285714328289032,
        0.4285714328289032,
        0.4285714328289032,
        0.4285714328289032,
        0.3333333432674408,
        0.380952388048172,
        0.380952388048172,
        0.380952388048172,
        0.380952388048172,
        0.3333333432674408,
        0.380952388048172,
        0.3333333432674408,
        0.380952388048172,
        0.3333333432674408,
        0.380952388048172,
        0.3333333432674408,
        0.3333333432674408
    ],
    "epoch_times": [
        0.10571789741516113,
        0.020129919052124023,
        0.019875288009643555,
        0.019670963287353516,
        0.019173860549926758,
        0.019791603088378906,
        0.02003169059753418,
        0.01911449432373047,
        0.019554615020751953,
        0.01974654197692871,
        0.01988506317138672,
        0.019620895385742188,
        0.020160436630249023,
        0.020029067993164062,
        0.020043134689331055,
        0.019858837127685547,
        0.01990985870361328,
        0.019632816314697266,
        0.019855737686157227,
        0.020351171493530273,
        0.019980192184448242,
        0.02045440673828125,
        0.0202176570892334,
        0.02009129524230957,
        0.02005171775817871,
        0.02020859718322754,
        0.020041465759277344,
        0.01982426643371582,
        0.020035982131958008,
        0.020241498947143555,
        0.020060300827026367,
        0.02012038230895996,
        0.020115137100219727
    ]
}