{
    "hyperparameters": {
        "activation": "relu",
        "dropout_rate": 0.3689147647253,
        "hidden_units": 44,
        "learning_rate": 0.0185851299767,
        "num_layers": 4,
        "weight_decay": 0.0040367896523
    },
    "dataset_stats": {
        "name": "ArrowHead",
        "train_size": 49,
        "val_size": 12,
        "input_shape": [
            251,
            1
        ],
        "num_classes": 3
    },
    "epochs": 40,
    "train_loss": [
        1.2919594049453735,
        1.2417398691177368,
        1.1100887060165405,
        1.1330784559249878,
        0.7544949650764465,
        0.8504499197006226,
        1.0503225326538086,
        1.0666056871414185,
        0.9070886969566345,
        0.8328522443771362,
        0.7981778979301453,
        0.8668270707130432,
        0.7935613393783569,
        0.713945209980011,
        0.7578938007354736,
        0.7441812753677368,
        0.7320995926856995,
        0.5925971865653992,
        0.6327663660049438,
        0.6704980731010437,
        0.6278369426727295,
        0.6236428022384644,
        0.5378989577293396,
        0.5721395611763,
        0.5730932950973511,
        0.5439618229866028,
        0.7553507089614868,
        0.4512541592121124,
        0.49817922711372375,
        0.40846002101898193,
        0.4518977701663971,
        0.48471882939338684,
        0.6098031997680664,
        0.7271764278411865,
        0.5438017845153809,
        0.5279057025909424,
        0.4449008107185364,
        0.5443090200424194,
        0.4312109351158142,
        0.39168572425842285
    ],
    "val_loss": [
        1.0894049406051636,
        1.1214051246643066,
        1.1015501022338867,
        0.9614202380180359,
        0.8844404816627502,
        0.897412121295929,
        0.8380863666534424,
        0.821394145488739,
        0.7453473210334778,
        0.7115629315376282,
        0.7043449878692627,
        0.7441810965538025,
        0.8003489375114441,
        0.8508736491203308,
        0.8856309056282043,
        0.9159167408943176,
        0.999182403087616,
        1.1177760362625122,
        1.1163831949234009,
        1.0945261716842651,
        1.1096973419189453,
        1.106112003326416,
        1.1223434209823608,
        1.1076027154922485,
        1.091925024986267,
        1.1000442504882812,
        1.0744811296463013,
        1.157848596572876,
        1.1918545961380005,
        1.3786062002182007,
        1.7395601272583008,
        1.844065546989441,
        1.5846019983291626,
        1.336865782737732,
        1.0598386526107788,
        1.0696605443954468,
        1.1761775016784668,
        1.2721635103225708,
        1.2783528566360474,
        1.295098900794983,
        1.1976730823516846
    ],
    "train_accuracy": [
        0.40816327929496765,
        0.3877550959587097,
        0.4897959232330322,
        0.4285714328289032,
        0.6938775777816772,
        0.5714285969734192,
        0.4693877696990967,
        0.5102040767669678,
        0.5510203838348389,
        0.6326530575752258,
        0.6326530575752258,
        0.5714285969734192,
        0.5714285969734192,
        0.6530612111091614,
        0.7346938848495483,
        0.6326530575752258,
        0.6530612111091614,
        0.6734693646430969,
        0.7551020383834839,
        0.6734693646430969,
        0.795918345451355,
        0.7142857313156128,
        0.7346938848495483,
        0.7755101919174194,
        0.795918345451355,
        0.7142857313156128,
        0.6530612111091614,
        0.8775510191917419,
        0.8163265585899353,
        0.8571428656578064,
        0.7755101919174194,
        0.8367347121238708,
        0.795918345451355,
        0.7346938848495483,
        0.7551020383834839,
        0.7142857313156128,
        0.8775510191917419,
        0.7755101919174194,
        0.8163265585899353,
        0.8163265585899353
    ],
    "val_accuracy": [
        0.5,
        0.0833333358168602,
        0.4166666567325592,
        0.5833333134651184,
        0.6666666865348816,
        0.6666666865348816,
        0.75,
        0.6666666865348816,
        0.6666666865348816,
        0.5833333134651184,
        0.6666666865348816,
        0.75,
        0.75,
        0.75,
        0.75,
        0.6666666865348816,
        0.5833333134651184,
        0.5833333134651184,
        0.5833333134651184,
        0.5833333134651184,
        0.5,
        0.4166666567325592,
        0.4166666567325592,
        0.4166666567325592,
        0.5833333134651184,
        0.5833333134651184,
        0.5833333134651184,
        0.5833333134651184,
        0.4166666567325592,
        0.4166666567325592,
        0.3333333432674408,
        0.25,
        0.4166666567325592,
        0.4166666567325592,
        0.5,
        0.4166666567325592,
        0.4166666567325592,
        0.4166666567325592,
        0.4166666567325592,
        0.4166666567325592,
        0.4166666567325592
    ],
    "epoch_times": [
        0.7660007476806641,
        0.077301025390625,
        0.03279995918273926,
        0.027973175048828125,
        0.028482913970947266,
        0.028078079223632812,
        0.02768993377685547,
        0.027719974517822266,
        0.027938127517700195,
        0.02769017219543457,
        0.027683019638061523,
        0.027807950973510742,
        0.028005123138427734,
        0.027957916259765625,
        0.0272219181060791,
        0.027441024780273438,
        0.02786731719970703,
        0.027710914611816406,
        0.02977895736694336,
        0.02848076820373535,
        0.02724623680114746,
        0.027191877365112305,
        0.027158021926879883,
        0.030061006546020508,
        0.04547309875488281,
        0.02939581871032715,
        0.02736687660217285,
        0.03204822540283203,
        0.027626991271972656,
        0.027412891387939453,
        0.027920961380004883,
        0.02806687355041504,
        0.026938915252685547,
        0.02724599838256836,
        0.02730703353881836,
        0.02719593048095703,
        0.027148008346557617,
        0.027160167694091797,
        0.027487993240356445,
        0.026849031448364258
    ]
}