{
    "hyperparameters": {
        "bidirectional": false,
        "dropout_rate": 0.1558842038634,
        "hidden_units": 64,
        "learning_rate": 0.0004029267211,
        "num_layers": 1,
        "output_activation": "tanh",
        "weight_decay": 9.21971022e-05
    },
    "dataset_stats": {
        "name": "Car",
        "train_size": 96,
        "val_size": 24,
        "input_shape": [
            577,
            1
        ],
        "num_classes": 4
    },
    "epochs": 51,
    "train_loss": [
        1.4126077890396118,
        1.3744183778762817,
        1.354203224182129,
        1.3244484663009644,
        1.3272085189819336,
        1.2895045280456543,
        1.2718690633773804,
        1.2583627700805664,
        1.2333825826644897,
        1.2208256721496582,
        1.2005971670150757,
        1.189719557762146,
        1.173272967338562,
        1.1651134490966797,
        1.1612473726272583,
        1.1392489671707153,
        1.1289719343185425,
        1.1046699285507202,
        1.1041545867919922,
        1.090894103050232,
        1.0602151155471802,
        1.0988104343414307,
        1.085795283317566,
        1.0653094053268433,
        1.076388955116272,
        1.083846926689148,
        1.0718028545379639,
        1.0466505289077759,
        1.0257564783096313,
        1.0370807647705078,
        1.0566962957382202,
        1.0337023735046387,
        1.023403525352478,
        1.0014032125473022,
        0.9938962459564209,
        0.9815961718559265,
        0.9729685187339783,
        0.970088541507721,
        0.984973132610321,
        0.9539446234703064,
        0.9807398915290833,
        0.9809796214103699,
        0.9419384598731995,
        0.947355329990387,
        0.9512688517570496,
        0.9450169205665588,
        0.933835506439209,
        0.9477542042732239,
        0.9348134994506836,
        0.9449259638786316,
        0.9340142607688904
    ],
    "val_loss": [
        1.404457926750183,
        1.3707033395767212,
        1.3643674850463867,
        1.3446804285049438,
        1.3319281339645386,
        1.319954514503479,
        1.2845720052719116,
        1.2677139043807983,
        1.246003270149231,
        1.2321447134017944,
        1.2253508567810059,
        1.2331033945083618,
        1.2223554849624634,
        1.2212435007095337,
        1.2173218727111816,
        1.2178016901016235,
        1.224339485168457,
        1.2078421115875244,
        1.1899794340133667,
        1.1984944343566895,
        1.1780449151992798,
        1.1606000661849976,
        1.1994634866714478,
        1.1937923431396484,
        1.1884667873382568,
        1.2132340669631958,
        1.190313458442688,
        1.160874366760254,
        1.1693459749221802,
        1.21711003780365,
        1.2202733755111694,
        1.2539571523666382,
        1.242149829864502,
        1.1978199481964111,
        1.190789818763733,
        1.1873910427093506,
        1.1863590478897095,
        1.1781176328659058,
        1.1750001907348633,
        1.217647671699524,
        1.2121453285217285,
        1.2094467878341675,
        1.2090235948562622,
        1.207915186882019,
        1.2030211687088013,
        1.1977392435073853,
        1.1959580183029175,
        1.1940637826919556,
        1.1936475038528442,
        1.1925817728042603,
        1.190071702003479,
        1.1873031854629517
    ],
    "train_accuracy": [
        0.2395833283662796,
        0.3229166567325592,
        0.25,
        0.3645833432674408,
        0.3645833432674408,
        0.4375,
        0.4479166567325592,
        0.40625,
        0.4895833432674408,
        0.4375,
        0.4583333432674408,
        0.5,
        0.5208333134651184,
        0.53125,
        0.53125,
        0.5416666865348816,
        0.53125,
        0.5833333134651184,
        0.5729166865348816,
        0.5729166865348816,
        0.6145833134651184,
        0.4895833432674408,
        0.53125,
        0.53125,
        0.4791666567325592,
        0.5625,
        0.5833333134651184,
        0.6145833134651184,
        0.6458333134651184,
        0.6354166865348816,
        0.5833333134651184,
        0.6354166865348816,
        0.625,
        0.65625,
        0.65625,
        0.6458333134651184,
        0.65625,
        0.6458333134651184,
        0.6979166865348816,
        0.6770833134651184,
        0.6666666865348816,
        0.6875,
        0.71875,
        0.6979166865348816,
        0.7083333134651184,
        0.6666666865348816,
        0.6979166865348816,
        0.6875,
        0.6979166865348816,
        0.6979166865348816,
        0.6979166865348816
    ],
    "val_accuracy": [
        0.25,
        0.3333333432674408,
        0.3333333432674408,
        0.375,
        0.375,
        0.375,
        0.5,
        0.5416666865348816,
        0.5833333134651184,
        0.5833333134651184,
        0.5416666865348816,
        0.5416666865348816,
        0.5833333134651184,
        0.5,
        0.4166666567325592,
        0.375,
        0.375,
        0.375,
        0.375,
        0.4166666567325592,
        0.5,
        0.5,
        0.5416666865348816,
        0.4583333432674408,
        0.4583333432674408,
        0.4583333432674408,
        0.5,
        0.5,
        0.5,
        0.375,
        0.375,
        0.4166666567325592,
        0.4166666567325592,
        0.4166666567325592,
        0.4583333432674408,
        0.4583333432674408,
        0.4583333432674408,
        0.4583333432674408,
        0.4583333432674408,
        0.4583333432674408,
        0.4583333432674408,
        0.4583333432674408,
        0.4583333432674408,
        0.4583333432674408,
        0.4583333432674408,
        0.4583333432674408,
        0.4583333432674408,
        0.5,
        0.5,
        0.5,
        0.5,
        0.5
    ],
    "epoch_times": [
        0.08523416519165039,
        0.06849336624145508,
        0.07122325897216797,
        0.07133245468139648,
        0.07385110855102539,
        0.0893712043762207,
        0.10192084312438965,
        0.10805201530456543,
        0.1092519760131836,
        0.11043667793273926,
        0.1165461540222168,
        0.11819720268249512,
        0.11618161201477051,
        0.11345529556274414,
        0.11218595504760742,
        0.11674785614013672,
        0.11338949203491211,
        0.1154325008392334,
        0.11941051483154297,
        0.12166261672973633,
        0.11528420448303223,
        0.11470627784729004,
        0.11803364753723145,
        0.11517667770385742,
        0.11888551712036133,
        0.12119936943054199,
        0.12104916572570801,
        0.1274402141571045,
        0.11890959739685059,
        0.12000894546508789,
        0.12182927131652832,
        0.11678194999694824,
        0.1213066577911377,
        0.12256908416748047,
        0.12024974822998047,
        0.12183952331542969,
        0.12265253067016602,
        0.1193532943725586,
        0.12041854858398438,
        0.12179780006408691,
        0.12139129638671875,
        0.11472558975219727,
        0.11946535110473633,
        0.11875176429748535,
        0.11129403114318848,
        0.10484862327575684,
        0.1122136116027832,
        0.11351394653320312,
        0.11429119110107422,
        0.11320996284484863,
        0.11741995811462402
    ]
}