{
    "hyperparameters": {
        "bidirectional": false,
        "dropout_rate": 0.2215953979471,
        "hidden_units": 233,
        "learning_rate": 0.0007756889822,
        "num_layers": 3,
        "output_activation": "gelu",
        "weight_decay": 7.55863831e-05
    },
    "dataset_stats": {
        "name": "Adiac",
        "train_size": 312,
        "val_size": 78,
        "input_shape": [
            176,
            1
        ],
        "num_classes": 37
    },
    "epochs": 77,
    "train_loss": [
        3.556025266647339,
        3.354703187942505,
        3.39691424369812,
        3.4666216373443604,
        3.3663060665130615,
        3.368637800216675,
        3.321277618408203,
        3.248769998550415,
        3.2494468688964844,
        3.1980366706848145,
        3.27048921585083,
        3.2973504066467285,
        3.1297614574432373,
        3.1744260787963867,
        3.0646848678588867,
        3.04209303855896,
        3.02701735496521,
        3.029061794281006,
        3.2773585319519043,
        3.0168192386627197,
        3.0072171688079834,
        3.01532244682312,
        2.9307148456573486,
        2.896000862121582,
        2.7321600914001465,
        2.709514617919922,
        2.5971341133117676,
        2.5683789253234863,
        2.505786180496216,
        2.4527366161346436,
        2.3764076232910156,
        2.383077383041382,
        2.2885942459106445,
        2.276653289794922,
        2.2521443367004395,
        2.168545961380005,
        2.123687744140625,
        2.1373722553253174,
        2.098658800125122,
        2.1046061515808105,
        2.010690689086914,
        2.027006149291992,
        1.962952971458435,
        1.9231923818588257,
        1.8026418685913086,
        1.715096354484558,
        1.6359418630599976,
        1.6277531385421753,
        1.5723028182983398,
        1.5691417455673218,
        1.5204607248306274,
        1.5337296724319458,
        1.5010558366775513,
        1.4431239366531372,
        1.3629311323165894,
        1.3498589992523193,
        1.3364417552947998,
        1.3070207834243774,
        1.294676423072815,
        1.2705330848693848,
        1.2356458902359009,
        1.2318105697631836,
        1.213897466659546,
        1.2035725116729736,
        1.1853002309799194,
        1.1647292375564575,
        1.1576578617095947,
        1.1536966562271118,
        1.1480023860931396,
        1.1504830121994019,
        1.1410651206970215,
        1.1272560358047485,
        1.1285921335220337,
        1.1144275665283203,
        1.1133911609649658,
        1.1155281066894531,
        1.1195273399353027
    ],
    "val_loss": [
        3.6011810302734375,
        3.4663586616516113,
        3.4323601722717285,
        3.480813503265381,
        3.446884870529175,
        3.39361572265625,
        3.506082057952881,
        3.4063661098480225,
        3.376983165740967,
        3.3384294509887695,
        3.3840434551239014,
        3.4143378734588623,
        3.420820474624634,
        3.2190730571746826,
        3.338650941848755,
        3.1564173698425293,
        3.2991716861724854,
        3.2737326622009277,
        3.07100248336792,
        3.2380104064941406,
        3.079000234603882,
        3.0771424770355225,
        3.025486469268799,
        2.960242748260498,
        2.919318914413452,
        2.8310155868530273,
        2.821544647216797,
        2.732081413269043,
        2.820992946624756,
        2.6172375679016113,
        2.557177782058716,
        2.606924295425415,
        2.589240074157715,
        2.53124737739563,
        2.5535078048706055,
        2.6823127269744873,
        2.579012393951416,
        2.727764368057251,
        2.3858089447021484,
        2.557781219482422,
        2.6001429557800293,
        2.50936222076416,
        2.504849672317505,
        2.611927032470703,
        2.60221266746521,
        2.519386053085327,
        2.430882453918457,
        2.3677821159362793,
        2.4649300575256348,
        2.63293719291687,
        2.5763726234436035,
        2.5078485012054443,
        2.4911210536956787,
        2.4471869468688965,
        2.5239574909210205,
        2.470555305480957,
        2.458104372024536,
        2.492307662963867,
        2.496537923812866,
        2.5388619899749756,
        2.5091450214385986,
        2.521397113800049,
        2.4856812953948975,
        2.4958226680755615,
        2.4932878017425537,
        2.4855706691741943,
        2.477619171142578,
        2.4885685443878174,
        2.498105049133301,
        2.504563331604004,
        2.5287322998046875,
        2.4942777156829834,
        2.5342280864715576,
        2.4983303546905518,
        2.5100157260894775,
        2.502169370651245,
        2.4907567501068115,
        2.5076372623443604
    ],
    "train_accuracy": [
        0.05128205195069313,
        0.08974359184503555,
        0.09294871985912323,
        0.08974359184503555,
        0.09615384787321091,
        0.10256410390138626,
        0.08974359184503555,
        0.10897435992956161,
        0.12820513546466827,
        0.16987179219722748,
        0.12820513546466827,
        0.14102564752101898,
        0.1666666716337204,
        0.15064102411270142,
        0.15064102411270142,
        0.17628204822540283,
        0.1955128163099289,
        0.17307692766189575,
        0.15064102411270142,
        0.20512820780277252,
        0.18910256028175354,
        0.1794871836900711,
        0.22435897588729858,
        0.23397435247898102,
        0.2371794879436493,
        0.24679486453533173,
        0.2884615361690521,
        0.2884615361690521,
        0.3044871687889099,
        0.33974358439445496,
        0.3461538553237915,
        0.3365384638309479,
        0.3621794879436493,
        0.38141027092933655,
        0.4134615361690521,
        0.45192307233810425,
        0.45512819290161133,
        0.42628204822540283,
        0.46794870495796204,
        0.45192307233810425,
        0.4871794879436493,
        0.4711538553237915,
        0.4711538553237915,
        0.4967948794364929,
        0.5256410241127014,
        0.6153846383094788,
        0.5993589758872986,
        0.6282051205635071,
        0.6666666865348816,
        0.6698718070983887,
        0.6987179517745972,
        0.682692289352417,
        0.6666666865348816,
        0.7147436141967773,
        0.7467948794364929,
        0.7371794581413269,
        0.7724359035491943,
        0.7756410241127014,
        0.7820512652397156,
        0.7916666865348816,
        0.8141025900840759,
        0.8108974099159241,
        0.8141025900840759,
        0.817307710647583,
        0.8493589758872986,
        0.8621794581413269,
        0.8429487347602844,
        0.8557692170143127,
        0.8493589758872986,
        0.8493589758872986,
        0.875,
        0.8685897588729858,
        0.8525640964508057,
        0.8653846383094788,
        0.8814102411270142,
        0.8685897588729858,
        0.8685897588729858
    ],