{
    "hyperparameters": {
        "activation": "relu",
        "dropout_rate": 0.2895629923337,
        "hidden_units": 73,
        "learning_rate": 0.0404524783713,
        "num_layers": 1,
        "weight_decay": 0.0059847550189
    },
    "dataset_stats": {
        "name": "Adiac",
        "train_size": 312,
        "val_size": 78,
        "input_shape": [
            176,
            1
        ],
        "num_classes": 37
    },
    "epochs": 108,
    "train_loss": [
        3.328754425048828,
        2.588838815689087,
        2.2395613193511963,
        2.157482385635376,
        2.0388333797454834,
        1.994958758354187,
        2.0126333236694336,
        1.948472023010254,
        1.8956748247146606,
        1.867409348487854,
        2.0187933444976807,
        1.880354642868042,
        1.9158051013946533,
        1.9027087688446045,
        1.922110676765442,
        2.025432586669922,
        2.0078020095825195,
        1.7940951585769653,
        1.8188073635101318,
        1.9170154333114624,
        2.0867037773132324,
        1.9474657773971558,
        1.937790870666504,
        1.9189151525497437,
        1.8101528882980347,
        1.9950902462005615,
        2.1926276683807373,
        2.4636881351470947,
        2.1173739433288574,
        2.1853253841400146,
        2.003502130508423,
        1.935840368270874,
        1.930942416191101,
        1.7705565690994263,
        1.7767800092697144,
        1.7160159349441528,
        1.8495742082595825,
        1.9795516729354858,
        2.2748396396636963,
        2.157252788543701,
        2.071350574493408,
        1.9168413877487183,
        1.9387481212615967,
        2.0624308586120605,
        1.9021015167236328,
        1.8551925420761108,
        1.8951482772827148,
        1.9809759855270386,
        1.807745337486267,
        1.8453869819641113,
        1.9972842931747437,
        2.0258522033691406,
        2.0447895526885986,
        1.9959359169006348,
        1.9645984172821045,
        1.9560558795928955,
        2.0169970989227295,
        1.8559110164642334,
        1.7817660570144653,
        1.911778211593628,
        1.9578204154968262,
        1.9290194511413574,
        1.8805325031280518,
        1.896000623703003,
        1.9600228071212769,
        2.015402317047119,
        1.7544745206832886,
        1.8554821014404297,
        1.8965729475021362,
        1.9177639484405518,
        1.9055821895599365,
        1.9643300771713257,
        1.856626033782959,
        1.8579535484313965,
        1.8990163803100586,
        1.8621965646743774,
        1.9852291345596313,
        1.8259106874465942,
        1.7666516304016113,
        1.847948670387268,
        1.968477725982666,
        2.0322418212890625,
        1.9182181358337402,
        1.999544620513916,
        1.9238158464431763,
        1.9397146701812744,
        1.922420620918274,
        1.843151569366455,
        1.8925238847732544,
        1.953625202178955,
        1.8791370391845703,
        1.6882898807525635,
        2.0465948581695557,
        2.232226610183716,
        2.2442800998687744,
        2.1905293464660645,
        2.1449105739593506,
        1.9111696481704712,
        1.8743712902069092,
        1.859136939048767,
        1.9990746974945068,
        2.128953218460083,
        2.074615478515625,
        2.146174907684326,
        1.9230047464370728,
        1.7244393825531006,
        1.7209807634353638,
        1.8131694793701172
    ],
    "val_loss": [
        3.5978479385375977,
        20.5419921875,
        9.149309158325195,
        5.409906387329102,
        12.22287368774414,
        12.503334999084473,
        18.034086227416992,
        14.04152774810791,
        7.61940336227417,
        8.214715003967285,
        12.534356117248535,
        12.616362571716309,
        9.840080261230469,
        6.39882230758667,
        9.928604125976562,
        7.822883605957031,
        13.35650634765625,
        10.10977840423584,
        11.86659049987793,
        5.957458019256592,
        9.664155960083008,
        7.157387733459473,
        4.502120018005371,
        6.753580093383789,
        5.012238502502441,
        9.22737979888916,
        7.144527912139893,
        8.605989456176758,
        7.399759769439697,
        5.014465808868408,
        6.273332595825195,
        8.809823989868164,
        9.784472465515137,
        9.89047622680664,
        13.016874313354492,
        4.048476219177246,
        4.520650386810303,
        5.108348369598389,
        13.545722007751465,
        9.628904342651367,
        6.954768180847168,
        7.456387996673584,
        5.837246417999268,
        8.74810791015625,
        8.480914115905762,
        8.798256874084473,
        6.914856910705566,
        7.695215702056885,
        6.898780822753906,
        15.754426956176758,
        13.215339660644531,
        15.171655654907227,
        9.696454048156738,
        10.307989120483398,
        3.776995897293091,
        10.298348426818848,
        6.694609642028809,
        6.421239376068115,
        4.633267879486084,
        7.525151252746582,
        10.3079252243042,
        3.43603515625,
        5.739646911621094,
        6.588446140289307,
        25.83354377746582,
        7.665994644165039,
        4.627974510192871,
        4.718552112579346,
        12.736658096313477,
        5.02713680267334,
        8.912614822387695,
        7.06396484375,
        11.739761352539062,
        6.346742630004883,
        8.176395416259766,
        7.943852424621582,
        12.09709358215332,
        4.624712944030762,
        2.8936703205108643,
        4.238914966583252,
        10.507914543151855,
        9.887932777404785,
        5.833462238311768,
        4.848304748535156,
        8.466445922851562,
        4.17275857925415,
        7.288548469543457,
        9.398052215576172,
        7.272830963134766,
        6.969560623168945,
        3.3853437900543213,
        5.5027174949646,
        9.351595878601074,
        32.87945556640625,
        34.42791748046875,
        10.69819164276123,
        3.3433494567871094,
        5.04789924621582,
        8.96711254119873,
        10.541863441467285,
        7.71668815612793,
        10.55815601348877,
        9.624099731445312,
        9.842169761657715,
        4.078644275665283,
        7.280264854431152,
        12.723422050476074,
        15.525307655334473,
        10.291251182556152
    ],