{
    "hyperparameters": {
        "activation": "relu",
        "dropout_rate": 0.3518201488989,
        "hidden_units": 43,
        "learning_rate": 0.0001861065929,
        "num_layers": 2,
        "weight_decay": 0.0087798201404
    },
    "dataset_stats": {
        "name": "classification_ozone",
        "train_size": 85,
        "val_size": 21,
        "input_shape": [
            1201,
            1
        ],
        "num_classes": 2
    },
    "epochs": 33,
    "train_loss": [
        0.7555100321769714,
        0.6501863598823547,
        0.6483396887779236,
        0.7521986365318298,
        0.7780621647834778,
        0.7603361010551453,
        0.7139006853103638,
        0.6945801377296448,
        0.8281026482582092,
        0.6393765807151794,
        0.6390047073364258,
        0.7075600624084473,
        0.6502848267555237,
        0.6652609705924988,
        0.6963385939598083,
        0.8474363684654236,
        0.7183480858802795,
        0.7357780933380127,
        0.6606941819190979,
        0.7101683616638184,
        0.6025753021240234,
        0.5982105135917664,
        0.7361479997634888,
        0.6450823545455933,
        0.6298432946205139,
        0.7503871917724609,
        0.6833198070526123,
        0.6596800088882446,
        0.7244417071342468,
        0.7133597731590271,
        0.720862865447998,
        0.6106786131858826,
        0.6869843602180481
    ],
    "val_loss": [
        0.8122855424880981,
        0.738479733467102,
        0.7409348487854004,
        0.7203734517097473,
        0.7250927686691284,
        0.7236803770065308,
        0.7217867374420166,
        0.7315458655357361,
        0.7508597373962402,
        0.7710040211677551,
        0.787557065486908,
        0.792352020740509,
        0.7669805884361267,
        0.7569946050643921,
        0.7777538299560547,
        0.7799966931343079,
        0.7707937359809875,
        0.7770829796791077,
        0.7791756987571716,
        0.7818034291267395,
        0.7778975367546082,
        0.771453320980072,
        0.7603894472122192,
        0.759164035320282,
        0.7521445751190186,
        0.7490057945251465,
        0.7605420351028442,
        0.7770063281059265,
        0.8029295802116394,
        0.7885598540306091,
        0.7801452875137329,
        0.7652010321617126,
        0.7539656162261963,
        0.7459509968757629
    ],
    "train_accuracy": [
        0.5529412031173706,
        0.5764706134796143,
        0.6352941393852234,
        0.4941176474094391,
        0.5176470875740051,
        0.529411792755127,
        0.529411792755127,
        0.6000000238418579,
        0.5764706134796143,
        0.6235294342041016,
        0.6470588445663452,
        0.5529412031173706,
        0.6117647290229797,
        0.6235294342041016,
        0.5764706134796143,
        0.5058823823928833,
        0.6000000238418579,
        0.5647059082984924,
        0.5764706134796143,
        0.6235294342041016,
        0.6941176652908325,
        0.6705882549285889,
        0.5411764979362488,
        0.6352941393852234,
        0.6705882549285889,
        0.6117647290229797,
        0.658823549747467,
        0.6235294342041016,
        0.6000000238418579,
        0.6000000238418579,
        0.529411792755127,
        0.6470588445663452,
        0.6235294342041016
    ],
    "val_accuracy": [
        0.4761904776096344,
        0.380952388048172,
        0.380952388048172,
        0.4285714328289032,
        0.380952388048172,
        0.380952388048172,
        0.380952388048172,
        0.380952388048172,
        0.380952388048172,
        0.4285714328289032,
        0.380952388048172,
        0.380952388048172,
        0.380952388048172,
        0.3333333432674408,
        0.3333333432674408,
        0.380952388048172,
        0.380952388048172,
        0.380952388048172,
        0.3333333432674408,
        0.3333333432674408,
        0.380952388048172,
        0.380952388048172,
        0.4285714328289032,
        0.4285714328289032,
        0.380952388048172,
        0.380952388048172,
        0.380952388048172,
        0.4285714328289032,
        0.4285714328289032,
        0.380952388048172,
        0.3333333432674408,
        0.3333333432674408,
        0.3333333432674408,
        0.380952388048172
    ],
    "epoch_times": [
        0.06777238845825195,
        0.09844541549682617,
        0.09845972061157227,
        0.01610422134399414,
        0.016936302185058594,
        0.017124176025390625,
        0.017110824584960938,
        0.017470836639404297,
        0.01692819595336914,
        0.01761150360107422,
        0.017885923385620117,
        0.01730179786682129,
        0.016681671142578125,
        0.01740121841430664,
        0.01724982261657715,
        0.01732325553894043,
        0.01743340492248535,
        0.01687932014465332,
        0.016698837280273438,
        0.01639103889465332,
        0.017277240753173828,
        0.01813483238220215,
        0.016899824142456055,
        0.016579866409301758,
        0.01759052276611328,
        0.01686573028564453,
        0.017517566680908203,
        0.017318010330200195,
        0.017867088317871094,
        0.016602277755737305,
        0.017473697662353516,
        0.01658177375793457,
        0.016913652420043945
    ]
}