{
    "hyperparameters": {
        "activation": "relu",
        "dropout_rate": 0.2382868632073,
        "ff_dim": 405,
        "hidden_units": 211,
        "learning_rate": 0.0002652414547,
        "num_heads": 6,
        "num_layers": 4,
        "pooling": "mean",
        "weight_decay": 6.30776712e-05
    },
    "dataset_stats": {
        "name": "Car",
        "train_size": 96,
        "val_size": 24,
        "input_shape": [
            577,
            1
        ],
        "num_classes": 4
    },
    "epochs": 45,
    "train_loss": [
        2.2762155532836914,
        1.5584465265274048,
        1.543701171875,
        1.4515116214752197,
        1.405912160873413,
        1.276137351989746,
        1.4333102703094482,
        1.282105803489685,
        1.2490960359573364,
        1.3140723705291748,
        1.1892664432525635,
        1.3780204057693481,
        1.034087061882019,
        1.3508760929107666,
        1.1040862798690796,
        1.1130192279815674,
        1.1545796394348145,
        1.0589420795440674,
        1.1541411876678467,
        1.2214915752410889,
        1.006800651550293,
        0.9195303916931152,
        1.189639687538147,
        0.9599172472953796,
        1.1617259979248047,
        0.957190990447998,
        0.9706314206123352,
        0.8952721357345581,
        1.063594937324524,
        0.8958969116210938,
        0.7813779711723328,
        0.9690388441085815,
        0.9753544330596924,
        0.9990730285644531,
        0.8530937433242798,
        0.7758848667144775,
        0.9292112588882446,
        0.7823765873908997,
        0.7888831496238708,
        0.9397358298301697,
        0.828498363494873,
        0.6564386487007141,
        0.7477009892463684,
        0.8374550342559814,
        0.7736067771911621
    ],
    "val_loss": [
        1.7349228858947754,
        1.626754641532898,
        1.3693900108337402,
        1.5252236127853394,
        1.2526127099990845,
        1.3914767503738403,
        1.391099452972412,
        1.3709864616394043,
        1.1937716007232666,
        1.1297968626022339,
        1.1736522912979126,
        1.1200387477874756,
        1.1900427341461182,
        1.0627597570419312,
        1.0991880893707275,
        0.9907271862030029,
        1.037534236907959,
        1.0526572465896606,
        1.151818037033081,
        1.0844861268997192,
        1.0049577951431274,
        1.0782300233840942,
        1.0904232263565063,
        1.0202440023422241,
        1.0331872701644897,
        1.1022270917892456,
        1.093880534172058,
        1.062918782234192,
        1.0606410503387451,
        1.0688470602035522,
        1.05520761013031,
        1.0740903615951538,
        1.1485393047332764,
        1.1777112483978271,
        1.1662052869796753,
        1.117879033088684,
        1.0760325193405151,
        1.0602712631225586,
        1.0786468982696533,
        1.1035547256469727,
        1.1159979104995728,
        1.1289271116256714,
        1.1438034772872925,
        1.1540285348892212,
        1.1473819017410278,
        1.1406424045562744
    ],
    "train_accuracy": [
        0.40625,
        0.3125,
        0.28125,
        0.375,
        0.46875,
        0.5,
        0.3125,
        0.375,
        0.375,
        0.3125,
        0.375,
        0.375,
        0.5,
        0.40625,
        0.59375,
        0.5,
        0.46875,
        0.46875,
        0.4375,
        0.5,
        0.59375,
        0.65625,
        0.4375,
        0.5,
        0.5625,
        0.59375,
        0.625,
        0.65625,
        0.5625,
        0.625,
        0.75,
        0.53125,
        0.5625,
        0.5625,
        0.75,
        0.6875,
        0.53125,
        0.6875,
        0.65625,
        0.625,
        0.71875,
        0.75,
        0.65625,
        0.59375,
        0.625
    ],
    "val_accuracy": [
        0.125,
        0.2916666865348816,
        0.4583333432674408,
        0.2916666865348816,
        0.5,
        0.25,
        0.2916666865348816,
        0.2916666865348816,
        0.625,
        0.5833333730697632,
        0.5833333730697632,
        0.4583333432674408,
        0.4166666567325592,
        0.5416666865348816,
        0.4583333432674408,
        0.5416666865348816,
        0.5416666865348816,
        0.5416666865348816,
        0.5833333730697632,
        0.5833333730697632,
        0.5833333730697632,
        0.5416666865348816,
        0.625,
        0.7083333134651184,
        0.7083333134651184,
        0.5833333730697632,
        0.625,
        0.75,
        0.7083333134651184,
        0.625,
        0.7083333134651184,
        0.75,
        0.6666666865348816,
        0.625,
        0.6666666865348816,
        0.6666666865348816,
        0.6666666865348816,
        0.6666666865348816,
        0.7083333134651184,
        0.7083333134651184,
        0.6666666865348816,
        0.6666666865348816,
        0.6666666865348816,
        0.6666666865348816,
        0.7083333134651184,
        0.7083333134651184
    ],
    "epoch_times": [
        0.2847001552581787,
        0.25373244285583496,
        0.25452208518981934,
        0.2560267448425293,
        0.2565193176269531,
        0.2559478282928467,
        0.25690126419067383,
        0.25643491744995117,
        0.2558157444000244,
        0.2567603588104248,
        0.2566568851470947,
        0.25626683235168457,
        0.2562856674194336,
        0.2562901973724365,
        0.25656795501708984,
        0.25609731674194336,
        0.25662708282470703,
        0.25681066513061523,
        0.25577759742736816,
        0.2572047710418701,
        0.25653505325317383,
        0.25563693046569824,
        0.2556650638580322,
        0.2551696300506592,
        0.2556180953979492,
        0.2556307315826416,
        0.25685882568359375,
        0.2583627700805664,
        0.2558882236480713,
        0.25710034370422363,
        0.25806450843811035,
        0.2564430236816406,
        0.25697803497314453,
        0.25725293159484863,
        0.25655460357666016,
        0.2567622661590576,
        0.25639796257019043,
        0.25699615478515625,
        0.25684595108032227,
        0.25730299949645996,
        0.26037168502807617,
        0.2570629119873047,
        0.25747108459472656,
        0.25645875930786133,
        0.25693821907043457
    ]
}