{
    "hyperparameters": {
        "activation": "gelu",
        "dropout_rate": 0.5897224995807,
        "hidden_units": 126,
        "learning_rate": 0.0196389301729,
        "num_layers": 3,
        "weight_decay": 0.0026655329842
    },
    "dataset_stats": {
        "name": "ArrowHead",
        "train_size": 49,
        "val_size": 12,
        "input_shape": [
            251,
            1
        ],
        "num_classes": 3
    },
    "epochs": 67,
    "train_loss": [
        1.2198222875595093,
        1.38185715675354,
        1.0219649076461792,
        0.9869614243507385,
        1.311358094215393,
        0.9124478697776794,
        1.1485596895217896,
        0.9026740193367004,
        0.8644772171974182,
        0.703550398349762,
        0.6460080742835999,
        0.7097659707069397,
        1.0691509246826172,
        0.6978980898857117,
        0.8058192729949951,
        0.7718102335929871,
        0.8242446184158325,
        0.7748925089836121,
        0.8078896403312683,
        0.8804375529289246,
        0.5403696894645691,
        0.8065069317817688,
        0.7407999038696289,
        0.8784949779510498,
        0.5724393725395203,
        0.6504412293434143,
        0.5019528269767761,
        0.4773767292499542,
        0.5070475935935974,
        0.4818788766860962,
        0.6481379270553589,
        0.914212703704834,
        0.8409332633018494,
        0.4975244104862213,
        0.4447627067565918,
        0.6672298908233643,
        0.7008234262466431,
        0.7467384934425354,
        0.4587969183921814,
        0.7264862656593323,
        0.6392273306846619,
        0.5358871817588806,
        0.672749400138855,
        0.32894545793533325,
        0.6525554656982422,
        0.37356480956077576,
        0.5854143500328064,
        0.7580381631851196,
        0.567626953125,
        0.42550426721572876,
        0.4747482240200043,
        0.4163700342178345,
        0.4396252930164337,
        0.4000389575958252,
        0.6792805194854736,
        0.4648732542991638,
        0.34551456570625305,
        0.522067666053772,
        0.5725928544998169,
        0.3969247043132782,
        0.4051494598388672,
        0.5082383155822754,
        0.5179085731506348,
        0.2540038824081421,
        0.5022951364517212,
        0.4567643105983734,
        0.3489706814289093
    ],
    "val_loss": [
        1.101070761680603,
        1.515380859375,
        1.517433524131775,
        3.0119450092315674,
        4.476284503936768,
        3.6493728160858154,
        2.393862247467041,
        1.8701690435409546,
        1.8654245138168335,
        1.9839006662368774,
        1.9601596593856812,
        2.172755002975464,
        2.2294671535491943,
        2.2352030277252197,
        2.130788803100586,
        1.9827600717544556,
        1.6943912506103516,
        1.4692591428756714,
        1.3810125589370728,
        1.3578578233718872,
        1.3711751699447632,
        1.326204538345337,
        1.3063148260116577,
        1.3227607011795044,
        1.390425682067871,
        1.4127368927001953,
        1.3295764923095703,
        1.22495698928833,
        1.197036862373352,
        1.279229760169983,
        1.3676246404647827,
        1.3837388753890991,
        1.2997406721115112,
        1.2384705543518066,
        1.2051583528518677,
        1.1558157205581665,
        1.091831088066101,
        1.0501761436462402,
        1.1010637283325195,
        1.2041549682617188,
        1.289262294769287,
        1.3052773475646973,
        1.2153888940811157,
        1.1360152959823608,
        1.1081042289733887,
        1.106350064277649,
        1.1225906610488892,
        1.1820964813232422,
        1.2157961130142212,
        1.2508670091629028,
        1.3376139402389526,
        1.4272079467773438,
        1.5144225358963013,
        1.5603395700454712,
        1.548258662223816,
        1.5159116983413696,
        1.5084022283554077,
        1.5022491216659546,
        1.4409793615341187,
        1.3875614404678345,
        1.3542653322219849,
        1.3296763896942139,
        1.3366426229476929,
        1.467610478401184,
        1.6125240325927734,
        1.4703105688095093,
        1.2883918285369873,
        1.2314165830612183
    ],
    "train_accuracy": [
        0.4285714328289032,
        0.4693877696990967,
        0.5918367505073547,
        0.6530612111091614,
        0.5306122303009033,
        0.6122449040412903,
        0.5306122303009033,
        0.6326530575752258,
        0.6326530575752258,
        0.6938775777816772,
        0.7142857313156128,
        0.6530612111091614,
        0.5510203838348389,
        0.7142857313156128,
        0.7551020383834839,
        0.6326530575752258,
        0.6734693646430969,
        0.6734693646430969,
        0.6734693646430969,
        0.6938775777816772,
        0.7551020383834839,
        0.7142857313156128,
        0.5918367505073547,
        0.6122449040412903,
        0.7551020383834839,
        0.6734693646430969,
        0.7346938848495483,
        0.795918345451355,
        0.8163265585899353,
        0.7551020383834839,
        0.6938775777816772,
        0.5714285969734192,
        0.6326530575752258,
        0.795918345451355,
        0.795918345451355,
        0.7346938848495483,
        0.5918367505073547,
        0.7346938848495483,
        0.7755101919174194,
        0.6530612111091614,
        0.7142857313156128,
        0.7346938848495483,
        0.7755101919174194,
        0.8775510191917419,
        0.6938775777816772,
        0.8163265585899353,
        0.7755101919174194,
        0.7551020383834839,
        0.7551020383834839,
        0.8367347121238708,
        0.8163265585899353,
        0.8163265585899353,
        0.8163265585899353,
        0.795918345451355,
        0.7346938848495483,
        0.7755101919174194,
        0.8367347121238708,
        0.7346938848495483,
        0.7142857313156128,
        0.795918345451355,
        0.8163265585899353,
        0.7755101919174194,
        0.8367347121238708,
        0.8979591727256775,
        0.7755101919174194,
        0.7755101919174194,
        0.8367347121238708
    ],
    "val_accuracy": [
        0.3333333432674408,
        0.3333333432674408,
        0.3333333432674408,
        0.4166666567325592,
        0.4166666567325592,
        0.4166666567325592,
        0.4166666567325592,
        0.5,
        0.25,
        0.25,
        0.3333333432674408,
        0.3333333432674408,
        0.3333333432674408,
        0.25,
        0.25,
        0.25,
        0.3333333432674408,
        0.5,
        0.5833333134651184,
        0.5833333134651184,
        0.4166666567325592,
        0.5,
        0.5,
        0.5,
        0.25,
        0.25,
        0.25,
        0.4166666567325592,
        0.5,
        0.5833333134651184,
        0.5,
        0.5833333134651184,
        0.5833333134651184,
        0.5,
        0.4166666567325592,
        0.5,
        0.5,
        0.5,
        0.5833333134651184,
        0.5833333134651184,
        0.6666666865348816,
        0.6666666865348816,
        0.6666666865348816,
        0.6666666865348816,
        0.6666666865348816,
        0.6666666865348816,
        0.6666666865348816,
        0.5,
        0.5,
        0.5,
        0.5,
        0.5,
        0.5,
        0.5,
        0.5,
        0.5,
        0.4166666567325592,
        0.5,
        0.4166666567325592,
        0.5,
        0.5,
        0.5,
        0.5833333134651184,
        0.5,
        0.4166666567325592,
        0.4166666567325592,
        0.4166666567325592,
        0.4166666567325592
    ],