{
    "hyperparameters": {
        "bidirectional": true,
        "dropout_rate": 0.1184032283809,
        "hidden_units": 89,
        "learning_rate": 0.0003654639951,
        "num_layers": 3,
        "output_activation": "gelu",
        "weight_decay": 6.47002786e-05
    },
    "dataset_stats": {
        "name": "BirdChicken",
        "train_size": 32,
        "val_size": 8,
        "input_shape": [
            512,
            1
        ],
        "num_classes": 2
    },
    "epochs": 116,
    "train_loss": [
        0.7055148482322693,
        0.625612199306488,
        0.5914232134819031,
        0.5651254057884216,
        0.5516092777252197,
        0.5436210036277771,
        0.5259039402008057,
        0.5028101205825806,
        0.4825628399848938,
        0.4734436869621277,
        0.4467649459838867,
        0.4347885847091675,
        0.4257732629776001,
        0.42569512128829956,
        0.4130863547325134,
        0.37916356325149536,
        0.3558577299118042,
        0.3467867076396942,
        0.32563215494155884,
        0.3121944069862366,
        0.2953413128852844,
        0.27813804149627686,
        0.27054905891418457,
        0.25237810611724854,
        0.2478463053703308,
        0.237296462059021,
        0.22560541331768036,
        0.2208334505558014,
        0.21330071985721588,
        0.20915444195270538,
        0.2072567343711853,
        0.202531635761261,
        0.20578567683696747,
        0.20314985513687134,
        0.20253702998161316,
        0.20109333097934723,
        0.2008352428674698,
        0.20096561312675476,
        0.20104052126407623,
        0.19986969232559204,
        0.19985252618789673,
        0.2009751796722412,
        0.2007695436477661,
        0.20051667094230652,
        0.2015615999698639,
        0.20042717456817627,
        0.20736351609230042,
        0.20202432572841644,
        0.2012062519788742,
        0.20134049654006958,
        0.2014930248260498,
        0.20088329911231995,
        0.20263831317424774,
        0.2018367052078247,
        0.2020525336265564,
        0.20127935707569122,
        0.20030690729618073,
        0.20134170353412628,
        0.2006472945213318,
        0.20025591552257538,
        0.20063993334770203,
        0.2007630467414856,
        0.19965657591819763,
        0.2003687024116516,
        0.1999116986989975,
        0.20025071501731873,
        0.2007795125246048,
        0.20067952573299408,
        0.1997106671333313,
        0.19969695806503296,
        0.20040364563465118,
        0.20037637650966644,
        0.20012149214744568,
        0.20023128390312195,
        0.19994011521339417,
        0.1999654769897461,
        0.20038768649101257,
        0.19994625449180603,
        0.199892058968544,
        0.1999630630016327,
        0.20013713836669922,
        0.20008379220962524,
        0.19992417097091675,
        0.20008555054664612,
        0.20027047395706177,
        0.19960977137088776,
        0.20124459266662598,
        0.19937092065811157,
        0.2002231478691101,
        0.20037667453289032,
        0.20055417716503143,
        0.19962772727012634,
        0.20052528381347656,
        0.19998584687709808,
        0.20003381371498108,
        0.2001849114894867,
        0.2002509981393814,
        0.1999513804912567,
        0.20016790926456451,
        0.2005166858434677,
        0.20084264874458313,
        0.19971033930778503,
        0.19979596138000488,
        0.2000732123851776,
        0.19950348138809204,
        0.20013709366321564,
        0.20044641196727753,
        0.20036669075489044,
        0.19961854815483093,
        0.1999732255935669,
        0.20030346512794495,
        0.19960728287696838,
        0.1997777223587036,
        0.20037676393985748,
        0.19955456256866455,
        0.19974470138549805
    ],
    "val_loss": [
        0.7645294070243835,
        0.6375369429588318,
        0.5466670989990234,
        0.47118595242500305,
        0.4497261643409729,
        0.4559161961078644,
        0.4355614185333252,
        0.41568613052368164,
        0.39369887113571167,
        0.3943045437335968,
        0.38204318284988403,
        0.37116190791130066,
        0.3480662703514099,
        0.3190222680568695,
        0.3383166790008545,
        0.3490654528141022,
        0.3462802767753601,
        0.33764559030532837,
        0.31525087356567383,
        0.2711273431777954,
        0.25683003664016724,
        0.27254873514175415,
        0.2616671323776245,
        0.25237905979156494,
        0.23125022649765015,
        0.22376587986946106,
        0.21632269024848938,
        0.2134813368320465,
        0.208359956741333,
        0.20579275488853455,
        0.20388591289520264,
        0.20236700773239136,
        0.20125654339790344,
        0.20046837627887726,
        0.20019826292991638,
        0.19952499866485596,
        0.19927740097045898,
        0.19922329485416412,
        0.1992533802986145,
        0.19927042722702026,
        0.1992873251438141,
        0.19929395616054535,
        0.19920746982097626,
        0.19915124773979187,
        0.19913345575332642,
        0.19914917647838593,
        0.19913756847381592,
        0.19936588406562805,
        0.19951826333999634,
        0.19954797625541687,
        0.19947120547294617,
        0.19927555322647095,
        0.20059874653816223,
        0.19926826655864716,
        0.1993177980184555,
        0.19930696487426758,
        0.1992872655391693,
        0.1992519199848175,
        0.19920015335083008,
        0.19915257394313812,
        0.1991046816110611,
        0.19905410706996918,
        0.19900009036064148,
        0.1989494115114212,
        0.1989041566848755,
        0.19886010885238647,
        0.19882121682167053,
        0.19879050552845,
        0.19877590239048004,
        0.19876907765865326,
        0.1987638771533966,
        0.19876162707805634,
        0.19876497983932495,
        0.19876602292060852,
        0.1987820714712143,
        0.19877083599567413,
        0.19875864684581757,
        0.1987469494342804,
        0.1987370252609253,
        0.19872745871543884,
        0.19871610403060913,
        0.19870726764202118,
        0.19870053231716156,
        0.1986948847770691,
        0.19869112968444824,
        0.1986856460571289,
        0.19868187606334686,
        0.198682963848114,
        0.19868478178977966,
        0.1986846923828125,
        0.1986851841211319,
        0.1986856609582901,
        0.19868558645248413,
        0.19868572056293488,
        0.19868692755699158,
        0.19868698716163635,
        0.19868716597557068,
        0.19868744909763336,
        0.19868697226047516,
        0.19868716597557068,
        0.19868680834770203,
        0.1986865997314453,
        0.19868676364421844,
        0.19868649542331696,
        0.1986866295337677,
        0.1986863762140274,
        0.19868572056293488,
        0.19868555665016174,
        0.19868560135364532,
        0.19868579506874084,
        0.19868572056293488,
        0.19868555665016174,
        0.19868557155132294,
        0.19868555665016174,
        0.1986854374408722,
        0.19868534803390503,
        0.19868513941764832
    ],