{
    "hyperparameters": {
        "activation": "relu",
        "dropout_rate": 0.3506901473167,
        "kernel_size": 3,
        "learning_rate": 0.0003137483554,
        "num_filters": 222,
        "num_layers": 2,
        "pooling": "average",
        "pooling_size": 1
    },
    "dataset_stats": {
        "name": "FiftyWords",
        "train_size": 720,
        "val_size": 180,
        "input_shape": [
            1,
            270
        ],
        "num_classes": 50
    },
    "epochs": 51,
    "train_loss": [
        3.9454588890075684,
        3.385979652404785,
        3.121706485748291,
        2.940194606781006,
        2.827198028564453,
        2.6963276863098145,
        2.6185760498046875,
        2.5076591968536377,
        2.4728283882141113,
        2.352952003479004,
        2.3217270374298096,
        2.2657225131988525,
        2.2199738025665283,
        2.1516106128692627,
        2.1291918754577637,
        2.0882322788238525,
        2.0274391174316406,
        1.950411081314087,
        1.9710701704025269,
        1.9185478687286377,
        1.842752456665039,
        1.869908094406128,
        1.787840485572815,
        1.7520618438720703,
        1.7714923620224,
        1.7041624784469604,
        1.6567450761795044,
        1.6436960697174072,
        1.6243582963943481,
        1.5857418775558472,
        1.576358675956726,
        1.5659022331237793,
        1.474974513053894,
        1.5522481203079224,
        1.4892045259475708,
        1.4389567375183105,
        1.454707384109497,
        1.429960012435913,
        1.3651033639907837,
        1.3434877395629883,
        1.344496250152588,
        1.325226902961731,
        1.270900845527649,
        1.2347732782363892,
        1.2704375982284546,
        1.2120628356933594,
        1.2083210945129395,
        1.191313624382019,
        1.1566029787063599,
        1.1800076961517334,
        1.1651445627212524
    ],
    "val_loss": [
        3.912754535675049,
        3.7509500980377197,
        3.4065680503845215,
        3.2572264671325684,
        3.1559321880340576,
        3.137767791748047,
        3.0585336685180664,
        3.018472194671631,
        2.9852473735809326,
        2.950594186782837,
        2.945322275161743,
        2.938586711883545,
        2.9000728130340576,
        2.8808350563049316,
        2.8518433570861816,
        2.8460443019866943,
        2.8388986587524414,
        2.861501693725586,
        2.8166027069091797,
        2.8148975372314453,
        2.780007839202881,
        2.7651636600494385,
        2.791234016418457,
        2.7969353199005127,
        2.806023597717285,
        2.784176826477051,
        2.8322668075561523,
        2.812028408050537,
        2.7855331897735596,
        2.861928701400757,
        2.806790351867676,
        2.833045721054077,
        2.810328245162964,
        2.8405377864837646,
        2.8106489181518555,
        2.828749418258667,
        2.82647705078125,
        2.8361711502075195,
        2.87026309967041,
        2.919166088104248,
        2.875950336456299,
        2.804147958755493,
        2.8442533016204834,
        2.8550326824188232,
        2.810648202896118,
        2.825422763824463,
        2.930957078933716,
        2.9193315505981445,
        2.938938617706299,
        2.9402709007263184,
        2.907766819000244,
        2.9223134517669678
    ],
    "train_accuracy": [
        0.07777778059244156,
        0.22638888657093048,
        0.27222222089767456,
        0.2986111044883728,
        0.34861111640930176,
        0.36250001192092896,
        0.3708333373069763,
        0.3930555582046509,
        0.41805556416511536,
        0.4305555522441864,
        0.4486111104488373,
        0.4513888955116272,
        0.48055556416511536,
        0.4541666805744171,
        0.48055556416511536,
        0.4888888895511627,
        0.5069444179534912,
        0.5111111402511597,
        0.5097222328186035,
        0.5152778029441833,
        0.543055534362793,
        0.5166666507720947,
        0.5583333373069763,
        0.581944465637207,
        0.5416666865348816,
        0.5861111283302307,
        0.5763888955116272,
        0.5930555462837219,
        0.5874999761581421,
        0.6083333492279053,
        0.5805555582046509,
        0.5916666388511658,
        0.6499999761581421,
        0.5805555582046509,
        0.5902777910232544,
        0.6222222447395325,
        0.6305555701255798,
        0.6277777552604675,
        0.6499999761581421,
        0.6597222089767456,
        0.6611111164093018,
        0.6486111283302307,
        0.6875,
        0.6791666746139526,
        0.6416666507720947,
        0.6972222328186035,
        0.6888889074325562,
        0.6902777552604675,
        0.6958333253860474,
        0.6777777671813965,
        0.6944444179534912
    ],
    "val_accuracy": [
        0.03125,
        0.1666666716337204,
        0.21666666865348816,
        0.21666666865348816,
        0.24444444477558136,
        0.25,
        0.30000001192092896,
        0.2944444417953491,
        0.3055555522441864,
        0.3166666626930237,
        0.3222222328186035,
        0.3333333432674408,
        0.3333333432674408,
        0.3166666626930237,
        0.33888888359069824,
        0.32777777314186096,
        0.3499999940395355,
        0.32777777314186096,
        0.3444444537162781,
        0.35555556416511536,
        0.36666667461395264,
        0.33888888359069824,
        0.3222222328186035,
        0.33888888359069824,
        0.33888888359069824,
        0.3333333432674408,
        0.33888888359069824,
        0.3444444537162781,
        0.3222222328186035,
        0.3333333432674408,
        0.3444444537162781,
        0.3499999940395355,
        0.3611111044883728,
        0.33888888359069824,
        0.33888888359069824,
        0.3333333432674408,
        0.3444444537162781,
        0.31111112236976624,
        0.33888888359069824,
        0.32777777314186096,
        0.31111112236976624,
        0.32777777314186096,
        0.32777777314186096,
        0.3166666626930237,
        0.3222222328186035,
        0.3222222328186035,
        0.32777777314186096,
        0.3166666626930237,
        0.3166666626930237,
        0.3444444537162781,
        0.33888888359069824,
        0.35555556416511536
    ],
    "epoch_times": [
        0.4623112678527832,
        0.16564202308654785,
        0.17373991012573242,
        0.1722865104675293,
        0.16448235511779785,
        0.15709781646728516,
        0.15065407752990723,
        0.17595911026000977,
        0.19103717803955078,
        0.19173240661621094,
        0.19995546340942383,
        0.21541309356689453,
        0.20682978630065918,
        0.19988489151000977,
        0.18162083625793457,
        0.1409616470336914,
        0.14218521118164062,
        0.1660022735595703,
        0.16429615020751953,
        0.14626622200012207,
        0.13366055488586426,
        0.16327428817749023,
        0.16687369346618652,
        0.16753554344177246,
        0.1663227081298828,
        0.15373945236206055,
        0.1419086456298828,
        0.16055655479431152,
        0.1664717197418213,
        0.1695728302001953,
        0.16841959953308105,
        0.17385506629943848,
        0.15663719177246094,
        0.17211461067199707,
        0.20188426971435547,
        0.20702528953552246,
        0.2016291618347168,
        0.20450139045715332,
        0.21083426475524902,
        0.17938899993896484,
        0.18856477737426758,
        0.18831706047058105,
        0.1730480194091797,
        0.16734957695007324,
        0.20380377769470215,
        0.20714902877807617,
        0.21563124656677246,
        0.21878910064697266,
        0.20478081703186035,
        0.20342445373535156,
        0.17445850372314453
    ]
}