{
    "hyperparameters": {
        "activation": "relu",
        "dropout_rate": 0.5115195937272,
        "hidden_units": 82,
        "learning_rate": 0.000912164344,
        "num_layers": 2,
        "weight_decay": 0.0046349130139
    },
    "dataset_stats": {
        "name": "CBF",
        "train_size": 44,
        "val_size": 11,
        "input_shape": [
            128,
            1
        ],
        "num_classes": 3
    },
    "epochs": 48,
    "train_loss": [
        1.2931188344955444,
        0.9530622959136963,
        1.056923270225525,
        0.9501999020576477,
        0.7999990582466125,
        0.7823767066001892,
        0.7328822612762451,
        0.685009241104126,
        0.627562940120697,
        0.6911888718605042,
        0.5865859985351562,
        0.6445321440696716,
        0.617123007774353,
        0.594849169254303,
        0.5927474498748779,
        0.5128040909767151,
        0.5076221823692322,
        0.41354456543922424,
        0.5384070873260498,
        0.3716268539428711,
        0.477225661277771,
        0.44993773102760315,
        0.49560606479644775,
        0.3504921793937683,
        0.382059782743454,
        0.3576505780220032,
        0.37288257479667664,
        0.3089018166065216,
        0.2616187036037445,
        0.40075328946113586,
        0.37135937809944153,
        0.2686227858066559,
        0.23361772298812866,
        0.2600848972797394,
        0.2808767259120941,
        0.23346883058547974,
        0.18088942766189575,
        0.2533733546733856,
        0.28151747584342957,
        0.3065190613269806,
        0.21183131635189056,
        0.23734737932682037,
        0.17518159747123718,
        0.1905621588230133,
        0.14006122946739197,
        0.18601307272911072,
        0.13179442286491394,
        0.16179770231246948
    ],
    "val_loss": [
        1.0928075313568115,
        1.0653451681137085,
        1.0360814332962036,
        1.002167820930481,
        0.9664468765258789,
        0.9304894804954529,
        0.8903629183769226,
        0.8496963977813721,
        0.817148745059967,
        0.7879984378814697,
        0.7653915286064148,
        0.7331033945083618,
        0.7163305878639221,
        0.7084972262382507,
        0.6964554190635681,
        0.6907957196235657,
        0.6851497888565063,
        0.6838379502296448,
        0.6801791787147522,
        0.6830335259437561,
        0.6861854195594788,
        0.681804358959198,
        0.6931807398796082,
        0.6943949460983276,
        0.6970569491386414,
        0.7028942108154297,
        0.693793535232544,
        0.690496027469635,
        0.689008355140686,
        0.6971322298049927,
        0.7042049765586853,
        0.7143572568893433,
        0.7034030556678772,
        0.6991512775421143,
        0.6944057941436768,
        0.7020382285118103,
        0.7038925886154175,
        0.7119541168212891,
        0.7088042497634888,
        0.7157341837882996,
        0.7217752933502197,
        0.7112864851951599,
        0.7112863659858704,
        0.712502121925354,
        0.7128540873527527,
        0.7230479717254639,
        0.73260498046875,
        0.7387495040893555,
        0.7549688816070557
    ],
    "train_accuracy": [
        0.2954545319080353,
        0.6363636255264282,
        0.47727271914482117,
        0.5681818127632141,
        0.7045454382896423,
        0.5681818127632141,
        0.6818181872367859,
        0.6590909361839294,
        0.7045454382896423,
        0.6818181872367859,
        0.7954545617103577,
        0.7045454382896423,
        0.7272727489471436,
        0.7727272510528564,
        0.7045454382896423,
        0.8181818127632141,
        0.7727272510528564,
        0.8409090638160706,
        0.7727272510528564,
        0.8863636255264282,
        0.7954545617103577,
        0.8863636255264282,
        0.8409090638160706,
        0.8409090638160706,
        0.9772727489471436,
        0.9090909361839294,
        0.8636363744735718,
        0.9545454382896423,
        0.9545454382896423,
        0.8181818127632141,
        0.9090909361839294,
        0.9318181872367859,
        0.9090909361839294,
        0.9545454382896423,
        0.9545454382896423,
        0.9318181872367859,
        1.0,
        0.9318181872367859,
        0.9090909361839294,
        0.8863636255264282,
        0.9545454382896423,
        0.9318181872367859,
        0.9545454382896423,
        0.9090909361839294,
        1.0,
        1.0,
        1.0,
        0.9545454382896423
    ],
    "val_accuracy": [
        0.3636363744735718,
        0.5454545617103577,
        0.7272727489471436,
        0.5454545617103577,
        0.7272727489471436,
        0.7272727489471436,
        0.7272727489471436,
        0.7272727489471436,
        0.7272727489471436,
        0.7272727489471436,
        0.6363636255264282,
        0.6363636255264282,
        0.6363636255264282,
        0.6363636255264282,
        0.6363636255264282,
        0.6363636255264282,
        0.6363636255264282,
        0.6363636255264282,
        0.6363636255264282,
        0.6363636255264282,
        0.6363636255264282,
        0.6363636255264282,
        0.6363636255264282,
        0.6363636255264282,
        0.6363636255264282,
        0.6363636255264282,
        0.6363636255264282,
        0.6363636255264282,
        0.6363636255264282,
        0.6363636255264282,
        0.6363636255264282,
        0.6363636255264282,
        0.6363636255264282,
        0.6363636255264282,
        0.6363636255264282,
        0.6363636255264282,
        0.6363636255264282,
        0.6363636255264282,
        0.6363636255264282,
        0.6363636255264282,
        0.6363636255264282,
        0.6363636255264282,
        0.6363636255264282,
        0.6363636255264282,
        0.6363636255264282,
        0.6363636255264282,
        0.6363636255264282,
        0.6363636255264282,
        0.6363636255264282
    ],
    "epoch_times": [
        0.006498813629150391,
        0.005502939224243164,
        0.0057220458984375,
        0.005415201187133789,
        0.005308866500854492,
        0.005624055862426758,
        0.005323648452758789,
        0.005667924880981445,
        0.005252838134765625,
        0.005406856536865234,
        0.005255222320556641,
        0.005358219146728516,
        0.005877971649169922,
        0.005547761917114258,
        0.005316972732543945,
        0.005483150482177734,
        0.005259990692138672,
        0.00527501106262207,
        0.005589008331298828,
        0.005343914031982422,
        0.005296945571899414,
        0.005520820617675781,
        0.005527019500732422,
        0.0053958892822265625,
        0.005404949188232422,
        0.0054972171783447266,
        0.005675077438354492,
        0.005491971969604492,
        0.0055010318756103516,
        0.005203962326049805,
        0.005261898040771484,
        0.006788015365600586,
        0.005650043487548828,
        0.005552768707275391,
        0.0054628849029541016,
        0.005560159683227539,
        0.005541086196899414,
        0.00569915771484375,
        0.006592988967895508,
        0.008142232894897461,
        0.0068700313568115234,
        0.005736112594604492,
        0.005532979965209961,
        0.005751132965087891,
        0.005182981491088867,
        0.005304813385009766,
        0.005319833755493164,
        0.0054819583892822266
    ]
}