{
    "hyperparameters": {
        "activation": "tanh",
        "dropout_rate": 0.516008981336,
        "hidden_units": 72,
        "learning_rate": 0.0232434687204,
        "num_layers": 2,
        "weight_decay": 0.0001518839428
    },
    "dataset_stats": {
        "name": "BeetleFly",
        "train_size": 36,
        "val_size": 9,
        "input_shape": [
            512,
            1
        ],
        "num_classes": 2
    },
    "epochs": 31,
    "train_loss": [
        0.9066175818443298,
        0.6131378412246704,
        0.4137234091758728,
        0.3434162139892578,
        0.3718051314353943,
        0.21465323865413666,
        0.33929872512817383,
        0.3277561664581299,
        0.16921845078468323,
        0.17061510682106018,
        0.28239771723747253,
        0.1346067190170288,
        0.1877630352973938,
        0.20999255776405334,
        0.21719107031822205,
        0.3456377685070038,
        0.08690604567527771,
        0.1408979594707489,
        0.15114367008209229,
        0.07298398017883301,
        0.06684935092926025,
        0.18660128116607666,
        0.08635216951370239,
        0.14811870455741882,
        0.16047650575637817,
        0.22584795951843262,
        0.03751542419195175,
        0.06234252452850342,
        0.2724360227584839,
        0.188288614153862,
        0.15220755338668823
    ],
    "val_loss": [
        0.6851723194122314,
        0.7990432977676392,
        1.0913803577423096,
        1.139643669128418,
        1.480394721031189,
        1.2569395303726196,
        1.0519156455993652,
        1.0985312461853027,
        1.05696439743042,
        0.9291102290153503,
        0.9213348031044006,
        0.9050242304801941,
        0.9104737043380737,
        0.9216450452804565,
        0.8640366792678833,
        0.8656360507011414,
        0.97355055809021,
        0.9627127051353455,
        1.0043716430664062,
        1.0845973491668701,
        1.1222081184387207,
        1.1261110305786133,
        1.1695377826690674,
        1.195862889289856,
        1.249282717704773,
        1.307023525238037,
        1.4746968746185303,
        1.5375723838806152,
        1.549134373664856,
        1.5069105625152588,
        1.5668927431106567,
        1.6683039665222168
    ],
    "train_accuracy": [
        0.5,
        0.6666666865348816,
        0.8333333134651184,
        0.8888888955116272,
        0.8888888955116272,
        0.9166666865348816,
        0.8888888955116272,
        0.8611111044883728,
        0.9722222089767456,
        0.9166666865348816,
        0.8611111044883728,
        0.9166666865348816,
        0.9444444179534912,
        0.8611111044883728,
        0.8611111044883728,
        0.9166666865348816,
        0.9722222089767456,
        0.9166666865348816,
        0.9722222089767456,
        0.9722222089767456,
        0.9722222089767456,
        0.9166666865348816,
        0.9722222089767456,
        0.9444444179534912,
        0.9444444179534912,
        0.9166666865348816,
        1.0,
        0.9722222089767456,
        0.9166666865348816,
        0.9722222089767456,
        0.9444444179534912
    ],
    "val_accuracy": [
        0.5555555820465088,
        0.3333333432674408,
        0.5555555820465088,
        0.5555555820465088,
        0.5555555820465088,
        0.5555555820465088,
        0.5555555820465088,
        0.5555555820465088,
        0.5555555820465088,
        0.6666666865348816,
        0.6666666865348816,
        0.6666666865348816,
        0.6666666865348816,
        0.7777777910232544,
        0.7777777910232544,
        0.6666666865348816,
        0.6666666865348816,
        0.6666666865348816,
        0.5555555820465088,
        0.5555555820465088,
        0.5555555820465088,
        0.6666666865348816,
        0.4444444477558136,
        0.4444444477558136,
        0.5555555820465088,
        0.4444444477558136,
        0.4444444477558136,
        0.6666666865348816,
        0.6666666865348816,
        0.5555555820465088,
        0.5555555820465088,
        0.5555555820465088
    ],
    "epoch_times": [
        1.5543060302734375,
        0.02804875373840332,
        0.023816823959350586,
        0.021898984909057617,
        0.02255105972290039,
        0.02219390869140625,
        0.02180194854736328,
        0.02152085304260254,
        0.020879030227661133,
        0.022547006607055664,
        0.02136397361755371,
        0.021579980850219727,
        0.021456241607666016,
        0.02218174934387207,
        0.02187180519104004,
        0.021735191345214844,
        0.021867036819458008,
        0.02193903923034668,
        0.021445035934448242,
        0.021645069122314453,
        0.02376413345336914,
        0.021764755249023438,
        0.021559953689575195,
        0.025889158248901367,
        0.02289414405822754,
        0.023466110229492188,
        0.021637916564941406,
        0.02150702476501465,
        0.024274110794067383,
        0.022545814514160156,
        0.021715879440307617
    ]
}