{
    "hyperparameters": {
        "activation": "gelu",
        "dropout_rate": 0.2837356843119,
        "hidden_units": 57,
        "learning_rate": 0.0033773621308,
        "num_layers": 3,
        "weight_decay": 0.0053606856932
    },
    "dataset_stats": {
        "name": "Car",
        "train_size": 68,
        "val_size": 17,
        "input_shape": [
            577,
            1
        ],
        "num_classes": 4
    },
    "epochs": 65,
    "train_loss": [
        1.6889736652374268,
        1.3479609489440918,
        1.3761917352676392,
        1.2834444046020508,
        1.3485407829284668,
        1.2329175472259521,
        1.2377573251724243,
        1.1271566152572632,
        1.158356785774231,
        1.035631775856018,
        1.0286586284637451,
        1.1124274730682373,
        1.0322610139846802,
        1.0403536558151245,
        0.9862696528434753,
        1.0273551940917969,
        0.9873799681663513,
        1.1436991691589355,
        0.9565091729164124,
        0.9312444925308228,
        0.914710521697998,
        0.9523630738258362,
        1.050612211227417,
        0.9370198249816895,
        0.9548698663711548,
        1.088438868522644,
        0.955020010471344,
        0.9540241360664368,
        0.9145985841751099,
        1.0522794723510742,
        0.9060947299003601,
        1.0510390996932983,
        1.0049275159835815,
        0.9332414865493774,
        0.9852423071861267,
        0.8783383965492249,
        0.9032540917396545,
        1.0029195547103882,
        0.9160112142562866,
        0.9157841801643372,
        1.0167368650436401,
        0.93655925989151,
        0.9273973107337952,
        0.8735619187355042,
        0.9320425987243652,
        0.8388934135437012,
        0.9011119604110718,
        0.9286017417907715,
        0.8035829067230225,
        0.8013858199119568,
        0.8720717430114746,
        0.8438648581504822,
        0.9051270484924316,
        0.794542670249939,
        0.8226620554924011,
        0.8830885887145996,
        0.9458673000335693,
        0.8025413751602173,
        0.7792516946792603,
        0.8879680037498474,
        0.6938765645027161,
        0.813949704170227,
        0.7029067277908325,
        0.7591478824615479,
        0.905409038066864
    ],
    "val_loss": [
        1.4088058471679688,
        1.380407691001892,
        1.3398680686950684,
        1.3701387643814087,
        1.46928071975708,
        1.4349608421325684,
        1.4222005605697632,
        1.3742730617523193,
        1.3416426181793213,
        1.3322333097457886,
        1.3082891702651978,
        1.3394036293029785,
        1.390793800354004,
        1.3854637145996094,
        1.4082183837890625,
        1.3018627166748047,
        1.2398762702941895,
        1.2099062204360962,
        1.1635406017303467,
        1.094502568244934,
        1.0779139995574951,
        1.0918939113616943,
        1.1388752460479736,
        1.2802764177322388,
        1.363605260848999,
        1.4054557085037231,
        1.3585875034332275,
        1.329721450805664,
        1.1817936897277832,
        1.1030019521713257,
        1.0234575271606445,
        0.9751289486885071,
        0.9731595516204834,
        0.9430487155914307,
        0.910820722579956,
        0.8883992433547974,
        0.9687379002571106,
        1.044891119003296,
        1.1284006834030151,
        1.1778078079223633,
        1.2038341760635376,
        1.1897058486938477,
        1.1461948156356812,
        1.2415560483932495,
        1.1310937404632568,
        1.1048003435134888,
        1.1239327192306519,
        1.1817086935043335,
        1.2040098905563354,
        1.1765228509902954,
        1.1807721853256226,
        1.1656519174575806,
        1.242579698562622,
        1.2334070205688477,
        1.2464627027511597,
        1.304383397102356,
        1.305215835571289,
        1.2756749391555786,
        1.1573207378387451,
        1.4864354133605957,
        1.164147138595581,
        1.0028753280639648,
        1.0042670965194702,
        0.9671732783317566,
        0.9723278284072876,
        1.0570316314697266
    ],
    "train_accuracy": [
        0.23529411852359772,
        0.3970588147640228,
        0.36764705181121826,
        0.3235294222831726,
        0.4117647111415863,
        0.5147058963775635,
        0.36764705181121826,
        0.5,
        0.5147058963775635,
        0.5441176295280457,
        0.6323529481887817,
        0.45588234066963196,
        0.529411792755127,
        0.6323529481887817,
        0.6029411554336548,
        0.529411792755127,
        0.6176470518112183,
        0.5147058963775635,
        0.720588207244873,
        0.6323529481887817,
        0.5588235259056091,
        0.6029411554336548,
        0.5882353186607361,
        0.6176470518112183,
        0.529411792755127,
        0.5147058963775635,
        0.6176470518112183,
        0.6911764740943909,
        0.6176470518112183,
        0.6176470518112183,
        0.6323529481887817,
        0.5588235259056091,
        0.6176470518112183,
        0.7058823704719543,
        0.6029411554336548,
        0.6911764740943909,
        0.6176470518112183,
        0.6029411554336548,
        0.6323529481887817,
        0.6617646813392639,
        0.6176470518112183,
        0.6176470518112183,
        0.5882353186607361,
        0.6470588445663452,
        0.6323529481887817,
        0.6911764740943909,
        0.6029411554336548,
        0.6470588445663452,
        0.720588207244873,
        0.6470588445663452,
        0.6617646813392639,
        0.6617646813392639,
        0.6470588445663452,
        0.6176470518112183,
        0.6617646813392639,
        0.720588207244873,
        0.5735294222831726,
        0.6617646813392639,
        0.720588207244873,
        0.6323529481887817,
        0.720588207244873,
        0.7058823704719543,
        0.7352941036224365,
        0.7352941036224365,
        0.6764705777168274
    ],
    "val_accuracy": [
        0.0,
        0.3529411852359772,
        0.29411765933036804,
        0.1764705926179886,
        0.1764705926179886,
        0.1764705926179886,
        0.1764705926179886,
        0.29411765933036804,
        0.29411765933036804,
        0.23529411852359772,
        0.4117647111415863,
        0.47058823704719543,
        0.4117647111415863,
        0.4117647111415863,
        0.3529411852359772,
        0.29411765933036804,
        0.47058823704719543,
        0.47058823704719543,
        0.6470588445663452,
        0.6470588445663452,
        0.7058823704719543,
        0.6470588445663452,
        0.6470588445663452,
        0.4117647111415863,
        0.23529411852359772,
        0.3529411852359772,
        0.29411765933036804,
        0.3529411852359772,
        0.4117647111415863,
        0.5882353186607361,
        0.5882353186607361,
        0.6470588445663452,
        0.7058823704719543,
        0.7647058963775635,
        0.7058823704719543,
        0.7058823704719543,
        0.7647058963775635,
        0.529411792755127,
        0.47058823704719543,
        0.47058823704719543,
        0.47058823704719543,
        0.47058823704719543,
        0.529411792755127,
        0.529411792755127,
        0.47058823704719543,
        0.47058823704719543,
        0.4117647111415863,
        0.3529411852359772,
        0.3529411852359772,
        0.47058823704719543,
        0.47058823704719543,
        0.4117647111415863,
        0.3529411852359772,
        0.4117647111415863,
        0.3529411852359772,
        0.3529411852359772,
        0.3529411852359772,
        0.4117647111415863,
        0.4117647111415863,
        0.529411792755127,
        0.529411792755127,
        0.5882353186607361,
        0.5882353186607361,
        0.6470588445663452,
        0.5882353186607361,
        0.5882353186607361
    ],