{
  "dataset": "RightWhaleCalls",
  "regressor": "RandomForest",
  "train_sizes": [
    20,
    40,
    60,
    80
  ],
  "r2_mean": [
    0.12475086420695021,
    0.2754573922896898,
    0.36982697092021194,
    0.3879398763516127
  ],
  "r2_std": [
    0.32740153023389124,
    0.3824849753478427,
    0.32245183900021723,
    0.29103634656495303
  ],
  "rmse_mean": [
    0.014582313895420349,
    0.013110877073530407,
    0.012291724059045593,
    0.01217791705997906
  ],
  "rmse_std": [
    0.0025063739156442008,
    0.002312645889029372,
    0.0028001755880092097,
    0.0027250027649421632
  ],
  "mae_mean": [
    0.011773388128370072,
    0.010437278887391137,
    0.009678390739738994,
    0.009399974950104988
  ],
  "mae_std": [
    0.00197964625217623,
    0.0019234017005066986,
    0.0020723114577256238,
    0.0021027364172672186
  ]
}