{
    "hyperparameters": {
        "activation": "relu",
        "dropout_rate": 0.1167906853169,
        "hidden_units": 24,
        "learning_rate": 0.0031081373952,
        "num_layers": 3,
        "weight_decay": 0.0091175224582
    },
    "dataset_stats": {
        "name": "Adiac",
        "train_size": 312,
        "val_size": 78,
        "input_shape": [
            176,
            1
        ],
        "num_classes": 37
    },
    "epochs": 66,
    "train_loss": [
        3.6885809898376465,
        3.411484479904175,
        3.2171313762664795,
        3.012068033218384,
        2.88993763923645,
        2.7353804111480713,
        2.622772693634033,
        2.5170605182647705,
        2.4072155952453613,
        2.3519201278686523,
        2.267327308654785,
        2.191831588745117,
        2.118905544281006,
        2.121692180633545,
        2.0413074493408203,
        1.9885071516036987,
        1.9379372596740723,
        1.845234751701355,
        1.8637139797210693,
        1.7717031240463257,
        1.7539966106414795,
        1.7556285858154297,
        1.735300898551941,
        1.690008521080017,
        1.64924156665802,
        1.6947076320648193,
        1.6192859411239624,
        1.5941228866577148,
        1.638549566268921,
        1.6152737140655518,
        1.5908939838409424,
        1.4645072221755981,
        1.485032320022583,
        1.4893198013305664,
        1.4419937133789062,
        1.4561208486557007,
        1.503762125968933,
        1.4568328857421875,
        1.5367326736450195,
        1.4784531593322754,
        1.4327727556228638,
        1.425036907196045,
        1.4183845520019531,
        1.4004065990447998,
        1.353883147239685,
        1.3742899894714355,
        1.310119390487671,
        1.3287770748138428,
        1.3061631917953491,
        1.3445247411727905,
        1.35707426071167,
        1.3190940618515015,
        1.26530122756958,
        1.3275220394134521,
        1.236548662185669,
        1.2952824831008911,
        1.2774996757507324,
        1.320038080215454,
        1.2733385562896729,
        1.2582446336746216,
        1.3440847396850586,
        1.2429487705230713,
        1.2391935586929321,
        1.1984392404556274,
        1.1765058040618896,
        1.1351484060287476
    ],
    "val_loss": [
        3.6383004188537598,
        3.609576940536499,
        3.5873913764953613,
        3.448514223098755,
        3.4387481212615967,
        3.5303423404693604,
        3.0764458179473877,
        3.028958320617676,
        4.335188865661621,
        5.034855842590332,
        3.431690216064453,
        2.612492561340332,
        2.7650842666625977,
        2.326869010925293,
        2.4550602436065674,
        2.6478185653686523,
        2.4409279823303223,
        2.3105509281158447,
        2.8275749683380127,
        3.0652318000793457,
        4.17522668838501,
        3.5132884979248047,
        2.7141926288604736,
        2.6427505016326904,
        2.3475372791290283,
        2.3057754039764404,
        2.090296506881714,
        2.3940484523773193,
        1.9246902465820312,
        3.0014514923095703,
        3.5990443229675293,
        2.791489362716675,
        2.198612689971924,
        1.865907073020935,
        2.266068458557129,
        2.156381607055664,
        1.572005271911621,
        1.6906658411026,
        1.6664135456085205,
        2.5694737434387207,
        2.097898006439209,
        2.202944040298462,
        2.1053788661956787,
        2.261077404022217,
        1.643413782119751,
        1.7803614139556885,
        1.9159958362579346,
        2.459531545639038,
        1.7210828065872192,
        2.749941349029541,
        2.928414821624756,
        2.3173253536224365,
        2.009674549102783,
        1.735648512840271,
        1.625177025794983,
        2.007758617401123,
        1.9001003503799438,
        2.4034855365753174,
        2.2579967975616455,
        3.1094064712524414,
        5.130003929138184,
        3.05014967918396,
        2.213087320327759,
        1.5801687240600586,
        2.4520485401153564,
        3.9848456382751465,
        3.3988945484161377
    ],
    "train_accuracy": [
        0.07371795177459717,
        0.125,
        0.15064102411270142,
        0.2083333283662796,
        0.2211538404226303,
        0.24679486453533173,
        0.27243590354919434,
        0.30128204822540283,
        0.3493589758872986,
        0.3493589758872986,
        0.3589743673801422,
        0.39423078298568726,
        0.3621794879436493,
        0.35256409645080566,
        0.3878205120563507,
        0.41025641560554504,
        0.43910256028175354,
        0.48076921701431274,
        0.49038460850715637,
        0.49038460850715637,
        0.49358972907066345,
        0.4711538553237915,
        0.49038460850715637,
        0.5416666865348816,
        0.5192307829856873,
        0.4839743673801422,
        0.5128205418586731,
        0.5256410241127014,
        0.5032051205635071,
        0.45512819290161133,
        0.48076921701431274,
        0.5641025900840759,
        0.567307710647583,
        0.5480769276618958,
        0.6121794581413269,
        0.5833333134651184,
        0.5,
        0.5480769276618958,
        0.5352563858032227,
        0.5512820482254028,
        0.557692289352417,
        0.5544871687889099,
        0.5512820482254028,
        0.5641025900840759,
        0.5929487347602844,
        0.5224359035491943,
        0.6217948794364929,
        0.6282051205635071,
        0.5993589758872986,
        0.5833333134651184,
        0.5448718070983887,
        0.6089743375778198,
        0.6057692170143127,
        0.5608974099159241,
        0.5961538553237915,
        0.5769230723381042,
        0.6153846383094788,
        0.5737179517745972,
        0.5769230723381042,
        0.6025640964508057,
        0.5833333134651184,
        0.5993589758872986,
        0.6346153616905212,
        0.6378205418586731,
        0.6634615659713745,
        0.6538461446762085
    ],
    "val_accuracy": [
        0.03125,
        0.06410256773233414,
        0.08974359184503555,
        0.05128205195069313,
        0.12820513546466827,
        0.1666666716337204,
        0.1538461595773697,
        0.1794871836900711,
        0.06410256773233414,
        0.06410256773233414,
        0.11538461595773697,
        0.23076923191547394,
        0.1794871836900711,
        0.3461538553237915,
        0.24358974397182465,
        0.24358974397182465,
        0.24358974397182465,
        0.38461539149284363,
        0.23076923191547394,
        0.1794871836900711,
        0.08974359184503555,
        0.10256410390138626,
        0.1794871836900711,
        0.20512820780277252,
        0.3205128312110901,
        0.38461539149284363,
        0.3333333432674408,
        0.24358974397182465,
        0.3589743673801422,
        0.21794871985912323,
        0.20512820780277252,
        0.28205129504203796,
        0.39743590354919434,
        0.44871795177459717,
        0.3076923191547394,
        0.3205128312110901,
        0.5384615659713745,
        0.43589743971824646,
        0.39743590354919434,
        0.24358974397182465,
        0.3717948794364929,
        0.29487180709838867,
        0.38461539149284363,
        0.25641027092933655,
        0.5,
        0.5,
        0.3717948794364929,
        0.3205128312110901,
        0.4615384638309479,
        0.3461538553237915,
        0.24358974397182465,
        0.3333333432674408,
        0.43589743971824646,
        0.5,
        0.4871794879436493,
        0.29487180709838867,
        0.38461539149284363,
        0.3461538553237915,
        0.3076923191547394,
        0.1666666716337204,
        0.10256410390138626,
        0.26923078298568726,
        0.29487180709838867,
        0.5384615659713745,
        0.3333333432674408,
        0.24358974397182465,
        0.23076923191547394
    ],