{
    "hyperparameters": {
        "bidirectional": true,
        "dropout_rate": 0.0529677455955,
        "hidden_units": 215,
        "learning_rate": 0.0002518784549,
        "num_layers": 2,
        "output_activation": "relu",
        "weight_decay": 7.19056306e-05
    },
    "dataset_stats": {
        "name": "ArrowHead",
        "train_size": 58,
        "val_size": 14,
        "input_shape": [
            251,
            1
        ],
        "num_classes": 3
    },
    "epochs": 45,
    "train_loss": [
        0.9976726174354553,
        0.7647526264190674,
        0.6142951250076294,
        0.5243236422538757,
        0.4928096830844879,
        0.4396226406097412,
        0.392107218503952,
        0.36589011549949646,
        0.34604647755622864,
        0.35415735840797424,
        0.33604055643081665,
        0.3092292845249176,
        0.31636860966682434,
        0.30254119634628296,
        0.3132464587688446,
        0.30213645100593567,
        0.2954626977443695,
        0.2960135042667389,
        0.2994276285171509,
        0.2946118712425232,
        0.29343026876449585,
        0.29341673851013184,
        0.2930031418800354,
        0.292766273021698,
        0.29227158427238464,
        0.2924341559410095,
        0.2924472689628601,
        0.292236328125,
        0.2922716438770294,
        0.29213255643844604,
        0.29214051365852356,
        0.29182225465774536,
        0.2919319272041321,
        0.2919362187385559,
        0.29189223051071167,
        0.291975736618042,
        0.2918815016746521,
        0.29202747344970703,
        0.2917884886264801,
        0.29188477993011475,
        0.29205793142318726,
        0.29181790351867676,
        0.29170507192611694,
        0.291807621717453,
        0.2919289767742157
    ],
    "val_loss": [
        1.1366723775863647,
        1.0342447757720947,
        1.0546921491622925,
        1.0692163705825806,
        1.054841160774231,
        1.0842939615249634,
        1.1175329685211182,
        0.9669255018234253,
        0.9250588417053223,
        1.031097650527954,
        1.063671588897705,
        0.9415950775146484,
        0.9174261689186096,
        0.959021270275116,
        0.8887534141540527,
        0.8434044718742371,
        0.891711413860321,
        0.9180533289909363,
        0.9247976541519165,
        0.9524723887443542,
        0.9780201315879822,
        0.9626682996749878,
        0.9523174166679382,
        0.9525150060653687,
        0.9553114175796509,
        0.9606465697288513,
        0.9658907055854797,
        0.9672448039054871,
        0.9651843309402466,
        0.9620899558067322,
        0.9607709050178528,
        0.9603952169418335,
        0.9609189033508301,
        0.9606126546859741,
        0.9600805044174194,
        0.9611231684684753,
        0.9625788927078247,
        0.9636244773864746,
        0.9647530317306519,
        0.9648699164390564,
        0.9653917551040649,
        0.9659505486488342,
        0.9664779901504517,
        0.9670249819755554,
        0.9673870801925659,
        0.9679244160652161
    ],
    "train_accuracy": [
        0.6034482717514038,
        0.8103448152542114,
        0.8275862336158752,
        0.8275862336158752,
        0.9137930870056152,
        0.9482758641242981,
        0.9482758641242981,
        0.9655172228813171,
        0.9655172228813171,
        0.982758641242981,
        0.982758641242981,
        1.0,
        1.0,
        1.0,
        1.0,
        1.0,
        1.0,
        1.0,
        1.0,
        1.0,
        1.0,
        1.0,
        1.0,
        1.0,
        1.0,
        1.0,
        1.0,
        1.0,
        1.0,
        1.0,
        1.0,
        1.0,
        1.0,
        1.0,
        1.0,
        1.0,
        1.0,
        1.0,
        1.0,
        1.0,
        1.0,
        1.0,
        1.0,
        1.0,
        1.0
    ],
    "val_accuracy": [
        0.2857142984867096,
        0.4285714626312256,
        0.4285714626312256,
        0.4285714626312256,
        0.5714285969734192,
        0.5,
        0.5,
        0.5714285969734192,
        0.6428571939468384,
        0.7142857313156128,
        0.6428571939468384,
        0.7142857313156128,
        0.7142857313156128,
        0.7142857313156128,
        0.7142857313156128,
        0.7142857313156128,
        0.7142857313156128,
        0.7142857313156128,
        0.7142857313156128,
        0.7142857313156128,
        0.7142857313156128,
        0.7142857313156128,
        0.7142857313156128,
        0.7142857313156128,
        0.7142857313156128,
        0.7142857313156128,
        0.7142857313156128,
        0.7142857313156128,
        0.7142857313156128,
        0.7142857313156128,
        0.7142857313156128,
        0.7142857313156128,
        0.7142857313156128,
        0.7142857313156128,
        0.7142857313156128,
        0.7142857313156128,
        0.7142857313156128,
        0.7142857313156128,
        0.7142857313156128,
        0.7142857313156128,
        0.7142857313156128,
        0.7142857313156128,
        0.7142857313156128,
        0.7142857313156128,
        0.7142857313156128,
        0.7142857313156128
    ],
    "epoch_times": [
        0.2277371883392334,
        0.19725847244262695,
        0.23766493797302246,
        0.25365781784057617,
        0.24837374687194824,
        0.2529106140136719,
        0.2665126323699951,
        0.2644951343536377,
        0.2646820545196533,
        0.2576572895050049,
        0.2528421878814697,
        0.23613929748535156,
        0.18450331687927246,
        0.17496538162231445,
        0.18152666091918945,
        0.1540215015411377,
        0.18288183212280273,
        0.19504809379577637,
        0.23851895332336426,
        0.251767635345459,
        0.2672615051269531,
        0.26645517349243164,
        0.26011061668395996,
        0.2541651725769043,
        0.24774670600891113,
        0.24524283409118652,
        0.254474401473999,
        0.2541537284851074,
        0.25371694564819336,
        0.2587616443634033,
        0.25890064239501953,
        0.2539658546447754,
        0.2573220729827881,
        0.24681329727172852,
        0.2572824954986572,
        0.25283265113830566,
        0.24169373512268066,
        0.2508988380432129,
        0.25384044647216797,
        0.2400658130645752,
        0.2609736919403076,
        0.26353979110717773,
        0.25894951820373535,
        0.25923752784729004,
        0.25343871116638184
    ]
}