{
    "hyperparameters": {
        "activation": "sigmoid",
        "dropout_rate": 0.0039700005231,
        "kernel_size": 3,
        "learning_rate": 0.0061642329174,
        "num_filters": 88,
        "num_layers": 2,
        "pooling": "average",
        "pooling_size": 2
    },
    "dataset_stats": {
        "name": "ChlorineConcentration",
        "train_size": 748,
        "val_size": 186,
        "input_shape": [
            1,
            166
        ],
        "num_classes": 3
    },
    "epochs": 36,
    "train_loss": [
        1.1597539186477661,
        1.0271767377853394,
        0.9814652800559998,
        0.9808679223060608,
        0.980442225933075,
        0.9564818739891052,
        0.9457179307937622,
        0.9855746626853943,
        0.9403905868530273,
        0.9361941814422607,
        0.9429124593734741,
        0.9142702221870422,
        0.8789832592010498,
        0.8761762380599976,
        0.8989872932434082,
        0.8912603259086609,
        0.8407692909240723,
        0.8539692163467407,
        0.8032195568084717,
        0.8497104048728943,
        0.7952394485473633,
        0.8318917751312256,
        0.7780344486236572,
        0.8063591122627258,
        0.7682786583900452,
        0.7850660085678101,
        0.7561179399490356,
        0.7654047608375549,
        0.7458268404006958,
        0.7333968877792358,
        0.7285981774330139,
        0.7238386273384094,
        0.653185248374939,
        0.6654947996139526,
        0.6882528066635132,
        0.7165093421936035
    ],
    "val_loss": [
        1.0591669082641602,
        1.007611632347107,
        1.0060895681381226,
        1.0197809934616089,
        1.0154389142990112,
        1.0439835786819458,
        0.9989955425262451,
        1.0567957162857056,
        1.0143698453903198,
        1.0218331813812256,
        1.0465868711471558,
        1.037209153175354,
        1.0255125761032104,
        1.0865544080734253,
        1.1827667951583862,
        1.1217511892318726,
        1.1452417373657227,
        1.0819703340530396,
        1.0348575115203857,
        1.1358237266540527,
        1.0516000986099243,
        1.3261691331863403,
        1.131631851196289,
        1.1458982229232788,
        1.09649658203125,
        1.1608667373657227,
        1.1859914064407349,
        1.2048879861831665,
        1.12125563621521,
        1.1353528499603271,
        1.12801992893219,
        1.2524300813674927,
        1.125229001045227,
        1.2334399223327637,
        1.466314673423767,
        1.2869136333465576,
        1.2760676145553589
    ],
    "train_accuracy": [
        0.41844919323921204,
        0.5374331474304199,
        0.5614973306655884,
        0.5481283664703369,
        0.5628342032432556,
        0.5721924901008606,
        0.5868983864784241,
        0.5668449401855469,
        0.5855615139007568,
        0.5601603984832764,
        0.5909090638160706,
        0.5935828685760498,
        0.596256673336029,
        0.6122994422912598,
        0.605614960193634,
        0.6016042828559875,
        0.614973247051239,
        0.6096256971359253,
        0.6417112350463867,
        0.635026752948761,
        0.6470588445663452,
        0.6457219123840332,
        0.6323529481887817,
        0.6524063944816589,
        0.6657754182815552,
        0.6671122908592224,
        0.6724599003791809,
        0.6617646813392639,
        0.6858288645744324,
        0.6697860956192017,
        0.6965240836143494,
        0.6938502788543701,
        0.7192513346672058,
        0.7112299203872681,
        0.6925133466720581,
        0.6991978883743286
    ],
    "val_accuracy": [
        0.328125,
        0.5645161271095276,
        0.5591397881507874,
        0.5537634491920471,
        0.5645161271095276,
        0.48924732208251953,
        0.5591397881507874,
        0.5322580933570862,
        0.5376344323158264,
        0.5376344323158264,
        0.5053763389587402,
        0.5591397881507874,
        0.5645161271095276,
        0.5161290168762207,
        0.3978494703769684,
        0.40860214829444885,
        0.49462366104125977,
        0.5698924660682678,
        0.5322580933570862,
        0.5537634491920471,
        0.5591397881507874,
        0.40860214829444885,
        0.49462366104125977,
        0.5268816947937012,
        0.5107526779174805,
        0.5,
        0.4462365508079529,
        0.5752688050270081,
        0.5430107712745667,
        0.5645161271095276,
        0.5322580933570862,
        0.4677419364452362,
        0.5376344323158264,
        0.48924732208251953,
        0.3709677457809448,
        0.5107526779174805,
        0.48924732208251953
    ],
    "epoch_times": [
        0.5198352336883545,
        0.16707444190979004,
        0.19130516052246094,
        0.2020871639251709,
        0.19603514671325684,
        0.19113993644714355,
        0.18584322929382324,
        0.19136905670166016,
        0.19018816947937012,
        0.18125176429748535,
        0.18734383583068848,
        0.17368125915527344,
        0.16337871551513672,
        0.20871353149414062,
        0.2178480625152588,
        0.21582412719726562,
        0.20311665534973145,
        0.21089625358581543,
        0.21092677116394043,
        0.21668457984924316,
        0.21042752265930176,
        0.20452880859375,
        0.2026536464691162,
        0.22641539573669434,
        0.2240443229675293,
        0.22657227516174316,
        0.21706175804138184,
        0.22568821907043457,
        0.21983027458190918,
        0.224839448928833,
        0.21818256378173828,
        0.23567724227905273,
        0.2048325538635254,
        0.2163395881652832,
        0.21420860290527344,
        0.22636127471923828
    ]
}