{
    "hyperparameters": {
        "activation": "tanh",
        "dropout_rate": 0.1065700407617,
        "hidden_units": 92,
        "learning_rate": 0.000629463641,
        "num_layers": 1,
        "weight_decay": 0.0065839155176
    },
    "dataset_stats": {
        "name": "Beef",
        "train_size": 44,
        "val_size": 11,
        "input_shape": [
            470,
            1
        ],
        "num_classes": 5
    },
    "epochs": 113,
    "train_loss": [
        1.49012291431427,
        1.1358259916305542,
        1.0388233661651611,
        0.960387647151947,
        0.9571565389633179,
        0.8964694738388062,
        0.8719896078109741,
        0.8392616510391235,
        0.8014611601829529,
        0.7813840508460999,
        0.7564849257469177,
        0.787930428981781,
        0.6958122253417969,
        0.7080979347229004,
        0.6532648801803589,
        0.7359473705291748,
        0.6207119822502136,
        0.6290271282196045,
        0.6082573533058167,
        0.6129443645477295,
        0.631378710269928,
        0.5408769249916077,
        0.5995410680770874,
        0.5117201209068298,
        0.5134101510047913,
        0.5129424333572388,
        0.461424320936203,
        0.4771284759044647,
        0.44129133224487305,
        0.49050942063331604,
        0.4429769217967987,
        0.4043097496032715,
        0.41770055890083313,
        0.407571017742157,
        0.4154369533061981,
        0.38005152344703674,
        0.3677387237548828,
        0.3824516534805298,
        0.36610424518585205,
        0.3704942464828491,
        0.49647676944732666,
        0.40480050444602966,
        0.47867974638938904,
        0.4107094705104828,
        0.3622561991214752,
        0.4415181875228882,
        0.370724081993103,
        0.35991373658180237,
        0.3967808783054352,
        0.3938702344894409,
        0.33884817361831665,
        0.32550641894340515,
        0.32230281829833984,
        0.33410415053367615,
        0.3485393226146698,
        0.2972610294818878,
        0.31060874462127686,
        0.33606788516044617,
        0.30760863423347473,
        0.31604838371276855,
        0.314653605222702,
        0.3277643620967865,
        0.30605366826057434,
        0.3791745901107788,
        0.30108389258384705,
        0.3226597011089325,
        0.3066757023334503,
        0.31033894419670105,
        0.2982622981071472,
        0.311667263507843,
        0.2907082438468933,
        0.3002393841743469,
        0.33652183413505554,
        0.34207597374916077,
        0.32118892669677734,
        0.35376980900764465,
        0.2976114749908447,
        0.2654138207435608,
        0.30982932448387146,
        0.27552470564842224,
        0.31401604413986206,
        0.30731886625289917,
        0.27558013796806335,
        0.28564679622650146,
        0.2820226550102234,
        0.2945922613143921,
        0.3119804561138153,
        0.2840096056461334,
        0.28485167026519775,
        0.2917029559612274,
        0.30680105090141296,
        0.28757303953170776,
        0.3028515875339508,
        0.29179084300994873,
        0.3152811825275421,
        0.2765151560306549,
        0.29136598110198975,
        0.2952190935611725,
        0.2816601097583771,
        0.29948264360427856,
        0.306998610496521,
        0.26576897501945496,
        0.2586580812931061,
        0.24988655745983124,
        0.2804683744907379,
        0.2636342942714691,
        0.2529870271682739,
        0.26541393995285034,
        0.2631082832813263,
        0.25647926330566406,
        0.2688242197036743,
        0.24859318137168884,
        0.22529512643814087
    ],
    "val_loss": [
        1.5613994598388672,
        1.414465069770813,
        1.311949610710144,
        1.2382067441940308,
        1.1665672063827515,
        1.0923453569412231,
        1.0560693740844727,
        1.029515266418457,
        1.0243269205093384,
        1.0065219402313232,
        0.9762008786201477,
        0.95107501745224,
        0.9421942234039307,
        0.9330597519874573,
        0.9260664582252502,
        0.9157625436782837,
        0.8821885585784912,
        0.8494333028793335,
        0.8442111611366272,
        0.8475790619850159,
        0.8615751266479492,
        0.877690851688385,
        0.8792820572853088,
        0.8788028359413147,
        0.8775265216827393,
        0.8512067794799805,
        0.8114240169525146,
        0.7853450179100037,
        0.7661891579627991,
        0.7510429620742798,
        0.7230224013328552,
        0.7124859094619751,
        0.7227513790130615,
        0.7401964664459229,
        0.7422984838485718,
        0.7464869022369385,
        0.7276430130004883,
        0.7337886691093445,
        0.7281699776649475,
        0.7088375687599182,
        0.66242915391922,
        0.6661530137062073,
        0.6845257878303528,
        0.7193951606750488,
        0.7035265564918518,
        0.6849045157432556,
        0.6915762424468994,
        0.6887810826301575,
        0.7426919937133789,
        0.783037006855011,
        0.7822622060775757,
        0.769326388835907,
        0.7436268329620361,
        0.6915438175201416,
        0.6554804444313049,
        0.6378757357597351,
        0.6532606482505798,
        0.6555255055427551,
        0.7638252377510071,
        0.8332088589668274,
        0.8163279891014099,
        0.7481361031532288,
        0.6919549107551575,
        0.6588965654373169,
        0.6710448861122131,
        0.6905437111854553,
        0.7332708835601807,
        0.762346625328064,
        0.7591245174407959,
        0.700918436050415,
        0.6655799746513367,
        0.6501307487487793,
        0.6215192675590515,
        0.634334146976471,
        0.6619975566864014,
        0.6791347861289978,
        0.6641389727592468,
        0.6629013419151306,
        0.6263328194618225,
        0.630707859992981,
        0.6332302689552307,
        0.6327810883522034,
        0.6423914432525635,
        0.6154127717018127,
        0.6449885964393616,
        0.6286091208457947,
        0.6359623074531555,
        0.6405266523361206,
        0.6667184829711914,
        0.696553111076355,
        0.6975445747375488,
        0.6792126893997192,
        0.6525180339813232,
        0.6338328123092651,
        0.6569414734840393,
        0.7525748610496521,
        0.7307784557342529,
        0.7620392441749573,
        0.7500544190406799,
        0.7593292593955994,
        0.7790441513061523,
        0.7971181869506836,
        0.7397474050521851,
        0.693996012210846,
        0.6763848662376404,
        0.7222504019737244,
        0.7985010743141174,
        0.9043074250221252,
        1.0038561820983887,
        1.132032036781311,
        1.2535256147384644,
        1.2821944952011108,
        1.2997769117355347,
        1.3754611015319824
    ],