{
    "hyperparameters": {
        "activation": "tanh",
        "dropout_rate": 0.1065700407617,
        "hidden_units": 92,
        "learning_rate": 0.000629463641,
        "num_layers": 1,
        "weight_decay": 0.0065839155176
    },
    "dataset_stats": {
        "name": "Beef",
        "train_size": 44,
        "val_size": 11,
        "input_shape": [
            470,
            1
        ],
        "num_classes": 5
    },
    "epochs": 89,
    "train_loss": [
        1.7732261419296265,
        1.2678074836730957,
        1.0881975889205933,
        0.9812532663345337,
        0.9279369115829468,
        0.9402995705604553,
        0.8833780884742737,
        0.8663835525512695,
        0.8535357117652893,
        0.8161908984184265,
        0.8027124404907227,
        0.788543701171875,
        0.7703840136528015,
        0.7585797905921936,
        0.7426523566246033,
        0.7245169281959534,
        0.6952468752861023,
        0.6712169647216797,
        0.6541211605072021,
        0.6295936703681946,
        0.5988590717315674,
        0.615144670009613,
        0.5975509285926819,
        0.5717626214027405,
        0.5680232048034668,
        0.5889875888824463,
        0.5700679421424866,
        0.5290462970733643,
        0.5307425856590271,
        0.5215295553207397,
        0.5011400580406189,
        0.5457039475440979,
        0.5447022318840027,
        0.5029423236846924,
        0.49897047877311707,
        0.5287370681762695,
        0.4901483654975891,
        0.505233883857727,
        0.4503997564315796,
        0.504513144493103,
        0.4398278295993805,
        0.4263252019882202,
        0.45858052372932434,
        0.4290345311164856,
        0.4484718441963196,
        0.425321489572525,
        0.40602216124534607,
        0.3736128509044647,
        0.40923646092414856,
        0.4108460545539856,
        0.39524781703948975,
        0.3932860493659973,
        0.389458566904068,
        0.37530776858329773,
        0.433610737323761,
        0.33961182832717896,
        0.3548167049884796,
        0.38118135929107666,
        0.3533928692340851,
        0.37608471512794495,
        0.36369168758392334,
        0.34360507130622864,
        0.37861788272857666,
        0.4054873287677765,
        0.3266996443271637,
        0.3735702633857727,
        0.3365406394004822,
        0.3529372215270996,
        0.32952412962913513,
        0.3265313506126404,
        0.3573506474494934,
        0.3216644525527954,
        0.29386159777641296,
        0.29204121232032776,
        0.30871447920799255,
        0.3008679747581482,
        0.2738005220890045,
        0.26589640974998474,
        0.2914290726184845,
        0.2945592701435089,
        0.315430611371994,
        0.3428315818309784,
        0.43407848477363586,
        0.3372959792613983,
        0.3373025357723236,
        0.33150145411491394,
        0.3222883939743042,
        0.31373873353004456,
        0.29587116837501526
    ],
    "val_loss": [
        1.7664622068405151,
        1.7364226579666138,
        1.6964154243469238,
        1.6377867460250854,
        1.5667625665664673,
        1.4932936429977417,
        1.412124514579773,
        1.3202924728393555,
        1.2312968969345093,
        1.1571916341781616,
        1.122126817703247,
        1.0942270755767822,
        1.0563896894454956,
        1.03123939037323,
        0.9953088164329529,
        0.9495306015014648,
        0.9176490902900696,
        0.9155653119087219,
        0.9054563641548157,
        0.9283633828163147,
        0.9438099265098572,
        0.9700331091880798,
        0.9767501354217529,
        0.96425461769104,
        0.9588260054588318,
        0.962090253829956,
        0.9752765893936157,
        1.0056315660476685,
        1.0048491954803467,
        1.0547915697097778,
        1.1036893129348755,
        1.0811525583267212,
        1.0280553102493286,
        1.013729453086853,
        1.0157970190048218,
        0.9958149194717407,
        1.0017504692077637,
        0.9883336424827576,
        0.9702126979827881,
        0.9736347794532776,
        0.9399582147598267,
        0.9297444820404053,
        0.9225625395774841,
        0.9113490581512451,
        0.8960641622543335,
        0.8916833400726318,
        0.9125875234603882,
        0.9093858599662781,
        0.8830394744873047,
        0.9061107635498047,
        0.9732239246368408,
        0.9523668885231018,
        0.9607927203178406,
        1.002684473991394,
        1.0614798069000244,
        1.0306001901626587,
        0.9199153780937195,
        0.8128568530082703,
        0.770587146282196,
        0.7664669156074524,
        0.8033870458602905,
        0.8266122341156006,
        0.9047723412513733,
        0.9413394927978516,
        1.0016059875488281,
        1.0053068399429321,
        0.9253072142601013,
        0.9310985207557678,
        0.9094835519790649,
        0.9001703262329102,
        0.8784544467926025,
        0.8551443219184875,
        0.8366521596908569,
        0.8330352306365967,
        0.8370950222015381,
        0.8867801427841187,
        0.9226982593536377,
        0.9556761384010315,
        0.9830993413925171,
        1.0119824409484863,
        1.0069276094436646,
        0.984224259853363,
        0.9848377704620361,
        0.9738920331001282,
        1.0504568815231323,
        1.0264371633529663,
        1.129705548286438,
        1.1375929117202759,
        1.095849871635437,
        1.0164508819580078
    ],
    "train_accuracy": [
        0.22727273404598236,
        0.5454545617103577,
        0.6363636255264282,
        0.6818181872367859,
        0.7045454382896423,
        0.6818181872367859,
        0.6818181872367859,
        0.6818181872367859,
        0.7045454382896423,
        0.75,
        0.7272727489471436,
        0.6818181872367859,
        0.7272727489471436,
        0.75,
        0.75,
        0.7727272510528564,
        0.75,
        0.7954545617103577,
        0.75,
        0.8863636255264282,
        0.8636363744735718,
        0.8409090638160706,
        0.7954545617103577,
        0.8636363744735718,
        0.8409090638160706,
        0.7954545617103577,
        0.8636363744735718,
        0.8409090638160706,
        0.8181818127632141,
        0.8863636255264282,
        0.8863636255264282,
        0.8409090638160706,
        0.8636363744735718,
        0.8863636255264282,
        0.8636363744735718,
        0.8409090638160706,
        0.8863636255264282,
        0.8863636255264282,
        0.8863636255264282,
        0.8636363744735718,
        0.8863636255264282,
        0.8863636255264282,
        0.9318181872367859,
        0.9318181872367859,
        0.8863636255264282,
        0.9545454382896423,
        0.9318181872367859,
        0.9318181872367859,
        0.8863636255264282,
        0.9090909361839294,
        0.9318181872367859,
        0.9090909361839294,
        0.9090909361839294,
        0.9090909361839294,
        0.8863636255264282,
        0.9318181872367859,
        0.9318181872367859,
        0.9090909361839294,
        0.9318181872367859,
        0.9090909361839294,
        0.9318181872367859,
        0.9090909361839294,
        0.9545454382896423,
        0.8863636255264282,
        0.9545454382896423,
        0.9545454382896423,
        0.9545454382896423,
        0.9318181872367859,
        0.9545454382896423,
        0.9318181872367859,
        0.8863636255264282,
        0.9545454382896423,
        0.9318181872367859,
        0.9545454382896423,
        0.9318181872367859,
        0.9090909361839294,
        0.9318181872367859,
        0.9545454382896423,
        0.9090909361839294,
        0.9318181872367859,
        0.9318181872367859,
        0.9318181872367859,
        0.8636363744735718,
        0.8636363744735718,
        0.9090909361839294,
        0.9318181872367859,
        0.9545454382896423,
        0.9545454382896423,
        0.9545454382896423
    ],