{
    "hyperparameters": {
        "activation": "gelu",
        "dropout_rate": 0.1909034723157,
        "ff_dim": 962,
        "hidden_units": 194,
        "learning_rate": 0.0005101409637,
        "num_heads": 6,
        "num_layers": 6,
        "pooling": "mean",
        "weight_decay": 6.5419984e-05
    },
    "dataset_stats": {
        "name": "BeetleFly",
        "train_size": 32,
        "val_size": 8,
        "input_shape": [
            512,
            1
        ],
        "num_classes": 2
    },
    "epochs": 35,
    "train_loss": [
        1.0733860731124878,
        3.6372108459472656,
        1.2608617544174194,
        0.8507083058357239,
        0.8472021818161011,
        0.8814024925231934,
        0.9014370441436768,
        0.7753528356552124,
        0.7225558757781982,
        0.8169894218444824,
        0.7095991969108582,
        0.8319435119628906,
        0.8366308212280273,
        0.7133669257164001,
        0.6670589447021484,
        0.7108944654464722,
        0.6987470388412476,
        0.6505332589149475,
        0.7269657850265503,
        0.6423255205154419,
        0.6586939096450806,
        0.6431449055671692,
        0.7630735039710999,
        0.6915545463562012,
        0.7613182067871094,
        0.7619659304618835,
        0.7309003472328186,
        0.6461933255195618,
        0.6551544070243835,
        0.7128068208694458,
        0.6177875399589539,
        0.6775642037391663,
        0.6947784423828125,
        0.6814987659454346,
        0.6712101697921753
    ],
    "val_loss": [
        0.63236004114151,
        4.135025501251221,
        1.8857479095458984,
        0.9725721478462219,
        1.027921199798584,
        0.7263055443763733,
        0.7850126028060913,
        0.8595327138900757,
        1.2574087381362915,
        1.2423317432403564,
        0.9401569962501526,
        0.7820342779159546,
        0.7757070064544678,
        0.765580952167511,
        0.7847811579704285,
        0.8702483177185059,
        0.9617589712142944,
        0.9892333149909973,
        0.9704996943473816,
        0.9287480711936951,
        0.8784264922142029,
        0.8392764329910278,
        0.8197788596153259,
        0.8111633062362671,
        0.8114668130874634,
        0.8126602172851562,
        0.8182056546211243,
        0.8315176963806152,
        0.8456934690475464,
        0.8604409098625183,
        0.8705794215202332,
        0.8792802095413208,
        0.8902345895767212,
        0.897710919380188,
        0.8988668322563171,
        0.8971041440963745
    ],
    "train_accuracy": [
        0.4375,
        0.53125,
        0.5,
        0.5625,
        0.4375,
        0.40625,
        0.40625,
        0.5625,
        0.53125,
        0.53125,
        0.59375,
        0.5625,
        0.5,
        0.5625,
        0.53125,
        0.5,
        0.6875,
        0.6875,
        0.59375,
        0.5,
        0.65625,
        0.5625,
        0.4375,
        0.5625,
        0.40625,
        0.53125,
        0.46875,
        0.5625,
        0.5625,
        0.5,
        0.625,
        0.65625,
        0.5,
        0.5,
        0.59375
    ],
    "val_accuracy": [
        0.75,
        0.5,
        0.375,
        0.5,
        0.375,
        0.5,
        0.5,
        0.5,
        0.375,
        0.375,
        0.375,
        0.5,
        0.5,
        0.5,
        0.5,
        0.375,
        0.375,
        0.375,
        0.375,
        0.375,
        0.375,
        0.625,
        0.625,
        0.5,
        0.5,
        0.5,
        0.5,
        0.5,
        0.625,
        0.5,
        0.375,
        0.375,
        0.5,
        0.5,
        0.5,
        0.5
    ],
    "epoch_times": [
        0.15617656707763672,
        0.13227510452270508,
        0.13068866729736328,
        0.13168978691101074,
        0.13136672973632812,
        0.13171172142028809,
        0.13129281997680664,
        0.13211822509765625,
        0.13165831565856934,
        0.13198018074035645,
        0.1317601203918457,
        0.13164448738098145,
        0.13132119178771973,
        0.13263630867004395,
        0.13241958618164062,
        0.13313937187194824,
        0.13233351707458496,
        0.1313638687133789,
        0.13220787048339844,
        0.13167047500610352,
        0.1322002410888672,
        0.13436150550842285,
        0.13358426094055176,
        0.13382506370544434,
        0.13354229927062988,
        0.13339924812316895,
        0.13308978080749512,
        0.13234233856201172,
        0.13240718841552734,
        0.1316394805908203,
        0.1332237720489502,
        0.1328895092010498,
        0.13519740104675293,
        0.13506531715393066,
        0.13399744033813477
    ]
}