{
    "hyperparameters": {
        "bidirectional": true,
        "dropout_rate": 0.2970316411848,
        "hidden_units": 185,
        "learning_rate": 0.00014344541,
        "num_layers": 3,
        "output_activation": "relu",
        "weight_decay": 4.86922021e-05
    },
    "dataset_stats": {
        "name": "BirdChicken",
        "train_size": 32,
        "val_size": 8,
        "input_shape": [
            512,
            1
        ],
        "num_classes": 2
    },
    "epochs": 60,
    "train_loss": [
        0.7141880989074707,
        0.5882693529129028,
        0.588162899017334,
        0.5610165596008301,
        0.5051147937774658,
        0.5070540904998779,
        0.4991243779659271,
        0.44664764404296875,
        0.43305495381355286,
        0.41247689723968506,
        0.413454532623291,
        0.3437730669975281,
        0.3732646107673645,
        0.3371882438659668,
        0.3407403826713562,
        0.32921305298805237,
        0.2940540015697479,
        0.2811340093612671,
        0.2785608172416687,
        0.26344168186187744,
        0.25195491313934326,
        0.2305312156677246,
        0.22853830456733704,
        0.21596449613571167,
        0.21400418877601624,
        0.21392130851745605,
        0.20770704746246338,
        0.21196314692497253,
        0.2038777470588684,
        0.2040765881538391,
        0.20394018292427063,
        0.20421117544174194,
        0.21072128415107727,
        0.20363014936447144,
        0.2045203000307083,
        0.20484504103660583,
        0.20254549384117126,
        0.20323863625526428,
        0.20305898785591125,
        0.2026711106300354,
        0.20266282558441162,
        0.20191317796707153,
        0.20467177033424377,
        0.20222753286361694,
        0.20152735710144043,
        0.20393013954162598,
        0.20155104994773865,
        0.20149476826190948,
        0.2015688270330429,
        0.20300841331481934,
        0.2016274780035019,
        0.20147308707237244,
        0.2014843076467514,
        0.20201140642166138,
        0.20183861255645752,
        0.20068585872650146,
        0.20186489820480347,
        0.20107915997505188,
        0.20212401449680328,
        0.20261892676353455
    ],
    "val_loss": [
        0.6837025880813599,
        0.5434014201164246,
        0.5256871581077576,
        0.47073841094970703,
        0.44467270374298096,
        0.4242386221885681,
        0.39852097630500793,
        0.37834057211875916,
        0.37134164571762085,
        0.37983933091163635,
        0.38953089714050293,
        0.40606576204299927,
        0.3951137959957123,
        0.38103601336479187,
        0.3459063768386841,
        0.3252002000808716,
        0.2619118392467499,
        0.23136486113071442,
        0.22824424505233765,
        0.2255673110485077,
        0.22449462115764618,
        0.21752890944480896,
        0.21163298189640045,
        0.20931336283683777,
        0.20745478570461273,
        0.20460234582424164,
        0.2023996114730835,
        0.20092235505580902,
        0.20050600171089172,
        0.19981688261032104,
        0.19912773370742798,
        0.19929060339927673,
        0.19913694262504578,
        0.19923916459083557,
        0.20002783834934235,
        0.20045390725135803,
        0.2006218433380127,
        0.2007991075515747,
        0.20054741203784943,
        0.20026740431785583,
        0.20003466308116913,
        0.19988638162612915,
        0.19968374073505402,
        0.19958817958831787,
        0.19952157139778137,
        0.19946560263633728,
        0.19944685697555542,
        0.19943112134933472,
        0.19942384958267212,
        0.19940847158432007,
        0.1994084119796753,
        0.19939078390598297,
        0.1993636041879654,
        0.1993364840745926,
        0.1993091106414795,
        0.19928669929504395,
        0.1992606818675995,
        0.1992400586605072,
        0.19922402501106262,
        0.1991969347000122,
        0.19916963577270508
    ],
    "train_accuracy": [
        0.46875,
        0.78125,
        0.75,
        0.8125,
        0.8125,
        0.78125,
        0.8125,
        0.875,
        0.875,
        0.875,
        0.8125,
        0.90625,
        0.84375,
        0.875,
        0.9375,
        0.90625,
        0.9375,
        0.96875,
        0.9375,
        1.0,
        1.0,
        1.0,
        1.0,
        1.0,
        1.0,
        1.0,
        1.0,
        1.0,
        1.0,
        1.0,
        1.0,
        1.0,
        1.0,
        1.0,
        1.0,
        1.0,
        1.0,
        1.0,
        1.0,
        1.0,
        1.0,
        1.0,
        1.0,
        1.0,
        1.0,
        1.0,
        1.0,
        1.0,
        1.0,
        1.0,
        1.0,
        1.0,
        1.0,
        1.0,
        1.0,
        1.0,
        1.0,
        1.0,
        1.0,
        1.0
    ],
    "val_accuracy": [
        0.5,
        0.875,
        0.875,
        0.875,
        0.875,
        0.875,
        0.875,
        0.875,
        0.875,
        0.875,
        0.875,
        0.875,
        0.875,
        0.875,
        0.875,
        0.875,
        1.0,
        1.0,
        1.0,
        1.0,
        1.0,
        1.0,
        1.0,
        1.0,
        1.0,
        1.0,
        1.0,
        1.0,
        1.0,
        1.0,
        1.0,
        1.0,
        1.0,
        1.0,
        1.0,
        1.0,
        1.0,
        1.0,
        1.0,
        1.0,
        1.0,
        1.0,
        1.0,
        1.0,
        1.0,
        1.0,
        1.0,
        1.0,
        1.0,
        1.0,
        1.0,
        1.0,
        1.0,
        1.0,
        1.0,
        1.0,
        1.0,
        1.0,
        1.0,
        1.0,
        1.0
    ],
    "epoch_times": [
        0.3374643325805664,
        0.18269705772399902,
        0.18797922134399414,
        0.18338608741760254,
        0.17483210563659668,
        0.18181538581848145,
        0.19060683250427246,
        0.1853804588317871,
        0.18679141998291016,
        0.18761205673217773,
        0.18985605239868164,
        0.1894543170928955,
        0.19159483909606934,
        0.18960833549499512,
        0.18541216850280762,
        0.17970657348632812,
        0.18504810333251953,
        0.18411874771118164,
        0.1785895824432373,
        0.17743659019470215,
        0.18593764305114746,
        0.18568921089172363,
        0.18522357940673828,
        0.18404245376586914,
        0.18503713607788086,
        0.18457508087158203,
        0.18233871459960938,
        0.18620753288269043,
        0.18573665618896484,
        0.18285894393920898,
        0.18385696411132812,
        0.18503618240356445,
        0.18588685989379883,
        0.18375420570373535,
        0.18157386779785156,
        0.18336892127990723,
        0.18207502365112305,
        0.18568110466003418,
        0.1830599308013916,
        0.1855604648590088,
        0.18281912803649902,
        0.18270325660705566,
        0.18230795860290527,
        0.18285894393920898,
        0.18332171440124512,
        0.1843857765197754,
        0.18610143661499023,
        0.18244552612304688,
        0.1846771240234375,
        0.18080425262451172,
        0.1852264404296875,
        0.1848461627960205,
        0.1838970184326172,
        0.18595600128173828,
        0.17830777168273926,
        0.1793196201324463,
        0.17855620384216309,
        0.18242955207824707,
        0.18437933921813965,
        0.1850135326385498
    ]
}