{
    "hyperparameters": {
        "bidirectional": true,
        "dropout_rate": 0.0247042781861,
        "hidden_units": 69,
        "learning_rate": 0.0002551132291,
        "num_layers": 3,
        "output_activation": "gelu",
        "weight_decay": 5.31824869e-05
    },
    "dataset_stats": {
        "name": "CinCECGTorso",
        "train_size": 64,
        "val_size": 16,
        "input_shape": [
            1639,
            1
        ],
        "num_classes": 4
    },
    "epochs": 66,
    "train_loss": [
        1.3624151945114136,
        1.2731678485870361,
        1.220304012298584,
        1.170230507850647,
        1.139112949371338,
        1.0930391550064087,
        1.0677804946899414,
        1.0341618061065674,
        1.0022424459457397,
        0.9826710820198059,
        0.9520851373672485,
        0.9300179481506348,
        0.9018725156784058,
        0.8810116052627563,
        0.8750500679016113,
        0.8797992467880249,
        0.8121813535690308,
        0.784483790397644,
        0.7649269700050354,
        0.7699840068817139,
        0.720026969909668,
        0.6995299458503723,
        0.675093948841095,
        0.6537796854972839,
        0.6399855613708496,
        0.6180889010429382,
        0.6491643190383911,
        0.6405937075614929,
        0.6200971007347107,
        0.6138297319412231,
        0.594810962677002,
        0.5823290348052979,
        0.5648375749588013,
        0.5529336929321289,
        0.5418812036514282,
        0.5330840945243835,
        0.5277843475341797,
        0.5026524066925049,
        0.5022425055503845,
        0.49071240425109863,
        0.4773027002811432,
        0.4704750180244446,
        0.4614473283290863,
        0.45373740792274475,
        0.45346784591674805,
        0.44384074211120605,
        0.4399302899837494,
        0.4366368055343628,
        0.43489357829093933,
        0.42742207646369934,
        0.4246649742126465,
        0.42432311177253723,
        0.4166226387023926,
        0.41320037841796875,
        0.41430434584617615,
        0.40914756059646606,
        0.4045861065387726,
        0.40133339166641235,
        0.40021955966949463,
        0.39901766180992126,
        0.398257851600647,
        0.39659905433654785,
        0.39599528908729553,
        0.3949025273323059,
        0.39610496163368225,
        0.39336472749710083
    ],
    "val_loss": [
        1.4538748264312744,
        1.3595751523971558,
        1.300254464149475,
        1.251964807510376,
        1.2040075063705444,
        1.1628042459487915,
        1.1319938898086548,
        1.1176185607910156,
        1.0830655097961426,
        1.0650638341903687,
        1.0521807670593262,
        1.0333400964736938,
        1.0139639377593994,
        0.9947655200958252,
        0.9781112670898438,
        1.0917103290557861,
        0.9644662141799927,
        0.9491749405860901,
        0.9328017234802246,
        0.9162301421165466,
        0.9104810953140259,
        0.9063574075698853,
        0.9011657238006592,
        0.8364701867103577,
        0.8414893746376038,
        0.8007849454879761,
        0.768703281879425,
        0.7857962846755981,
        0.8857811689376831,
        0.7632078528404236,
        0.7425686120986938,
        0.7490398287773132,
        0.7333868145942688,
        0.7403112053871155,
        0.7592775225639343,
        0.7406603097915649,
        0.7123778462409973,
        0.7334349751472473,
        0.7515796422958374,
        0.7590882778167725,
        0.7767355442047119,
        0.7730050086975098,
        0.7805860638618469,
        0.7907618880271912,
        0.8211491107940674,
        0.8330094218254089,
        0.808299720287323,
        0.7999637126922607,
        0.7968453168869019,
        0.7943037748336792,
        0.7933872938156128,
        0.7946644425392151,
        0.7976570129394531,
        0.8005801439285278,
        0.8014989495277405,
        0.8007832765579224,
        0.7993971705436707,
        0.7972441911697388,
        0.7954987287521362,
        0.7938559055328369,
        0.7930044531822205,
        0.7937799096107483,
        0.7952148914337158,
        0.7964985966682434,
        0.7976121306419373,
        0.7985453009605408,
        0.7988986372947693
    ],
    "train_accuracy": [
        0.3125,
        0.34375,
        0.53125,
        0.5625,
        0.640625,
        0.6875,
        0.671875,
        0.734375,
        0.734375,
        0.765625,
        0.765625,
        0.765625,
        0.734375,
        0.75,
        0.765625,
        0.765625,
        0.796875,
        0.8125,
        0.828125,
        0.84375,
        0.859375,
        0.875,
        0.875,
        0.890625,
        0.890625,
        0.890625,
        0.859375,
        0.890625,
        0.921875,
        0.890625,
        0.9375,
        0.953125,
        0.953125,
        0.96875,
        0.96875,
        0.96875,
        0.96875,
        0.96875,
        0.96875,
        0.96875,
        0.96875,
        0.96875,
        0.96875,
        0.96875,
        0.96875,
        0.96875,
        0.96875,
        0.96875,
        0.96875,
        0.96875,
        0.96875,
        0.96875,
        0.96875,
        0.96875,
        0.96875,
        0.984375,
        1.0,
        1.0,
        1.0,
        1.0,
        1.0,
        1.0,
        1.0,
        1.0,
        1.0,
        1.0
    ],
    "val_accuracy": [
        0.125,
        0.1875,
        0.1875,
        0.5625,
        0.6875,
        0.6875,
        0.625,
        0.625,
        0.6875,
        0.6875,
        0.625,
        0.6875,
        0.6875,
        0.75,
        0.75,
        0.6875,
        0.75,
        0.75,
        0.8125,
        0.8125,
        0.8125,
        0.8125,
        0.625,
        0.8125,
        0.8125,
        0.8125,
        0.8125,
        0.8125,
        0.6875,
        0.875,
        0.8125,
        0.8125,
        0.875,
        0.875,
        0.875,
        0.875,
        0.875,
        0.875,
        0.875,
        0.875,
        0.875,
        0.875,
        0.875,
        0.875,
        0.875,
        0.875,
        0.875,
        0.875,
        0.875,
        0.875,
        0.875,
        0.875,
        0.875,
        0.875,
        0.875,
        0.875,
        0.875,
        0.875,
        0.875,
        0.875,
        0.875,
        0.875,
        0.875,
        0.875,
        0.875,
        0.875,
        0.875
    ],