{
    "hyperparameters": {
        "bidirectional": true,
        "dropout_rate": 0.408209590677,
        "hidden_units": 229,
        "learning_rate": 1.46492562e-05,
        "num_layers": 2,
        "output_activation": "linear",
        "weight_decay": 0.0003079132872
    },
    "dataset_stats": {
        "name": "Beef",
        "train_size": 44,
        "val_size": 11,
        "input_shape": [
            470,
            1
        ],
        "num_classes": 5
    },
    "epochs": 38,
    "train_loss": [
        2.0973165035247803,
        1.9927223920822144,
        2.0137367248535156,
        2.004380226135254,
        2.0086774826049805,
        1.6915233135223389,
        1.8022557497024536,
        1.098647952079773,
        1.942699909210205,
        1.555726170539856,
        1.8178772926330566,
        1.4849578142166138,
        1.8844687938690186,
        1.835841417312622,
        1.5295920372009277,
        1.3835434913635254,
        1.8717938661575317,
        1.3219126462936401,
        1.1983546018600464,
        1.4865161180496216,
        1.9076564311981201,
        1.2105625867843628,
        0.9996742010116577,
        1.7410588264465332,
        1.7197757959365845,
        1.7712197303771973,
        1.3840473890304565,
        1.1437525749206543,
        1.3561269044876099,
        1.5361438989639282,
        1.4162229299545288,
        1.9688060283660889,
        2.105469226837158,
        1.668209433555603,
        1.5920361280441284,
        1.2971177101135254,
        1.8263870477676392,
        1.4597229957580566
    ],
    "val_loss": [
        1.587304949760437,
        1.5072588920593262,
        1.4379994869232178,
        1.3819149732589722,
        1.3380049467086792,
        1.3043293952941895,
        1.2804638147354126,
        1.268053412437439,
        1.2647854089736938,
        1.2674542665481567,
        1.2756588459014893,
        1.2886189222335815,
        1.3015938997268677,
        1.3113343715667725,
        1.319291353225708,
        1.3233752250671387,
        1.32659113407135,
        1.3277722597122192,
        1.3266493082046509,
        1.326016902923584,
        1.3244311809539795,
        1.3240642547607422,
        1.323805809020996,
        1.3240689039230347,
        1.3237409591674805,
        1.3234045505523682,
        1.3224200010299683,
        1.3219882249832153,
        1.321739673614502,
        1.3213461637496948,
        1.3207100629806519,
        1.3198648691177368,
        1.318824291229248,
        1.318342685699463,
        1.3177942037582397,
        1.3173969984054565,
        1.3170808553695679,
        1.3167064189910889,
        1.3162496089935303
    ],
    "train_accuracy": [
        0.22727273404598236,
        0.09090909361839294,
        0.3181818127632141,
        0.22727273404598236,
        0.22727273404598236,
        0.5,
        0.3181818127632141,
        0.6363636255264282,
        0.3636363744735718,
        0.5,
        0.5,
        0.5454545617103577,
        0.3181818127632141,
        0.3636363744735718,
        0.4545454680919647,
        0.5909091234207153,
        0.5454545617103577,
        0.6363636255264282,
        0.6363636255264282,
        0.6363636255264282,
        0.4545454680919647,
        0.5454545617103577,
        0.5909091234207153,
        0.40909093618392944,
        0.5454545617103577,
        0.3181818127632141,
        0.5,
        0.6363636255264282,
        0.5909091234207153,
        0.5,
        0.5909091234207153,
        0.3636363744735718,
        0.3181818127632141,
        0.5454545617103577,
        0.40909093618392944,
        0.5454545617103577,
        0.3636363744735718,
        0.5909091234207153
    ],
    "val_accuracy": [
        0.1818181872367859,
        0.27272728085517883,
        0.5454545617103577,
        0.6363636255264282,
        0.6363636255264282,
        0.5454545617103577,
        0.5454545617103577,
        0.5454545617103577,
        0.4545454680919647,
        0.4545454680919647,
        0.4545454680919647,
        0.4545454680919647,
        0.3636363744735718,
        0.3636363744735718,
        0.4545454680919647,
        0.4545454680919647,
        0.4545454680919647,
        0.4545454680919647,
        0.4545454680919647,
        0.4545454680919647,
        0.4545454680919647,
        0.4545454680919647,
        0.4545454680919647,
        0.4545454680919647,
        0.4545454680919647,
        0.4545454680919647,
        0.4545454680919647,
        0.4545454680919647,
        0.4545454680919647,
        0.4545454680919647,
        0.4545454680919647,
        0.4545454680919647,
        0.4545454680919647,
        0.4545454680919647,
        0.4545454680919647,
        0.4545454680919647,
        0.4545454680919647,
        0.4545454680919647,
        0.4545454680919647
    ],
    "epoch_times": [
        0.6433663368225098,
        1.1473419666290283,
        1.086162805557251,
        1.1665689945220947,
        1.2132129669189453,
        1.0821821689605713,
        1.1075530052185059,
        1.0804452896118164,
        1.1173655986785889,
        1.112494945526123,
        1.1199727058410645,
        1.1145973205566406,
        1.1200776100158691,
        1.0135552883148193,
        1.0949842929840088,
        0.9890551567077637,
        0.9937634468078613,
        1.3032565116882324,
        1.030717372894287,
        1.0877821445465088,
        1.1274347305297852,
        1.0552797317504883,
        1.0748093128204346,
        1.021225929260254,
        1.006913423538208,
        0.960075855255127,
        1.0192649364471436,
        1.019885540008545,
        1.076127290725708,
        0.9210512638092041,
        1.0078213214874268,
        1.0573205947875977,
        0.9879422187805176,
        1.0652918815612793,
        1.0101714134216309,
        1.111854076385498,
        1.0733652114868164,
        1.122753620147705
    ]
}