{
    "hyperparameters": {
        "activation": "gelu",
        "dropout_rate": 0.5483459281421,
        "hidden_units": 60,
        "learning_rate": 0.0016939729463,
        "num_layers": 3,
        "weight_decay": 0.0076311890805
    },
    "dataset_stats": {
        "name": "classification_ozone",
        "train_size": 85,
        "val_size": 21,
        "input_shape": [
            1201,
            1
        ],
        "num_classes": 2
    },
    "epochs": 31,
    "train_loss": [
        0.7510395050048828,
        0.8312849402427673,
        0.9509878754615784,
        0.8395971059799194,
        0.9230160713195801,
        0.8407919406890869,
        0.8521457314491272,
        0.7772929668426514,
        0.7924174666404724,
        0.8962653875350952,
        0.7295719385147095,
        0.8122141361236572,
        0.7747362852096558,
        0.7232944369316101,
        0.7588527202606201,
        0.7410977482795715,
        0.7503088116645813,
        0.7260689735412598,
        0.755719006061554,
        0.7188062071800232,
        0.7430760860443115,
        0.6890808939933777,
        0.7296934127807617,
        0.7404929995536804,
        0.6943767666816711,
        0.7514112591743469,
        0.7241673469543457,
        0.6790571212768555,
        0.7130542993545532,
        0.6727511882781982,
        0.7435573935508728
    ],
    "val_loss": [
        0.672569215297699,
        0.6507210731506348,
        0.6968411207199097,
        0.7186909914016724,
        0.7121313214302063,
        0.7120974659919739,
        0.7081416249275208,
        0.6973586082458496,
        0.6961948275566101,
        0.7023880481719971,
        0.7091472744941711,
        0.6996279954910278,
        0.6915232539176941,
        0.6865761876106262,
        0.6871939897537231,
        0.6870978474617004,
        0.6976162195205688,
        0.6934300065040588,
        0.6914834976196289,
        0.6918501853942871,
        0.6937296390533447,
        0.6974471807479858,
        0.6986001133918762,
        0.7009511590003967,
        0.7088798880577087,
        0.712504506111145,
        0.7102682590484619,
        0.7028223872184753,
        0.708898663520813,
        0.7117758393287659,
        0.7097080945968628,
        0.7063598036766052
    ],
    "train_accuracy": [
        0.529411792755127,
        0.4941176474094391,
        0.4470588266849518,
        0.529411792755127,
        0.42352941632270813,
        0.4588235318660736,
        0.4588235318660736,
        0.47058823704719543,
        0.4941176474094391,
        0.4117647111415863,
        0.529411792755127,
        0.5058823823928833,
        0.5058823823928833,
        0.529411792755127,
        0.5058823823928833,
        0.5176470875740051,
        0.5529412031173706,
        0.529411792755127,
        0.5176470875740051,
        0.5764706134796143,
        0.48235294222831726,
        0.5411764979362488,
        0.5176470875740051,
        0.5058823823928833,
        0.6117647290229797,
        0.48235294222831726,
        0.529411792755127,
        0.5882353186607361,
        0.5529412031173706,
        0.6117647290229797,
        0.4588235318660736
    ],
    "val_accuracy": [
        0.5714285969734192,
        0.6666666865348816,
        0.5714285969734192,
        0.4761904776096344,
        0.4761904776096344,
        0.4761904776096344,
        0.4761904776096344,
        0.4761904776096344,
        0.4761904776096344,
        0.4761904776096344,
        0.523809552192688,
        0.5714285969734192,
        0.5714285969734192,
        0.5714285969734192,
        0.6190476417541504,
        0.6190476417541504,
        0.6190476417541504,
        0.523809552192688,
        0.5714285969734192,
        0.5714285969734192,
        0.5714285969734192,
        0.523809552192688,
        0.4285714328289032,
        0.4285714328289032,
        0.4285714328289032,
        0.4285714328289032,
        0.4761904776096344,
        0.4761904776096344,
        0.4761904776096344,
        0.4761904776096344,
        0.4761904776096344,
        0.4761904776096344
    ],
    "epoch_times": [
        0.009248971939086914,
        0.009817838668823242,
        0.009411096572875977,
        0.009368896484375,
        0.00919795036315918,
        0.00912618637084961,
        0.008682012557983398,
        0.009449243545532227,
        0.008512735366821289,
        0.008125066757202148,
        0.009130001068115234,
        0.009108781814575195,
        0.009125709533691406,
        0.009809017181396484,
        0.009847879409790039,
        0.00910806655883789,
        0.009603261947631836,
        0.00933694839477539,
        0.008536100387573242,
        0.008358955383300781,
        0.008369922637939453,
        0.009488821029663086,
        0.00911092758178711,
        0.009728670120239258,
        0.009377717971801758,
        0.009283065795898438,
        0.009414911270141602,
        0.009529829025268555,
        0.009470939636230469,
        0.008904218673706055,
        0.008494853973388672
    ]
}