{
    "hyperparameters": {
        "activation": "gelu",
        "dropout_rate": 0.2134054200141,
        "kernel_size": 4,
        "learning_rate": 0.0002157263461,
        "num_filters": 149,
        "num_layers": 4,
        "pooling": "max",
        "pooling_size": 2
    },
    "dataset_stats": {
        "name": "FiftyWords",
        "train_size": 720,
        "val_size": 180,
        "input_shape": [
            1,
            270
        ],
        "num_classes": 50
    },
    "epochs": 43,
    "train_loss": [
        3.6983344554901123,
        3.0415008068084717,
        2.767789840698242,
        2.555330514907837,
        2.435988426208496,
        2.322603464126587,
        2.215371608734131,
        2.140707492828369,
        2.0658960342407227,
        1.9853739738464355,
        1.9355717897415161,
        1.8396196365356445,
        1.7821357250213623,
        1.7494401931762695,
        1.6783138513565063,
        1.6181560754776,
        1.58681321144104,
        1.5364043712615967,
        1.5009493827819824,
        1.4273613691329956,
        1.387644648551941,
        1.3447667360305786,
        1.3375827074050903,
        1.2913899421691895,
        1.2626309394836426,
        1.1810246706008911,
        1.1327447891235352,
        1.1291049718856812,
        1.0961909294128418,
        1.0430331230163574,
        1.0007315874099731,
        0.9998084306716919,
        0.9817297458648682,
        0.9601072669029236,
        0.9433761835098267,
        0.9284535646438599,
        0.9109033942222595,
        0.8887706995010376,
        0.8593960404396057,
        0.8072754740715027,
        0.7607763409614563,
        0.7371159791946411,
        0.7345741987228394
    ],
    "val_loss": [
        3.907595157623291,
        3.7276411056518555,
        3.160313606262207,
        2.9592125415802,
        2.8921260833740234,
        2.8462252616882324,
        2.785513162612915,
        2.7580580711364746,
        2.7311909198760986,
        2.701892137527466,
        2.7092113494873047,
        2.6931536197662354,
        2.6854662895202637,
        2.6157913208007812,
        2.663681745529175,
        2.6750357151031494,
        2.6642072200775146,
        2.6828579902648926,
        2.7057502269744873,
        2.6605064868927,
        2.6787524223327637,
        2.7011072635650635,
        2.7203030586242676,
        2.7174277305603027,
        2.7494802474975586,
        2.798603057861328,
        2.792816162109375,
        2.7901556491851807,
        2.8289241790771484,
        2.8011395931243896,
        2.832151412963867,
        2.8922600746154785,
        2.8660991191864014,
        2.9271738529205322,
        2.997239828109741,
        2.9779295921325684,
        3.0875213146209717,
        3.041534423828125,
        3.0578250885009766,
        3.0854854583740234,
        3.1290836334228516,
        3.143524408340454,
        3.1384341716766357,
        3.189429998397827
    ],
    "train_accuracy": [
        0.1319444477558136,
        0.27638888359069824,
        0.34166666865348816,
        0.3722222149372101,
        0.3916666805744171,
        0.41527777910232544,
        0.44583332538604736,
        0.44999998807907104,
        0.4902777671813965,
        0.4861111044883728,
        0.4972222149372101,
        0.5222222208976746,
        0.5305555462837219,
        0.5444444417953491,
        0.5555555820465088,
        0.5861111283302307,
        0.5777778029441833,
        0.5944444537162781,
        0.5944444537162781,
        0.6138888597488403,
        0.6180555820465088,
        0.6499999761581421,
        0.6472222208976746,
        0.6611111164093018,
        0.675000011920929,
        0.6902777552604675,
        0.7097222208976746,
        0.6847222447395325,
        0.7097222208976746,
        0.7291666865348816,
        0.7388888597488403,
        0.7263888716697693,
        0.7402777671813965,
        0.7402777671813965,
        0.7555555701255798,
        0.7347221970558167,
        0.762499988079071,
        0.7597222328186035,
        0.7791666388511658,
        0.7819444537162781,
        0.8194444179534912,
        0.8138889074325562,
        0.8013888597488403
    ],
    "val_accuracy": [
        0.0625,
        0.18888889253139496,
        0.20000000298023224,
        0.23333333432674408,
        0.27222222089767456,
        0.25,
        0.2888889014720917,
        0.27222222089767456,
        0.31111112236976624,
        0.32777777314186096,
        0.3333333432674408,
        0.35555556416511536,
        0.3222222328186035,
        0.3499999940395355,
        0.3444444537162781,
        0.3333333432674408,
        0.3333333432674408,
        0.3333333432674408,
        0.3499999940395355,
        0.3499999940395355,
        0.3499999940395355,
        0.3333333432674408,
        0.3444444537162781,
        0.33888888359069824,
        0.33888888359069824,
        0.3333333432674408,
        0.35555556416511536,
        0.3611111044883728,
        0.3499999940395355,
        0.3499999940395355,
        0.3333333432674408,
        0.32777777314186096,
        0.3499999940395355,
        0.35555556416511536,
        0.3499999940395355,
        0.3333333432674408,
        0.33888888359069824,
        0.32777777314186096,
        0.35555556416511536,
        0.3499999940395355,
        0.3499999940395355,
        0.3499999940395355,
        0.33888888359069824,
        0.35555556416511536
    ],
    "epoch_times": [
        0.2610452175140381,
        0.1564319133758545,
        0.15296220779418945,
        0.14469218254089355,
        0.13727378845214844,
        0.14779448509216309,
        0.1495075225830078,
        0.14860773086547852,
        0.14212965965270996,
        0.1427600383758545,
        0.1517047882080078,
        0.1474771499633789,
        0.137803316116333,
        0.13994550704956055,
        0.1391468048095703,
        0.1529397964477539,
        0.14451932907104492,
        0.1375720500946045,
        0.13896846771240234,
        0.14266204833984375,
        0.13991618156433105,
        0.13684916496276855,
        0.144270658493042,
        0.13767242431640625,
        0.1419224739074707,
        0.1354198455810547,
        0.14490461349487305,
        0.14510083198547363,
        0.1466684341430664,
        0.1398007869720459,
        0.1314697265625,
        0.13530969619750977,
        0.133880615234375,
        0.1378169059753418,
        0.13150882720947266,
        0.1301891803741455,
        0.13652968406677246,
        0.1356487274169922,
        0.15668511390686035,
        0.14695477485656738,
        0.14641714096069336,
        0.1467292308807373,
        0.14145803451538086
    ]
}