{
    "hyperparameters": {
        "activation": "elu",
        "dropout_rate": 0.2927021642336,
        "kernel_size": 7,
        "learning_rate": 0.0006370709649,
        "num_filters": 240,
        "num_layers": 3,
        "pooling": "average",
        "pooling_size": 2
    },
    "dataset_stats": {
        "name": "BirdChicken",
        "train_size": 32,
        "val_size": 8,
        "input_shape": [
            1,
            512
        ],
        "num_classes": 2
    },
    "epochs": 31,
    "train_loss": [
        0.6704157590866089,
        0.5612743496894836,
        0.6072858572006226,
        0.3759132921695709,
        0.5368725061416626,
        0.42653512954711914,
        0.3257003426551819,
        0.5245775580406189,
        0.37034356594085693,
        0.3107881546020508,
        0.3419067859649658,
        0.2764768898487091,
        0.35707229375839233,
        0.2843726873397827,
        0.3039465546607971,
        0.2674776613712311,
        0.346459299325943,
        0.3462058901786804,
        0.2682785987854004,
        0.224533349275589,
        0.18727615475654602,
        0.14575283229351044,
        0.23284205794334412,
        0.18454395234584808,
        0.21041709184646606,
        0.14893993735313416,
        0.12016458809375763,
        0.17104211449623108,
        0.17772412300109863,
        0.12349382042884827,
        0.11678356677293777
    ],
    "val_loss": [
        0.7031511068344116,
        0.7049083709716797,
        0.7088571786880493,
        0.7120301723480225,
        0.7118211984634399,
        0.7113076448440552,
        0.7099786996841431,
        0.7127127051353455,
        0.7156307697296143,
        0.7226187586784363,
        0.7388210892677307,
        0.7618381381034851,
        0.7897607088088989,
        0.808761477470398,
        0.8335976004600525,
        0.8588894605636597,
        0.8893476128578186,
        0.9123179912567139,
        0.9320100545883179,
        0.9601444005966187,
        0.9887971878051758,
        1.0187796354293823,
        1.0555648803710938,
        1.1224735975265503,
        1.2148839235305786,
        1.3882783651351929,
        1.557812213897705,
        1.724869728088379,
        1.7921206951141357,
        1.8069413900375366,
        1.7470619678497314,
        1.6546944379806519
    ],
    "train_accuracy": [
        0.65625,
        0.71875,
        0.71875,
        0.78125,
        0.78125,
        0.84375,
        0.84375,
        0.78125,
        0.875,
        0.875,
        0.84375,
        0.875,
        0.8125,
        0.90625,
        0.84375,
        0.875,
        0.875,
        0.875,
        0.84375,
        0.90625,
        0.96875,
        0.9375,
        0.84375,
        0.90625,
        0.90625,
        0.96875,
        0.96875,
        0.90625,
        0.9375,
        0.9375,
        0.96875
    ],
    "val_accuracy": [
        0.375,
        0.375,
        0.25,
        0.5,
        0.625,
        0.5,
        0.625,
        0.625,
        0.625,
        0.625,
        0.375,
        0.5,
        0.5,
        0.375,
        0.375,
        0.5,
        0.5,
        0.625,
        0.5,
        0.5,
        0.5,
        0.5,
        0.5,
        0.375,
        0.25,
        0.25,
        0.25,
        0.25,
        0.25,
        0.25,
        0.25,
        0.25
    ],
    "epoch_times": [
        2.3935959339141846,
        0.026196956634521484,
        0.023106813430786133,
        0.023299217224121094,
        0.02234506607055664,
        0.022531747817993164,
        0.022430896759033203,
        0.023573875427246094,
        0.025161027908325195,
        0.023545265197753906,
        0.02277207374572754,
        0.022071123123168945,
        0.022649049758911133,
        0.022544145584106445,
        0.022207975387573242,
        0.021879911422729492,
        0.0216982364654541,
        0.021925926208496094,
        0.021368026733398438,
        0.02191615104675293,
        0.02188277244567871,
        0.021905183792114258,
        0.021579742431640625,
        0.0220489501953125,
        0.024760007858276367,
        0.023433923721313477,
        0.02216196060180664,
        0.022649049758911133,
        0.02103590965270996,
        0.022129058837890625,
        0.021662235260009766
    ]
}