{
    "hyperparameters": {
        "bidirectional": true,
        "dropout_rate": 0.0529677455955,
        "hidden_units": 215,
        "learning_rate": 0.0002518784549,
        "num_layers": 2,
        "output_activation": "relu",
        "weight_decay": 7.19056306e-05
    },
    "dataset_stats": {
        "name": "Beef",
        "train_size": 48,
        "val_size": 12,
        "input_shape": [
            470,
            1
        ],
        "num_classes": 5
    },
    "epochs": 37,
    "train_loss": [
        1.6367915868759155,
        1.4637142419815063,
        1.3851877450942993,
        1.2827578783035278,
        1.226521611213684,
        1.1427984237670898,
        1.0942537784576416,
        1.0482159852981567,
        1.0276658535003662,
        0.9766175746917725,
        0.9537542462348938,
        0.9502394795417786,
        0.8960528373718262,
        0.8691146969795227,
        0.8781270980834961,
        0.8524555563926697,
        0.8539569973945618,
        0.8558021187782288,
        0.8047671318054199,
        0.8312515616416931,
        0.8129351139068604,
        0.8097538948059082,
        0.8253281116485596,
        0.7938835620880127,
        0.7882217764854431,
        0.7856743931770325,
        0.7621645927429199,
        0.7576066851615906,
        0.7616171836853027,
        0.7472943663597107,
        0.7362743020057678,
        0.7325010299682617,
        0.7279173731803894,
        0.7245753407478333,
        0.7196626663208008,
        0.7293388247489929,
        0.7232431769371033
    ],
    "val_loss": [
        1.5944067239761353,
        1.4826828241348267,
        1.3832626342773438,
        1.318343997001648,
        1.3289246559143066,
        1.231430172920227,
        1.2161892652511597,
        1.2161436080932617,
        1.2579030990600586,
        1.2554994821548462,
        1.2866729497909546,
        1.3350602388381958,
        1.376287817955017,
        1.3479982614517212,
        1.304911732673645,
        1.2999988794326782,
        1.3220452070236206,
        1.3454370498657227,
        1.3282538652420044,
        1.307216763496399,
        1.2969862222671509,
        1.300864338874817,
        1.316258430480957,
        1.3389291763305664,
        1.328966498374939,
        1.3249980211257935,
        1.312750220298767,
        1.3069586753845215,
        1.3022700548171997,
        1.3020365238189697,
        1.2973778247833252,
        1.2960622310638428,
        1.2948025465011597,
        1.2889339923858643,
        1.2838834524154663,
        1.2820870876312256,
        1.2795559167861938,
        1.2805598974227905
    ],
    "train_accuracy": [
        0.0833333358168602,
        0.375,
        0.4166666567325592,
        0.6041666865348816,
        0.5833333134651184,
        0.6458333134651184,
        0.6041666865348816,
        0.6458333134651184,
        0.6458333134651184,
        0.6666666865348816,
        0.625,
        0.7083333134651184,
        0.75,
        0.7916666865348816,
        0.75,
        0.75,
        0.7291666865348816,
        0.7708333134651184,
        0.7916666865348816,
        0.7708333134651184,
        0.7708333134651184,
        0.7916666865348816,
        0.7083333134651184,
        0.7916666865348816,
        0.75,
        0.75,
        0.7916666865348816,
        0.8125,
        0.8333333134651184,
        0.8125,
        0.8333333134651184,
        0.8333333134651184,
        0.8541666865348816,
        0.875,
        0.875,
        0.875,
        0.875
    ],
    "val_accuracy": [
        0.0833333358168602,
        0.3333333432674408,
        0.5,
        0.5833333730697632,
        0.5,
        0.6666666865348816,
        0.5833333730697632,
        0.6666666865348816,
        0.6666666865348816,
        0.6666666865348816,
        0.6666666865348816,
        0.5833333730697632,
        0.5833333730697632,
        0.6666666865348816,
        0.6666666865348816,
        0.6666666865348816,
        0.6666666865348816,
        0.6666666865348816,
        0.6666666865348816,
        0.6666666865348816,
        0.6666666865348816,
        0.6666666865348816,
        0.6666666865348816,
        0.6666666865348816,
        0.6666666865348816,
        0.6666666865348816,
        0.6666666865348816,
        0.6666666865348816,
        0.6666666865348816,
        0.6666666865348816,
        0.6666666865348816,
        0.6666666865348816,
        0.6666666865348816,
        0.6666666865348816,
        0.6666666865348816,
        0.6666666865348816,
        0.6666666865348816,
        0.6666666865348816
    ],
    "epoch_times": [
        0.21971702575683594,
        0.20066571235656738,
        0.21254277229309082,
        0.24222421646118164,
        0.2324216365814209,
        0.24981904029846191,
        0.26223278045654297,
        0.2561488151550293,
        0.26758861541748047,
        0.24589800834655762,
        0.23395252227783203,
        0.24380850791931152,
        0.2373361587524414,
        0.23206496238708496,
        0.24353623390197754,
        0.2446122169494629,
        0.23827433586120605,
        0.25636863708496094,
        0.2697460651397705,
        0.2447679042816162,
        0.24376296997070312,
        0.2588028907775879,
        0.2542686462402344,
        0.25591421127319336,
        0.2557642459869385,
        0.2405557632446289,
        0.23507928848266602,
        0.2463228702545166,
        0.23504161834716797,
        0.23308849334716797,
        0.2341005802154541,
        0.23871994018554688,
        0.24167180061340332,
        0.23773789405822754,
        0.24282312393188477,
        0.24628925323486328,
        0.2359025478363037
    ]
}