{
    "hyperparameters": {
        "activation": "sigmoid",
        "dropout_rate": 0.3796743974782,
        "kernel_size": 3,
        "learning_rate": 0.0001959140091,
        "num_filters": 76,
        "num_layers": 1,
        "pooling": "max",
        "pooling_size": 2
    },
    "dataset_stats": {
        "name": "Car",
        "train_size": 96,
        "val_size": 24,
        "input_shape": [
            1,
            577
        ],
        "num_classes": 4
    },
    "epochs": 43,
    "train_loss": [
        1.574175477027893,
        1.3812651634216309,
        1.3798466920852661,
        1.2786918878555298,
        1.1705880165100098,
        1.334265112876892,
        1.2138371467590332,
        1.135940670967102,
        1.1851096153259277,
        1.2136071920394897,
        1.088654637336731,
        1.1509805917739868,
        1.0579808950424194,
        1.1538194417953491,
        1.0671263933181763,
        1.0575991868972778,
        1.0375865697860718,
        1.0134854316711426,
        1.1051660776138306,
        1.0827661752700806,
        1.0313798189163208,
        1.0202142000198364,
        0.9677878022193909,
        1.0458418130874634,
        0.9398097991943359,
        0.9518189430236816,
        0.9445874691009521,
        0.8592917323112488,
        0.9393728375434875,
        0.9218633770942688,
        0.8521638512611389,
        0.8860911726951599,
        0.8173651695251465,
        0.8407309651374817,
        0.8138087391853333,
        0.8394110798835754,
        0.8180097937583923,
        0.7968552708625793,
        0.7736690640449524,
        0.7885225415229797,
        0.7358235716819763,
        0.7821928858757019,
        0.7265411019325256
    ],
    "val_loss": [
        1.6079155206680298,
        1.573036789894104,
        1.5394264459609985,
        1.5187610387802124,
        1.4921194314956665,
        1.4748042821884155,
        1.454453945159912,
        1.4391627311706543,
        1.4258036613464355,
        1.420356273651123,
        1.4246753454208374,
        1.4247950315475464,
        1.4085899591445923,
        1.407374382019043,
        1.4212249517440796,
        1.464070439338684,
        1.505434513092041,
        1.5166667699813843,
        1.530539631843567,
        1.5475841760635376,
        1.5608183145523071,
        1.5440434217453003,
        1.582870364189148,
        1.6075921058654785,
        1.6561269760131836,
        1.6859091520309448,
        1.6811224222183228,
        1.6797562837600708,
        1.6736525297164917,
        1.6101018190383911,
        1.6033052206039429,
        1.6130841970443726,
        1.6545137166976929,
        1.7452325820922852,
        1.7441884279251099,
        1.7001700401306152,
        1.6372705698013306,
        1.56581449508667,
        1.6459599733352661,
        1.7939420938491821,
        1.7482818365097046,
        1.6844385862350464,
        1.6478290557861328,
        1.7498068809509277
    ],
    "train_accuracy": [
        0.28125,
        0.3125,
        0.3333333432674408,
        0.3854166567325592,
        0.4895833432674408,
        0.3645833432674408,
        0.4375,
        0.46875,
        0.4166666567325592,
        0.46875,
        0.59375,
        0.5104166865348816,
        0.5104166865348816,
        0.4791666567325592,
        0.6145833134651184,
        0.5104166865348816,
        0.5833333134651184,
        0.5520833134651184,
        0.6145833134651184,
        0.5208333134651184,
        0.59375,
        0.5625,
        0.59375,
        0.5833333134651184,
        0.6145833134651184,
        0.6041666865348816,
        0.6041666865348816,
        0.6770833134651184,
        0.5729166865348816,
        0.625,
        0.65625,
        0.65625,
        0.71875,
        0.6770833134651184,
        0.6979166865348816,
        0.6770833134651184,
        0.6770833134651184,
        0.6666666865348816,
        0.7083333134651184,
        0.7395833134651184,
        0.7708333134651184,
        0.7083333134651184,
        0.7395833134651184
    ],
    "val_accuracy": [
        0.125,
        0.125,
        0.125,
        0.2083333283662796,
        0.2916666865348816,
        0.2916666865348816,
        0.2916666865348816,
        0.375,
        0.4583333432674408,
        0.4166666567325592,
        0.4583333432674408,
        0.4166666567325592,
        0.4166666567325592,
        0.4166666567325592,
        0.4166666567325592,
        0.4583333432674408,
        0.4583333432674408,
        0.4583333432674408,
        0.4583333432674408,
        0.4583333432674408,
        0.4583333432674408,
        0.5,
        0.4583333432674408,
        0.4583333432674408,
        0.4166666567325592,
        0.4583333432674408,
        0.4166666567325592,
        0.4166666567325592,
        0.4583333432674408,
        0.4583333432674408,
        0.4583333432674408,
        0.4166666567325592,
        0.4583333432674408,
        0.5,
        0.4166666567325592,
        0.4583333432674408,
        0.4583333432674408,
        0.5,
        0.4166666567325592,
        0.4166666567325592,
        0.4583333432674408,
        0.4166666567325592,
        0.4166666567325592,
        0.5
    ],
    "epoch_times": [
        0.2232663631439209,
        0.09738039970397949,
        0.02062225341796875,
        0.02017068862915039,
        0.0225832462310791,
        0.023483991622924805,
        0.028818130493164062,
        0.022430419921875,
        0.019204139709472656,
        0.021209239959716797,
        0.018361806869506836,
        0.021702051162719727,
        0.0202639102935791,
        0.02044367790222168,
        0.01983785629272461,
        0.018237590789794922,
        0.01759195327758789,
        0.018056154251098633,
        0.01858210563659668,
        0.02041149139404297,
        0.019517183303833008,
        0.02524256706237793,
        0.020003557205200195,
        0.019662857055664062,
        0.025465726852416992,
        0.018841266632080078,
        0.02194380760192871,
        0.017977476119995117,
        0.017904043197631836,
        0.018146038055419922,
        0.0243682861328125,
        0.01936936378479004,
        0.023696184158325195,
        0.01963067054748535,
        0.01859140396118164,
        0.018457651138305664,
        0.02071213722229004,
        0.026493310928344727,
        0.021315336227416992,
        0.0195767879486084,
        0.019571542739868164,
        0.019757509231567383,
        0.018346071243286133
    ]
}