{
    "hyperparameters": {
        "activation": "relu",
        "dropout_rate": 0.1002373772,
        "kernel_size": 5,
        "learning_rate": 0.000578138975,
        "num_filters": 195,
        "num_layers": 4,
        "pooling": "average",
        "pooling_size": 1
    },
    "dataset_stats": {
        "name": "Car",
        "train_size": 96,
        "val_size": 24,
        "input_shape": [
            1,
            577
        ],
        "num_classes": 4
    },
    "epochs": 44,
    "train_loss": [
        1.4040220975875854,
        1.2598587274551392,
        1.0734750032424927,
        0.9584401249885559,
        0.8036894798278809,
        0.8187165856361389,
        0.6576007604598999,
        0.6369030475616455,
        0.5253432393074036,
        0.4921293258666992,
        0.5736461281776428,
        0.3511100113391876,
        0.3859817683696747,
        0.32175561785697937,
        0.29628536105155945,
        0.3206181228160858,
        0.3729318082332611,
        0.32940587401390076,
        0.3057556748390198,
        0.29282787442207336,
        0.3160492479801178,
        0.2704918682575226,
        0.25457653403282166,
        0.1923491358757019,
        0.27906569838523865,
        0.20273597538471222,
        0.2522192895412445,
        0.45422470569610596,
        0.24311311542987823,
        0.21913433074951172,
        0.21300776302814484,
        0.27897217869758606,
        0.24404120445251465,
        0.22402191162109375,
        0.26063820719718933,
        0.20950715243816376,
        0.1755068451166153,
        0.13089057803153992,
        0.13486386835575104,
        0.30115023255348206,
        0.15714259445667267,
        0.21833117306232452,
        0.2074054479598999,
        0.21833433210849762
    ],
    "val_loss": [
        1.3875280618667603,
        1.387410044670105,
        1.3881707191467285,
        1.3869028091430664,
        1.3844856023788452,
        1.3748012781143188,
        1.3553048372268677,
        1.3250656127929688,
        1.3015071153640747,
        1.2583798170089722,
        1.1991991996765137,
        1.136534333229065,
        1.2059818506240845,
        1.1641228199005127,
        1.091633677482605,
        1.1400552988052368,
        1.1893213987350464,
        1.40548837184906,
        1.4312306642532349,
        1.4815077781677246,
        1.502761721611023,
        1.4385205507278442,
        1.321588158607483,
        1.4031695127487183,
        1.7099825143814087,
        1.7483834028244019,
        1.5223827362060547,
        1.6459975242614746,
        1.8064085245132446,
        2.7307538986206055,
        2.442929267883301,
        2.1131362915039062,
        2.017258882522583,
        2.3080568313598633,
        2.335350513458252,
        2.32523775100708,
        1.787190556526184,
        1.532124638557434,
        1.7063716650009155,
        1.7798765897750854,
        1.6571044921875,
        1.5929756164550781,
        1.9231752157211304,
        1.9247535467147827,
        1.884406566619873
    ],
    "train_accuracy": [
        0.34375,
        0.4375,
        0.5208333134651184,
        0.6041666865348816,
        0.6875,
        0.6666666865348816,
        0.7291666865348816,
        0.78125,
        0.8333333134651184,
        0.8333333134651184,
        0.8125,
        0.9270833134651184,
        0.875,
        0.90625,
        0.9270833134651184,
        0.9166666865348816,
        0.875,
        0.8854166865348816,
        0.875,
        0.9375,
        0.84375,
        0.90625,
        0.8854166865348816,
        0.9583333134651184,
        0.8958333134651184,
        0.9583333134651184,
        0.9166666865348816,
        0.8541666865348816,
        0.9166666865348816,
        0.9375,
        0.9166666865348816,
        0.8854166865348816,
        0.8958333134651184,
        0.9479166865348816,
        0.9166666865348816,
        0.9270833134651184,
        0.9375,
        0.9479166865348816,
        0.9583333134651184,
        0.8854166865348816,
        0.9479166865348816,
        0.8958333134651184,
        0.9270833134651184,
        0.9270833134651184
    ],
    "val_accuracy": [
        0.2916666865348816,
        0.3333333432674408,
        0.375,
        0.2916666865348816,
        0.375,
        0.4166666567325592,
        0.4166666567325592,
        0.375,
        0.3333333432674408,
        0.375,
        0.5,
        0.5,
        0.375,
        0.625,
        0.5833333730697632,
        0.4583333432674408,
        0.5,
        0.5,
        0.5,
        0.5416666865348816,
        0.5,
        0.5,
        0.625,
        0.5416666865348816,
        0.5,
        0.4583333432674408,
        0.5,
        0.5,
        0.5833333730697632,
        0.2916666865348816,
        0.4166666567325592,
        0.5833333730697632,
        0.5833333730697632,
        0.4583333432674408,
        0.4583333432674408,
        0.4166666567325592,
        0.5833333730697632,
        0.5416666865348816,
        0.5,
        0.5833333730697632,
        0.5833333730697632,
        0.625,
        0.5416666865348816,
        0.5416666865348816,
        0.4583333432674408
    ],
    "epoch_times": [
        0.3037712574005127,
        0.04727911949157715,
        0.04372739791870117,
        0.044732093811035156,
        0.04397702217102051,
        0.039228200912475586,
        0.04033493995666504,
        0.041832685470581055,
        0.04061722755432129,
        0.04278445243835449,
        0.041838884353637695,
        0.042186737060546875,
        0.042174339294433594,
        0.042301177978515625,
        0.04276871681213379,
        0.04346752166748047,
        0.04361414909362793,
        0.0447084903717041,
        0.04485607147216797,
        0.0443575382232666,
        0.04408574104309082,
        0.04136252403259277,
        0.04085397720336914,
        0.04247164726257324,
        0.0421750545501709,
        0.03992128372192383,
        0.04181718826293945,
        0.04149937629699707,
        0.04174661636352539,
        0.04129219055175781,
        0.04265904426574707,
        0.04007458686828613,
        0.04079580307006836,
        0.041489601135253906,
        0.0409853458404541,
        0.04098773002624512,
        0.0409848690032959,
        0.040453195571899414,
        0.04082012176513672,
        0.039861440658569336,
        0.04300355911254883,
        0.0411372184753418,
        0.04234743118286133,
        0.041112422943115234
    ]
}