{
    "hyperparameters": {
        "activation": "gelu",
        "dropout_rate": 0.079555236386,
        "ff_dim": 329,
        "hidden_units": 213,
        "learning_rate": 1.07331372e-05,
        "num_heads": 2,
        "num_layers": 4,
        "pooling": "max",
        "weight_decay": 2.14416429e-05
    },
    "dataset_stats": {
        "name": "ChlorineConcentration",
        "train_size": 374,
        "val_size": 93,
        "input_shape": [
            166,
            1
        ],
        "num_classes": 3
    },
    "epochs": 32,
    "train_loss": [
        1.0372765064239502,
        0.8597005605697632,
        1.30109441280365,
        0.9340944886207581,
        1.0795954465866089,
        0.841025173664093,
        0.9436187744140625,
        0.9935081601142883,
        0.9215133786201477,
        1.2693085670471191,
        1.02519690990448,
        1.2634960412979126,
        1.1293907165527344,
        0.9003896713256836,
        1.1276061534881592,
        1.0554617643356323,
        1.1596527099609375,
        1.2494797706604004,
        1.2906445264816284,
        1.130342960357666,
        1.0695322751998901,
        1.0489823818206787,
        1.0260599851608276,
        1.341572642326355,
        0.9551200866699219,
        0.8421627283096313,
        1.2497392892837524,
        0.8284279108047485,
        0.9202752709388733,
        0.9462148547172546,
        1.0336140394210815,
        0.8639479279518127
    ],
    "val_loss": [
        1.0520384311676025,
        1.0144846439361572,
        0.9613897800445557,
        0.9648867249488831,
        0.9901081919670105,
        0.9738637208938599,
        0.9703204035758972,
        0.9654140472412109,
        0.9759377837181091,
        0.9717198014259338,
        0.969202995300293,
        0.9664474129676819,
        0.974941611289978,
        0.9724356532096863,
        0.9772529006004333,
        0.9704592227935791,
        0.9655916094779968,
        0.9655476212501526,
        0.9706458449363708,
        0.9684242606163025,
        0.970026969909668,
        0.9682791233062744,
        0.9682645797729492,
        0.9701054692268372,
        0.967826783657074,
        0.968573272228241,
        0.9713424444198608,
        0.9706516265869141,
        0.9707606434822083,
        0.969896137714386,
        0.9689590334892273,
        0.9680330753326416,
        0.9689505100250244
    ],
    "train_accuracy": [
        0.6363636255264282,
        0.5909091234207153,
        0.40909093618392944,
        0.6363636255264282,
        0.5,
        0.7272727489471436,
        0.5909091234207153,
        0.6363636255264282,
        0.5909091234207153,
        0.40909093618392944,
        0.40909093618392944,
        0.40909093618392944,
        0.4545454680919647,
        0.7272727489471436,
        0.5909091234207153,
        0.40909093618392944,
        0.3636363744735718,
        0.3636363744735718,
        0.3636363744735718,
        0.4545454680919647,
        0.5,
        0.5,
        0.5454545617103577,
        0.40909093618392944,
        0.5909091234207153,
        0.6363636255264282,
        0.4545454680919647,
        0.6818181872367859,
        0.5454545617103577,
        0.5909091234207153,
        0.5454545617103577,
        0.6363636255264282
    ],
    "val_accuracy": [
        0.640625,
        0.602150559425354,
        0.602150559425354,
        0.602150559425354,
        0.602150559425354,
        0.602150559425354,
        0.602150559425354,
        0.602150559425354,
        0.602150559425354,
        0.602150559425354,
        0.602150559425354,
        0.602150559425354,
        0.602150559425354,
        0.602150559425354,
        0.602150559425354,
        0.602150559425354,
        0.602150559425354,
        0.602150559425354,
        0.602150559425354,
        0.602150559425354,
        0.602150559425354,
        0.5913978219032288,
        0.5913978219032288,
        0.5913978219032288,
        0.5913978219032288,
        0.5913978219032288,
        0.5913978219032288,
        0.5913978219032288,
        0.5913978219032288,
        0.5913978219032288,
        0.5913978219032288,
        0.5913978219032288,
        0.5913978219032288
    ],
    "epoch_times": [
        0.298722505569458,
        0.22343873977661133,
        0.28362274169921875,
        0.27246904373168945,
        0.3041706085205078,
        0.3199295997619629,
        0.3259897232055664,
        0.35540771484375,
        0.35892200469970703,
        0.3835268020629883,
        0.3639824390411377,
        0.3717663288116455,
        0.37383270263671875,
        0.29903483390808105,
        0.25600194931030273,
        0.33373069763183594,
        0.34907102584838867,
        0.3351602554321289,
        0.3443267345428467,
        0.3602328300476074,
        0.3583557605743408,
        0.32388973236083984,
        0.35370492935180664,
        0.3514437675476074,
        0.3752617835998535,
        0.31093311309814453,
        0.3027951717376709,
        0.33771443367004395,
        0.3378164768218994,
        0.3297731876373291,
        0.3406698703765869,
        0.3139646053314209
    ]
}