{
    "hyperparameters": {
        "activation": "gelu",
        "dropout_rate": 0.1630504700718,
        "kernel_size": 3,
        "learning_rate": 0.0019638118283,
        "num_filters": 124,
        "num_layers": 1,
        "pooling": "max",
        "pooling_size": 2
    },
    "dataset_stats": {
        "name": "classification_ozone",
        "train_size": 170,
        "val_size": 42,
        "input_shape": [
            1,
            1201
        ],
        "num_classes": 2
    },
    "epochs": 125,
    "train_loss": [
        0.6795753240585327,
        0.7003171443939209,
        0.6539204120635986,
        0.6588162779808044,
        0.6463740468025208,
        0.6758356094360352,
        0.6339218616485596,
        0.6463209986686707,
        0.5945161581039429,
        0.6281424760818481,
        0.6455913186073303,
        0.604736328125,
        0.670547366142273,
        0.5801840424537659,
        0.6408019661903381,
        0.6434558033943176,
        0.6148383021354675,
        0.6925694346427917,
        0.6918270587921143,
        0.6659213900566101,
        0.6519769430160522,
        0.6413639783859253,
        0.6423508524894714,
        0.6265310645103455,
        0.6647976040840149,
        0.631618082523346,
        0.6429776549339294,
        0.6042749881744385,
        0.6330007910728455,
        0.6247385144233704,
        0.6174367070198059,
        0.593226969242096,
        0.6197993755340576,
        0.60480797290802,
        0.580926775932312,
        0.600356936454773,
        0.666099488735199,
        0.6317753791809082,
        0.5607897639274597,
        0.6262553334236145,
        0.6662018895149231,
        0.6173088550567627,
        0.5994852781295776,
        0.6168433427810669,
        0.5802129507064819,
        0.5836087465286255,
        0.6228053569793701,
        0.6220660209655762,
        0.6326773166656494,
        0.6196427345275879,
        0.6021059155464172,
        0.6437637209892273,
        0.6085255742073059,
        0.6601477861404419,
        0.654304563999176,
        0.5913346409797668,
        0.5902279615402222,
        0.6344677209854126,
        0.5840571522712708,
        0.592927098274231,
        0.5924442410469055,
        0.5312135815620422,
        0.5698829293251038,
        0.5866907835006714,
        0.5858528017997742,
        0.5674391388893127,
        0.5770353674888611,
        0.6017616987228394,
        0.6141003966331482,
        0.6974297761917114,
        0.694333016872406,
        0.6059467792510986,
        0.6625801920890808,
        0.5678736567497253,
        0.6278740167617798,
        0.5953201651573181,
        0.5747659206390381,
        0.5671479105949402,
        0.5902686715126038,
        0.5718399882316589,
        0.5830290913581848,
        0.5440539717674255,
        0.5414537191390991,
        0.5344462394714355,
        0.573409378528595,
        0.5800164341926575,
        0.6191853284835815,
        0.6529670357704163,
        0.6088393330574036,
        0.6533820629119873,
        0.59331876039505,
        0.6200615167617798,
        0.5644574165344238,
        0.57459557056427,
        0.5288139581680298,
        0.5774186253547668,
        0.5525606870651245,
        0.5475414395332336,
        0.5994074940681458,
        0.563480794429779,
        0.7909192442893982,
        0.673125684261322,
        0.670120120048523,
        0.6660318374633789,
        0.5976561307907104,
        0.6457062363624573,
        0.6071511507034302,
        0.6772159337997437,
        0.6806913018226624,
        0.6544255614280701,
        0.6222282648086548,
        0.6631321310997009,
        0.6788084506988525,
        0.6305538415908813,
        0.6415859460830688,
        0.6309702396392822,
        0.6071097254753113,
        0.5887542366981506,
        0.5714773535728455,
        0.5986961126327515,
        0.6001182794570923,
        0.601287841796875,
        0.5839734673500061,
        0.6175538897514343,
        0.606031596660614
    ],
    "val_loss": [
        0.9792225956916809,
        0.6420549750328064,
        0.7363026738166809,
        0.7420569062232971,
        0.7039435505867004,
        0.7137385606765747,
        0.697426438331604,
        0.6531692743301392,
        0.7230564951896667,
        0.670891284942627,
        0.6445594429969788,
        0.6417760848999023,
        0.6556209921836853,
        0.7276229858398438,
        0.6947939991950989,
        0.6845921874046326,
        0.652752697467804,
        0.6690388321876526,
        0.7134930491447449,
        0.6765019297599792,
        0.6758655309677124,
        0.6457542181015015,
        0.654840350151062,
        0.6779531836509705,
        0.6651710867881775,
        0.6915647983551025,
        0.6834508180618286,
        0.7143782377243042,
        0.685949444770813,
        0.6537108421325684,
        0.6604496836662292,
        0.6397002339363098,
        0.6315425634384155,
        0.6319224834442139,
        0.6149818301200867,
        0.6819113492965698,
        0.6354765892028809,
        0.6985270977020264,
        0.7049588561058044,
        0.6356570720672607,
        0.6543461680412292,
        0.6738537549972534,
        0.6705245971679688,
        0.6321454048156738,
        0.6230729222297668,
        0.6353394389152527,
        0.6863645911216736,
        0.6875399947166443,
        0.6774780750274658,
        0.6869717836380005,
        0.6719576716423035,
        0.6635597944259644,
        0.6536925435066223,
        0.6428545713424683,
        0.6666383743286133,
        0.6905376315116882,
        0.6048409342765808,
        0.6188881993293762,
        0.6170676946640015,
        0.6160187721252441,
        0.6458961367607117,
        0.6225636601448059,
        0.6052235960960388,
        0.6320197582244873,
        0.6491942405700684,
        0.6024502515792847,
        0.6197394132614136,
        0.6226336359977722,
        0.6071456074714661,
        0.626525342464447,
        0.6678953170776367,
        0.7519108057022095,
        0.6943425536155701,
        0.6581598520278931,
        0.6539835333824158,
        0.6193796992301941,
        0.6037794351577759,
        0.710607647895813,
        0.6124124526977539,
        0.5892941355705261,
        0.6117652058601379,
        0.5863383412361145,
        0.5835637450218201,
        0.585755467414856,
        0.6142292022705078,
        0.5844876170158386,
        0.5846207737922668,
        0.8536864519119263,
        0.817199170589447,
        0.6564622521400452,
        0.6684470772743225,
        0.6072034239768982,
        0.6860837936401367,
        0.5996518731117249,
        0.6113961338996887,
        0.5741204619407654,
        0.5777885913848877,
        0.585242748260498,
        0.6202821135520935,
        0.6250896453857422,
        0.6754453778266907,
        0.7778254747390747,
        0.7188339829444885,
        0.7281823754310608,
        0.6909383535385132,
        0.6500445008277893,
        0.7638842463493347,
        0.8202308416366577,
        0.7039636373519897,
        0.6636318564414978,
        0.6367224454879761,
        0.6658218502998352,
        0.6443790793418884,
        0.6633480787277222,
        0.6675513386726379,
        0.6846714615821838,
        0.6593337059020996,
        0.6523195505142212,
        0.6585550904273987,
        0.6622821688652039,
        0.6286463141441345,
        0.6328849792480469,
        0.6351197361946106,
        0.6715569496154785,
        0.636536717414856,
        0.6323800086975098
    ],