{
    "hyperparameters": {
        "bidirectional": true,
        "dropout_rate": 0.3942945684325,
        "hidden_units": 51,
        "learning_rate": 1.68796958e-05,
        "num_layers": 4,
        "output_activation": "tanh",
        "weight_decay": 0.0006343034716
    },
    "dataset_stats": {
        "name": "classification_ozone",
        "train_size": 85,
        "val_size": 21,
        "input_shape": [
            1201,
            1
        ],
        "num_classes": 2
    },
    "epochs": 72,
    "train_loss": [
        0.9787297248840332,
        1.2799310684204102,
        1.1152456998825073,
        0.8375864624977112,
        1.0823287963867188,
        0.8437727689743042,
        0.7268418073654175,
        1.1413254737854004,
        0.7420395016670227,
        1.0951176881790161,
        0.6786290407180786,
        0.7424809336662292,
        0.847387969493866,
        0.7745855450630188,
        0.7059430480003357,
        0.7641981840133667,
        0.7461449503898621,
        0.8559077978134155,
        0.6513289213180542,
        0.8807168006896973,
        0.7748290300369263,
        0.8251529932022095,
        0.635288655757904,
        0.906887948513031,
        1.0183906555175781,
        1.0518158674240112,
        0.8834260106086731,
        0.9181738495826721,
        1.0598325729370117,
        0.6866041421890259,
        0.8202239274978638,
        0.63105309009552,
        0.991885244846344,
        1.1231719255447388,
        0.7695056200027466,
        0.8698822855949402,
        0.805809497833252,
        0.9627232551574707,
        0.5975833535194397,
        0.8284382820129395,
        0.5567507743835449,
        0.7581985592842102,
        1.0415382385253906,
        0.8602808117866516,
        0.7480387687683105,
        0.8048161268234253,
        0.9506449699401855,
        0.7232857942581177,
        0.790758490562439,
        0.6663474440574646,
        0.9532170295715332,
        0.7678002715110779,
        0.8671160936355591,
        0.6686871647834778,
        0.839130699634552,
        0.9398448467254639,
        0.802099883556366,
        0.6889239549636841,
        0.9630125761032104,
        0.8596111536026001,
        0.7908337712287903,
        0.8832274079322815,
        0.7935560345649719,
        0.6971880793571472,
        0.8470890522003174,
        0.9803967475891113,
        0.7902303338050842,
        0.7154423594474792,
        0.8285664916038513,
        0.922684371471405,
        0.6818603873252869,
        0.6804308891296387
    ],
    "val_loss": [
        1.2211185693740845,
        1.1457769870758057,
        1.0785908699035645,
        1.0179086923599243,
        0.967359185218811,
        0.9230265617370605,
        0.8849350214004517,
        0.8526493906974792,
        0.8249322175979614,
        0.8015815019607544,
        0.7822725176811218,
        0.7649478912353516,
        0.7514822483062744,
        0.739499568939209,
        0.7259495854377747,
        0.715417742729187,
        0.7093161344528198,
        0.7055401802062988,
        0.7013942003250122,
        0.700821578502655,
        0.702110230922699,
        0.704131007194519,
        0.7039291262626648,
        0.7029064297676086,
        0.701641857624054,
        0.7016003727912903,
        0.7019883394241333,
        0.7033562064170837,
        0.7049983739852905,
        0.704771876335144,
        0.7039260864257812,
        0.7032029032707214,
        0.7021166682243347,
        0.7006904482841492,
        0.7000502943992615,
        0.6996269822120667,
        0.6995559930801392,
        0.6995835900306702,
        0.6999837160110474,
        0.6992529630661011,
        0.6984875798225403,
        0.6975582838058472,
        0.6961914300918579,
        0.6958903074264526,
        0.6961743235588074,
        0.6964505314826965,
        0.696309506893158,
        0.6963143348693848,
        0.695834755897522,
        0.6958451867103577,
        0.6959397196769714,
        0.6959362626075745,
        0.6960657835006714,
        0.6967296600341797,
        0.6975184679031372,
        0.6982520222663879,
        0.6986578702926636,
        0.6988816261291504,
        0.6991131901741028,
        0.6994271278381348,
        0.6996207237243652,
        0.6998715996742249,
        0.6999637484550476,
        0.700033962726593,
        0.7001088261604309,
        0.7001372575759888,
        0.7001338601112366,
        0.7000672221183777,
        0.7000499963760376,
        0.7000688910484314,
        0.7000734210014343,
        0.7000969052314758,
        0.7000738978385925
    ],
    "train_accuracy": [
        0.6190476417541504,
        0.380952388048172,
        0.4761904776096344,
        0.4285714328289032,
        0.523809552192688,
        0.4285714328289032,
        0.5714285969734192,
        0.3333333432674408,
        0.523809552192688,
        0.4285714328289032,
        0.5714285969734192,
        0.5714285969734192,
        0.5714285969734192,
        0.5714285969734192,
        0.6666666865348816,
        0.523809552192688,
        0.523809552192688,
        0.4285714328289032,
        0.6190476417541504,
        0.4761904776096344,
        0.5714285969734192,
        0.5714285969734192,
        0.6666666865348816,
        0.380952388048172,
        0.2857142984867096,
        0.2380952388048172,
        0.4285714328289032,
        0.4761904776096344,
        0.3333333432674408,
        0.6190476417541504,
        0.5714285969734192,
        0.6666666865348816,
        0.2380952388048172,
        0.3333333432674408,
        0.6190476417541504,
        0.4761904776096344,
        0.523809552192688,
        0.380952388048172,
        0.6190476417541504,
        0.4761904776096344,
        0.761904776096344,
        0.6666666865348816,
        0.4285714328289032,
        0.4761904776096344,
        0.3333333432674408,
        0.523809552192688,
        0.4285714328289032,
        0.5714285969734192,
        0.523809552192688,
        0.6666666865348816,
        0.4285714328289032,
        0.523809552192688,
        0.4285714328289032,
        0.6190476417541504,
        0.4761904776096344,
        0.523809552192688,
        0.5714285969734192,
        0.6190476417541504,
        0.6190476417541504,
        0.4285714328289032,
        0.5714285969734192,
        0.4285714328289032,
        0.4761904776096344,
        0.6190476417541504,
        0.3333333432674408,
        0.380952388048172,
        0.523809552192688,
        0.5714285969734192,
        0.5714285969734192,
        0.380952388048172,
        0.5714285969734192,
        0.5714285969734192
    ],