{
    "hyperparameters": {
        "activation": "tanh",
        "dropout_rate": 0.5290590539344,
        "hidden_units": 98,
        "learning_rate": 0.0012170532714,
        "num_layers": 2,
        "weight_decay": 0.0008377385503
    },
    "dataset_stats": {
        "name": "Beef",
        "train_size": 44,
        "val_size": 11,
        "input_shape": [
            470,
            1
        ],
        "num_classes": 5
    },
    "epochs": 107,
    "train_loss": [
        2.0176918506622314,
        1.4770164489746094,
        1.3128788471221924,
        1.2393985986709595,
        1.3243244886398315,
        1.1936472654342651,
        1.1317709684371948,
        1.006446123123169,
        1.0245188474655151,
        1.0118803977966309,
        0.9935389161109924,
        0.9132967591285706,
        0.8631748557090759,
        0.9403907656669617,
        0.9234738945960999,
        0.8548712134361267,
        0.7884746789932251,
        0.8119750618934631,
        0.7975337505340576,
        0.799778163433075,
        0.8188100457191467,
        0.8286888599395752,
        0.8638464212417603,
        0.8896360993385315,
        0.718251645565033,
        0.7914044857025146,
        0.757291853427887,
        0.7031039595603943,
        0.6344501972198486,
        0.6181638836860657,
        0.7733922600746155,
        0.6569745540618896,
        0.6459147930145264,
        0.7608585357666016,
        0.6975194811820984,
        0.5650442242622375,
        0.6326881647109985,
        0.6113808155059814,
        0.6109445095062256,
        0.7011597156524658,
        0.5888100266456604,
        0.6451311707496643,
        0.5321486592292786,
        0.6042665839195251,
        0.5410354137420654,
        0.8567779064178467,
        0.6183278560638428,
        0.5350326895713806,
        0.4783012270927429,
        0.5747461915016174,
        0.49341973662376404,
        0.5890340209007263,
        0.5966626405715942,
        0.6349073648452759,
        0.47405165433883667,
        0.5224454402923584,
        0.5098212957382202,
        0.5463569760322571,
        0.4956795573234558,
        0.5296592116355896,
        0.5548625588417053,
        0.48448607325553894,
        0.5319944024085999,
        0.5013564229011536,
        0.5666153430938721,
        0.5512948632240295,
        0.490912526845932,
        0.41293153166770935,
        0.4757857322692871,
        0.5373029112815857,
        0.37439873814582825,
        0.6062582731246948,
        0.4320862889289856,
        0.5091722011566162,
        0.5315027236938477,
        0.4496544599533081,
        0.46962183713912964,
        0.5054872632026672,
        0.48592662811279297,
        0.467227578163147,
        0.3708641827106476,
        0.36351460218429565,
        0.500342845916748,
        0.38840076327323914,
        0.426399827003479,
        0.43589937686920166,
        0.5363735556602478,
        0.3908139169216156,
        0.42737969756126404,
        0.3671887218952179,
        0.6144788265228271,
        0.42141494154930115,
        0.4584980905056,
        0.47850295901298523,
        0.4209807217121124,
        0.4437140226364136,
        0.4576228857040405,
        0.42683351039886475,
        0.4975031614303589,
        0.34947898983955383,
        0.3997190594673157,
        0.382571816444397,
        0.4852151572704315,
        0.4022146463394165,
        0.3935984671115875,
        0.45175114274024963,
        0.450086385011673
    ],
    "val_loss": [
        1.6554561853408813,
        1.6076374053955078,
        1.5818893909454346,
        1.5724629163742065,
        1.551669955253601,
        1.5210455656051636,
        1.5115402936935425,
        1.4702919721603394,
        1.441429853439331,
        1.4212005138397217,
        1.3979461193084717,
        1.389175534248352,
        1.3858073949813843,
        1.3886408805847168,
        1.4063639640808105,
        1.3675901889801025,
        1.355015516281128,
        1.3328150510787964,
        1.3248889446258545,
        1.290763020515442,
        1.24863862991333,
        1.2255101203918457,
        1.1840420961380005,
        1.1552529335021973,
        1.1717113256454468,
        1.1982097625732422,
        1.2223341464996338,
        1.201576590538025,
        1.2067632675170898,
        1.20152747631073,
        1.1896530389785767,
        1.1524924039840698,
        1.1672289371490479,
        1.1336020231246948,
        1.1050587892532349,
        1.0794129371643066,
        1.0599066019058228,
        1.0746243000030518,
        1.091321587562561,
        1.0766260623931885,
        1.0435559749603271,
        1.053497552871704,
        1.1051270961761475,
        1.1085033416748047,
        1.134727120399475,
        1.1269855499267578,
        1.109207272529602,
        1.0356197357177734,
        0.994245707988739,
        0.9572634100914001,
        0.9392497539520264,
        0.9006557464599609,
        0.9076988697052002,
        0.922585666179657,
        0.9099056124687195,
        0.8893843293190002,
        0.8412574529647827,
        0.8201484680175781,
        0.8063430786132812,
        0.7976571917533875,
        0.7890746593475342,
        0.795560896396637,
        0.8238818645477295,
        0.8355247974395752,
        0.8331525325775146,
        0.8221918344497681,
        0.8034418225288391,
        0.78267902135849,
        0.777072548866272,
        0.7848408222198486,
        0.7955907583236694,
        0.7832149863243103,
        0.7855085134506226,
        0.7932823300361633,
        0.7866624593734741,
        0.7595273852348328,
        0.735045850276947,
        0.7063718438148499,
        0.7458961009979248,
        0.7880942821502686,
        0.8167058825492859,
        0.7909491062164307,
        0.7842429876327515,
        0.7511394023895264,
        0.7607330083847046,
        0.7607350945472717,
        0.7506038546562195,
        0.7454932928085327,
        0.7300779223442078,
        0.7214605808258057,
        0.7361831665039062,
        0.7387354373931885,
        0.7263010740280151,
        0.7337753176689148,
        0.7400591373443604,
        0.750973641872406,
        0.7715453505516052,
        0.7718712091445923,
        0.8238664269447327,
        0.843326985836029,
        0.8314048647880554,
        0.8333805203437805,
        0.8140522241592407,
        0.7981939911842346,
        0.7779353857040405,
        0.7294033169746399,
        0.723030149936676,
        0.7226757407188416
    ],