{
    "hyperparameters": {
        "activation": "relu",
        "dropout_rate": 0.0862571034363,
        "ff_dim": 893,
        "hidden_units": 192,
        "learning_rate": 2.59291837e-05,
        "num_heads": 4,
        "num_layers": 5,
        "pooling": "max",
        "weight_decay": 7.7441725e-06
    },
    "dataset_stats": {
        "name": "Beef",
        "train_size": 48,
        "val_size": 12,
        "input_shape": [
            470,
            1
        ],
        "num_classes": 5
    },
    "epochs": 44,
    "train_loss": [
        2.0097198486328125,
        1.8538548946380615,
        1.6844866275787354,
        1.8333687782287598,
        1.6297334432601929,
        1.7708308696746826,
        1.5672099590301514,
        1.529294729232788,
        1.526411533355713,
        1.4440438747406006,
        1.7750314474105835,
        1.275791883468628,
        1.5773674249649048,
        1.5634878873825073,
        1.445016860961914,
        1.561606764793396,
        1.1741507053375244,
        1.5059797763824463,
        1.284714698791504,
        1.174424648284912,
        1.381425142288208,
        1.3672525882720947,
        1.5496106147766113,
        1.165905237197876,
        1.466334342956543,
        1.205823302268982,
        1.2370456457138062,
        1.3794902563095093,
        1.4888421297073364,
        1.141943335533142,
        1.5804023742675781,
        1.507202386856079,
        1.4672073125839233,
        1.3925409317016602,
        1.5183542966842651,
        1.4092155694961548,
        1.1105355024337769,
        1.318914771080017,
        1.279125452041626,
        1.2810765504837036,
        1.3564070463180542,
        1.3617783784866333,
        1.398673176765442,
        1.6948531866073608
    ],
    "val_loss": [
        2.0828216075897217,
        1.9206279516220093,
        1.8725546598434448,
        1.8491578102111816,
        1.8342366218566895,
        1.7832728624343872,
        1.7434269189834595,
        1.6866968870162964,
        1.6293004751205444,
        1.6051102876663208,
        1.58259916305542,
        1.595691204071045,
        1.6016141176223755,
        1.5851854085922241,
        1.5691757202148438,
        1.578651785850525,
        1.591490626335144,
        1.5906405448913574,
        1.5977449417114258,
        1.6103534698486328,
        1.6202787160873413,
        1.6304494142532349,
        1.6313053369522095,
        1.6320589780807495,
        1.6359907388687134,
        1.6460407972335815,
        1.6466065645217896,
        1.6434732675552368,
        1.6358542442321777,
        1.6306967735290527,
        1.618729591369629,
        1.6118558645248413,
        1.5978423357009888,
        1.5944808721542358,
        1.593498706817627,
        1.589171051979065,
        1.588648796081543,
        1.5882443189620972,
        1.5902305841445923,
        1.59065580368042,
        1.5924301147460938,
        1.5926154851913452,
        1.5944072008132935,
        1.5956765413284302,
        1.5972048044204712
    ],
    "train_accuracy": [
        0.125,
        0.25,
        0.1875,
        0.1875,
        0.1875,
        0.25,
        0.375,
        0.3125,
        0.3125,
        0.4375,
        0.0625,
        0.5625,
        0.3125,
        0.5,
        0.375,
        0.4375,
        0.5,
        0.4375,
        0.5,
        0.5,
        0.3125,
        0.3125,
        0.3125,
        0.5625,
        0.3125,
        0.5625,
        0.3125,
        0.5625,
        0.3125,
        0.5625,
        0.3125,
        0.375,
        0.375,
        0.4375,
        0.25,
        0.4375,
        0.75,
        0.4375,
        0.5,
        0.3125,
        0.3125,
        0.25,
        0.375,
        0.1875
    ],
    "val_accuracy": [
        0.4166666567325592,
        0.1666666716337204,
        0.0833333358168602,
        0.1666666716337204,
        0.1666666716337204,
        0.1666666716337204,
        0.1666666716337204,
        0.3333333432674408,
        0.3333333432674408,
        0.4166666567325592,
        0.4166666567325592,
        0.5,
        0.5,
        0.5,
        0.5833333730697632,
        0.5833333730697632,
        0.5833333730697632,
        0.5833333730697632,
        0.5833333730697632,
        0.5833333730697632,
        0.5833333730697632,
        0.5833333730697632,
        0.5833333730697632,
        0.5833333730697632,
        0.5833333730697632,
        0.5,
        0.5,
        0.5,
        0.5,
        0.5,
        0.5,
        0.5,
        0.5,
        0.5,
        0.5,
        0.5,
        0.5,
        0.5,
        0.5,
        0.5,
        0.5,
        0.5,
        0.5,
        0.5,
        0.5
    ],
    "epoch_times": [
        0.2229294776916504,
        0.13144254684448242,
        0.12822437286376953,
        0.12935304641723633,
        0.1299281120300293,
        0.12872695922851562,
        0.12932682037353516,
        0.12798857688903809,
        0.12832236289978027,
        0.12890839576721191,
        0.12910056114196777,
        0.13032126426696777,
        0.1293809413909912,
        0.1299114227294922,
        0.12918496131896973,
        0.13060855865478516,
        0.13008880615234375,
        0.13083982467651367,
        0.1302330493927002,
        0.1328418254852295,
        0.13012933731079102,
        0.13067030906677246,
        0.12953472137451172,
        0.1297597885131836,
        0.13140583038330078,
        0.1310734748840332,
        0.13028168678283691,
        0.1295487880706787,
        0.1288905143737793,
        0.13029789924621582,
        0.1308293342590332,
        0.13114380836486816,
        0.13124775886535645,
        0.12895750999450684,
        0.13173389434814453,
        0.13203191757202148,
        0.13012123107910156,
        0.1311628818511963,
        0.13065886497497559,
        0.12912559509277344,
        0.12983298301696777,
        0.12942767143249512,
        0.13173961639404297,
        0.13197040557861328
    ]
}