{
    "hyperparameters": {
        "activation": "relu",
        "dropout_rate": 0.0345486166769,
        "ff_dim": 269,
        "hidden_units": 212,
        "learning_rate": 0.0008103677994,
        "num_heads": 6,
        "num_layers": 3,
        "pooling": "max",
        "weight_decay": 2.71456542e-05
    },
    "dataset_stats": {
        "name": "ChlorineConcentration",
        "train_size": 374,
        "val_size": 93,
        "input_shape": [
            166,
            1
        ],
        "num_classes": 3
    },
    "epochs": 43,
    "train_loss": [
        1.3491291999816895,
        1.2184714078903198,
        1.2556737661361694,
        0.9662931561470032,
        1.0081286430358887,
        0.9865376949310303,
        1.083957552909851,
        0.8983652591705322,
        1.309547781944275,
        1.0804024934768677,
        1.0399037599563599,
        0.9853212237358093,
        0.9907702803611755,
        0.9822267889976501,
        1.0266900062561035,
        0.890516459941864,
        0.8528299331665039,
        1.0691453218460083,
        0.9489744305610657,
        0.9203178882598877,
        0.9109136462211609,
        0.984775960445404,
        0.953365683555603,
        0.8958243727684021,
        0.9730264544487,
        0.9769225716590881,
        0.9449869394302368,
        1.0101869106292725,
        0.9272315502166748,
        0.9084835648536682,
        0.8411576747894287,
        0.9237600564956665,
        1.005820870399475,
        0.8594131469726562,
        0.9954537749290466,
        0.9079034924507141,
        0.8303329348564148,
        0.7851110100746155,
        0.9889030456542969,
        0.8463554382324219,
        0.7334861159324646,
        0.809933066368103,
        0.5927388072013855
    ],
    "val_loss": [
        1.1329975128173828,
        1.0098868608474731,
        0.961753249168396,
        0.9440142512321472,
        0.9479548931121826,
        1.0284388065338135,
        0.980839729309082,
        1.0418955087661743,
        0.9793896675109863,
        0.9581574201583862,
        0.9725133180618286,
        0.9802743196487427,
        0.9644128680229187,
        0.9290459752082825,
        0.9854664206504822,
        0.9546903371810913,
        0.9884076118469238,
        1.0443779230117798,
        1.0738705396652222,
        0.9788861274719238,
        0.9525271058082581,
        1.012709617614746,
        1.0068241357803345,
        0.977138876914978,
        1.017588496208191,
        0.9723669290542603,
        0.9949485063552856,
        1.0028996467590332,
        1.0372751951217651,
        1.0094200372695923,
        1.0179634094238281,
        1.021578073501587,
        1.0081892013549805,
        1.010992407798767,
        1.0293586254119873,
        1.0195817947387695,
        1.0129172801971436,
        1.0188227891921997,
        1.0322766304016113,
        1.0176374912261963,
        1.0173099040985107,
        1.0213505029678345,
        1.0194482803344727,
        1.0240240097045898
    ],
    "train_accuracy": [
        0.40909093618392944,
        0.5,
        0.5,
        0.5909091234207153,
        0.5909091234207153,
        0.5454545617103577,
        0.40909093618392944,
        0.6818181872367859,
        0.3636363744735718,
        0.4545454680919647,
        0.4545454680919647,
        0.6363636255264282,
        0.5454545617103577,
        0.4545454680919647,
        0.3636363744735718,
        0.6818181872367859,
        0.5909091234207153,
        0.5,
        0.6363636255264282,
        0.6363636255264282,
        0.5909091234207153,
        0.5454545617103577,
        0.5454545617103577,
        0.6818181872367859,
        0.5909091234207153,
        0.5,
        0.4545454680919647,
        0.5454545617103577,
        0.5454545617103577,
        0.5909091234207153,
        0.5909091234207153,
        0.5454545617103577,
        0.4545454680919647,
        0.6818181872367859,
        0.5454545617103577,
        0.5,
        0.6363636255264282,
        0.5909091234207153,
        0.6363636255264282,
        0.6818181872367859,
        0.6818181872367859,
        0.4545454680919647,
        0.8636363744735718
    ],
    "val_accuracy": [
        0.640625,
        0.602150559425354,
        0.602150559425354,
        0.602150559425354,
        0.602150559425354,
        0.5698924660682678,
        0.602150559425354,
        0.4838709533214569,
        0.602150559425354,
        0.602150559425354,
        0.602150559425354,
        0.602150559425354,
        0.602150559425354,
        0.602150559425354,
        0.5806451439857483,
        0.5913978219032288,
        0.5913978219032288,
        0.602150559425354,
        0.4516128897666931,
        0.5806451439857483,
        0.5698924660682678,
        0.4838709533214569,
        0.602150559425354,
        0.5483871102333069,
        0.5483871102333069,
        0.5698924660682678,
        0.5591397881507874,
        0.5483871102333069,
        0.5376344323158264,
        0.5698924660682678,
        0.5483871102333069,
        0.5376344323158264,
        0.5376344323158264,
        0.5591397881507874,
        0.5376344323158264,
        0.5483871102333069,
        0.5483871102333069,
        0.5591397881507874,
        0.5591397881507874,
        0.5591397881507874,
        0.5376344323158264,
        0.5483871102333069,
        0.5483871102333069,
        0.5376344323158264
    ],
    "epoch_times": [
        0.37458086013793945,
        0.2206573486328125,
        0.22784924507141113,
        0.25054407119750977,
        0.2728612422943115,
        0.28006577491760254,
        0.2899971008300781,
        0.28284239768981934,
        0.29248857498168945,
        0.22468233108520508,
        0.2525804042816162,
        0.257643461227417,
        0.26377415657043457,
        0.2847111225128174,
        0.24309349060058594,
        0.27211904525756836,
        0.27918434143066406,
        0.3057105541229248,
        0.3169715404510498,
        0.32863807678222656,
        0.283862829208374,
        0.2963991165161133,
        0.2650325298309326,
        0.2569766044616699,
        0.27472543716430664,
        0.27143335342407227,
        0.29276204109191895,
        0.30452418327331543,
        0.3115067481994629,
        0.2964017391204834,
        0.29833078384399414,
        0.3020193576812744,
        0.22382092475891113,
        0.20429682731628418,
        0.26943016052246094,
        0.28481459617614746,
        0.2792994976043701,
        0.29129457473754883,
        0.27098917961120605,
        0.27009010314941406,
        0.27611398696899414,
        0.30294370651245117,
        0.271251916885376
    ]
}