{
    "hyperparameters": {
        "bidirectional": true,
        "dropout_rate": 0.4081346253005,
        "hidden_units": 212,
        "learning_rate": 0.0055353020239,
        "num_layers": 2,
        "output_activation": "sigmoid",
        "weight_decay": 0.0005398721405
    },
    "dataset_stats": {
        "name": "BeetleFly",
        "train_size": 36,
        "val_size": 9,
        "input_shape": [
            512,
            1
        ],
        "num_classes": 2
    },
    "epochs": 35,
    "train_loss": [
        0.9859926700592041,
        2.6048872470855713,
        2.5648279190063477,
        0.23332878947257996,
        1.9237357378005981,
        0.17162922024726868,
        0.9975131154060364,
        0.8470479846000671,
        0.17587730288505554,
        0.4914708435535431,
        1.196300745010376,
        0.942168653011322,
        0.5549808144569397,
        0.13232780992984772,
        0.40763604640960693,
        0.5889880657196045,
        0.9921932816505432,
        0.7029451727867126,
        0.7294874787330627,
        0.5389501452445984,
        0.41270044445991516,
        0.9741455912590027,
        0.3753476142883301,
        0.9780295491218567,
        0.4892091751098633,
        0.6235342025756836,
        0.9307414293289185,
        0.3593972325325012,
        0.23946815729141235,
        0.21896499395370483,
        0.6455587148666382,
        0.6685432195663452,
        0.6695328950881958,
        0.5410436987876892,
        0.6709364652633667
    ],
    "val_loss": [
        0.7543862462043762,
        0.6447755694389343,
        2.108638048171997,
        1.4248720407485962,
        0.7203155159950256,
        0.5936657786369324,
        0.6687501072883606,
        0.6433912515640259,
        0.9718546271324158,
        1.1607295274734497,
        1.2261004447937012,
        1.1981524229049683,
        1.0930585861206055,
        1.000810980796814,
        0.8980938792228699,
        0.8303149938583374,
        0.7591602802276611,
        0.668846070766449,
        0.6415523886680603,
        0.615281343460083,
        0.6088391542434692,
        0.5991895794868469,
        0.6032912135124207,
        0.630964994430542,
        0.6421046257019043,
        0.6489977836608887,
        0.6481108069419861,
        0.6405971050262451,
        0.6310009360313416,
        0.6289663910865784,
        0.6301807165145874,
        0.629314661026001,
        0.6304924488067627,
        0.6324584484100342,
        0.6346636414527893,
        0.6364946961402893
    ],
    "train_accuracy": [
        0.25,
        0.25,
        0.25,
        1.0,
        0.5,
        1.0,
        0.25,
        0.5,
        1.0,
        0.75,
        0.75,
        0.5,
        0.75,
        1.0,
        0.75,
        0.75,
        0.75,
        0.75,
        0.5,
        0.75,
        0.75,
        0.5,
        0.75,
        0.75,
        0.75,
        0.75,
        0.75,
        0.75,
        1.0,
        1.0,
        0.5,
        0.75,
        0.75,
        0.75,
        0.75
    ],
    "val_accuracy": [
        0.3333333432674408,
        0.6666666865348816,
        0.4444444477558136,
        0.6666666865348816,
        0.6666666865348816,
        0.5555555820465088,
        0.5555555820465088,
        0.6666666865348816,
        0.6666666865348816,
        0.6666666865348816,
        0.6666666865348816,
        0.6666666865348816,
        0.6666666865348816,
        0.6666666865348816,
        0.6666666865348816,
        0.6666666865348816,
        0.6666666865348816,
        0.6666666865348816,
        0.6666666865348816,
        0.6666666865348816,
        0.6666666865348816,
        0.6666666865348816,
        0.6666666865348816,
        0.6666666865348816,
        0.6666666865348816,
        0.6666666865348816,
        0.6666666865348816,
        0.6666666865348816,
        0.6666666865348816,
        0.6666666865348816,
        0.6666666865348816,
        0.6666666865348816,
        0.6666666865348816,
        0.6666666865348816,
        0.6666666865348816,
        0.6666666865348816
    ],
    "epoch_times": [
        0.6916582584381104,
        1.1379055976867676,
        1.122452974319458,
        1.1171340942382812,
        1.2057850360870361,
        1.1681561470031738,
        1.1302647590637207,
        1.1845629215240479,
        1.1574246883392334,
        1.0521132946014404,
        1.088644027709961,
        1.1927852630615234,
        1.017958402633667,
        1.1183066368103027,
        1.1541876792907715,
        1.0923316478729248,
        1.1909477710723877,
        1.0834107398986816,
        1.1192328929901123,
        1.110548734664917,
        1.1201677322387695,
        1.1580767631530762,
        1.1596581935882568,
        1.0814387798309326,
        1.1813178062438965,
        1.1106715202331543,
        1.1698107719421387,
        1.11494779586792,
        1.0962731838226318,
        1.2278428077697754,
        1.1715788841247559,
        1.1480052471160889,
        1.0778157711029053,
        1.0589277744293213,
        1.1137261390686035
    ]
}