{
    "hyperparameters": {
        "bidirectional": true,
        "dropout_rate": 0.1365736807785,
        "hidden_units": 220,
        "learning_rate": 0.0006885744093,
        "num_layers": 2,
        "output_activation": "tanh",
        "weight_decay": 1.9442641e-05
    },
    "dataset_stats": {
        "name": "FiftyWords",
        "train_size": 360,
        "val_size": 90,
        "input_shape": [
            270,
            1
        ],
        "num_classes": 50
    },
    "epochs": 73,
    "train_loss": [
        3.5750973224639893,
        3.234684467315674,
        2.8433048725128174,
        2.609638214111328,
        2.4385015964508057,
        2.278172731399536,
        2.2445454597473145,
        2.299459934234619,
        2.0889923572540283,
        1.9823994636535645,
        1.888769507408142,
        1.821373462677002,
        1.8808099031448364,
        1.8053890466690063,
        1.650309443473816,
        1.6115641593933105,
        1.6784754991531372,
        1.6062312126159668,
        1.5570753812789917,
        1.60626220703125,
        1.5180402994155884,
        1.472254991531372,
        1.493340015411377,
        1.4444785118103027,
        1.3864445686340332,
        1.2939941883087158,
        1.3461979627609253,
        1.2263305187225342,
        1.2253062725067139,
        1.1602139472961426,
        1.2189033031463623,
        1.1581119298934937,
        1.1180180311203003,
        1.0520886182785034,
        0.9787099957466125,
        0.9565849900245667,
        0.9275074601173401,
        0.8998488783836365,
        0.8837034702301025,
        0.8768261671066284,
        0.8571152687072754,
        0.8641024231910706,
        0.8397899270057678,
        0.8358204364776611,
        0.8433375954627991,
        0.8514962792396545,
        0.8102149367332458,
        0.8257075548171997,
        0.8125672340393066,
        0.7852877974510193,
        0.7722158432006836,
        0.7640208601951599,
        0.7598090171813965,
        0.7543027400970459,
        0.7529224157333374,
        0.7513945698738098,
        0.7489523887634277,
        0.7440840005874634,
        0.7448784112930298,
        0.7446449995040894,
        0.7429760694503784,
        0.7430461645126343,
        0.7412412166595459,
        0.7415173649787903,
        0.7412132024765015,
        0.7393767237663269,
        0.7408658266067505,
        0.7398691177368164,
        0.7395226955413818,
        0.7385117411613464,
        0.7398428320884705,
        0.7371330261230469,
        0.7381711602210999
    ],
    "val_loss": [
        3.9088358879089355,
        3.8109025955200195,
        3.5138163566589355,
        3.2531955242156982,
        3.1281237602233887,
        2.9508845806121826,
        3.0180602073669434,
        3.1658935546875,
        2.8119056224823,
        2.797834634780884,
        2.7972028255462646,
        2.7001118659973145,
        2.7933616638183594,
        2.8276443481445312,
        2.55611252784729,
        2.6320416927337646,
        2.5699284076690674,
        2.7208685874938965,
        2.668497323989868,
        2.5528767108917236,
        2.559732437133789,
        2.6742238998413086,
        2.637699604034424,
        2.5726428031921387,
        2.494663715362549,
        2.6476142406463623,
        2.5204434394836426,
        2.449334144592285,
        2.6551640033721924,
        2.590111255645752,
        2.7543115615844727,
        2.537317991256714,
        2.6687510013580322,
        2.6620895862579346,
        2.5330684185028076,
        2.382566213607788,
        2.385941982269287,
        2.4697842597961426,
        2.3969831466674805,
        2.4186315536499023,
        2.415484666824341,
        2.3743085861206055,
        2.356184482574463,
        2.301053762435913,
        2.4740703105926514,
        2.3426012992858887,
        2.5635485649108887,
        2.4124464988708496,
        2.459148406982422,
        2.387288808822632,
        2.4798059463500977,
        2.3660922050476074,
        2.4195797443389893,
        2.3733670711517334,
        2.394237518310547,
        2.372048854827881,
        2.336798667907715,
        2.3463807106018066,
        2.3548145294189453,
        2.3720366954803467,
        2.3722598552703857,
        2.3590869903564453,
        2.354546546936035,
        2.355306386947632,
        2.350721836090088,
        2.3531696796417236,
        2.3542027473449707,
        2.362016201019287,
        2.363403558731079,
        2.36352801322937,
        2.363912343978882,
        2.3648362159729004,
        2.366701364517212,
        2.370743989944458
    ],
    "train_accuracy": [
        0.1805555522441864,
        0.20000000298023224,
        0.31111112236976624,
        0.38055557012557983,
        0.42222222685813904,
        0.4861111044883728,
        0.49166667461395264,
        0.4444444477558136,
        0.4861111044883728,
        0.5472221970558167,
        0.5888888835906982,
        0.6138888597488403,
        0.574999988079071,
        0.5805555582046509,
        0.675000011920929,
        0.6805555820465088,
        0.6333333253860474,
        0.6916666626930237,
        0.699999988079071,
        0.6805555820465088,
        0.7166666388511658,
        0.7166666388511658,
        0.7111111283302307,
        0.7250000238418579,
        0.7555555701255798,
        0.7888888716697693,
        0.7722222208976746,
        0.8305555582046509,
        0.8277778029441833,
        0.8611111044883728,
        0.8305555582046509,
        0.8444444537162781,
        0.8833333253860474,
        0.9055555462837219,
        0.9527778029441833,
        0.9527778029441833,
        0.9583333134651184,
        0.9666666388511658,
        0.9777777791023254,
        0.9722222089767456,
        0.9750000238418579,
        0.9666666388511658,
        0.9833333492279053,
        0.980555534362793,
        0.9750000238418579,
        0.9666666388511658,
        0.9861111044883728,
        0.9750000238418579,
        0.9833333492279053,
        0.9972222447395325,
        0.9972222447395325,
        1.0,
        1.0,
        1.0,
        1.0,
        1.0,
        1.0,
        1.0,
        1.0,
        1.0,
        1.0,
        1.0,
        1.0,
        1.0,
        1.0,
        1.0,
        1.0,
        1.0,
        1.0,
        1.0,
        1.0,
        1.0,
        1.0
    ],