{
    "hyperparameters": {
        "activation": "relu",
        "dropout_rate": 0.1385263838026,
        "hidden_units": 26,
        "learning_rate": 0.0001703451996,
        "num_layers": 3,
        "weight_decay": 0.0058284702677
    },
    "dataset_stats": {
        "name": "classification_ozone",
        "train_size": 85,
        "val_size": 21,
        "input_shape": [
            1201,
            1
        ],
        "num_classes": 2
    },
    "epochs": 56,
    "train_loss": [
        0.8304805755615234,
        0.7684202194213867,
        0.7432648539543152,
        0.6678955554962158,
        0.7624403834342957,
        0.6837573051452637,
        0.717289924621582,
        0.7110807299613953,
        0.6160259246826172,
        0.6603639721870422,
        0.6974328756332397,
        0.7261360883712769,
        0.8002098798751831,
        0.6804617047309875,
        0.7358742952346802,
        0.7573720812797546,
        0.6818754076957703,
        0.6890050768852234,
        0.6640811562538147,
        0.7228416204452515,
        0.7247856855392456,
        0.6935908794403076,
        0.7032229900360107,
        0.6743198037147522,
        0.7059922218322754,
        0.6906124949455261,
        0.7357093095779419,
        0.73749840259552,
        0.7051417827606201,
        0.7239989042282104,
        0.6742753982543945,
        0.7413461804389954,
        0.7052079439163208,
        0.7218031287193298,
        0.71465003490448,
        0.7376227378845215,
        0.6734922528266907,
        0.6984347105026245,
        0.6683884859085083,
        0.7066559791564941,
        0.6777111887931824,
        0.6648703217506409,
        0.6584398150444031,
        0.6801937818527222,
        0.705131471157074,
        0.7131639122962952,
        0.7098864316940308,
        0.6913142204284668,
        0.6132440567016602,
        0.6691076159477234,
        0.6886346936225891,
        0.720603346824646,
        0.7188233733177185,
        0.710189700126648,
        0.6788828372955322,
        0.6294734477996826
    ],
    "val_loss": [
        0.7045205235481262,
        0.7326966524124146,
        0.7138097286224365,
        0.7167232036590576,
        0.7148882150650024,
        0.7116314768791199,
        0.7093014717102051,
        0.712730348110199,
        0.7079854011535645,
        0.6859148144721985,
        0.7128159403800964,
        0.6736327409744263,
        0.6721738576889038,
        0.6622994542121887,
        0.6582668423652649,
        0.661430299282074,
        0.6586971879005432,
        0.6552006602287292,
        0.6619675159454346,
        0.6644694209098816,
        0.6680628061294556,
        0.6954658031463623,
        0.6926248669624329,
        0.6771036386489868,
        0.6644139289855957,
        0.665222704410553,
        0.6357876658439636,
        0.658221423625946,
        0.6592271327972412,
        0.6651128530502319,
        0.6586417555809021,
        0.6585865616798401,
        0.6602016687393188,
        0.6632125973701477,
        0.65151047706604,
        0.6421624422073364,
        0.6482669711112976,
        0.6535661816596985,
        0.6792210936546326,
        0.6965535283088684,
        0.6946889162063599,
        0.6897193193435669,
        0.6886468529701233,
        0.6727994680404663,
        0.6581346988677979,
        0.6535696387290955,
        0.6576722264289856,
        0.6651331782341003,
        0.682776153087616,
        0.7360808253288269,
        0.7608271241188049,
        0.8047621846199036,
        0.7924250364303589,
        0.795709490776062,
        0.7640984654426575,
        0.7343091368675232,
        0.7133005857467651
    ],
    "train_accuracy": [
        0.4117647111415863,
        0.5176470875740051,
        0.4941176474094391,
        0.5882353186607361,
        0.42352941632270813,
        0.5882353186607361,
        0.5882353186607361,
        0.5882353186607361,
        0.6941176652908325,
        0.6117647290229797,
        0.5647059082984924,
        0.6000000238418579,
        0.43529412150382996,
        0.5647059082984924,
        0.4588235318660736,
        0.529411792755127,
        0.4941176474094391,
        0.5411764979362488,
        0.5647059082984924,
        0.5176470875740051,
        0.5058823823928833,
        0.5882353186607361,
        0.5411764979362488,
        0.5764706134796143,
        0.5764706134796143,
        0.5411764979362488,
        0.4941176474094391,
        0.47058823704719543,
        0.5882353186607361,
        0.4470588266849518,
        0.5882353186607361,
        0.4470588266849518,
        0.5529412031173706,
        0.47058823704719543,
        0.529411792755127,
        0.5176470875740051,
        0.6000000238418579,
        0.529411792755127,
        0.5764706134796143,
        0.5529412031173706,
        0.5529412031173706,
        0.5647059082984924,
        0.5882353186607361,
        0.5176470875740051,
        0.5529412031173706,
        0.529411792755127,
        0.5764706134796143,
        0.6235294342041016,
        0.6352941393852234,
        0.6235294342041016,
        0.529411792755127,
        0.5176470875740051,
        0.529411792755127,
        0.6235294342041016,
        0.529411792755127,
        0.6352941393852234
    ],
    "val_accuracy": [
        0.4285714328289032,
        0.380952388048172,
        0.4761904776096344,
        0.4761904776096344,
        0.4761904776096344,
        0.523809552192688,
        0.523809552192688,
        0.523809552192688,
        0.523809552192688,
        0.4761904776096344,
        0.4761904776096344,
        0.6666666865348816,
        0.6666666865348816,
        0.6666666865348816,
        0.6666666865348816,
        0.6190476417541504,
        0.6666666865348816,
        0.6666666865348816,
        0.6666666865348816,
        0.6666666865348816,
        0.5714285969734192,
        0.523809552192688,
        0.5714285969734192,
        0.523809552192688,
        0.523809552192688,
        0.6190476417541504,
        0.7142857313156128,
        0.6666666865348816,
        0.6190476417541504,
        0.6666666865348816,
        0.6190476417541504,
        0.7142857313156128,
        0.7142857313156128,
        0.7142857313156128,
        0.7142857313156128,
        0.6666666865348816,
        0.7142857313156128,
        0.761904776096344,
        0.7142857313156128,
        0.6190476417541504,
        0.5714285969734192,
        0.5714285969734192,
        0.6666666865348816,
        0.7142857313156128,
        0.761904776096344,
        0.6666666865348816,
        0.6666666865348816,
        0.7142857313156128,
        0.5714285969734192,
        0.523809552192688,
        0.523809552192688,
        0.523809552192688,
        0.523809552192688,
        0.523809552192688,
        0.523809552192688,
        0.523809552192688,
        0.523809552192688
    ],