{
    "hyperparameters": {
        "activation": "gelu",
        "dropout_rate": 0.4921741023743,
        "hidden_units": 112,
        "learning_rate": 0.0392818202037,
        "num_layers": 3,
        "weight_decay": 0.0014151529885
    },
    "dataset_stats": {
        "name": "classification_ozone",
        "train_size": 85,
        "val_size": 21,
        "input_shape": [
            1201,
            1
        ],
        "num_classes": 2
    },
    "epochs": 49,
    "train_loss": [
        0.9490740895271301,
        1.297117829322815,
        1.2566595077514648,
        1.4377756118774414,
        1.4456181526184082,
        1.1523241996765137,
        1.2107895612716675,
        1.1857784986495972,
        0.8592095971107483,
        0.8603765368461609,
        1.0041375160217285,
        0.7634016871452332,
        0.8883093595504761,
        0.8997655510902405,
        0.8241016268730164,
        0.8693554997444153,
        0.9197062849998474,
        0.816882848739624,
        0.7661088705062866,
        0.7814955711364746,
        0.7467268705368042,
        0.7861608862876892,
        0.7006922364234924,
        0.7745640277862549,
        0.7717056274414062,
        0.8012263774871826,
        0.7670348882675171,
        0.723825991153717,
        0.790659487247467,
        0.6692332625389099,
        0.7985924482345581,
        0.8056647777557373,
        0.714099645614624,
        0.7153998613357544,
        0.714314877986908,
        0.7165762782096863,
        0.7603458166122437,
        0.7527216672897339,
        0.7234371304512024,
        0.7442688941955566,
        0.7340294122695923,
        0.7302597761154175,
        0.7320671081542969,
        0.6947583556175232,
        0.7073215842247009,
        0.7017592787742615,
        0.7058754563331604,
        0.720561146736145,
        0.7027245759963989
    ],
    "val_loss": [
        0.7369101643562317,
        0.9303008317947388,
        1.1144964694976807,
        1.0009359121322632,
        1.710172414779663,
        1.122368335723877,
        0.6724581718444824,
        0.8406268358230591,
        0.9741345643997192,
        0.8195778131484985,
        0.7746939063072205,
        0.6852976679801941,
        0.7338261604309082,
        0.9261467456817627,
        0.8432963490486145,
        0.769080400466919,
        0.7326726317405701,
        0.7038012146949768,
        0.6720137596130371,
        0.6716858148574829,
        0.6810017824172974,
        0.7119038701057434,
        0.7410076260566711,
        0.7787392735481262,
        0.7731289863586426,
        0.731295108795166,
        0.7211831212043762,
        0.7147967219352722,
        0.7700886726379395,
        0.7404796481132507,
        0.7053924202919006,
        0.6813395619392395,
        0.6802106499671936,
        0.7019104957580566,
        0.7055758237838745,
        0.7012938261032104,
        0.6950455904006958,
        0.7068840861320496,
        0.709685206413269,
        0.6937274932861328,
        0.6958519816398621,
        0.6874729990959167,
        0.6841153502464294,
        0.6972361207008362,
        0.6866627931594849,
        0.6830506920814514,
        0.6866669058799744,
        0.6925315260887146,
        0.7042083740234375,
        0.711600661277771
    ],
    "train_accuracy": [
        0.4941176474094391,
        0.4000000059604645,
        0.47058823704719543,
        0.47058823704719543,
        0.47058823704719543,
        0.42352941632270813,
        0.4470588266849518,
        0.47058823704719543,
        0.5176470875740051,
        0.4941176474094391,
        0.47058823704719543,
        0.5176470875740051,
        0.5647059082984924,
        0.4941176474094391,
        0.5058823823928833,
        0.43529412150382996,
        0.5176470875740051,
        0.4941176474094391,
        0.5176470875740051,
        0.5411764979362488,
        0.4117647111415863,
        0.4588235318660736,
        0.5764706134796143,
        0.529411792755127,
        0.5411764979362488,
        0.5529412031173706,
        0.5176470875740051,
        0.5411764979362488,
        0.5058823823928833,
        0.5764706134796143,
        0.5176470875740051,
        0.42352941632270813,
        0.4588235318660736,
        0.5411764979362488,
        0.529411792755127,
        0.529411792755127,
        0.5176470875740051,
        0.4941176474094391,
        0.5058823823928833,
        0.5411764979362488,
        0.4588235318660736,
        0.5058823823928833,
        0.47058823704719543,
        0.5764706134796143,
        0.5058823823928833,
        0.5647059082984924,
        0.5176470875740051,
        0.4941176474094391,
        0.5882353186607361
    ],
    "val_accuracy": [
        0.4285714328289032,
        0.6190476417541504,
        0.7142857313156128,
        0.4761904776096344,
        0.3333333432674408,
        0.3333333432674408,
        0.6190476417541504,
        0.5714285969734192,
        0.523809552192688,
        0.4285714328289032,
        0.5714285969734192,
        0.523809552192688,
        0.4761904776096344,
        0.4285714328289032,
        0.380952388048172,
        0.4285714328289032,
        0.4761904776096344,
        0.4761904776096344,
        0.6666666865348816,
        0.6190476417541504,
        0.6190476417541504,
        0.4285714328289032,
        0.380952388048172,
        0.4285714328289032,
        0.4285714328289032,
        0.4761904776096344,
        0.4285714328289032,
        0.523809552192688,
        0.4285714328289032,
        0.4285714328289032,
        0.523809552192688,
        0.5714285969734192,
        0.6190476417541504,
        0.4285714328289032,
        0.4285714328289032,
        0.4761904776096344,
        0.4761904776096344,
        0.4285714328289032,
        0.4285714328289032,
        0.4761904776096344,
        0.523809552192688,
        0.5714285969734192,
        0.5714285969734192,
        0.4761904776096344,
        0.523809552192688,
        0.5714285969734192,
        0.5714285969734192,
        0.5714285969734192,
        0.4761904776096344,
        0.4761904776096344
    ],
    "epoch_times": [
        0.01238107681274414,
        0.00899195671081543,
        0.011249780654907227,
        0.010993242263793945,
        0.010310888290405273,
        0.010005950927734375,
        0.011580944061279297,
        0.010976076126098633,
        0.012511968612670898,
        0.00979924201965332,
        0.010520219802856445,
        0.011755943298339844,
        0.010483264923095703,
        0.010558366775512695,
        0.011688947677612305,
        0.011215925216674805,
        0.010396957397460938,
        0.010946035385131836,
        0.01131892204284668,
        0.011837244033813477,
        0.011310100555419922,
        0.012202024459838867,
        0.012046098709106445,
        0.00966787338256836,
        0.010733842849731445,
        0.011744022369384766,
        0.012282848358154297,
        0.010915994644165039,
        0.010531187057495117,
        0.01028585433959961,
        0.010227203369140625,
        0.012274026870727539,
        0.01183009147644043,
        0.01065206527709961,
        0.012219905853271484,
        0.01194906234741211,
        0.011987924575805664,
        0.013238906860351562,
        0.01149892807006836,
        0.01111292839050293,
        0.01117396354675293,
        0.01091313362121582,
        0.010404109954833984,
        0.012046098709106445,
        0.01129007339477539,
        0.00950002670288086,
        0.01001119613647461,
        0.011809110641479492,
        0.010535001754760742
    ]
}