{
    "hyperparameters": {
        "activation": "tanh",
        "dropout_rate": 0.1798301551691,
        "hidden_units": 69,
        "learning_rate": 0.0006401984999,
        "num_layers": 3,
        "weight_decay": 0.0007736638034
    },
    "dataset_stats": {
        "name": "Adiac",
        "train_size": 312,
        "val_size": 78,
        "input_shape": [
            176,
            1
        ],
        "num_classes": 37
    },
    "epochs": 128,
    "train_loss": [
        3.7188313007354736,
        3.460860013961792,
        3.2354846000671387,
        3.1381301879882812,
        3.031249523162842,
        2.901010036468506,
        2.7726974487304688,
        2.726053476333618,
        2.648941993713379,
        2.536602735519409,
        2.503378391265869,
        2.379173755645752,
        2.2581989765167236,
        2.214977741241455,
        2.1701724529266357,
        2.1192777156829834,
        1.9788362979888916,
        2.0027947425842285,
        1.949352502822876,
        1.8912914991378784,
        1.8603793382644653,
        1.810423493385315,
        1.7310951948165894,
        1.697680950164795,
        1.6678024530410767,
        1.6693353652954102,
        1.6213582754135132,
        1.6083950996398926,
        1.5062494277954102,
        1.5123615264892578,
        1.5210094451904297,
        1.5054826736450195,
        1.4645928144454956,
        1.393999695777893,
        1.3393934965133667,
        1.376768946647644,
        1.346018671989441,
        1.368464708328247,
        1.3873510360717773,
        1.2987831830978394,
        1.2551521062850952,
        1.2469888925552368,
        1.1989514827728271,
        1.2805311679840088,
        1.2213088274002075,
        1.214492917060852,
        1.1767407655715942,
        1.1641013622283936,
        1.1226041316986084,
        1.142115831375122,
        1.1342451572418213,
        1.1441340446472168,
        1.1227214336395264,
        1.059366226196289,
        1.1336623430252075,
        1.1501742601394653,
        1.0332930088043213,
        1.016098976135254,
        1.0552432537078857,
        1.065340280532837,
        1.0169389247894287,
        0.9827495217323303,
        0.9460380673408508,
        1.0371978282928467,
        0.9731234312057495,
        1.003911018371582,
        0.9995336532592773,
        0.9184728860855103,
        0.9274564981460571,
        0.8958512544631958,
        0.9004644751548767,
        0.991936981678009,
        0.9402853846549988,
        0.8923628330230713,
        0.9043528437614441,
        0.8609780669212341,
        0.867438793182373,
        0.9204661846160889,
        0.9181609749794006,
        0.8432999849319458,
        0.8830446004867554,
        0.8413025140762329,
        0.8701291084289551,
        0.9626640677452087,
        0.8922873139381409,
        0.9278300404548645,
        0.935224175453186,
        0.8445506691932678,
        0.8606812953948975,
        0.7596779465675354,
        0.8296446204185486,
        0.7767033576965332,
        0.9227027893066406,
        0.792592465877533,
        0.8040759563446045,
        0.7534273266792297,
        0.7792580723762512,
        0.7813681364059448,
        0.8209823966026306,
        0.7350736260414124,
        0.7658213376998901,
        0.7209667563438416,
        0.7503988146781921,
        0.8270748853683472,
        0.7632918953895569,
        0.7335537075996399,
        0.810802698135376,
        0.7600041627883911,
        0.8262230157852173,
        0.7490179538726807,
        0.6888824105262756,
        0.8409989476203918,
        0.732171356678009,
        0.7837454080581665,
        0.7148408889770508,
        0.7453658580780029,
        0.6444791555404663,
        0.714704155921936,
        0.762600302696228,
        0.7182294130325317,
        0.7290788888931274,
        0.7534139752388,
        0.6675697565078735,
        0.6145247220993042,
        0.6970145106315613,
        0.6803781986236572,
        0.670299232006073,
        0.7141616940498352
    ],
    "val_loss": [
        3.6082637310028076,
        3.6177008152008057,
        3.604827880859375,
        3.551821231842041,
        3.3879308700561523,
        3.264946937561035,
        3.0939478874206543,
        3.0740408897399902,
        2.8339617252349854,
        2.8791370391845703,
        2.955739736557007,
        2.810551166534424,
        2.5623204708099365,
        2.671346664428711,
        3.019102096557617,
        2.9263200759887695,
        2.471566915512085,
        2.4690160751342773,
        2.370521068572998,
        2.3314685821533203,
        2.1989924907684326,
        2.124410390853882,
        2.269883871078491,
        2.359093189239502,
        2.7516942024230957,
        2.202833652496338,
        4.358033180236816,
        2.208024263381958,
        1.9272234439849854,
        2.0008485317230225,
        2.0285518169403076,
        2.164628267288208,
        1.9712426662445068,
        6.487802982330322,
        1.922515869140625,
        2.177189350128174,
        2.2610247135162354,
        3.216254949569702,
        2.2864317893981934,
        2.4982783794403076,
        2.263838768005371,
        2.424886465072632,
        1.9175113439559937,
        1.4709292650222778,
        1.9265096187591553,
        1.8026010990142822,
        1.820440411567688,
        1.6710635423660278,
        1.890018343925476,
        7.312599182128906,
        1.7446422576904297,
        1.738315463066101,
        1.7915414571762085,
        1.957265019416809,
        2.068096399307251,
        2.090561628341675,
        1.6437103748321533,
        2.451709508895874,
        1.9363481998443604,
        2.011622190475464,
        1.7464052438735962,
        1.609851598739624,
        1.591149091720581,
        1.6302860975265503,
        1.734864592552185,
        2.0214009284973145,
        1.6775858402252197,
        1.8236995935440063,
        1.749875545501709,
        1.6136449575424194,
        1.4603476524353027,
        1.4002166986465454,
        1.8893173933029175,
        1.5074354410171509,
        1.609757423400879,
        1.6113542318344116,
        1.7010126113891602,
        1.7289659976959229,
        1.9368313550949097,
        1.7871984243392944,
        1.458616852760315,
        1.515789270401001,
        1.6405577659606934,
        2.3270177841186523,
        1.6407288312911987,
        2.065978527069092,
        1.646290898323059,
        2.7946648597717285,
        1.9548102617263794,
        1.317755103111267,
        1.3427573442459106,
        1.3254282474517822,
        1.7583410739898682,
        1.5411559343338013,
        2.013258695602417,
        1.5941368341445923,
        1.2845150232315063,
        1.3761757612228394,
        1.2431949377059937,
        1.7226684093475342,
        1.4278241395950317,
        1.3621561527252197,
        2.1393187046051025,
        1.406707525253296,
        1.5454645156860352,
        1.7471354007720947,
        1.725437879562378,
        2.1919050216674805,
        1.5764113664627075,
        1.5188761949539185,
        1.4077967405319214,
        1.5458513498306274,
        1.6491626501083374,
        1.3815490007400513,
        1.293048620223999,
        1.7268304824829102,
        1.338485836982727,
        1.3599282503128052,
        1.3711702823638916,
        1.6264257431030273,
        1.278799057006836,
        3.217339515686035,
        1.770097017288208,
        1.881941795349121,
        1.7991406917572021,
        1.4519479274749756,
        1.3579572439193726,
        1.2546579837799072,
        1.2972619533538818
    ],