{
    "hyperparameters": {
        "bidirectional": false,
        "dropout_rate": 0.4176231558426,
        "hidden_units": 89,
        "learning_rate": 0.0098821025825,
        "num_layers": 2,
        "output_activation": "tanh",
        "weight_decay": 8.15710477e-05
    },
    "dataset_stats": {
        "name": "classification_ozone",
        "train_size": 85,
        "val_size": 21,
        "input_shape": [
            1201,
            1
        ],
        "num_classes": 2
    },
    "epochs": 55,
    "train_loss": [
        2.083099126815796,
        1.084409236907959,
        0.921658456325531,
        1.128318190574646,
        0.8132611513137817,
        0.778039276599884,
        0.8305407166481018,
        0.6672068238258362,
        0.712341845035553,
        0.7603333592414856,
        0.9571483135223389,
        0.78020840883255,
        0.7428500652313232,
        0.7098124623298645,
        0.7413326501846313,
        0.9645495414733887,
        0.680671751499176,
        0.7277186512947083,
        0.7704760432243347,
        0.6843189001083374,
        0.8118786811828613,
        0.7640281915664673,
        0.6858134269714355,
        0.806912362575531,
        0.9222599267959595,
        0.7445451617240906,
        0.7285082340240479,
        0.7644796967506409,
        0.6848968267440796,
        0.7725027799606323,
        0.7340197563171387,
        0.8595244288444519,
        0.7369071245193481,
        0.7139182090759277,
        0.6581326723098755,
        0.7347003221511841,
        0.7602769136428833,
        0.7336131930351257,
        0.7911805510520935,
        0.714972734451294,
        0.8223403692245483,
        0.7597309947013855,
        0.5846884846687317,
        0.6997660398483276,
        0.6637166142463684,
        0.7788169384002686,
        0.6858140826225281,
        0.6996501684188843,
        0.6380135416984558,
        0.6640416383743286,
        0.7994503974914551,
        0.7075250744819641,
        0.7416190505027771,
        0.6731666326522827,
        0.7905675768852234
    ],
    "val_loss": [
        0.9311078190803528,
        0.971622109413147,
        0.7001466751098633,
        0.7002221941947937,
        0.8374616503715515,
        0.7143146991729736,
        0.7204669713973999,
        0.6863027215003967,
        0.7013420462608337,
        0.7156246900558472,
        0.719674289226532,
        0.7328254580497742,
        0.6920239925384521,
        0.6930355429649353,
        0.707673192024231,
        0.7052151560783386,
        0.7075048089027405,
        0.7027633786201477,
        0.6914937496185303,
        0.6987928748130798,
        0.7021517753601074,
        0.7046904563903809,
        0.7062239646911621,
        0.7052967548370361,
        0.7049655914306641,
        0.6823186874389648,
        0.7063546180725098,
        0.7137555480003357,
        0.7273316979408264,
        0.7028791904449463,
        0.7044838070869446,
        0.694416880607605,
        0.6912323236465454,
        0.6890857219696045,
        0.687366247177124,
        0.6874731779098511,
        0.687877357006073,
        0.6886487603187561,
        0.6896050572395325,
        0.690819501876831,
        0.6925077438354492,
        0.694001317024231,
        0.6945628523826599,
        0.6949244737625122,
        0.6950740218162537,
        0.6957377195358276,
        0.6963335871696472,
        0.6959317326545715,
        0.6951828002929688,
        0.6941846013069153,
        0.6938580274581909,
        0.6937926411628723,
        0.6937289237976074,
        0.6937224268913269,
        0.6935394406318665,
        0.6935502886772156
    ],
    "train_accuracy": [
        0.6190476417541504,
        0.380952388048172,
        0.4761904776096344,
        0.4761904776096344,
        0.4761904776096344,
        0.523809552192688,
        0.523809552192688,
        0.5714285969734192,
        0.523809552192688,
        0.523809552192688,
        0.3333333432674408,
        0.7142857313156128,
        0.4761904776096344,
        0.523809552192688,
        0.523809552192688,
        0.3333333432674408,
        0.5714285969734192,
        0.523809552192688,
        0.523809552192688,
        0.4761904776096344,
        0.523809552192688,
        0.4761904776096344,
        0.6190476417541504,
        0.4761904776096344,
        0.2380952388048172,
        0.2380952388048172,
        0.4761904776096344,
        0.4285714328289032,
        0.6190476417541504,
        0.4761904776096344,
        0.6190476417541504,
        0.4285714328289032,
        0.4761904776096344,
        0.5714285969734192,
        0.6190476417541504,
        0.4761904776096344,
        0.523809552192688,
        0.523809552192688,
        0.2857142984867096,
        0.523809552192688,
        0.4285714328289032,
        0.380952388048172,
        0.8095238208770752,
        0.6666666865348816,
        0.523809552192688,
        0.4761904776096344,
        0.5714285969734192,
        0.523809552192688,
        0.6666666865348816,
        0.4761904776096344,
        0.380952388048172,
        0.4761904776096344,
        0.523809552192688,
        0.5714285969734192,
        0.4761904776096344
    ],
    "val_accuracy": [
        0.4761904776096344,
        0.523809552192688,
        0.523809552192688,
        0.4761904776096344,
        0.4761904776096344,
        0.523809552192688,
        0.4761904776096344,
        0.5714285969734192,
        0.4761904776096344,
        0.4761904776096344,
        0.4761904776096344,
        0.4761904776096344,
        0.523809552192688,
        0.4761904776096344,
        0.523809552192688,
        0.523809552192688,
        0.523809552192688,
        0.523809552192688,
        0.523809552192688,
        0.523809552192688,
        0.4761904776096344,
        0.4761904776096344,
        0.4761904776096344,
        0.4761904776096344,
        0.4761904776096344,
        0.523809552192688,
        0.4285714328289032,
        0.4761904776096344,
        0.4761904776096344,
        0.523809552192688,
        0.523809552192688,
        0.523809552192688,
        0.523809552192688,
        0.523809552192688,
        0.523809552192688,
        0.523809552192688,
        0.380952388048172,
        0.6190476417541504,
        0.523809552192688,
        0.523809552192688,
        0.523809552192688,
        0.523809552192688,
        0.523809552192688,
        0.523809552192688,
        0.523809552192688,
        0.523809552192688,
        0.523809552192688,
        0.523809552192688,
        0.523809552192688,
        0.523809552192688,
        0.523809552192688,
        0.523809552192688,
        0.523809552192688,
        0.523809552192688,
        0.523809552192688,
        0.523809552192688
    ],