{
    "hyperparameters": {
        "activation": "relu",
        "dropout_rate": 0.1432590728188,
        "hidden_units": 35,
        "learning_rate": 0.004983139024,
        "num_layers": 2,
        "weight_decay": 0.0064517223961
    },
    "dataset_stats": {
        "name": "CBF",
        "train_size": 44,
        "val_size": 11,
        "input_shape": [
            128,
            1
        ],
        "num_classes": 3
    },
    "epochs": 63,
    "train_loss": [
        1.089302897453308,
        0.6259265542030334,
        0.5145800113677979,
        0.39405348896980286,
        0.41512012481689453,
        0.3203757107257843,
        0.2256423532962799,
        0.2486809641122818,
        0.15838460624217987,
        0.16470867395401,
        0.10068218410015106,
        0.09423496574163437,
        0.10819298774003983,
        0.09532194584608078,
        0.0663764551281929,
        0.043510470539331436,
        0.1219584047794342,
        0.03728475794196129,
        0.04070951044559479,
        0.05361154302954674,
        0.03722650185227394,
        0.03926945477724075,
        0.11218614131212234,
        0.03955182433128357,
        0.09657688438892365,
        0.07122838497161865,
        0.02954302914440632,
        0.01836150698363781,
        0.030017822980880737,
        0.047783732414245605,
        0.10782007873058319,
        0.038396257907152176,
        0.08150716125965118,
        0.06081221252679825,
        0.06142914667725563,
        0.031155068427324295,
        0.023451412096619606,
        0.028414325788617134,
        0.017339307814836502,
        0.011590125970542431,
        0.011178270913660526,
        0.016174936667084694,
        0.04994700849056244,
        0.016409004107117653,
        0.018268942832946777,
        0.020431464537978172,
        0.02322547882795334,
        0.05724751576781273,
        0.013577171601355076,
        0.012667450122535229,
        0.01518185529857874,
        0.012333097867667675,
        0.013942086137831211,
        0.006006711628288031,
        0.03233233839273453,
        0.019678326323628426,
        0.01495022140443325,
        0.022206638008356094,
        0.014635705389082432,
        0.03023049421608448,
        0.009553232230246067,
        0.01209765113890171,
        0.010755299590528011
    ],
    "val_loss": [
        1.1490378379821777,
        1.11464262008667,
        1.0981872081756592,
        1.0861397981643677,
        1.090567708015442,
        1.1212867498397827,
        1.15885591506958,
        1.2005881071090698,
        1.2739384174346924,
        1.264397382736206,
        1.2065767049789429,
        1.1403199434280396,
        1.131125569343567,
        1.1023164987564087,
        1.059212565422058,
        1.1156710386276245,
        1.2702311277389526,
        1.3225170373916626,
        1.1461735963821411,
        1.0416574478149414,
        1.0426890850067139,
        1.131271243095398,
        1.1633391380310059,
        1.0505621433258057,
        0.9260140061378479,
        1.1613402366638184,
        1.3236771821975708,
        1.2977633476257324,
        1.208312749862671,
        1.2283482551574707,
        1.2036240100860596,
        0.9870895743370056,
        0.7858046889305115,
        0.7068309187889099,
        0.71639084815979,
        0.8182681798934937,
        0.9522262811660767,
        1.11248779296875,
        1.2709240913391113,
        1.3952984809875488,
        1.4937275648117065,
        1.5610365867614746,
        1.6251357793807983,
        1.6097582578659058,
        1.6030646562576294,
        1.5808868408203125,
        1.5064750909805298,
        1.489701509475708,
        1.4060895442962646,
        1.3439065217971802,
        1.2633881568908691,
        1.225106120109558,
        1.2044258117675781,
        1.2034592628479004,
        1.2046922445297241,
        1.2070187330245972,
        1.1867196559906006,
        1.2198048830032349,
        1.3067365884780884,
        1.507761836051941,
        1.5681754350662231,
        1.6279503107070923,
        1.6146794557571411,
        1.6188671588897705
    ],
    "train_accuracy": [
        0.47727271914482117,
        0.8181818127632141,
        0.8181818127632141,
        0.9090909361839294,
        0.8863636255264282,
        0.9545454382896423,
        0.9545454382896423,
        0.9545454382896423,
        0.9772727489471436,
        0.9772727489471436,
        1.0,
        1.0,
        0.9772727489471436,
        1.0,
        1.0,
        1.0,
        0.9545454382896423,
        1.0,
        1.0,
        1.0,
        1.0,
        1.0,
        0.9545454382896423,
        1.0,
        0.9772727489471436,
        0.9772727489471436,
        1.0,
        1.0,
        1.0,
        0.9772727489471436,
        0.9545454382896423,
        1.0,
        0.9772727489471436,
        1.0,
        1.0,
        1.0,
        1.0,
        1.0,
        1.0,
        1.0,
        1.0,
        1.0,
        1.0,
        1.0,
        1.0,
        1.0,
        1.0,
        0.9772727489471436,
        1.0,
        1.0,
        1.0,
        1.0,
        1.0,
        1.0,
        0.9772727489471436,
        1.0,
        1.0,
        1.0,
        1.0,
        0.9772727489471436,
        1.0,
        1.0,
        1.0
    ],
    "val_accuracy": [
        0.3636363744735718,
        0.3636363744735718,
        0.3636363744735718,
        0.3636363744735718,
        0.4545454680919647,
        0.4545454680919647,
        0.4545454680919647,
        0.4545454680919647,
        0.4545454680919647,
        0.4545454680919647,
        0.4545454680919647,
        0.3636363744735718,
        0.3636363744735718,
        0.3636363744735718,
        0.4545454680919647,
        0.4545454680919647,
        0.3636363744735718,
        0.3636363744735718,
        0.4545454680919647,
        0.4545454680919647,
        0.6363636255264282,
        0.6363636255264282,
        0.6363636255264282,
        0.7272727489471436,
        0.7272727489471436,
        0.7272727489471436,
        0.7272727489471436,
        0.7272727489471436,
        0.7272727489471436,
        0.6363636255264282,
        0.5454545617103577,
        0.5454545617103577,
        0.6363636255264282,
        0.7272727489471436,
        0.8181818127632141,
        0.6363636255264282,
        0.6363636255264282,
        0.6363636255264282,
        0.6363636255264282,
        0.6363636255264282,
        0.5454545617103577,
        0.5454545617103577,
        0.5454545617103577,
        0.5454545617103577,
        0.6363636255264282,
        0.6363636255264282,
        0.6363636255264282,
        0.6363636255264282,
        0.6363636255264282,
        0.6363636255264282,
        0.6363636255264282,
        0.6363636255264282,
        0.6363636255264282,
        0.6363636255264282,
        0.5454545617103577,
        0.6363636255264282,
        0.6363636255264282,
        0.6363636255264282,
        0.6363636255264282,
        0.5454545617103577,
        0.5454545617103577,
        0.5454545617103577,
        0.5454545617103577,
        0.5454545617103577
    ],