{
    "hyperparameters": {
        "activation": "gelu",
        "dropout_rate": 0.2627717611464,
        "ff_dim": 631,
        "hidden_units": 488,
        "learning_rate": 0.0005312648878,
        "num_heads": 4,
        "num_layers": 4,
        "pooling": "mean",
        "weight_decay": 7.58060116e-05
    },
    "dataset_stats": {
        "name": "BeetleFly",
        "train_size": 32,
        "val_size": 8,
        "input_shape": [
            512,
            1
        ],
        "num_classes": 2
    },
    "epochs": 40,
    "train_loss": [
        0.8183555006980896,
        6.2956438064575195,
        1.8256042003631592,
        2.9666566848754883,
        1.549782395362854,
        0.7467799186706543,
        1.0418262481689453,
        0.8351629972457886,
        0.7190387845039368,
        0.7000401020050049,
        0.7917041182518005,
        0.7457535266876221,
        0.8387424349784851,
        0.9263738393783569,
        0.6763436198234558,
        0.9392207264900208,
        0.7353580594062805,
        0.8653597831726074,
        0.7592757344245911,
        0.5841134786605835,
        0.6512131094932556,
        0.8591030240058899,
        0.8976724147796631,
        0.8604087233543396,
        0.7117243409156799,
        0.769147515296936,
        0.7703877091407776,
        0.7504346966743469,
        0.8206974267959595,
        0.7962179780006409,
        0.7369315028190613,
        0.739787757396698,
        0.6413828730583191,
        0.6588196754455566,
        0.7103825807571411,
        0.6813968420028687,
        0.7071685791015625,
        0.7003328800201416,
        0.7228636741638184,
        0.7314313054084778
    ],
    "val_loss": [
        0.7266982197761536,
        9.583304405212402,
        1.938395380973816,
        2.7404263019561768,
        1.4568712711334229,
        0.9609955549240112,
        1.0187920331954956,
        0.6732277870178223,
        0.7038679122924805,
        0.6749333143234253,
        0.641243577003479,
        0.6790751218795776,
        0.8530431389808655,
        0.7608712911605835,
        0.6619927883148193,
        0.658467710018158,
        0.6932228803634644,
        0.7632792592048645,
        0.7777941823005676,
        0.7425603270530701,
        0.6900135278701782,
        0.6752181053161621,
        0.6884070038795471,
        0.7022145986557007,
        0.7122629880905151,
        0.7216801643371582,
        0.7266237139701843,
        0.7256848812103271,
        0.7196669578552246,
        0.7140763998031616,
        0.7074320316314697,
        0.7048810124397278,
        0.7080395221710205,
        0.7104748487472534,
        0.706050455570221,
        0.7053042650222778,
        0.7057756185531616,
        0.7050412893295288,
        0.7011750936508179,
        0.6989919543266296,
        0.6980092525482178
    ],
    "train_accuracy": [
        0.53125,
        0.53125,
        0.53125,
        0.46875,
        0.46875,
        0.53125,
        0.4375,
        0.5,
        0.59375,
        0.5,
        0.59375,
        0.5625,
        0.5,
        0.46875,
        0.6875,
        0.34375,
        0.5,
        0.46875,
        0.5625,
        0.625,
        0.625,
        0.4375,
        0.28125,
        0.46875,
        0.5,
        0.53125,
        0.5,
        0.59375,
        0.4375,
        0.5,
        0.46875,
        0.53125,
        0.59375,
        0.6875,
        0.6875,
        0.53125,
        0.5,
        0.5625,
        0.65625,
        0.5
    ],
    "val_accuracy": [
        0.375,
        0.375,
        0.375,
        0.625,
        0.625,
        0.375,
        0.375,
        0.625,
        0.375,
        0.75,
        0.625,
        0.625,
        0.375,
        0.375,
        0.625,
        0.625,
        0.5,
        0.375,
        0.375,
        0.375,
        0.5,
        0.625,
        0.5,
        0.375,
        0.375,
        0.375,
        0.375,
        0.375,
        0.375,
        0.375,
        0.375,
        0.375,
        0.375,
        0.375,
        0.5,
        0.5,
        0.5,
        0.5,
        0.375,
        0.5,
        0.5
    ],
    "epoch_times": [
        0.15934205055236816,
        0.15422415733337402,
        0.15515685081481934,
        0.15394115447998047,
        0.15497565269470215,
        0.15528178215026855,
        0.1541445255279541,
        0.15392374992370605,
        0.1543102264404297,
        0.15407323837280273,
        0.1538379192352295,
        0.15232133865356445,
        0.15400242805480957,
        0.1545422077178955,
        0.15337109565734863,
        0.15392112731933594,
        0.15427756309509277,
        0.1536102294921875,
        0.15385842323303223,
        0.15385699272155762,
        0.15476584434509277,
        0.15529155731201172,
        0.15386486053466797,
        0.15342497825622559,
        0.1541750431060791,
        0.15399575233459473,
        0.15329408645629883,
        0.15424704551696777,
        0.15415000915527344,
        0.15475749969482422,
        0.15468859672546387,
        0.15392017364501953,
        0.15487289428710938,
        0.15350675582885742,
        0.15421032905578613,
        0.1553032398223877,
        0.15375041961669922,
        0.15328693389892578,
        0.15456891059875488,
        0.1550898551940918
    ]
}