{
    "hyperparameters": {
        "bidirectional": false,
        "dropout_rate": 0.0234091618909,
        "hidden_units": 186,
        "learning_rate": 0.00010237376,
        "num_layers": 1,
        "output_activation": "gelu",
        "weight_decay": 4.21553416e-05
    },
    "dataset_stats": {
        "name": "FiftyWords",
        "train_size": 360,
        "val_size": 90,
        "input_shape": [
            270,
            1
        ],
        "num_classes": 50
    },
    "epochs": 103,
    "train_loss": [
        3.872462034225464,
        3.7714970111846924,
        3.6528258323669434,
        3.5050878524780273,
        3.3529181480407715,
        3.1879913806915283,
        3.058037042617798,
        2.946033477783203,
        2.8543992042541504,
        2.776885986328125,
        2.708266258239746,
        2.649111747741699,
        2.605727195739746,
        2.559034585952759,
        2.511247158050537,
        2.455293893814087,
        2.4248697757720947,
        2.387695550918579,
        2.3487191200256348,
        2.321887493133545,
        2.276583433151245,
        2.2382469177246094,
        2.2206029891967773,
        2.206989288330078,
        2.169959783554077,
        2.1476190090179443,
        2.111849308013916,
        2.079530715942383,
        2.064434051513672,
        2.0289721488952637,
        1.9958014488220215,
        1.968390703201294,
        1.9323488473892212,
        1.9264416694641113,
        1.897255778312683,
        1.8649930953979492,
        1.8379384279251099,
        1.8104642629623413,
        1.792989730834961,
        1.7704540491104126,
        1.750187873840332,
        1.7265338897705078,
        1.697486400604248,
        1.6863328218460083,
        1.6479547023773193,
        1.6246365308761597,
        1.6150058507919312,
        1.59696364402771,
        1.5729210376739502,
        1.5459398031234741,
        1.532712697982788,
        1.5221492052078247,
        1.4940956830978394,
        1.4739183187484741,
        1.4711343050003052,
        1.4853310585021973,
        1.4430052042007446,
        1.417670726776123,
        1.4070212841033936,
        1.4037584066390991,
        1.3898850679397583,
        1.3577202558517456,
        1.3587840795516968,
        1.3362600803375244,
        1.328399896621704,
        1.3221608400344849,
        1.340721845626831,
        1.2921833992004395,
        1.2701421976089478,
        1.247702956199646,
        1.2356276512145996,
        1.2231417894363403,
        1.2146244049072266,
        1.2073065042495728,
        1.2037944793701172,
        1.1863590478897095,
        1.1796324253082275,
        1.1748006343841553,
        1.164454698562622,
        1.1467679738998413,
        1.1432684659957886,
        1.1375715732574463,
        1.1298836469650269,
        1.1266206502914429,
        1.1205391883850098,
        1.115460753440857,
        1.1129225492477417,
        1.109437346458435,
        1.1020900011062622,
        1.1029077768325806,
        1.1010088920593262,
        1.0941517353057861,
        1.0957268476486206,
        1.091637134552002,
        1.0928677320480347,
        1.088413953781128,
        1.0891762971878052,
        1.085003137588501,
        1.0887020826339722,
        1.0849478244781494,
        1.0769026279449463,
        1.0783957242965698,
        1.078433632850647
    ],
    "val_loss": [
        3.9049625396728516,
        3.8381764888763428,
        3.7567546367645264,
        3.667051076889038,
        3.5660626888275146,
        3.464026927947998,
        3.3827762603759766,
        3.317774534225464,
        3.277745246887207,
        3.2320282459259033,
        3.1981747150421143,
        3.155961751937866,
        3.1280429363250732,
        3.095581293106079,
        3.0584611892700195,
        3.036173105239868,
        3.012272834777832,
        2.987313747406006,
        2.970935106277466,
        2.9389238357543945,
        2.916022300720215,
        2.8851888179779053,
        2.894508123397827,
        2.894024610519409,
        2.8488712310791016,
        2.8484714031219482,
        2.8031365871429443,
        2.8174736499786377,
        2.7829909324645996,
        2.8018274307250977,
        2.745469570159912,
        2.726158618927002,
        2.746185541152954,
        2.7226529121398926,
        2.705904483795166,
        2.7316932678222656,
        2.7102081775665283,
        2.68898606300354,
        2.671537160873413,
        2.686694383621216,
        2.622331142425537,
        2.66298508644104,
        2.61567759513855,
        2.640570640563965,
        2.6243109703063965,
        2.5976359844207764,
        2.6177706718444824,
        2.639948844909668,
        2.606276512145996,
        2.5635485649108887,
        2.6005256175994873,
        2.582343816757202,
        2.5666558742523193,
        2.6175191402435303,
        2.584796905517578,
        2.5557878017425537,
        2.5790812969207764,
        2.5170164108276367,
        2.587409734725952,
        2.56416916847229,
        2.5553505420684814,
        2.5691771507263184,
        2.4915692806243896,
        2.524190664291382,
        2.5690231323242188,
        2.5928122997283936,
        2.5171077251434326,
        2.5075008869171143,
        2.509033203125,
        2.4916417598724365,
        2.4814085960388184,
        2.4769766330718994,
        2.531127691268921,
        2.4688801765441895,
        2.5133748054504395,
        2.543374538421631,
        2.5374836921691895,
        2.5261878967285156,
        2.548879384994507,
        2.499018907546997,
        2.5267324447631836,
        2.526486873626709,
        2.5408008098602295,
        2.5024282932281494,
        2.556488037109375,
        2.5179896354675293,
        2.543717622756958,
        2.5494134426116943,
        2.5376687049865723,
        2.558786630630493,
        2.544865846633911,
        2.5509140491485596,
        2.55838680267334,
        2.5608971118927,
        2.555316925048828,
        2.560868740081787,
        2.5569045543670654,
        2.565965414047241,
        2.5641183853149414,
        2.561743974685669,
        2.567042827606201,
        2.5637173652648926,
        2.565836191177368,
        2.56494140625
    ],