{
    "hyperparameters": {
        "activation": "relu",
        "dropout_rate": 0.1311057789807,
        "hidden_units": 35,
        "learning_rate": 0.0112901121294,
        "num_layers": 4,
        "weight_decay": 0.0024504657609
    },
    "dataset_stats": {
        "name": "Car",
        "train_size": 68,
        "val_size": 17,
        "input_shape": [
            577,
            1
        ],
        "num_classes": 4
    },
    "epochs": 55,
    "train_loss": [
        1.5826877355575562,
        1.515487551689148,
        1.4012539386749268,
        1.2391126155853271,
        1.0860950946807861,
        1.1014927625656128,
        1.1219230890274048,
        0.9811751246452332,
        0.9500320553779602,
        0.9293270111083984,
        0.9798504114151001,
        0.9913408756256104,
        0.8714916706085205,
        0.9496967196464539,
        1.02902352809906,
        0.8152933120727539,
        0.8828845024108887,
        0.8411446809768677,
        0.8479790687561035,
        0.8751609325408936,
        0.88313889503479,
        0.884571373462677,
        0.7665548324584961,
        0.8539807200431824,
        0.8451331853866577,
        0.936793863773346,
        0.8259461522102356,
        1.0491639375686646,
        0.983331561088562,
        1.0133172273635864,
        0.9816298484802246,
        1.0778417587280273,
        0.9839059114456177,
        1.0974785089492798,
        0.9563145637512207,
        0.871691882610321,
        0.953774631023407,
        0.87167888879776,
        0.8469578623771667,
        0.9278898239135742,
        0.8496471047401428,
        0.8658602833747864,
        0.9078819155693054,
        1.0203536748886108,
        0.8562232851982117,
        0.8819208145141602,
        0.8343017101287842,
        0.8368592858314514,
        0.8717442154884338,
        0.8855856657028198,
        0.8568699955940247,
        0.8351847529411316,
        0.7780004739761353,
        0.8717710971832275,
        0.8457071185112
    ],
    "val_loss": [
        1.3854163885116577,
        1.295719027519226,
        1.2816168069839478,
        1.253313422203064,
        1.2150965929031372,
        1.2289282083511353,
        1.247795820236206,
        1.2872952222824097,
        1.2821264266967773,
        1.2087774276733398,
        1.1658867597579956,
        1.5555908679962158,
        1.2039395570755005,
        0.8714821934700012,
        0.84781813621521,
        0.9174527525901794,
        0.9673672914505005,
        1.0484025478363037,
        0.9431747198104858,
        0.9150607585906982,
        0.9084402918815613,
        0.9006783962249756,
        0.856941282749176,
        0.9443215727806091,
        1.023362159729004,
        0.8452157974243164,
        1.0458496809005737,
        1.1369234323501587,
        1.027597188949585,
        0.921582818031311,
        0.9451067447662354,
        1.0939995050430298,
        1.1643890142440796,
        1.1871498823165894,
        1.1216278076171875,
        1.0765619277954102,
        1.133582353591919,
        1.0991899967193604,
        1.001389980316162,
        0.932858943939209,
        0.9073218107223511,
        0.9155749082565308,
        0.9315216541290283,
        0.9666242003440857,
        0.9580284357070923,
        0.9205479621887207,
        0.9226914048194885,
        0.9331321716308594,
        0.9909445643424988,
        1.0544519424438477,
        1.0990835428237915,
        1.0548717975616455,
        0.9837598204612732,
        0.9488553404808044,
        1.048918604850769,
        1.0428099632263184
    ],
    "train_accuracy": [
        0.23529411852359772,
        0.27941176295280457,
        0.29411765933036804,
        0.3970588147640228,
        0.5,
        0.5441176295280457,
        0.5147058963775635,
        0.5441176295280457,
        0.6323529481887817,
        0.5441176295280457,
        0.5441176295280457,
        0.5735294222831726,
        0.6617646813392639,
        0.6029411554336548,
        0.5,
        0.6323529481887817,
        0.5735294222831726,
        0.6323529481887817,
        0.5588235259056091,
        0.6323529481887817,
        0.6029411554336548,
        0.5882353186607361,
        0.6911764740943909,
        0.5882353186607361,
        0.6323529481887817,
        0.5147058963775635,
        0.6176470518112183,
        0.5735294222831726,
        0.5735294222831726,
        0.5147058963775635,
        0.5735294222831726,
        0.5,
        0.5735294222831726,
        0.5,
        0.6323529481887817,
        0.6176470518112183,
        0.5882353186607361,
        0.5882353186607361,
        0.6470588445663452,
        0.5588235259056091,
        0.6029411554336548,
        0.6029411554336548,
        0.5882353186607361,
        0.6176470518112183,
        0.6029411554336548,
        0.6764705777168274,
        0.6470588445663452,
        0.6470588445663452,
        0.6323529481887817,
        0.6617646813392639,
        0.6470588445663452,
        0.6911764740943909,
        0.6323529481887817,
        0.6470588445663452,
        0.6029411554336548
    ],
    "val_accuracy": [
        0.29411765933036804,
        0.3529411852359772,
        0.29411765933036804,
        0.3529411852359772,
        0.3529411852359772,
        0.4117647111415863,
        0.4117647111415863,
        0.3529411852359772,
        0.4117647111415863,
        0.29411765933036804,
        0.4117647111415863,
        0.3529411852359772,
        0.4117647111415863,
        0.6470588445663452,
        0.7058823704719543,
        0.7058823704719543,
        0.7058823704719543,
        0.5882353186607361,
        0.6470588445663452,
        0.5882353186607361,
        0.6470588445663452,
        0.6470588445663452,
        0.6470588445663452,
        0.529411792755127,
        0.5882353186607361,
        0.5882353186607361,
        0.529411792755127,
        0.47058823704719543,
        0.529411792755127,
        0.529411792755127,
        0.5882353186607361,
        0.529411792755127,
        0.529411792755127,
        0.529411792755127,
        0.529411792755127,
        0.529411792755127,
        0.4117647111415863,
        0.47058823704719543,
        0.529411792755127,
        0.47058823704719543,
        0.529411792755127,
        0.47058823704719543,
        0.5882353186607361,
        0.5882353186607361,
        0.529411792755127,
        0.5882353186607361,
        0.5882353186607361,
        0.529411792755127,
        0.6470588445663452,
        0.529411792755127,
        0.47058823704719543,
        0.47058823704719543,
        0.7058823704719543,
        0.529411792755127,
        0.4117647111415863,
        0.4117647111415863
    ],