{
    "hyperparameters": {
        "activation": "gelu",
        "dropout_rate": 0.1658959396054,
        "ff_dim": 302,
        "hidden_units": 134,
        "learning_rate": 0.0002702331854,
        "num_heads": 3,
        "num_layers": 6,
        "pooling": "mean",
        "weight_decay": 2.70722344e-05
    },
    "dataset_stats": {
        "name": "FiftyWords",
        "train_size": 360,
        "val_size": 90,
        "input_shape": [
            270,
            1
        ],
        "num_classes": 50
    },
    "epochs": 75,
    "train_loss": [
        3.647545576095581,
        3.8402440547943115,
        3.4871342182159424,
        3.6212944984436035,
        3.60003924369812,
        3.230118751525879,
        3.6925110816955566,
        2.8289754390716553,
        3.1830880641937256,
        3.2708899974823,
        3.1538240909576416,
        2.7711353302001953,
        3.4160561561584473,
        2.5829384326934814,
        2.10174560546875,
        1.9562082290649414,
        1.8693907260894775,
        1.7870509624481201,
        2.8251490592956543,
        1.2149728536605835,
        2.3543362617492676,
        1.8623701333999634,
        1.6343324184417725,
        1.405324935913086,
        2.020303726196289,
        1.840235710144043,
        1.4436745643615723,
        1.236041784286499,
        1.681833028793335,
        1.9116055965423584,
        1.2166788578033447,
        1.1524587869644165,
        1.2831311225891113,
        0.9871889352798462,
        1.2327247858047485,
        0.8324503302574158,
        1.322669267654419,
        1.2785048484802246,
        1.2193934917449951,
        0.8380760550498962,
        1.0248870849609375,
        1.319536566734314,
        1.1960872411727905,
        0.6383782029151917,
        1.1868058443069458,
        0.3418401777744293,
        0.9434108138084412,
        0.5451411604881287,
        0.44864267110824585,
        0.506470799446106,
        0.2781680226325989,
        0.8002008199691772,
        0.23064137995243073,
        0.23397304117679596,
        0.18688157200813293,
        0.3510313034057617,
        0.7629314661026001,
        0.19163359701633453,
        0.19036898016929626,
        0.6284880638122559,
        0.14256025850772858,
        0.3408842980861664,
        0.3680134117603302,
        0.3558748960494995,
        0.20171789824962616,
        0.23291099071502686,
        0.14941197633743286,
        0.34302881360054016,
        0.08908315747976303,
        0.30692628026008606,
        0.15437613427639008,
        0.16693581640720367,
        0.22570113837718964,
        0.17023615539073944,
        0.14954788982868195
    ],
    "val_loss": [
        4.414456367492676,
        4.040859699249268,
        3.819068670272827,
        3.6899631023406982,
        3.5742883682250977,
        3.6054043769836426,
        3.5435335636138916,
        3.546308755874634,
        3.388503074645996,
        3.4602458477020264,
        3.183861017227173,
        3.1529526710510254,
        3.1480352878570557,
        3.071450710296631,
        2.723210573196411,
        2.7337894439697266,
        2.6973443031311035,
        2.766555070877075,
        2.8154425621032715,
        2.554332733154297,
        2.5861849784851074,
        2.504523277282715,
        2.6793861389160156,
        2.605119228363037,
        2.4546077251434326,
        2.4866507053375244,
        2.377479076385498,
        2.438426971435547,
        2.5690152645111084,
        2.572012424468994,
        2.3563191890716553,
        2.533646583557129,
        2.439115285873413,
        2.462620735168457,
        2.301736831665039,
        2.345996856689453,
        2.460681676864624,
        2.359217405319214,
        2.2653183937072754,
        2.382640838623047,
        2.2577295303344727,
        2.350214719772339,
        2.279700517654419,
        2.2893309593200684,
        2.4593801498413086,
        2.1379456520080566,
        2.4075839519500732,
        2.4934842586517334,
        2.3937556743621826,
        2.2224769592285156,
        2.358043909072876,
        2.331404209136963,
        2.306572675704956,
        2.2348337173461914,
        2.351619243621826,
        2.2979230880737305,
        2.3017237186431885,
        2.3053908348083496,
        2.232039451599121,
        2.2490382194519043,
        2.2264604568481445,
        2.29040789604187,
        2.2501916885375977,
        2.233689785003662,
        2.2777462005615234,
        2.2441415786743164,
        2.275627851486206,
        2.27400279045105,
        2.247870922088623,
        2.26920747756958,
        2.262666940689087,
        2.2868916988372803,
        2.2553553581237793,
        2.2623424530029297,
        2.275853395462036,
        2.2763020992279053
    ],
    "train_accuracy": [
        0.125,
        0.0,
        0.375,
        0.0,
        0.125,
        0.125,
        0.125,
        0.375,
        0.375,
        0.25,
        0.125,
        0.375,
        0.25,
        0.5,
        0.375,
        0.625,
        0.5,
        0.5,
        0.25,
        0.875,
        0.25,
        0.625,
        0.75,
        0.375,
        0.375,
        0.625,
        0.625,
        0.5,
        0.625,
        0.25,
        0.625,
        0.75,
        0.75,
        0.875,
        0.5,
        0.75,
        0.625,
        0.75,
        0.625,
        0.625,
        0.75,
        0.625,
        0.75,
        0.875,
        0.75,
        1.0,
        0.875,
        1.0,
        1.0,
        0.875,
        1.0,
        0.75,
        1.0,
        1.0,
        1.0,
        1.0,
        0.625,
        1.0,
        1.0,
        0.875,
        1.0,
        0.875,
        1.0,
        0.875,
        1.0,
        1.0,
        1.0,
        1.0,
        1.0,
        1.0,
        1.0,
        1.0,
        1.0,
        1.0,
        1.0
    ],
    "val_accuracy": [
        0.0,
        0.12222222238779068,
        0.0555555559694767,
        0.15555556118488312,
        0.15555556118488312,
        0.14444445073604584,
        0.17777778208255768,
        0.20000000298023224,
        0.20000000298023224,
        0.20000000298023224,
        0.25555557012557983,
        0.2777777910232544,
        0.2222222238779068,
        0.2777777910232544,
        0.25555557012557983,
        0.3222222328186035,
        0.3333333432674408,
        0.3333333432674408,
        0.3222222328186035,
        0.42222222685813904,
        0.36666667461395264,
        0.3333333432674408,
        0.3444444537162781,
        0.3777777850627899,
        0.36666667461395264,
        0.36666667461395264,
        0.41111111640930176,
        0.42222222685813904,
        0.42222222685813904,
        0.3777777850627899,
        0.4333333373069763,
        0.41111111640930176,
        0.42222222685813904,
        0.4333333373069763,
        0.42222222685813904,
        0.4555555582046509,
        0.4333333373069763,
        0.47777777910232544,
        0.4555555582046509,
        0.3888888955116272,
        0.46666666865348816,
        0.5,
        0.4555555582046509,
        0.4444444477558136,
        0.36666667461395264,
        0.47777777910232544,
        0.4555555582046509,
        0.4333333373069763,
        0.47777777910232544,
        0.4888888895511627,
        0.4555555582046509,
        0.4444444477558136,
        0.5,
        0.47777777910232544,
        0.4333333373069763,
        0.5111111402511597,
        0.4555555582046509,
        0.5222222208976746,
        0.5111111402511597,
        0.5,
        0.4888888895511627,
        0.5111111402511597,
        0.5222222208976746,
        0.5444444417953491,
        0.5444444417953491,
        0.5222222208976746,
        0.5222222208976746,
        0.5444444417953491,
        0.5666666626930237,
        0.5666666626930237,
        0.5555555820465088,
        0.5555555820465088,
        0.5666666626930237,
        0.5666666626930237,
        0.5555555820465088,
        0.5555555820465088
    ],