{
    "hyperparameters": {
        "activation": "tanh",
        "dropout_rate": 0.43870914072,
        "hidden_units": 39,
        "learning_rate": 0.01492945994,
        "num_layers": 1,
        "weight_decay": 0.007663351325
    },
    "dataset_stats": {
        "name": "CBF",
        "train_size": 44,
        "val_size": 11,
        "input_shape": [
            128,
            1
        ],
        "num_classes": 3
    },
    "epochs": 31,
    "train_loss": [
        1.1186660528182983,
        0.5103744268417358,
        0.4232328534126282,
        0.41426771879196167,
        0.27889394760131836,
        0.2596117854118347,
        0.19521790742874146,
        0.19041971862316132,
        0.11247166991233826,
        0.13435238599777222,
        0.17493128776550293,
        0.06469251960515976,
        0.1515561193227768,
        0.1034107506275177,
        0.05099986866116524,
        0.07550883293151855,
        0.04174093157052994,
        0.043900445103645325,
        0.06255578249692917,
        0.09335053712129593,
        0.02639494091272354,
        0.07034952938556671,
        0.024932123720645905,
        0.04100694879889488,
        0.0387834757566452,
        0.04982062801718712,
        0.022195082157850266,
        0.03651248291134834,
        0.08712310343980789,
        0.027497513219714165,
        0.015022500418126583
    ],
    "val_loss": [
        1.0719765424728394,
        1.0799877643585205,
        1.291838526725769,
        1.4246411323547363,
        1.5584579706192017,
        1.6026066541671753,
        1.589626431465149,
        1.5513056516647339,
        1.514061689376831,
        1.471325397491455,
        1.4928590059280396,
        1.5225346088409424,
        1.5392868518829346,
        1.5151188373565674,
        1.4912489652633667,
        1.409568428993225,
        1.3500902652740479,
        1.3105887174606323,
        1.3185569047927856,
        1.381284236907959,
        1.436040997505188,
        1.4454289674758911,
        1.4810473918914795,
        1.5141013860702515,
        1.537184476852417,
        1.5485764741897583,
        1.559401273727417,
        1.5373473167419434,
        1.465503215789795,
        1.3902735710144043,
        1.3965365886688232,
        1.3261462450027466
    ],
    "train_accuracy": [
        0.5,
        0.8181818127632141,
        0.8863636255264282,
        0.8863636255264282,
        0.8636363744735718,
        0.8863636255264282,
        0.9545454382896423,
        0.9545454382896423,
        1.0,
        0.9772727489471436,
        0.9318181872367859,
        1.0,
        0.9545454382896423,
        0.9545454382896423,
        1.0,
        0.9772727489471436,
        1.0,
        1.0,
        1.0,
        0.9772727489471436,
        1.0,
        0.9772727489471436,
        1.0,
        1.0,
        1.0,
        1.0,
        1.0,
        1.0,
        0.9772727489471436,
        1.0,
        1.0
    ],
    "val_accuracy": [
        0.3636363744735718,
        0.6363636255264282,
        0.6363636255264282,
        0.6363636255264282,
        0.6363636255264282,
        0.6363636255264282,
        0.6363636255264282,
        0.6363636255264282,
        0.6363636255264282,
        0.6363636255264282,
        0.6363636255264282,
        0.6363636255264282,
        0.6363636255264282,
        0.6363636255264282,
        0.6363636255264282,
        0.6363636255264282,
        0.5454545617103577,
        0.5454545617103577,
        0.5454545617103577,
        0.5454545617103577,
        0.5454545617103577,
        0.5454545617103577,
        0.5454545617103577,
        0.5454545617103577,
        0.5454545617103577,
        0.5454545617103577,
        0.5454545617103577,
        0.5454545617103577,
        0.5454545617103577,
        0.5454545617103577,
        0.5454545617103577,
        0.5454545617103577
    ],
    "epoch_times": [
        0.00519108772277832,
        0.006697893142700195,
        0.005151987075805664,
        0.006298065185546875,
        0.004889249801635742,
        0.0054378509521484375,
        0.005540132522583008,
        0.005017280578613281,
        0.00568389892578125,
        0.005300045013427734,
        0.00560307502746582,
        0.005115032196044922,
        0.005990028381347656,
        0.005059003829956055,
        0.006050586700439453,
        0.005311250686645508,
        0.005808115005493164,
        0.005650997161865234,
        0.005320072174072266,
        0.00598907470703125,
        0.00510096549987793,
        0.005711078643798828,
        0.004870891571044922,
        0.005877017974853516,
        0.005082845687866211,
        0.005193948745727539,
        0.004968881607055664,
        0.00528717041015625,
        0.005470991134643555,
        0.004862308502197266,
        0.005668163299560547
    ]
}