{
    "hyperparameters": {
        "bidirectional": false,
        "dropout_rate": 0.3408833714962,
        "hidden_units": 38,
        "learning_rate": 1.6756169e-05,
        "num_layers": 3,
        "output_activation": "relu",
        "weight_decay": 0.0009456073188
    },
    "dataset_stats": {
        "name": "classification_ozone",
        "train_size": 85,
        "val_size": 21,
        "input_shape": [
            1201,
            1
        ],
        "num_classes": 2
    },
    "epochs": 37,
    "train_loss": [
        0.9670321345329285,
        0.7318021059036255,
        0.801419198513031,
        0.8074378967285156,
        0.789932370185852,
        0.9803940653800964,
        0.7394313216209412,
        0.8700663447380066,
        0.777131199836731,
        0.8375778198242188,
        0.7829588651657104,
        0.7135336995124817,
        0.6104414463043213,
        0.7663335204124451,
        0.7248354554176331,
        0.8270629644393921,
        0.6336588859558105,
        0.8063370585441589,
        0.7503159642219543,
        0.8126081824302673,
        0.7958037257194519,
        0.8736960887908936,
        0.7913275957107544,
        0.9114405512809753,
        0.8354777097702026,
        0.8531222343444824,
        0.8119755983352661,
        0.8369269371032715,
        0.5478026866912842,
        0.8099343180656433,
        0.8714396953582764,
        0.7552602887153625,
        0.9556117057800293,
        0.5906690955162048,
        0.7710828185081482,
        0.8111096620559692,
        0.7275061011314392
    ],
    "val_loss": [
        0.7259257435798645,
        0.7214482426643372,
        0.7197125554084778,
        0.7179577946662903,
        0.7167320847511292,
        0.7150605320930481,
        0.7141469120979309,
        0.7137349247932434,
        0.714522659778595,
        0.7147358655929565,
        0.7149811387062073,
        0.7147491574287415,
        0.7145828008651733,
        0.7148202061653137,
        0.7151867747306824,
        0.7155335545539856,
        0.7157996296882629,
        0.7162097096443176,
        0.7169208526611328,
        0.7172725200653076,
        0.7174223065376282,
        0.7175926566123962,
        0.7179088592529297,
        0.7181307673454285,
        0.7185290455818176,
        0.7187008857727051,
        0.7188120484352112,
        0.7188435196876526,
        0.7189425826072693,
        0.7190002799034119,
        0.7190554738044739,
        0.7191805243492126,
        0.7191907167434692,
        0.7191996574401855,
        0.719224214553833,
        0.7192164659500122,
        0.7191874384880066,
        0.7191199064254761
    ],
    "train_accuracy": [
        0.380952388048172,
        0.523809552192688,
        0.4761904776096344,
        0.4761904776096344,
        0.5714285969734192,
        0.3333333432674408,
        0.6190476417541504,
        0.4761904776096344,
        0.523809552192688,
        0.4761904776096344,
        0.4285714328289032,
        0.6190476417541504,
        0.7142857313156128,
        0.380952388048172,
        0.523809552192688,
        0.380952388048172,
        0.6190476417541504,
        0.4761904776096344,
        0.5714285969734192,
        0.4761904776096344,
        0.4761904776096344,
        0.4285714328289032,
        0.4761904776096344,
        0.380952388048172,
        0.523809552192688,
        0.3333333432674408,
        0.4761904776096344,
        0.5714285969734192,
        0.761904776096344,
        0.6666666865348816,
        0.523809552192688,
        0.6190476417541504,
        0.4285714328289032,
        0.7142857313156128,
        0.5714285969734192,
        0.4761904776096344,
        0.4761904776096344
    ],
    "val_accuracy": [
        0.4761904776096344,
        0.4761904776096344,
        0.4285714328289032,
        0.4285714328289032,
        0.4285714328289032,
        0.4285714328289032,
        0.4285714328289032,
        0.380952388048172,
        0.4285714328289032,
        0.4285714328289032,
        0.4285714328289032,
        0.4285714328289032,
        0.380952388048172,
        0.380952388048172,
        0.380952388048172,
        0.380952388048172,
        0.380952388048172,
        0.380952388048172,
        0.380952388048172,
        0.380952388048172,
        0.380952388048172,
        0.380952388048172,
        0.380952388048172,
        0.380952388048172,
        0.380952388048172,
        0.380952388048172,
        0.380952388048172,
        0.380952388048172,
        0.380952388048172,
        0.380952388048172,
        0.380952388048172,
        0.380952388048172,
        0.380952388048172,
        0.380952388048172,
        0.380952388048172,
        0.380952388048172,
        0.380952388048172,
        0.380952388048172
    ],
    "epoch_times": [
        0.6225388050079346,
        1.008535623550415,
        0.9773645401000977,
        0.9525930881500244,
        1.005643367767334,
        1.0490708351135254,
        1.0306026935577393,
        0.9586362838745117,
        0.9575774669647217,
        0.9642000198364258,
        1.0812811851501465,
        0.9349215030670166,
        1.1273577213287354,
        0.9535517692565918,
        1.0384407043457031,
        0.9741451740264893,
        0.9752457141876221,
        0.9269626140594482,
        0.9245100021362305,
        0.9522216320037842,
        0.8908462524414062,
        0.8782083988189697,
        0.9107332229614258,
        0.9348771572113037,
        0.9598712921142578,
        0.9063236713409424,
        0.8943262100219727,
        1.0998954772949219,
        0.9191727638244629,
        1.1085608005523682,
        0.9654078483581543,
        0.9125945568084717,
        1.0044028759002686,
        0.9960379600524902,
        1.0828232765197754,
        1.1254527568817139,
        1.095592737197876
    ]
}