{
    "hyperparameters": {
        "activation": "tanh",
        "dropout_rate": 0.2706639725574,
        "hidden_units": 36,
        "learning_rate": 0.0019636323598,
        "num_layers": 1,
        "weight_decay": 0.0070965257155
    },
    "dataset_stats": {
        "name": "Car",
        "train_size": 68,
        "val_size": 17,
        "input_shape": [
            577,
            1
        ],
        "num_classes": 4
    },
    "epochs": 123,
    "train_loss": [
        1.4422940015792847,
        1.282820701599121,
        1.217774748802185,
        1.2245343923568726,
        1.1298201084136963,
        1.1203675270080566,
        1.1210435628890991,
        1.130507230758667,
        1.0283643007278442,
        1.0124213695526123,
        1.0223214626312256,
        0.9805071353912354,
        0.9840468168258667,
        0.9739219546318054,
        0.9350138902664185,
        0.9038861393928528,
        0.9792784452438354,
        0.9846937656402588,
        0.9771468043327332,
        0.8747146129608154,
        0.8926351070404053,
        0.8986539840698242,
        0.845754086971283,
        0.880641520023346,
        0.8456555604934692,
        0.855868399143219,
        0.8502237796783447,
        0.7828513979911804,
        0.7797788381576538,
        0.7314066290855408,
        0.7944923043251038,
        0.7234513759613037,
        0.7146207094192505,
        0.733396053314209,
        0.7252629995346069,
        0.7383201718330383,
        0.8056787252426147,
        0.745739758014679,
        0.7332763075828552,
        0.8370347023010254,
        0.7416033744812012,
        0.7158892154693604,
        0.752825915813446,
        0.7294468283653259,
        0.7433663010597229,
        0.6992067098617554,
        0.7398711442947388,
        0.6642887592315674,
        0.7269582748413086,
        0.6871788501739502,
        0.7662622332572937,
        0.6937523484230042,
        0.7081337571144104,
        0.7700668573379517,
        0.7440477013587952,
        0.7490677237510681,
        0.7383047342300415,
        0.7588980197906494,
        0.6958915591239929,
        0.7106932401657104,
        0.7299787402153015,
        0.6561923027038574,
        0.6485647559165955,
        0.6666353344917297,
        0.721042275428772,
        0.7001131176948547,
        0.6624706983566284,
        0.5981900095939636,
        0.6411749720573425,
        0.6225100755691528,
        0.6105012893676758,
        0.5937870144844055,
        0.568852961063385,
        0.6072648763656616,
        0.4882727265357971,
        0.5564599633216858,
        0.6068884134292603,
        0.571935772895813,
        0.5857622623443604,
        0.5573867559432983,
        0.5608017444610596,
        0.534397542476654,
        0.5415753126144409,
        0.5726451277732849,
        0.5793738961219788,
        0.5193383097648621,
        0.5162016153335571,
        0.5083873271942139,
        0.5091447830200195,
        0.5324759483337402,
        0.5500583648681641,
        0.5573381185531616,
        0.46627649664878845,
        0.5875296592712402,
        0.5129820108413696,
        0.5467172861099243,
        0.5792843699455261,
        0.46590352058410645,
        0.5011401772499084,
        0.5372453331947327,
        0.4693351984024048,
        0.4925313889980316,
        0.5189291834831238,
        0.510708749294281,
        0.5484185218811035,
        0.6046757102012634,
        0.5816247463226318,
        0.5828481912612915,
        0.6753474473953247,
        0.5662782192230225,
        0.5255466103553772,
        0.5104331970214844,
        0.5789476037025452,
        0.523862361907959,
        0.5373625159263611,
        0.5444415211677551,
        0.5373509526252747,
        0.5196443200111389,
        0.6255990862846375,
        0.5956822037696838,
        0.5546585321426392,
        0.5735006928443909,
        0.5268259644508362
    ],
    "val_loss": [
        1.3482402563095093,
        1.2821210622787476,
        1.258713722229004,
        1.179693579673767,
        1.1286461353302002,
        1.1110925674438477,
        1.090106725692749,
        1.0853161811828613,
        1.0637868642807007,
        1.0499544143676758,
        1.042858362197876,
        0.9959459900856018,
        0.9574330449104309,
        0.9663285613059998,
        0.9720805883407593,
        0.9791200160980225,
        0.9612412452697754,
        0.9592573642730713,
        0.9494020938873291,
        0.9115825891494751,
        0.8700025081634521,
        0.8492960929870605,
        0.8603255152702332,
        0.873308002948761,
        0.8904982209205627,
        0.8836702704429626,
        0.874569833278656,
        0.9399290084838867,
        0.9154324531555176,
        0.8374860882759094,
        0.7659288644790649,
        0.7224454879760742,
        0.7151314616203308,
        0.762952983379364,
        0.7943381667137146,
        0.725222110748291,
        0.7901039123535156,
        0.7666893005371094,
        0.8338451385498047,
        0.8928713202476501,
        0.8024781346321106,
        0.7713953852653503,
        0.7942301630973816,
        0.7990579009056091,
        0.77472984790802,
        0.7429907321929932,
        0.7192128300666809,
        0.7324357032775879,
        0.7304717898368835,
        0.7197161316871643,
        0.5705369710922241,
        0.5841050148010254,
        0.6005306243896484,
        0.6235032677650452,
        0.6478186845779419,
        0.6352507472038269,
        0.6969659924507141,
        0.6945844292640686,
        0.6685951352119446,
        0.678966760635376,
        0.6211308240890503,
        0.6498206853866577,
        0.8248738050460815,
        0.8637135028839111,
        0.7945475578308105,
        0.6509527564048767,
        0.5579296946525574,
        0.5190432071685791,
        0.5100728869438171,
        0.5309546589851379,
        0.5697382092475891,
        0.5824057459831238,
        0.5816022753715515,
        0.5882325768470764,
        0.5731757879257202,
        0.5579391121864319,
        0.6165385842323303,
        0.5077502131462097,
        0.5073398947715759,
        0.5178739428520203,
        0.5579432249069214,
        0.5712543725967407,
        0.5288775563240051,
        0.5187128186225891,
        0.5152532458305359,
        0.532322347164154,
        0.5423035025596619,
        0.5273205637931824,
        0.5107460021972656,
        0.5009105801582336,
        0.4953552186489105,
        0.5207393765449524,
        0.5100809335708618,
        0.460330992937088,
        0.47595614194869995,
        0.5795512795448303,
        0.6474393606185913,
        0.6158744096755981,
        0.51861971616745,
        0.5388638973236084,
        0.550673246383667,
        0.7076011896133423,
        0.8024206161499023,
        0.6462845802307129,
        0.5700672268867493,
        0.5551005005836487,
        0.5360934734344482,
        0.5053927898406982,
        0.5118005275726318,
        0.5606456398963928,
        0.5965914726257324,
        0.6418821215629578,
        0.6594228148460388,
        0.6683764457702637,
        0.5990806221961975,
        0.5226186513900757,
        0.5149737000465393,
        0.5591214895248413,
        0.6294363737106323,
        0.6121293306350708,
        0.5235115885734558,
        0.47414863109588623,
        0.5014355778694153,
        0.4685322344303131
    ],