{
    "hyperparameters": {
        "bidirectional": false,
        "dropout_rate": 0.252761033798,
        "hidden_units": 115,
        "learning_rate": 0.0008828544394,
        "num_layers": 3,
        "output_activation": "gelu",
        "weight_decay": 9.59804989e-05
    },
    "dataset_stats": {
        "name": "Car",
        "train_size": 96,
        "val_size": 24,
        "input_shape": [
            577,
            1
        ],
        "num_classes": 4
    },
    "epochs": 88,
    "train_loss": [
        1.359449863433838,
        1.2394956350326538,
        1.1038371324539185,
        1.0954684019088745,
        1.079835057258606,
        1.204633355140686,
        1.1053828001022339,
        1.092132806777954,
        0.9813297390937805,
        1.0096189975738525,
        0.9519364237785339,
        0.8794777989387512,
        0.8712577223777771,
        0.9657168388366699,
        0.9397482872009277,
        0.8677107691764832,
        0.878466784954071,
        0.9245771765708923,
        0.7963690161705017,
        0.7983104586601257,
        0.7479262948036194,
        0.8228423595428467,
        0.7564765810966492,
        0.5977829098701477,
        0.8458673357963562,
        0.7036488652229309,
        0.676245391368866,
        0.757889449596405,
        0.6620880961418152,
        0.6846191883087158,
        0.5964935421943665,
        0.5218515992164612,
        0.5297460556030273,
        0.46684181690216064,
        0.538912832736969,
        0.5165258049964905,
        0.551663875579834,
        0.4933154881000519,
        0.4445665776729584,
        0.4199429750442505,
        0.42188695073127747,
        0.43318888545036316,
        0.4169178903102875,
        0.4125487506389618,
        0.3870612680912018,
        0.39554205536842346,
        0.37828704714775085,
        0.37638893723487854,
        0.3719741106033325,
        0.3673653304576874,
        0.36776068806648254,
        0.3679612874984741,
        0.3631066381931305,
        0.36315807700157166,
        0.3644130229949951,
        0.36161288619041443,
        0.36225053668022156,
        0.3590049743652344,
        0.3613741099834442,
        0.3599896728992462,
        0.35876989364624023,
        0.35872605443000793,
        0.36146870255470276,
        0.36024484038352966,
        0.35935020446777344,
        0.3586689531803131,
        0.35804426670074463,
        0.35834482312202454,
        0.35848748683929443,
        0.35834720730781555,
        0.356291800737381,
        0.3579155206680298,
        0.3568589985370636,
        0.35780736804008484,
        0.35783281922340393,
        0.35838377475738525,
        0.35785070061683655,
        0.357800155878067,
        0.35756853222846985,
        0.3580728769302368,
        0.3574700355529785,
        0.3571498692035675,
        0.35763105750083923,
        0.3572438657283783,
        0.3568066656589508,
        0.3571217358112335,
        0.35694941878318787,
        0.35789307951927185
    ],
    "val_loss": [
        1.4785666465759277,
        1.2920807600021362,
        1.1862497329711914,
        1.1522225141525269,
        1.0722849369049072,
        1.030184268951416,
        1.2141714096069336,
        1.289110541343689,
        1.0614964962005615,
        1.007431983947754,
        0.9534826278686523,
        0.9170243144035339,
        1.0486750602722168,
        1.1033049821853638,
        1.2295928001403809,
        1.079404592514038,
        0.9064898490905762,
        1.0914109945297241,
        1.2135154008865356,
        1.0043349266052246,
        0.8252288699150085,
        0.8563148379325867,
        1.019951343536377,
        0.8947396278381348,
        0.6620798707008362,
        0.6941065192222595,
        0.793133556842804,
        0.8996607661247253,
        0.7418745160102844,
        0.8404482007026672,
        0.8813465237617493,
        0.5149346590042114,
        0.5703935623168945,
        0.5007367134094238,
        0.5756362080574036,
        0.5701972842216492,
        0.8126658797264099,
        0.7576066851615906,
        0.57402104139328,
        0.5640009045600891,
        0.709373950958252,
        0.7167655825614929,
        0.5788135528564453,
        0.6341192126274109,
        0.659715473651886,
        0.5042083859443665,
        0.42703843116760254,
        0.5447216629981995,
        0.5423529744148254,
        0.37495431303977966,
        0.3685998022556305,
        0.3667930066585541,
        0.5059856176376343,
        0.5214334726333618,
        0.4705324172973633,
        0.4762934744358063,
        0.4969378709793091,
        0.3657788336277008,
        0.3544119894504547,
        0.3553081750869751,
        0.35699915885925293,
        0.36637580394744873,
        0.37515854835510254,
        0.4755927622318268,
        0.5633302330970764,
        0.5920859575271606,
        0.6021744608879089,
        0.6029189229011536,
        0.5945621132850647,
        0.5708077549934387,
        0.5388074517250061,
        0.5222383141517639,
        0.503079354763031,
        0.4854642450809479,
        0.48356595635414124,
        0.48745250701904297,
        0.4953875243663788,
        0.4994121491909027,
        0.5060174465179443,
        0.5154590010643005,
        0.5232415795326233,
        0.525660514831543,
        0.5221871733665466,
        0.5257940888404846,
        0.5271990299224854,
        0.5274755954742432,
        0.5262630581855774,
        0.5224863886833191,
        0.5206136703491211
    ],
    "train_accuracy": [
        0.3125,
        0.4791666567325592,
        0.5520833134651184,
        0.5625,
        0.5416666865348816,
        0.4895833432674408,
        0.5729166865348816,
        0.5729166865348816,
        0.625,
        0.6041666865348816,
        0.6770833134651184,
        0.7708333134651184,
        0.7395833134651184,
        0.65625,
        0.71875,
        0.7291666865348816,
        0.6979166865348816,
        0.6666666865348816,
        0.7291666865348816,
        0.7395833134651184,
        0.7604166865348816,
        0.7708333134651184,
        0.7916666865348816,
        0.875,
        0.7395833134651184,
        0.8020833134651184,
        0.84375,
        0.8020833134651184,
        0.8541666865348816,
        0.8333333134651184,
        0.8854166865348816,
        0.9375,
        0.90625,
        0.9375,
        0.9375,
        0.9375,
        0.9270833134651184,
        0.9583333134651184,
        0.96875,
        0.9895833134651184,
        0.9895833134651184,
        0.9895833134651184,
        0.9791666865348816,
        0.9791666865348816,
        1.0,
        0.9895833134651184,
        1.0,
        1.0,
        1.0,
        1.0,
        1.0,
        1.0,
        1.0,
        1.0,
        1.0,
        1.0,
        1.0,
        1.0,
        1.0,
        1.0,
        1.0,
        1.0,
        1.0,
        1.0,
        1.0,
        1.0,
        1.0,
        1.0,
        1.0,
        1.0,
        1.0,
        1.0,
        1.0,
        1.0,
        1.0,
        1.0,
        1.0,
        1.0,
        1.0,
        1.0,
        1.0,
        1.0,
        1.0,
        1.0,
        1.0,
        1.0,
        1.0,
        1.0
    ],