{
    "hyperparameters": {
        "activation": "gelu",
        "dropout_rate": 0.589202576198,
        "hidden_units": 71,
        "learning_rate": 0.0007105465749,
        "num_layers": 2,
        "weight_decay": 0.0015517612747
    },
    "dataset_stats": {
        "name": "BirdChicken",
        "train_size": 36,
        "val_size": 9,
        "input_shape": [
            512,
            1
        ],
        "num_classes": 2
    },
    "epochs": 68,
    "train_loss": [
        0.7942847609519958,
        0.6783824563026428,
        0.6762283444404602,
        0.8564990162849426,
        0.6617609858512878,
        0.6124072074890137,
        0.5801734924316406,
        0.6985103487968445,
        0.5984810590744019,
        0.5220583081245422,
        0.5334798693656921,
        0.6036360263824463,
        0.6201105117797852,
        0.5679733753204346,
        0.5225491523742676,
        0.5138502717018127,
        0.5228233933448792,
        0.6030193567276001,
        0.5083849430084229,
        0.5669448375701904,
        0.5564709305763245,
        0.5435807704925537,
        0.46337440609931946,
        0.6723735332489014,
        0.5934774875640869,
        0.5068734288215637,
        0.5075072646141052,
        0.45910441875457764,
        0.5884416103363037,
        0.42947930097579956,
        0.5929171442985535,
        0.42020633816719055,
        0.35161373019218445,
        0.518797755241394,
        0.4431110918521881,
        0.4962698221206665,
        0.43799033761024475,
        0.5276751518249512,
        0.47626039385795593,
        0.6108963489532471,
        0.43013519048690796,
        0.4503266513347626,
        0.4505451023578644,
        0.4134671986103058,
        0.525217592716217,
        0.4075509309768677,
        0.4195539951324463,
        0.42173582315444946,
        0.39800676703453064,
        0.3853115737438202,
        0.39697009325027466,
        0.3635491728782654,
        0.4193773865699768,
        0.5326945781707764,
        0.44600099325180054,
        0.5513123273849487,
        0.395820677280426,
        0.3664799928665161,
        0.4207189083099365,
        0.3382583260536194,
        0.33124902844429016,
        0.5265886187553406,
        0.49597248435020447,
        0.3598096966743469,
        0.41065868735313416,
        0.37620508670806885,
        0.4265349805355072,
        0.38328424096107483
    ],
    "val_loss": [
        0.6930770874023438,
        0.6610324382781982,
        0.6294018626213074,
        0.609617292881012,
        0.5920583605766296,
        0.5743168592453003,
        0.558788537979126,
        0.5441272258758545,
        0.5432541966438293,
        0.5401031374931335,
        0.52089524269104,
        0.5054519772529602,
        0.49451935291290283,
        0.4860166907310486,
        0.49651384353637695,
        0.47856420278549194,
        0.4609414339065552,
        0.4372139573097229,
        0.40845823287963867,
        0.3995561897754669,
        0.39582687616348267,
        0.39321598410606384,
        0.39359062910079956,
        0.3903011381626129,
        0.3969775438308716,
        0.37768319249153137,
        0.38758522272109985,
        0.37984955310821533,
        0.375813364982605,
        0.3672148585319519,
        0.3610078692436218,
        0.3587171137332916,
        0.35451748967170715,
        0.34543222188949585,
        0.34749147295951843,
        0.3322586715221405,
        0.32392898201942444,
        0.3276437222957611,
        0.3236529231071472,
        0.33873116970062256,
        0.3541034460067749,
        0.361893892288208,
        0.3522407114505768,
        0.3492225408554077,
        0.3510272800922394,
        0.3564537763595581,
        0.3581947088241577,
        0.34572598338127136,
        0.3506828844547272,
        0.34816646575927734,
        0.35657691955566406,
        0.3555237352848053,
        0.3525315523147583,
        0.35302507877349854,
        0.35540860891342163,
        0.35542452335357666,
        0.3607548773288727,
        0.35745179653167725,
        0.34999847412109375,
        0.3560222387313843,
        0.35183942317962646,
        0.3483971655368805,
        0.35191214084625244,
        0.35768237709999084,
        0.3614935576915741,
        0.36288732290267944,
        0.3662148714065552,
        0.36601173877716064,
        0.36891308426856995
    ],
    "train_accuracy": [
        0.5555555820465088,
        0.6944444179534912,
        0.6388888955116272,
        0.5,
        0.6111111044883728,
        0.6388888955116272,
        0.6666666865348816,
        0.6666666865348816,
        0.6111111044883728,
        0.6666666865348816,
        0.6388888955116272,
        0.6388888955116272,
        0.5833333134651184,
        0.8333333134651184,
        0.7777777910232544,
        0.7222222089767456,
        0.7222222089767456,
        0.6944444179534912,
        0.7222222089767456,
        0.6944444179534912,
        0.75,
        0.6666666865348816,
        0.75,
        0.5833333134651184,
        0.7222222089767456,
        0.7222222089767456,
        0.8055555820465088,
        0.8055555820465088,
        0.6111111044883728,
        0.7777777910232544,
        0.75,
        0.8333333134651184,
        0.8888888955116272,
        0.6944444179534912,
        0.8333333134651184,
        0.8055555820465088,
        0.75,
        0.6944444179534912,
        0.8333333134651184,
        0.7777777910232544,
        0.8055555820465088,
        0.6944444179534912,
        0.8333333134651184,
        0.8055555820465088,
        0.8333333134651184,
        0.8055555820465088,
        0.7222222089767456,
        0.8333333134651184,
        0.8333333134651184,
        0.7777777910232544,
        0.8333333134651184,
        0.8055555820465088,
        0.7777777910232544,
        0.7222222089767456,
        0.8333333134651184,
        0.7222222089767456,
        0.8055555820465088,
        0.8611111044883728,
        0.8055555820465088,
        0.9444444179534912,
        0.8611111044883728,
        0.75,
        0.7222222089767456,
        0.8888888955116272,
        0.8333333134651184,
        0.8611111044883728,
        0.7777777910232544,
        0.8611111044883728
    ],