{
    "hyperparameters": {
        "activation": "relu",
        "dropout_rate": 0.5873498243571,
        "hidden_units": 67,
        "learning_rate": 0.0028661026236,
        "num_layers": 2,
        "weight_decay": 0.0034926741735
    },
    "dataset_stats": {
        "name": "BeetleFly",
        "train_size": 36,
        "val_size": 9,
        "input_shape": [
            512,
            1
        ],
        "num_classes": 2
    },
    "epochs": 78,
    "train_loss": [
        0.8615396022796631,
        0.7578297853469849,
        0.6080161333084106,
        0.6491266489028931,
        0.7710723876953125,
        0.6615120768547058,
        0.6040069460868835,
        0.579972505569458,
        0.6554715633392334,
        0.6230345368385315,
        0.7019473910331726,
        0.6222269535064697,
        0.4534359574317932,
        0.5887224674224854,
        0.4680790305137634,
        0.5217397212982178,
        0.5893296599388123,
        0.47311121225357056,
        0.4539240598678589,
        0.5854336023330688,
        0.5186764597892761,
        0.4488573670387268,
        0.4705484211444855,
        0.33212459087371826,
        0.3666118085384369,
        0.3606715798377991,
        0.4443131983280182,
        0.3591967821121216,
        0.3155536353588104,
        0.3048872649669647,
        0.2808747887611389,
        0.35513389110565186,
        0.3450409471988678,
        0.3119732737541199,
        0.2871941030025482,
        0.2867468595504761,
        0.29634949564933777,
        0.300005167722702,
        0.2793172299861908,
        0.21390888094902039,
        0.2481527030467987,
        0.34712883830070496,
        0.25621968507766724,
        0.1904180645942688,
        0.15888053178787231,
        0.1534222960472107,
        0.15526482462882996,
        0.1747491955757141,
        0.24177490174770355,
        0.18436115980148315,
        0.30538323521614075,
        0.20360425114631653,
        0.2842707633972168,
        0.20370793342590332,
        0.1745883673429489,
        0.16126562654972076,
        0.22684195637702942,
        0.15895187854766846,
        0.2688499987125397,
        0.10690786689519882,
        0.15196353197097778,
        0.21744997799396515,
        0.19048050045967102,
        0.2723095417022705,
        0.24675706028938293,
        0.15545405447483063,
        0.2187981903553009,
        0.164398655295372,
        0.16620361804962158,
        0.13090850412845612,
        0.19056513905525208,
        0.1962568461894989,
        0.09951061755418777,
        0.0912836417555809,
        0.11433795094490051,
        0.1464175432920456,
        0.14026710391044617,
        0.13799484074115753
    ],
    "val_loss": [
        0.7527559995651245,
        0.6932300329208374,
        0.6484112739562988,
        0.6160599589347839,
        0.5907639265060425,
        0.5626434683799744,
        0.6059958338737488,
        0.5789109468460083,
        0.5782565474510193,
        0.5598000288009644,
        0.5689160227775574,
        0.5839229822158813,
        0.5635961890220642,
        0.5647210478782654,
        0.5480300188064575,
        0.523639440536499,
        0.5153157114982605,
        0.49912506341934204,
        0.4833010137081146,
        0.4756358861923218,
        0.4864053726196289,
        0.48208215832710266,
        0.47042879462242126,
        0.43951618671417236,
        0.43028247356414795,
        0.4271795451641083,
        0.42391350865364075,
        0.4082600772380829,
        0.3923359811306,
        0.3842964768409729,
        0.3865944445133209,
        0.3840307593345642,
        0.3838932514190674,
        0.3739098608493805,
        0.37691259384155273,
        0.3737272024154663,
        0.3699723482131958,
        0.3728488087654114,
        0.36636635661125183,
        0.35530906915664673,
        0.3493385910987854,
        0.36153388023376465,
        0.3519904613494873,
        0.36045828461647034,
        0.3541656732559204,
        0.3526977002620697,
        0.3460003137588501,
        0.33642899990081787,
        0.33340272307395935,
        0.34810876846313477,
        0.3431049585342407,
        0.3578709661960602,
        0.3722468912601471,
        0.38963961601257324,
        0.39382365345954895,
        0.4052967429161072,
        0.4222034513950348,
        0.4330529272556305,
        0.4309283494949341,
        0.44416454434394836,
        0.4630586802959442,
        0.48205482959747314,
        0.4781244099140167,
        0.47382599115371704,
        0.4700123369693756,
        0.4480670392513275,
        0.42837634682655334,
        0.4448149502277374,
        0.4245513081550598,
        0.42266714572906494,
        0.43573352694511414,
        0.45627450942993164,
        0.4403657615184784,
        0.4431132674217224,
        0.42086708545684814,
        0.416599303483963,
        0.41513538360595703,
        0.4061771631240845,
        0.3977622389793396
    ],
    "train_accuracy": [
        0.5,
        0.5833333134651184,
        0.6388888955116272,
        0.6388888955116272,
        0.5833333134651184,
        0.6111111044883728,
        0.6666666865348816,
        0.6388888955116272,
        0.5277777910232544,
        0.6111111044883728,
        0.6111111044883728,
        0.6111111044883728,
        0.7777777910232544,
        0.6388888955116272,
        0.8055555820465088,
        0.75,
        0.7222222089767456,
        0.7222222089767456,
        0.7777777910232544,
        0.75,
        0.8611111044883728,
        0.8888888955116272,
        0.7222222089767456,
        0.8888888955116272,
        0.8055555820465088,
        0.8888888955116272,
        0.7777777910232544,
        0.8333333134651184,
        0.9444444179534912,
        0.8888888955116272,
        0.9166666865348816,
        0.8611111044883728,
        0.9166666865348816,
        0.8611111044883728,
        0.8888888955116272,
        0.9166666865348816,
        0.9166666865348816,
        0.9444444179534912,
        0.9444444179534912,
        0.9722222089767456,
        0.9166666865348816,
        0.9166666865348816,
        0.9444444179534912,
        0.9722222089767456,
        1.0,
        0.9722222089767456,
        0.9722222089767456,
        0.9444444179534912,
        0.8888888955116272,
        0.9444444179534912,
        0.8611111044883728,
        0.9444444179534912,
        0.8611111044883728,
        0.9166666865348816,
        0.9166666865348816,
        0.9722222089767456,
        0.8611111044883728,
        0.9444444179534912,
        0.9166666865348816,
        1.0,
        0.9444444179534912,
        0.9166666865348816,
        0.9444444179534912,
        0.9444444179534912,
        0.8888888955116272,
        0.9722222089767456,
        0.9166666865348816,
        0.9444444179534912,
        0.9444444179534912,
        0.9722222089767456,
        0.9722222089767456,
        0.9444444179534912,
        0.9722222089767456,
        1.0,
        0.9722222089767456,
        0.9722222089767456,
        0.9444444179534912,
        0.9444444179534912
    ],