{
    "hyperparameters": {
        "activation": "elu",
        "dropout_rate": 0.1448148202729,
        "kernel_size": 5,
        "learning_rate": 0.0037892970949,
        "num_filters": 95,
        "num_layers": 3,
        "pooling": "max",
        "pooling_size": 2
    },
    "dataset_stats": {
        "name": "CBF",
        "train_size": 48,
        "val_size": 12,
        "input_shape": [
            1,
            128
        ],
        "num_classes": 3
    },
    "epochs": 49,
    "train_loss": [
        1.2133487462997437,
        0.8718358874320984,
        0.630510151386261,
        0.4806791841983795,
        0.44896695017814636,
        0.4354178011417389,
        0.3422876298427582,
        0.28922781348228455,
        0.3261469304561615,
        0.21501736342906952,
        0.24573732912540436,
        0.18950188159942627,
        0.16038595139980316,
        0.12694375216960907,
        0.17455293238162994,
        0.1112690195441246,
        0.16277875006198883,
        0.05024275183677673,
        0.09099415689706802,
        0.13825029134750366,
        0.056378673762083054,
        0.09189601987600327,
        0.17718397080898285,
        0.06479295343160629,
        0.038424473255872726,
        0.12514851987361908,
        0.052490342408418655,
        0.036694034934043884,
        0.024244366213679314,
        0.05381321907043457,
        0.0342724435031414,
        0.03143927827477455,
        0.11804338544607162,
        0.040011484175920486,
        0.035481151193380356,
        0.028772717341780663,
        0.020695863291621208,
        0.0508221834897995,
        0.016581712290644646,
        0.023286985233426094,
        0.01549608539789915,
        0.03143594041466713,
        0.019790150225162506,
        0.05342714861035347,
        0.0354878306388855,
        0.02174031175673008,
        0.110200434923172,
        0.062142614275217056,
        0.015050765126943588
    ],
    "val_loss": [
        1.1140609979629517,
        1.0649019479751587,
        1.0234640836715698,
        0.9685009121894836,
        0.9578729271888733,
        0.9360589981079102,
        0.8801746368408203,
        0.7652429938316345,
        0.7006914019584656,
        0.6732842922210693,
        0.6051958203315735,
        0.6582023501396179,
        0.8619458675384521,
        0.9479141235351562,
        0.9057531952857971,
        0.8676475882530212,
        0.8530691266059875,
        0.677927553653717,
        0.5856229662895203,
        0.5582997798919678,
        0.8918542265892029,
        1.3545184135437012,
        1.4236541986465454,
        1.366505742073059,
        1.185728907585144,
        1.1366653442382812,
        1.0080171823501587,
        0.9835177063941956,
        1.0534167289733887,
        1.1796098947525024,
        1.232710838317871,
        1.1970558166503906,
        1.1944035291671753,
        1.1928915977478027,
        1.3267970085144043,
        1.5388208627700806,
        1.6138375997543335,
        1.84732186794281,
        1.680099368095398,
        1.3370671272277832,
        1.164614200592041,
        1.0871096849441528,
        1.112902045249939,
        1.1649283170700073,
        1.361072063446045,
        1.5173267126083374,
        1.574205994606018,
        1.532267451286316,
        1.3386775255203247,
        1.0997929573059082
    ],
    "train_accuracy": [
        0.3125,
        0.7083333134651184,
        0.875,
        0.7916666865348816,
        0.8333333134651184,
        0.7916666865348816,
        0.8958333134651184,
        0.9166666865348816,
        0.875,
        0.9375,
        0.9375,
        0.9583333134651184,
        0.9375,
        0.9791666865348816,
        0.9583333134651184,
        0.9583333134651184,
        0.9166666865348816,
        1.0,
        0.9791666865348816,
        0.9583333134651184,
        1.0,
        0.9791666865348816,
        0.9791666865348816,
        0.9791666865348816,
        0.9791666865348816,
        0.9375,
        0.9791666865348816,
        1.0,
        1.0,
        0.9791666865348816,
        1.0,
        1.0,
        0.9583333134651184,
        0.9791666865348816,
        0.9791666865348816,
        1.0,
        1.0,
        0.9791666865348816,
        1.0,
        1.0,
        1.0,
        0.9791666865348816,
        1.0,
        0.9791666865348816,
        1.0,
        1.0,
        0.9791666865348816,
        0.9791666865348816,
        1.0
    ],
    "val_accuracy": [
        0.25,
        0.4166666567325592,
        0.5,
        0.5833333730697632,
        0.5833333730697632,
        0.5,
        0.5,
        0.5833333730697632,
        0.5833333730697632,
        0.6666666865348816,
        0.75,
        0.75,
        0.5833333730697632,
        0.4166666567325592,
        0.8333333134651184,
        0.8333333134651184,
        0.8333333134651184,
        0.8333333134651184,
        0.8333333134651184,
        0.8333333134651184,
        0.6666666865348816,
        0.5,
        0.5833333730697632,
        0.75,
        0.75,
        0.75,
        0.75,
        0.75,
        0.6666666865348816,
        0.6666666865348816,
        0.6666666865348816,
        0.6666666865348816,
        0.6666666865348816,
        0.75,
        0.75,
        0.6666666865348816,
        0.6666666865348816,
        0.5833333730697632,
        0.5833333730697632,
        0.6666666865348816,
        0.75,
        0.75,
        0.75,
        0.8333333134651184,
        0.8333333134651184,
        0.8333333134651184,
        0.8333333134651184,
        0.6666666865348816,
        0.6666666865348816,
        0.75
    ],
    "epoch_times": [
        0.11246347427368164,
        0.019109010696411133,
        0.016045570373535156,
        0.017063617706298828,
        0.01602005958557129,
        0.017197132110595703,
        0.016357421875,
        0.016768693923950195,
        0.019500017166137695,
        0.017951488494873047,
        0.01659560203552246,
        0.017128705978393555,
        0.01657247543334961,
        0.016944408416748047,
        0.017008066177368164,
        0.018238544464111328,
        0.01731705665588379,
        0.017310142517089844,
        0.017356395721435547,
        0.016423940658569336,
        0.0165407657623291,
        0.0173037052154541,
        0.018058061599731445,
        0.016777515411376953,
        0.016343355178833008,
        0.016581058502197266,
        0.016330957412719727,
        0.016297578811645508,
        0.016480207443237305,
        0.020142793655395508,
        0.017610549926757812,
        0.01596999168395996,
        0.016118526458740234,
        0.017038583755493164,
        0.016357898712158203,
        0.016249418258666992,
        0.016657590866088867,
        0.016557693481445312,
        0.016297578811645508,
        0.015737056732177734,
        0.0157315731048584,
        0.016191959381103516,
        0.017363786697387695,
        0.016429424285888672,
        0.01645350456237793,
        0.016152143478393555,
        0.01655888557434082,
        0.016862154006958008,
        0.01618337631225586
    ]
}