{
    "hyperparameters": {
        "activation": "tanh",
        "dropout_rate": 0.5237239948485,
        "hidden_units": 71,
        "learning_rate": 0.000267564015,
        "num_layers": 4,
        "weight_decay": 0.0053711639324
    },
    "dataset_stats": {
        "name": "CinCECGTorso",
        "train_size": 52,
        "val_size": 13,
        "input_shape": [
            1639,
            1
        ],
        "num_classes": 4
    },
    "epochs": 31,
    "train_loss": [
        1.7299164533615112,
        1.770137906074524,
        1.619262456893921,
        1.4984748363494873,
        1.4662443399429321,
        1.6445972919464111,
        1.5282909870147705,
        1.414297342300415,
        1.541725754737854,
        1.5490797758102417,
        1.3335627317428589,
        1.6822724342346191,
        1.531248927116394,
        1.606567621231079,
        1.4116421937942505,
        1.448049545288086,
        1.1777880191802979,
        1.4414496421813965,
        1.5136476755142212,
        1.2603800296783447,
        1.3947237730026245,
        1.3201566934585571,
        1.320536732673645,
        1.2605189085006714,
        1.4206087589263916,
        1.2966387271881104,
        1.2887033224105835,
        1.4312809705734253,
        1.2445790767669678,
        1.3220387697219849,
        1.3339146375656128
    ],
    "val_loss": [
        1.3837268352508545,
        1.4041306972503662,
        1.427621841430664,
        1.4466882944107056,
        1.4670567512512207,
        1.4897106885910034,
        1.5044193267822266,
        1.5206162929534912,
        1.5298957824707031,
        1.5430032014846802,
        1.5596016645431519,
        1.5719133615493774,
        1.5767039060592651,
        1.57588529586792,
        1.5806241035461426,
        1.5796444416046143,
        1.5825953483581543,
        1.5985376834869385,
        1.5908583402633667,
        1.5860615968704224,
        1.5903568267822266,
        1.5875403881072998,
        1.5992450714111328,
        1.5941007137298584,
        1.5813419818878174,
        1.577817440032959,
        1.5644296407699585,
        1.56414794921875,
        1.5525418519973755,
        1.5483049154281616,
        1.5443907976150513,
        1.5401575565338135
    ],
    "train_accuracy": [
        0.3076923191547394,
        0.23076923191547394,
        0.17307692766189575,
        0.3461538553237915,
        0.32692307233810425,
        0.21153846383094788,
        0.25,
        0.36538460850715637,
        0.32692307233810425,
        0.36538460850715637,
        0.38461539149284363,
        0.1538461595773697,
        0.3076923191547394,
        0.2884615361690521,
        0.36538460850715637,
        0.36538460850715637,
        0.4615384638309479,
        0.4038461446762085,
        0.36538460850715637,
        0.4423076808452606,
        0.36538460850715637,
        0.38461539149284363,
        0.32692307233810425,
        0.4615384638309479,
        0.3076923191547394,
        0.4038461446762085,
        0.3461538553237915,
        0.36538460850715637,
        0.5192307829856873,
        0.4423076808452606,
        0.3461538553237915
    ],
    "val_accuracy": [
        0.38461539149284363,
        0.07692307978868484,
        0.07692307978868484,
        0.07692307978868484,
        0.07692307978868484,
        0.07692307978868484,
        0.1538461595773697,
        0.1538461595773697,
        0.1538461595773697,
        0.1538461595773697,
        0.23076923191547394,
        0.23076923191547394,
        0.23076923191547394,
        0.23076923191547394,
        0.23076923191547394,
        0.23076923191547394,
        0.23076923191547394,
        0.23076923191547394,
        0.23076923191547394,
        0.23076923191547394,
        0.23076923191547394,
        0.23076923191547394,
        0.23076923191547394,
        0.23076923191547394,
        0.23076923191547394,
        0.23076923191547394,
        0.23076923191547394,
        0.23076923191547394,
        0.23076923191547394,
        0.23076923191547394,
        0.23076923191547394,
        0.23076923191547394
    ],
    "epoch_times": [
        0.00899195671081543,
        0.00884103775024414,
        0.00792384147644043,
        0.00780177116394043,
        0.007530927658081055,
        0.007161855697631836,
        0.008210897445678711,
        0.008228778839111328,
        0.007627964019775391,
        0.007942914962768555,
        0.00757288932800293,
        0.0075206756591796875,
        0.007311105728149414,
        0.007257699966430664,
        0.00756525993347168,
        0.007782936096191406,
        0.008181095123291016,
        0.007849931716918945,
        0.0073947906494140625,
        0.007122039794921875,
        0.00728297233581543,
        0.008313179016113281,
        0.008138895034790039,
        0.008005857467651367,
        0.008059263229370117,
        0.007736921310424805,
        0.007318019866943359,
        0.00709080696105957,
        0.008391141891479492,
        0.00822305679321289,
        0.007824897766113281
    ]
}