{
    "hyperparameters": {
        "activation": "sigmoid",
        "dropout_rate": 0.152513089594,
        "kernel_size": 5,
        "learning_rate": 0.0014786844415,
        "num_filters": 71,
        "num_layers": 5,
        "pooling": "average",
        "pooling_size": 1
    },
    "dataset_stats": {
        "name": "CinCECGTorso",
        "train_size": 64,
        "val_size": 16,
        "input_shape": [
            1,
            1639
        ],
        "num_classes": 4
    },
    "epochs": 31,
    "train_loss": [
        1.5018374919891357,
        1.2146251201629639,
        1.103218674659729,
        1.1500533819198608,
        0.9522674083709717,
        0.7909890413284302,
        0.8656954765319824,
        0.7257684469223022,
        0.6231241226196289,
        0.585809588432312,
        0.7087097764015198,
        0.5597110986709595,
        0.5553922057151794,
        0.5069987177848816,
        0.5360812544822693,
        0.5326215028762817,
        0.4057697653770447,
        0.39415842294692993,
        0.3463978171348572,
        0.3467605710029602,
        0.32475191354751587,
        0.38401588797569275,
        0.33315420150756836,
        0.30563509464263916,
        0.264029324054718,
        0.2230742871761322,
        0.26657772064208984,
        0.28463220596313477,
        0.1670064479112625,
        0.27120205760002136,
        0.2294682413339615
    ],
    "val_loss": [
        1.3362456560134888,
        1.3370475769042969,
        1.3387724161148071,
        1.3404461145401,
        1.342692255973816,
        1.3453936576843262,
        1.3476855754852295,
        1.3496592044830322,
        1.3513234853744507,
        1.3529094457626343,
        1.3541646003723145,
        1.3550390005111694,
        1.3549206256866455,
        1.3546679019927979,
        1.3556157350540161,
        1.3593443632125854,
        1.3623803853988647,
        1.3693565130233765,
        1.3802846670150757,
        1.4055358171463013,
        1.4663820266723633,
        1.5823510885238647,
        1.7381795644760132,
        1.9031504392623901,
        2.0620903968811035,
        2.1657490730285645,
        2.266719341278076,
        2.4428367614746094,
        2.638970375061035,
        2.8587982654571533,
        3.0979394912719727,
        3.3264811038970947
    ],
    "train_accuracy": [
        0.3125,
        0.40625,
        0.515625,
        0.515625,
        0.625,
        0.71875,
        0.625,
        0.71875,
        0.796875,
        0.765625,
        0.765625,
        0.78125,
        0.765625,
        0.84375,
        0.78125,
        0.8125,
        0.859375,
        0.796875,
        0.875,
        0.90625,
        0.921875,
        0.890625,
        0.890625,
        0.90625,
        0.90625,
        0.90625,
        0.90625,
        0.890625,
        0.96875,
        0.90625,
        0.921875
    ],
    "val_accuracy": [
        0.4375,
        0.4375,
        0.4375,
        0.4375,
        0.4375,
        0.4375,
        0.4375,
        0.4375,
        0.4375,
        0.4375,
        0.4375,
        0.5,
        0.5,
        0.375,
        0.4375,
        0.4375,
        0.4375,
        0.5,
        0.5,
        0.5,
        0.5,
        0.4375,
        0.4375,
        0.5,
        0.4375,
        0.4375,
        0.4375,
        0.375,
        0.375,
        0.4375,
        0.4375,
        0.4375
    ],
    "epoch_times": [
        0.08399248123168945,
        0.029359102249145508,
        0.021498441696166992,
        0.029157400131225586,
        0.022082805633544922,
        0.02113938331604004,
        0.02342820167541504,
        0.021706819534301758,
        0.020667076110839844,
        0.020891666412353516,
        0.02065134048461914,
        0.02083277702331543,
        0.02798318862915039,
        0.026456356048583984,
        0.01998758316040039,
        0.01965475082397461,
        0.020960330963134766,
        0.020780324935913086,
        0.021334409713745117,
        0.021021127700805664,
        0.019260644912719727,
        0.019927501678466797,
        0.020555734634399414,
        0.02127695083618164,
        0.020986080169677734,
        0.02199411392211914,
        0.021403074264526367,
        0.020614147186279297,
        0.02261519432067871,
        0.020930767059326172,
        0.022623300552368164
    ]
}