{
    "hyperparameters": {
        "activation": "tanh",
        "dropout_rate": 0.1613200037685,
        "hidden_units": 24,
        "learning_rate": 0.0003972102895,
        "num_layers": 2,
        "weight_decay": 0.001225202223
    },
    "dataset_stats": {
        "name": "BirdChicken",
        "train_size": 36,
        "val_size": 9,
        "input_shape": [
            512,
            1
        ],
        "num_classes": 2
    },
    "epochs": 62,
    "train_loss": [
        0.7035272717475891,
        0.6919038891792297,
        0.6449130177497864,
        0.6159743666648865,
        0.6299667954444885,
        0.5518786907196045,
        0.5909727811813354,
        0.5419334769248962,
        0.5980298519134521,
        0.5670373439788818,
        0.5893080234527588,
        0.5974009037017822,
        0.5431180000305176,
        0.5223466157913208,
        0.5190878510475159,
        0.5411622524261475,
        0.49980565905570984,
        0.5181221961975098,
        0.5123482942581177,
        0.5527297258377075,
        0.5181972980499268,
        0.509368360042572,
        0.46778392791748047,
        0.5636041164398193,
        0.5381961464881897,
        0.4617888033390045,
        0.5010401010513306,
        0.4681125283241272,
        0.463884562253952,
        0.531987190246582,
        0.5716032981872559,
        0.46104833483695984,
        0.4305967092514038,
        0.507666826248169,
        0.5035118460655212,
        0.4631262421607971,
        0.49245941638946533,
        0.4126195013523102,
        0.4844341278076172,
        0.4260173439979553,
        0.45885956287384033,
        0.4639092981815338,
        0.4459587633609772,
        0.4225267171859741,
        0.404577374458313,
        0.4265140891075134,
        0.4276009798049927,
        0.4903191328048706,
        0.3996272087097168,
        0.41601064801216125,
        0.4551437199115753,
        0.41578805446624756,
        0.3614622950553894,
        0.38785532116889954,
        0.3731549084186554,
        0.4181855618953705,
        0.3970107138156891,
        0.3903685212135315,
        0.4171700179576874,
        0.37320205569267273,
        0.37210631370544434,
        0.3936839699745178
    ],
    "val_loss": [
        0.7515785694122314,
        0.7480709552764893,
        0.7392794489860535,
        0.7324446439743042,
        0.72384113073349,
        0.7248173356056213,
        0.7042132019996643,
        0.6779812574386597,
        0.6635894179344177,
        0.6464752554893494,
        0.629648745059967,
        0.5963502526283264,
        0.5727991461753845,
        0.5834934711456299,
        0.5667499899864197,
        0.5650646686553955,
        0.546403706073761,
        0.5401403903961182,
        0.5145672559738159,
        0.5326904654502869,
        0.5403127670288086,
        0.5328537821769714,
        0.5255083441734314,
        0.5334582924842834,
        0.5375810265541077,
        0.5524609088897705,
        0.5770257115364075,
        0.5813264846801758,
        0.5466364622116089,
        0.5189630389213562,
        0.4771055579185486,
        0.43258506059646606,
        0.41067224740982056,
        0.42580002546310425,
        0.4420575201511383,
        0.46852725744247437,
        0.4561145603656769,
        0.4760481119155884,
        0.4698706269264221,
        0.5076534748077393,
        0.5314303636550903,
        0.5127913951873779,
        0.5532630085945129,
        0.5885185599327087,
        0.6091484427452087,
        0.6165635585784912,
        0.6267103552818298,
        0.5973875522613525,
        0.5310611128807068,
        0.5113028287887573,
        0.5091578364372253,
        0.46752092242240906,
        0.4625633955001831,
        0.4508117437362671,
        0.4546476900577545,
        0.48280656337738037,
        0.45068156719207764,
        0.48413118720054626,
        0.49425792694091797,
        0.4904724657535553,
        0.5257394313812256,
        0.511871337890625,
        0.5154524445533752
    ],
    "train_accuracy": [
        0.5277777910232544,
        0.5555555820465088,
        0.6111111044883728,
        0.6666666865348816,
        0.5833333134651184,
        0.7222222089767456,
        0.6388888955116272,
        0.7222222089767456,
        0.6666666865348816,
        0.7222222089767456,
        0.6388888955116272,
        0.6388888955116272,
        0.6111111044883728,
        0.7777777910232544,
        0.75,
        0.7222222089767456,
        0.75,
        0.75,
        0.75,
        0.7222222089767456,
        0.7222222089767456,
        0.6666666865348816,
        0.7777777910232544,
        0.75,
        0.7222222089767456,
        0.7777777910232544,
        0.7777777910232544,
        0.7777777910232544,
        0.8055555820465088,
        0.6944444179534912,
        0.6666666865348816,
        0.8333333134651184,
        0.7777777910232544,
        0.75,
        0.7222222089767456,
        0.8333333134651184,
        0.75,
        0.8055555820465088,
        0.7777777910232544,
        0.8888888955116272,
        0.8888888955116272,
        0.7777777910232544,
        0.8333333134651184,
        0.8611111044883728,
        0.8333333134651184,
        0.8333333134651184,
        0.8333333134651184,
        0.6944444179534912,
        0.8333333134651184,
        0.8333333134651184,
        0.8888888955116272,
        0.8055555820465088,
        0.8611111044883728,
        0.9166666865348816,
        0.8888888955116272,
        0.8611111044883728,
        0.8888888955116272,
        0.8333333134651184,
        0.8611111044883728,
        0.8611111044883728,
        0.9444444179534912,
        0.8333333134651184
    ],
    "val_accuracy": [
        0.1111111119389534,
        0.1111111119389534,
        0.1111111119389534,
        0.1111111119389534,
        0.1111111119389534,
        0.1111111119389534,
        0.4444444477558136,
        0.5555555820465088,
        0.5555555820465088,
        0.6666666865348816,
        0.6666666865348816,
        0.6666666865348816,
        0.7777777910232544,
        0.6666666865348816,
        0.6666666865348816,
        0.6666666865348816,
        0.6666666865348816,
        0.6666666865348816,
        0.6666666865348816,
        0.6666666865348816,
        0.6666666865348816,
        0.6666666865348816,
        0.6666666865348816,
        0.6666666865348816,
        0.6666666865348816,
        0.6666666865348816,
        0.6666666865348816,
        0.5555555820465088,
        0.6666666865348816,
        0.6666666865348816,
        0.7777777910232544,
        0.7777777910232544,
        0.8888888955116272,
        0.8888888955116272,
        0.8888888955116272,
        0.7777777910232544,
        0.8888888955116272,
        0.7777777910232544,
        0.7777777910232544,
        0.7777777910232544,
        0.6666666865348816,
        0.7777777910232544,
        0.7777777910232544,
        0.6666666865348816,
        0.7777777910232544,
        0.6666666865348816,
        0.6666666865348816,
        0.7777777910232544,
        0.7777777910232544,
        0.7777777910232544,
        0.7777777910232544,
        0.7777777910232544,
        0.7777777910232544,
        0.7777777910232544,
        0.7777777910232544,
        0.7777777910232544,
        0.7777777910232544,
        0.7777777910232544,
        0.6666666865348816,
        0.7777777910232544,
        0.6666666865348816,
        0.7777777910232544,
        0.7777777910232544
    ],