{
    "hyperparameters": {
        "activation": "tanh",
        "dropout_rate": 0.1613200037685,
        "hidden_units": 24,
        "learning_rate": 0.0003972102895,
        "num_layers": 2,
        "weight_decay": 0.001225202223
    },
    "dataset_stats": {
        "name": "BirdChicken",
        "train_size": 36,
        "val_size": 9,
        "input_shape": [
            512,
            1
        ],
        "num_classes": 2
    },
    "epochs": 127,
    "train_loss": [
        0.7412545680999756,
        0.7427818775177002,
        0.5911391973495483,
        0.6364033222198486,
        0.5930585265159607,
        0.6140499711036682,
        0.5449216365814209,
        0.6072632670402527,
        0.511512041091919,
        0.5199517607688904,
        0.4869849979877472,
        0.5646284222602844,
        0.5060274600982666,
        0.46101003885269165,
        0.4863705635070801,
        0.42842328548431396,
        0.4779144525527954,
        0.4716695249080658,
        0.48577752709388733,
        0.5054855942726135,
        0.5797831416130066,
        0.506099283695221,
        0.44625887274742126,
        0.42304742336273193,
        0.44779083132743835,
        0.4827231764793396,
        0.391369491815567,
        0.43785980343818665,
        0.4272555112838745,
        0.4345425069332123,
        0.446158766746521,
        0.4709552228450775,
        0.4428902864456177,
        0.4648478329181671,
        0.3818056583404541,
        0.43380510807037354,
        0.44706714153289795,
        0.41345763206481934,
        0.414931058883667,
        0.42392364144325256,
        0.4340372085571289,
        0.42463818192481995,
        0.4549309015274048,
        0.4814954996109009,
        0.4150106608867645,
        0.39761412143707275,
        0.4300793707370758,
        0.4505227506160736,
        0.4148024618625641,
        0.41451266407966614,
        0.41663312911987305,
        0.3844801187515259,
        0.40703269839286804,
        0.396710604429245,
        0.3961818516254425,
        0.45421573519706726,
        0.3972126543521881,
        0.5121285915374756,
        0.3936344385147095,
        0.4326035678386688,
        0.42415153980255127,
        0.3765103816986084,
        0.4006199240684509,
        0.4014550447463989,
        0.36444786190986633,
        0.3919714689254761,
        0.4159637987613678,
        0.41412657499313354,
        0.3853241801261902,
        0.4415134787559509,
        0.455678254365921,
        0.3489125370979309,
        0.34426063299179077,
        0.39927664399147034,
        0.3716192841529846,
        0.3968513309955597,
        0.4021841883659363,
        0.3663444519042969,
        0.35631263256073,
        0.3483394980430603,
        0.3257380425930023,
        0.40423834323883057,
        0.3579789400100708,
        0.3504456877708435,
        0.33448994159698486,
        0.42561835050582886,
        0.32414188981056213,
        0.3327823877334595,
        0.3846951723098755,
        0.35455647110939026,
        0.34735649824142456,
        0.3227062225341797,
        0.36447474360466003,
        0.3832089602947235,
        0.34508398175239563,
        0.30169087648391724,
        0.48656967282295227,
        0.3870842754840851,
        0.31459367275238037,
        0.38997289538383484,
        0.30439895391464233,
        0.3556390106678009,
        0.34810271859169006,
        0.2946798503398895,
        0.3958936929702759,
        0.2937571108341217,
        0.31161484122276306,
        0.2925502061843872,
        0.3783431053161621,
        0.2892077565193176,
        0.31633931398391724,
        0.2969793677330017,
        0.30894437432289124,
        0.35067445039749146,
        0.2830308675765991,
        0.3226507902145386,
        0.2798924744129181,
        0.30926042795181274,
        0.3387887179851532,
        0.27609625458717346,
        0.26883992552757263,
        0.27545687556266785,
        0.3480798006057739,
        0.29488012194633484,
        0.27725955843925476,
        0.2743988633155823,
        0.2634190320968628
    ],
    "val_loss": [
        0.6660823225975037,
        0.6573168635368347,
        0.6523463129997253,
        0.6469936370849609,
        0.6375597715377808,
        0.6230964660644531,
        0.6140170693397522,
        0.6074248552322388,
        0.5947748422622681,
        0.5891659259796143,
        0.5801501274108887,
        0.5765191316604614,
        0.5810805559158325,
        0.582356870174408,
        0.5754549503326416,
        0.5890583395957947,
        0.5755829215049744,
        0.5708842873573303,
        0.5712864995002747,
        0.5591833591461182,
        0.5614073872566223,
        0.5399927496910095,
        0.5494148135185242,
        0.5507460832595825,
        0.5316923260688782,
        0.5276533365249634,
        0.5318783521652222,
        0.5474629998207092,
        0.53836989402771,
        0.5405257940292358,
        0.5517635941505432,
        0.5436063408851624,
        0.5471898317337036,
        0.5562951564788818,
        0.5558412075042725,
        0.5390522480010986,
        0.5439107418060303,
        0.5532729625701904,
        0.5494227409362793,
        0.5335248112678528,
        0.5225397944450378,
        0.5342466831207275,
        0.5520937442779541,
        0.5897411108016968,
        0.5806690454483032,
        0.5891214609146118,
        0.5838146209716797,
        0.5992036461830139,
        0.6021597981452942,
        0.5977143049240112,
        0.609916090965271,
        0.5731146335601807,
        0.5736064910888672,
        0.5944324135780334,
        0.5711929202079773,
        0.5458180904388428,
        0.5458917617797852,
        0.5061142444610596,
        0.47000953555107117,
        0.47463956475257874,
        0.47443437576293945,
        0.48035451769828796,
        0.46119531989097595,
        0.4650726318359375,
        0.4772666394710541,
        0.4446077346801758,
        0.44483035802841187,
        0.4264926016330719,
        0.4378662705421448,
        0.4486466944217682,
        0.4694999158382416,
        0.48466381430625916,
        0.4782775640487671,
        0.4994754195213318,
        0.5226985216140747,
        0.5501884818077087,
        0.5670565366744995,
        0.5166937112808228,
        0.52592533826828,
        0.5598057508468628,
        0.5876002311706543,
        0.5720258355140686,
        0.5742402672767639,
        0.5924959182739258,
        0.5681410431861877,
        0.5305034518241882,
        0.5112555623054504,
        0.48367154598236084,
        0.4805861711502075,
        0.49097907543182373,
        0.47815731167793274,
        0.4822371304035187,
        0.4576958417892456,
        0.4311414957046509,
        0.44571495056152344,
        0.4361076354980469,
        0.4541766941547394,
        0.4237232208251953,
        0.458724707365036,
        0.47325488924980164,
        0.4757348299026489,
        0.4964168965816498,
        0.503098726272583,
        0.5190402865409851,
        0.5320718884468079,
        0.5289632678031921,
        0.5313647389411926,
        0.5175988674163818,
        0.549962043762207,
        0.5543899536132812,
        0.5653850436210632,
        0.5428053140640259,
        0.5624219179153442,
        0.539176881313324,
        0.5461825132369995,
        0.5557766556739807,
        0.563579261302948,
        0.5113424062728882,
        0.5151529312133789,
        0.5400450229644775,
        0.5808765888214111,
        0.611169695854187,
        0.5730979442596436,
        0.5927261710166931,
        0.5977944135665894,
        0.5751124024391174,
        0.5596120357513428,
        0.5384057760238647
    ],