{
    "hyperparameters": {
        "activation": "relu",
        "dropout_rate": 0.0724125444941,
        "ff_dim": 578,
        "hidden_units": 411,
        "learning_rate": 2.12537197e-05,
        "num_heads": 5,
        "num_layers": 1,
        "pooling": "mean",
        "weight_decay": 2.77630633e-05
    },
    "dataset_stats": {
        "name": "ChlorineConcentration",
        "train_size": 374,
        "val_size": 93,
        "input_shape": [
            166,
            1
        ],
        "num_classes": 3
    },
    "epochs": 34,
    "train_loss": [
        0.9667999148368835,
        0.96051025390625,
        0.9408887624740601,
        1.184429407119751,
        1.0775705575942993,
        1.101690411567688,
        0.8672784566879272,
        1.148302435874939,
        1.0598043203353882,
        1.140282154083252,
        1.0262974500656128,
        1.0102490186691284,
        1.00321364402771,
        1.113038420677185,
        1.1385250091552734,
        1.1219111680984497,
        1.1432863473892212,
        1.0121517181396484,
        1.025656819343567,
        1.0078816413879395,
        1.0618901252746582,
        1.1457622051239014,
        1.119238018989563,
        1.10084068775177,
        0.8500690460205078,
        1.0814553499221802,
        1.0683859586715698,
        0.9738857746124268,
        1.0477787256240845,
        1.0548869371414185,
        0.8953031897544861,
        1.0234805345535278,
        1.0125846862792969,
        1.0205944776535034
    ],
    "val_loss": [
        1.3108246326446533,
        1.000633955001831,
        0.963640034198761,
        0.9729819297790527,
        0.9357147216796875,
        0.9726333022117615,
        0.9474912285804749,
        0.9522382020950317,
        0.9600203037261963,
        0.9575313329696655,
        0.951320469379425,
        0.9423518180847168,
        0.9493482112884521,
        0.9486162662506104,
        0.9447422623634338,
        0.9450079202651978,
        0.9411253333091736,
        0.9442188143730164,
        0.9476935267448425,
        0.9566859602928162,
        0.9496927857398987,
        0.9496446251869202,
        0.9561505317687988,
        0.945522129535675,
        0.9532651305198669,
        0.9551203846931458,
        0.9473502039909363,
        0.9443318247795105,
        0.9514968395233154,
        0.9531099200248718,
        0.9526416659355164,
        0.9508524537086487,
        0.9483239650726318,
        0.9489643573760986,
        0.9491878747940063
    ],
    "train_accuracy": [
        0.5454545617103577,
        0.5909091234207153,
        0.6818181872367859,
        0.4545454680919647,
        0.4545454680919647,
        0.5454545617103577,
        0.7272727489471436,
        0.3636363744735718,
        0.5909091234207153,
        0.40909093618392944,
        0.5454545617103577,
        0.4545454680919647,
        0.5454545617103577,
        0.4545454680919647,
        0.40909093618392944,
        0.40909093618392944,
        0.5,
        0.5,
        0.5,
        0.5454545617103577,
        0.4545454680919647,
        0.4545454680919647,
        0.5454545617103577,
        0.4545454680919647,
        0.5909091234207153,
        0.4545454680919647,
        0.4545454680919647,
        0.6363636255264282,
        0.5454545617103577,
        0.5,
        0.6818181872367859,
        0.40909093618392944,
        0.5909091234207153,
        0.5454545617103577
    ],
    "val_accuracy": [
        0.265625,
        0.5376344323158264,
        0.602150559425354,
        0.602150559425354,
        0.602150559425354,
        0.602150559425354,
        0.602150559425354,
        0.602150559425354,
        0.602150559425354,
        0.602150559425354,
        0.602150559425354,
        0.602150559425354,
        0.602150559425354,
        0.602150559425354,
        0.602150559425354,
        0.602150559425354,
        0.602150559425354,
        0.602150559425354,
        0.602150559425354,
        0.602150559425354,
        0.602150559425354,
        0.602150559425354,
        0.602150559425354,
        0.602150559425354,
        0.602150559425354,
        0.602150559425354,
        0.602150559425354,
        0.602150559425354,
        0.602150559425354,
        0.602150559425354,
        0.602150559425354,
        0.602150559425354,
        0.602150559425354,
        0.602150559425354,
        0.602150559425354
    ],
    "epoch_times": [
        0.2543976306915283,
        0.16684484481811523,
        0.17161965370178223,
        0.16441893577575684,
        0.17153692245483398,
        0.17135167121887207,
        0.1760694980621338,
        0.17708897590637207,
        0.17345786094665527,
        0.17888164520263672,
        0.17403817176818848,
        0.16801857948303223,
        0.17149949073791504,
        0.161729097366333,
        0.1676802635192871,
        0.16588807106018066,
        0.1677238941192627,
        0.16654586791992188,
        0.16742587089538574,
        0.16566705703735352,
        0.16773676872253418,
        0.17586159706115723,
        0.17841386795043945,
        0.17569971084594727,
        0.1768355369567871,
        0.19783997535705566,
        0.17838478088378906,
        0.1739819049835205,
        0.18217706680297852,
        0.1860201358795166,
        0.18442726135253906,
        0.19343876838684082,
        0.18794846534729004,
        0.19591879844665527
    ]
}