{
    "hyperparameters": {
        "activation": "gelu",
        "dropout_rate": 0.0266100596626,
        "ff_dim": 593,
        "hidden_units": 126,
        "learning_rate": 0.000440311941,
        "num_heads": 2,
        "num_layers": 5,
        "pooling": "max",
        "weight_decay": 6.8724829e-05
    },
    "dataset_stats": {
        "name": "BeetleFly",
        "train_size": 32,
        "val_size": 8,
        "input_shape": [
            512,
            1
        ],
        "num_classes": 2
    },
    "epochs": 38,
    "train_loss": [
        0.7763969302177429,
        1.1409938335418701,
        0.7058629989624023,
        0.8941789269447327,
        0.7753399014472961,
        0.6897299289703369,
        0.7120417356491089,
        0.686303436756134,
        0.6957459449768066,
        0.6789175868034363,
        0.6704491376876831,
        0.6482901573181152,
        0.6275004148483276,
        0.6149902939796448,
        0.6006307601928711,
        0.6327465176582336,
        0.6165414452552795,
        0.5846298336982727,
        0.5883769392967224,
        0.5645549297332764,
        0.5345988273620605,
        0.5356742739677429,
        0.5344570875167847,
        0.5085681080818176,
        0.5246983766555786,
        0.49762779474258423,
        0.49547019600868225,
        0.528762936592102,
        0.5040667653083801,
        0.4569864869117737,
        0.4985189437866211,
        0.4660751223564148,
        0.4732323884963989,
        0.4612553119659424,
        0.45773473381996155,
        0.4926864504814148,
        0.4546360373497009,
        0.491741806268692
    ],
    "val_loss": [
        0.7693995833396912,
        1.66096830368042,
        0.8536509871482849,
        0.8177510499954224,
        0.773152232170105,
        0.777418851852417,
        0.7857221364974976,
        0.7036378979682922,
        0.6783153414726257,
        0.6842528581619263,
        0.7170792818069458,
        0.7367309927940369,
        0.7063101530075073,
        0.705741286277771,
        0.7364230155944824,
        0.75982266664505,
        0.7739951014518738,
        0.7807613015174866,
        0.8142924308776855,
        0.8500918745994568,
        0.8953089714050293,
        0.9234057664871216,
        0.9509871602058411,
        0.9829771518707275,
        1.0213463306427002,
        1.0585309267044067,
        1.0910003185272217,
        1.1053096055984497,
        1.11897873878479,
        1.1332021951675415,
        1.1478698253631592,
        1.165130615234375,
        1.1829588413238525,
        1.1920849084854126,
        1.2009663581848145,
        1.2091151475906372,
        1.2164256572723389,
        1.2240445613861084,
        1.2322862148284912
    ],
    "train_accuracy": [
        0.375,
        0.53125,
        0.5,
        0.46875,
        0.4375,
        0.5625,
        0.53125,
        0.5625,
        0.53125,
        0.6875,
        0.53125,
        0.59375,
        0.78125,
        0.75,
        0.8125,
        0.59375,
        0.71875,
        0.71875,
        0.84375,
        0.75,
        0.84375,
        0.75,
        0.78125,
        0.875,
        0.8125,
        0.84375,
        0.75,
        0.71875,
        0.75,
        0.875,
        0.84375,
        0.8125,
        0.8125,
        0.8125,
        0.84375,
        0.78125,
        0.875,
        0.78125
    ],
    "val_accuracy": [
        0.5,
        0.375,
        0.25,
        0.625,
        0.625,
        0.375,
        0.375,
        0.625,
        0.625,
        0.5,
        0.25,
        0.25,
        0.5,
        0.5,
        0.375,
        0.25,
        0.375,
        0.625,
        0.5,
        0.5,
        0.375,
        0.375,
        0.375,
        0.5,
        0.5,
        0.5,
        0.5,
        0.5,
        0.5,
        0.375,
        0.375,
        0.5,
        0.5,
        0.5,
        0.5,
        0.5,
        0.5,
        0.5,
        0.5
    ],
    "epoch_times": [
        12.110819816589355,
        4.915356159210205,
        4.8500940799713135,
        4.560160398483276,
        5.158667802810669,
        5.553658485412598,
        4.938886880874634,
        5.309232234954834,
        5.313091516494751,
        5.104423999786377,
        5.467424631118774,
        5.330130338668823,
        4.714118719100952,
        5.108006238937378,
        4.9131104946136475,
        4.9701080322265625,
        4.467793941497803,
        4.275745868682861,
        4.368878126144409,
        4.372600078582764,
        4.483836650848389,
        4.8756396770477295,
        5.218670606613159,
        5.022181272506714,
        5.76392388343811,
        5.664058446884155,
        5.527430534362793,
        5.498595714569092,
        5.71882700920105,
        4.850039482116699,
        5.212671756744385,
        4.922765016555786,
        5.373441457748413,
        5.308666706085205,
        5.212018251419067,
        5.276747703552246,
        4.742377996444702,
        4.948643445968628
    ]
}