{
    "hyperparameters": {
        "activation": "relu",
        "dropout_rate": 0.077814094414,
        "kernel_size": 5,
        "learning_rate": 0.0015633703063,
        "num_filters": 118,
        "num_layers": 5,
        "pooling": "max",
        "pooling_size": 2
    },
    "dataset_stats": {
        "name": "CinCECGTorso",
        "train_size": 64,
        "val_size": 16,
        "input_shape": [
            1,
            1639
        ],
        "num_classes": 4
    },
    "epochs": 31,
    "train_loss": [
        1.443079948425293,
        1.1867682933807373,
        0.8652549982070923,
        0.7282421588897705,
        0.5555122494697571,
        0.6464216709136963,
        0.4389960765838623,
        0.41516339778900146,
        0.3369799852371216,
        0.31752467155456543,
        0.2608601450920105,
        0.24570327997207642,
        0.15319299697875977,
        0.3289237916469574,
        0.21021439135074615,
        0.23292164504528046,
        0.2151147425174713,
        0.16353490948677063,
        0.11554509401321411,
        0.15336328744888306,
        0.22307810187339783,
        0.14948245882987976,
        0.12193373590707779,
        0.14132221043109894,
        0.11300651729106903,
        0.09995663166046143,
        0.08842054009437561,
        0.10459543764591217,
        0.08687223494052887,
        0.04996268451213837,
        0.06617510318756104
    ],
    "val_loss": [
        1.390899419784546,
        1.3915050029754639,
        1.3938730955123901,
        1.3994592428207397,
        1.4062296152114868,
        1.4140183925628662,
        1.4227619171142578,
        1.4352363348007202,
        1.4526726007461548,
        1.4739482402801514,
        1.5126714706420898,
        1.554682970046997,
        1.6057664155960083,
        1.6410853862762451,
        1.6884770393371582,
        1.7154902219772339,
        1.7388887405395508,
        1.771052360534668,
        1.853969693183899,
        1.9357634782791138,
        1.9989793300628662,
        2.029958963394165,
        2.164207935333252,
        2.322821617126465,
        2.497096300125122,
        2.6478285789489746,
        2.7521402835845947,
        2.925490617752075,
        2.982968807220459,
        2.977121114730835,
        2.991342782974243,
        2.936586380004883
    ],
    "train_accuracy": [
        0.3125,
        0.5,
        0.65625,
        0.75,
        0.796875,
        0.78125,
        0.859375,
        0.890625,
        0.90625,
        0.921875,
        0.90625,
        0.90625,
        0.984375,
        0.890625,
        0.921875,
        0.9375,
        0.921875,
        0.953125,
        0.96875,
        0.96875,
        0.90625,
        0.9375,
        0.953125,
        0.953125,
        0.984375,
        0.953125,
        0.96875,
        0.96875,
        0.984375,
        1.0,
        0.984375
    ],
    "val_accuracy": [
        0.125,
        0.125,
        0.125,
        0.125,
        0.125,
        0.125,
        0.125,
        0.125,
        0.125,
        0.125,
        0.125,
        0.1875,
        0.1875,
        0.1875,
        0.1875,
        0.1875,
        0.25,
        0.25,
        0.25,
        0.1875,
        0.3125,
        0.3125,
        0.3125,
        0.3125,
        0.25,
        0.25,
        0.25,
        0.3125,
        0.25,
        0.25,
        0.25,
        0.25
    ],
    "epoch_times": [
        0.16632556915283203,
        0.04655647277832031,
        0.03700399398803711,
        0.034891366958618164,
        0.0294187068939209,
        0.02938985824584961,
        0.027076005935668945,
        0.03483009338378906,
        0.029557228088378906,
        0.025722265243530273,
        0.024219274520874023,
        0.025871753692626953,
        0.02874755859375,
        0.02329540252685547,
        0.022957801818847656,
        0.026942968368530273,
        0.03213930130004883,
        0.023213624954223633,
        0.02478480339050293,
        0.024252891540527344,
        0.023533344268798828,
        0.03214550018310547,
        0.023281335830688477,
        0.028199434280395508,
        0.026226043701171875,
        0.023521900177001953,
        0.02456831932067871,
        0.024146318435668945,
        0.025061845779418945,
        0.03667402267456055,
        0.03072500228881836
    ]
}