{
    "hyperparameters": {
        "activation": "relu",
        "dropout_rate": 0.4464529415394,
        "kernel_size": 4,
        "learning_rate": 0.0001787805287,
        "num_filters": 245,
        "num_layers": 5,
        "pooling": "max",
        "pooling_size": 1
    },
    "dataset_stats": {
        "name": "CBF",
        "train_size": 48,
        "val_size": 12,
        "input_shape": [
            1,
            128
        ],
        "num_classes": 3
    },
    "epochs": 88,
    "train_loss": [
        1.3863401412963867,
        1.2184356451034546,
        1.1979607343673706,
        1.1677876710891724,
        1.108901858329773,
        1.0504733324050903,
        1.0784541368484497,
        1.0269243717193604,
        0.9052647948265076,
        0.9408553242683411,
        0.8838582038879395,
        0.8978207111358643,
        0.9966554641723633,
        0.7140424251556396,
        0.7366981506347656,
        0.7041935920715332,
        0.6725695729255676,
        0.8688108921051025,
        0.8043373227119446,
        0.6382997632026672,
        0.8171186447143555,
        0.7341206073760986,
        0.7858367562294006,
        0.6035627126693726,
        0.7338151335716248,
        0.7239558100700378,
        0.5375929474830627,
        0.5913826823234558,
        0.5228517651557922,
        0.6355578303337097,
        0.5156141519546509,
        0.48664984107017517,
        0.5102534294128418,
        0.4937610626220703,
        0.48305416107177734,
        0.5141372084617615,
        0.48374661803245544,
        0.4488617479801178,
        0.4150991141796112,
        0.49872922897338867,
        0.488567978143692,
        0.39850476384162903,
        0.3590168058872223,
        0.49080172181129456,
        0.2844981551170349,
        0.32930803298950195,
        0.356868177652359,
        0.3586293160915375,
        0.40762683749198914,
        0.394793301820755,
        0.3329221308231354,
        0.32715389132499695,
        0.3533739149570465,
        0.3573092520236969,
        0.2325667291879654,
        0.17215287685394287,
        0.23098576068878174,
        0.19805602729320526,
        0.3467808663845062,
        0.3387608528137207,
        0.4043530523777008,
        0.17309720814228058,
        0.276545912027359,
        0.2543552815914154,
        0.22448308765888214,
        0.19205524027347565,
        0.2531651556491852,
        0.251137912273407,
        0.184734508395195,
        0.18892185389995575,
        0.14199475944042206,
        0.19076013565063477,
        0.1566941887140274,
        0.2013014703989029,
        0.2133491039276123,
        0.30026504397392273,
        0.1670967936515808,
        0.1429211050271988,
        0.1639529913663864,
        0.15516753494739532,
        0.21436063945293427,
        0.19282563030719757,
        0.17208217084407806,
        0.19571684300899506,
        0.20598065853118896,
        0.1368206888437271,
        0.1958661824464798,
        0.160279780626297
    ],
    "val_loss": [
        1.099096655845642,
        1.0997024774551392,
        1.099674105644226,
        1.1002055406570435,
        1.100156545639038,
        1.1002107858657837,
        1.1009663343429565,
        1.1011416912078857,
        1.1035312414169312,
        1.1035858392715454,
        1.1016291379928589,
        1.0962063074111938,
        1.0890752077102661,
        1.0846368074417114,
        1.0681411027908325,
        1.049179196357727,
        1.0204815864562988,
        0.9889591336250305,
        0.9541961550712585,
        0.9239643216133118,
        0.8878064751625061,
        0.8570289611816406,
        0.819697380065918,
        0.7737059593200684,
        0.7456020712852478,
        0.7054361701011658,
        0.6557959914207458,
        0.6260449290275574,
        0.6114580631256104,
        0.5862954258918762,
        0.5652058720588684,
        0.5540693998336792,
        0.5462361574172974,
        0.5414547920227051,
        0.5460165143013,
        0.5481236577033997,
        0.5431972146034241,
        0.5471526980400085,
        0.5504286289215088,
        0.5543949604034424,
        0.5423117876052856,
        0.5284128785133362,
        0.5248660445213318,
        0.5227386951446533,
        0.5200260281562805,
        0.5047485828399658,
        0.48723113536834717,
        0.4892541468143463,
        0.495526522397995,
        0.4893277883529663,
        0.4957137107849121,
        0.49293193221092224,
        0.4929756224155426,
        0.5010659098625183,
        0.49827489256858826,
        0.47895216941833496,
        0.46642693877220154,
        0.46979013085365295,
        0.45397230982780457,
        0.47726836800575256,
        0.50727778673172,
        0.5376653075218201,
        0.5633357167243958,
        0.5910344123840332,
        0.5907115936279297,
        0.5905933976173401,
        0.5969162583351135,
        0.5989620685577393,
        0.5934914350509644,
        0.5964735150337219,
        0.5913194417953491,
        0.5851027965545654,
        0.5824348330497742,
        0.5647280812263489,
        0.5433325171470642,
        0.5409576296806335,
        0.5188811421394348,
        0.5257555842399597,
        0.5248833298683167,
        0.5130762457847595,
        0.5285553932189941,
        0.5489910244941711,
        0.5592005848884583,
        0.567044734954834,
        0.5732489228248596,
        0.5889931321144104,
        0.5942469239234924,
        0.6060611605644226,
        0.6102755665779114
    ],
    "train_accuracy": [
        0.3125,
        0.375,
        0.3958333432674408,
        0.4791666567325592,
        0.4166666567325592,
        0.5625,
        0.5,
        0.4791666567325592,
        0.6041666865348816,
        0.6041666865348816,
        0.6041666865348816,
        0.5208333134651184,
        0.5416666865348816,
        0.6875,
        0.625,
        0.75,
        0.7083333134651184,
        0.5208333134651184,
        0.6875,
        0.75,
        0.7083333134651184,
        0.7083333134651184,
        0.5833333134651184,
        0.7291666865348816,
        0.6666666865348816,
        0.7083333134651184,
        0.7916666865348816,
        0.7291666865348816,
        0.875,
        0.7916666865348816,
        0.7916666865348816,
        0.8333333134651184,
        0.8333333134651184,
        0.7708333134651184,
        0.8541666865348816,
        0.7916666865348816,
        0.8125,
        0.8125,
        0.8541666865348816,
        0.8125,
        0.7916666865348816,
        0.8333333134651184,
        0.8958333134651184,
        0.75,
        0.9375,
        0.8958333134651184,
        0.875,
        0.8958333134651184,
        0.875,
        0.875,
        0.8958333134651184,
        0.8958333134651184,
        0.875,
        0.9166666865348816,
        0.9166666865348816,
        0.9583333134651184,
        0.9166666865348816,
        0.9166666865348816,
        0.8125,
        0.8958333134651184,
        0.8541666865348816,
        0.9583333134651184,
        0.8958333134651184,
        0.9166666865348816,
        0.9375,
        0.9375,
        0.9166666865348816,
        0.9375,
        0.9583333134651184,
        0.9583333134651184,
        0.9583333134651184,
        0.9583333134651184,
        0.9583333134651184,
        0.9375,
        0.8958333134651184,
        0.875,
        0.9583333134651184,
        0.9375,
        0.9583333134651184,
        0.9375,
        0.9166666865348816,
        0.9375,
        0.9166666865348816,
        0.9166666865348816,
        0.875,
        0.9583333134651184,
        0.9166666865348816,
        0.9375
    ],