{
    "hyperparameters": {
        "activation": "sigmoid",
        "dropout_rate": 0.2219039938259,
        "kernel_size": 6,
        "learning_rate": 0.0042045294177,
        "num_filters": 122,
        "num_layers": 3,
        "pooling": "average",
        "pooling_size": 2
    },
    "dataset_stats": {
        "name": "CBF",
        "train_size": 48,
        "val_size": 12,
        "input_shape": [
            1,
            128
        ],
        "num_classes": 3
    },
    "epochs": 41,
    "train_loss": [
        1.381295084953308,
        2.8741791248321533,
        1.1637226343154907,
        1.146129846572876,
        0.9975808262825012,
        0.4437054395675659,
        0.47520363330841064,
        0.483370304107666,
        0.470198392868042,
        0.4518759250640869,
        0.40363869071006775,
        0.4275953471660614,
        0.40513864159584045,
        0.3617609441280365,
        0.3129673898220062,
        0.26826345920562744,
        0.23838567733764648,
        0.30881014466285706,
        0.21672211587429047,
        0.39711108803749084,
        0.17812849581241608,
        0.2230558544397354,
        0.2537359893321991,
        0.13416700065135956,
        0.23948132991790771,
        0.09030524641275406,
        0.18080705404281616,
        0.1182800754904747,
        0.15497885644435883,
        0.12833252549171448,
        0.08943456411361694,
        0.04717910662293434,
        0.1230754554271698,
        0.14763574302196503,
        0.06488305330276489,
        0.0694400891661644,
        0.1582455188035965,
        0.11829958111047745,
        0.1523217260837555,
        0.0533989779651165,
        0.2355918139219284
    ],
    "val_loss": [
        1.1219433546066284,
        1.0975414514541626,
        1.066336989402771,
        1.0381213426589966,
        1.0153104066848755,
        0.9865572452545166,
        0.9778020977973938,
        0.9661190509796143,
        0.9395787119865417,
        0.8715060353279114,
        0.8010926246643066,
        0.7796939015388489,
        0.8316967487335205,
        0.9637791514396667,
        1.0602620840072632,
        1.0941845178604126,
        1.161293387413025,
        1.2552399635314941,
        1.3989440202713013,
        1.550134539604187,
        1.4994115829467773,
        1.5594182014465332,
        1.7021194696426392,
        1.8187023401260376,
        1.9653477668762207,
        1.9669703245162964,
        1.8737016916275024,
        1.899161458015442,
        1.9009486436843872,
        1.9509729146957397,
        2.0851104259490967,
        2.327738046646118,
        2.6455466747283936,
        2.7946512699127197,
        2.81180739402771,
        2.838041067123413,
        2.7660067081451416,
        2.8364083766937256,
        3.04681658744812,
        3.244858741760254,
        3.5120131969451904,
        3.3384125232696533
    ],
    "train_accuracy": [
        0.4166666567325592,
        0.5,
        0.7291666865348816,
        0.6666666865348816,
        0.625,
        0.8333333134651184,
        0.7916666865348816,
        0.8541666865348816,
        0.7708333134651184,
        0.8125,
        0.875,
        0.8541666865348816,
        0.8333333134651184,
        0.8541666865348816,
        0.8958333134651184,
        0.875,
        0.8958333134651184,
        0.8541666865348816,
        0.875,
        0.8333333134651184,
        0.9166666865348816,
        0.8958333134651184,
        0.9166666865348816,
        0.9583333134651184,
        0.8958333134651184,
        0.9791666865348816,
        0.9166666865348816,
        0.9375,
        0.9583333134651184,
        0.9375,
        0.9791666865348816,
        1.0,
        0.9375,
        0.9166666865348816,
        0.9791666865348816,
        0.9791666865348816,
        0.9375,
        0.9375,
        0.9583333134651184,
        0.9583333134651184,
        0.8958333134651184
    ],
    "val_accuracy": [
        0.25,
        0.5833333730697632,
        0.4166666567325592,
        0.4166666567325592,
        0.6666666865348816,
        0.6666666865348816,
        0.5833333730697632,
        0.6666666865348816,
        0.6666666865348816,
        0.6666666865348816,
        0.6666666865348816,
        0.6666666865348816,
        0.6666666865348816,
        0.6666666865348816,
        0.6666666865348816,
        0.6666666865348816,
        0.6666666865348816,
        0.6666666865348816,
        0.6666666865348816,
        0.75,
        0.75,
        0.75,
        0.6666666865348816,
        0.6666666865348816,
        0.6666666865348816,
        0.5833333730697632,
        0.5833333730697632,
        0.5833333730697632,
        0.5833333730697632,
        0.6666666865348816,
        0.6666666865348816,
        0.5833333730697632,
        0.5833333730697632,
        0.5,
        0.5,
        0.5833333730697632,
        0.5833333730697632,
        0.6666666865348816,
        0.5833333730697632,
        0.5833333730697632,
        0.4166666567325592,
        0.5
    ],
    "epoch_times": [
        0.22065520286560059,
        0.023692607879638672,
        0.023448705673217773,
        0.025028228759765625,
        0.022826433181762695,
        0.022857189178466797,
        0.025446176528930664,
        0.024572372436523438,
        0.023021459579467773,
        0.025284290313720703,
        0.02624225616455078,
        0.024697065353393555,
        0.0237271785736084,
        0.023993253707885742,
        0.023508310317993164,
        0.026897430419921875,
        0.026539087295532227,
        0.022208213806152344,
        0.022945165634155273,
        0.022412776947021484,
        0.01864767074584961,
        0.021815776824951172,
        0.0224456787109375,
        0.028512001037597656,
        0.023334026336669922,
        0.02100539207458496,
        0.021999359130859375,
        0.022950172424316406,
        0.025335311889648438,
        0.026218891143798828,
        0.02524590492248535,
        0.026628494262695312,
        0.0305936336517334,
        0.028537750244140625,
        0.02739882469177246,
        0.027071714401245117,
        0.027133703231811523,
        0.027007102966308594,
        0.027764081954956055,
        0.02698659896850586,
        0.026749610900878906
    ]
}