{
    "hyperparameters": {
        "activation": "sigmoid",
        "dropout_rate": 0.0316357380817,
        "kernel_size": 7,
        "learning_rate": 0.008921639794,
        "num_filters": 210,
        "num_layers": 1,
        "pooling": "max",
        "pooling_size": 2
    },
    "dataset_stats": {
        "name": "CinCECGTorso",
        "train_size": 64,
        "val_size": 16,
        "input_shape": [
            1,
            1639
        ],
        "num_classes": 4
    },
    "epochs": 32,
    "train_loss": [
        2.6738624572753906,
        1.8609838485717773,
        1.1159491539001465,
        1.0999517440795898,
        0.9986989498138428,
        0.7899114489555359,
        0.617485761642456,
        0.5748266577720642,
        0.5175472497940063,
        0.418823778629303,
        0.36002883315086365,
        0.30518436431884766,
        0.27471137046813965,
        0.2149887979030609,
        0.1957968771457672,
        0.19208960235118866,
        0.14163990318775177,
        0.12071698158979416,
        0.12667971849441528,
        0.06957420706748962,
        0.07308022677898407,
        0.09906500577926636,
        0.0567370168864727,
        0.08568525314331055,
        0.056012898683547974,
        0.03562260419130325,
        0.037050794810056686,
        0.030702956020832062,
        0.021776776760816574,
        0.03370336815714836,
        0.024584321305155754,
        0.026683589443564415
    ],
    "val_loss": [
        1.411141276359558,
        1.6900956630706787,
        1.5372204780578613,
        1.581846833229065,
        1.7268681526184082,
        1.8694477081298828,
        1.9852352142333984,
        2.1614952087402344,
        2.405751943588257,
        2.7001423835754395,
        2.99861741065979,
        3.3023746013641357,
        3.579892873764038,
        3.8295745849609375,
        4.021005630493164,
        4.18834924697876,
        4.326130390167236,
        4.465570449829102,
        4.5751633644104,
        4.69424295425415,
        4.813320159912109,
        4.943369388580322,
        5.115660667419434,
        5.244359016418457,
        5.3634257316589355,
        5.455648899078369,
        5.522027015686035,
        5.568390369415283,
        5.619345188140869,
        5.656569480895996,
        5.697862148284912,
        5.744086265563965,
        5.776874542236328
    ],
    "train_accuracy": [
        0.21875,
        0.484375,
        0.5,
        0.453125,
        0.546875,
        0.71875,
        0.8125,
        0.8125,
        0.859375,
        0.90625,
        0.90625,
        0.90625,
        0.90625,
        0.953125,
        0.953125,
        0.96875,
        0.984375,
        0.96875,
        0.984375,
        1.0,
        1.0,
        1.0,
        1.0,
        0.984375,
        0.984375,
        1.0,
        1.0,
        1.0,
        1.0,
        1.0,
        1.0,
        1.0
    ],
    "val_accuracy": [
        0.125,
        0.4375,
        0.4375,
        0.3125,
        0.25,
        0.1875,
        0.25,
        0.25,
        0.1875,
        0.1875,
        0.125,
        0.125,
        0.125,
        0.125,
        0.125,
        0.125,
        0.125,
        0.125,
        0.125,
        0.125,
        0.125,
        0.125,
        0.125,
        0.125,
        0.125,
        0.125,
        0.125,
        0.125,
        0.125,
        0.125,
        0.125,
        0.125,
        0.125
    ],
    "epoch_times": [
        0.03748512268066406,
        0.2251110076904297,
        0.02534961700439453,
        0.030635356903076172,
        0.028690099716186523,
        0.027734041213989258,
        0.02696847915649414,
        0.026499032974243164,
        0.025384187698364258,
        0.025299787521362305,
        0.025879383087158203,
        0.02679133415222168,
        0.025903701782226562,
        0.02531576156616211,
        0.025978565216064453,
        0.025769472122192383,
        0.025712966918945312,
        0.02520585060119629,
        0.025103092193603516,
        0.02589130401611328,
        0.025573253631591797,
        0.024778366088867188,
        0.025788068771362305,
        0.02540111541748047,
        0.025394678115844727,
        0.026348590850830078,
        0.024014711380004883,
        0.023502111434936523,
        0.024278640747070312,
        0.024474143981933594,
        0.024579524993896484,
        0.02390122413635254
    ]
}