{
    "hyperparameters": {
        "activation": "tanh",
        "dropout_rate": 0.5470560071946,
        "hidden_units": 108,
        "learning_rate": 0.0824467562781,
        "num_layers": 1,
        "weight_decay": 0.0016259788274
    },
    "dataset_stats": {
        "name": "BeetleFly",
        "train_size": 36,
        "val_size": 9,
        "input_shape": [
            512,
            1
        ],
        "num_classes": 2
    },
    "epochs": 32,
    "train_loss": [
        0.7943738698959351,
        1.7862036228179932,
        0.3810119926929474,
        0.2114156037569046,
        0.23386305570602417,
        0.721383273601532,
        0.8548276424407959,
        0.023083623498678207,
        0.7649615406990051,
        0.15488892793655396,
        0.35019075870513916,
        0.4554698169231415,
        1.4038541316986084,
        0.6688503623008728,
        0.633552074432373,
        0.6389226317405701,
        0.1802903115749359,
        0.6228309869766235,
        0.8227298259735107,
        0.019841676577925682,
        0.710277795791626,
        0.17515204846858978,
        0.7231329679489136,
        0.46632257103919983,
        0.42780250310897827,
        0.5293645262718201,
        0.4409297704696655,
        1.71981680393219,
        0.22490832209587097,
        2.1626737117767334,
        0.7763807773590088,
        2.4831972122192383
    ],
    "val_loss": [
        0.6976913213729858,
        6.6778883934021,
        1.0522867441177368,
        1.23372220993042,
        2.097236156463623,
        2.197082757949829,
        2.3270740509033203,
        2.3972549438476562,
        2.446402072906494,
        2.135683298110962,
        2.1280131340026855,
        3.0885348320007324,
        4.584176540374756,
        5.797993183135986,
        6.193033218383789,
        5.715017318725586,
        4.510782718658447,
        4.505463600158691,
        4.27490234375,
        4.800801753997803,
        5.801591873168945,
        7.06583833694458,
        8.365312576293945,
        9.692264556884766,
        9.928279876708984,
        10.038448333740234,
        8.972700119018555,
        7.650589942932129,
        5.502599239349365,
        5.161920547485352,
        3.506802797317505,
        2.377927303314209,
        2.349710702896118
    ],
    "train_accuracy": [
        0.5,
        0.5833333134651184,
        0.8611111044883728,
        0.9444444179534912,
        0.9444444179534912,
        0.8888888955116272,
        0.8333333134651184,
        0.9722222089767456,
        0.9444444179534912,
        0.9444444179534912,
        0.9444444179534912,
        0.9166666865348816,
        0.8888888955116272,
        0.9444444179534912,
        0.9166666865348816,
        0.8888888955116272,
        0.9722222089767456,
        0.9444444179534912,
        0.8611111044883728,
        1.0,
        0.9166666865348816,
        0.9444444179534912,
        0.9166666865348816,
        0.9166666865348816,
        0.9166666865348816,
        0.9166666865348816,
        0.9166666865348816,
        0.8611111044883728,
        0.9444444179534912,
        0.8333333134651184,
        0.8888888955116272,
        0.8055555820465088
    ],
    "val_accuracy": [
        0.6666666865348816,
        0.5555555820465088,
        0.8888888955116272,
        0.7777777910232544,
        0.7777777910232544,
        0.7777777910232544,
        0.7777777910232544,
        0.6666666865348816,
        0.6666666865348816,
        0.6666666865348816,
        0.6666666865348816,
        0.6666666865348816,
        0.6666666865348816,
        0.6666666865348816,
        0.6666666865348816,
        0.6666666865348816,
        0.7777777910232544,
        0.7777777910232544,
        0.7777777910232544,
        0.7777777910232544,
        0.7777777910232544,
        0.6666666865348816,
        0.6666666865348816,
        0.6666666865348816,
        0.6666666865348816,
        0.6666666865348816,
        0.6666666865348816,
        0.6666666865348816,
        0.7777777910232544,
        0.5555555820465088,
        0.6666666865348816,
        0.6666666865348816,
        0.6666666865348816
    ],
    "epoch_times": [
        0.006891012191772461,
        0.006182193756103516,
        0.005766868591308594,
        0.00714111328125,
        0.006091117858886719,
        0.005781888961791992,
        0.0073451995849609375,
        0.00501704216003418,
        0.005506992340087891,
        0.006386995315551758,
        0.03310966491699219,
        0.006211757659912109,
        0.005706071853637695,
        0.005424022674560547,
        0.0062580108642578125,
        0.005879640579223633,
        0.0064890384674072266,
        0.005359172821044922,
        0.00580286979675293,
        0.005919933319091797,
        0.006224155426025391,
        0.005494832992553711,
        0.006981849670410156,
        0.005259037017822266,
        0.0065691471099853516,
        0.0057909488677978516,
        0.005670785903930664,
        0.006192922592163086,
        0.006343841552734375,
        0.005724906921386719,
        0.006371021270751953,
        0.0058040618896484375
    ]
}