{
    "hyperparameters": {
        "activation": "gelu",
        "dropout_rate": 0.4318040147631,
        "hidden_units": 24,
        "learning_rate": 0.0034114830014,
        "num_layers": 4,
        "weight_decay": 0.0038424552539
    },
    "dataset_stats": {
        "name": "BirdChicken",
        "train_size": 36,
        "val_size": 9,
        "input_shape": [
            512,
            1
        ],
        "num_classes": 2
    },
    "epochs": 122,
    "train_loss": [
        0.9297354221343994,
        0.7058805823326111,
        0.7840763926506042,
        0.6400458216667175,
        0.7188028693199158,
        0.6628994345664978,
        0.6224668025970459,
        0.6625846028327942,
        0.6252016425132751,
        0.7276692986488342,
        0.5890011191368103,
        0.5849700570106506,
        0.6250368356704712,
        0.5908820629119873,
        0.5560014247894287,
        0.6258687973022461,
        0.5929948687553406,
        0.595252275466919,
        0.5926201939582825,
        0.7421112060546875,
        0.6138584613800049,
        0.586347758769989,
        0.6427744626998901,
        0.5718315243721008,
        0.6404001712799072,
        0.58102947473526,
        0.578009843826294,
        0.5544477701187134,
        0.5075004696846008,
        0.6408874988555908,
        0.5101490020751953,
        0.4565850496292114,
        0.6604455709457397,
        0.5220125913619995,
        0.6108982563018799,
        0.5248580574989319,
        0.4934772253036499,
        0.5133500695228577,
        0.4988832473754883,
        0.6316825747489929,
        0.5385585427284241,
        0.5602236986160278,
        0.5112583637237549,
        0.5030958652496338,
        0.5858682990074158,
        0.579483687877655,
        0.530605673789978,
        0.5537362098693848,
        0.5374377369880676,
        0.6307108402252197,
        0.614261269569397,
        0.5440208315849304,
        0.6043766140937805,
        0.5890904664993286,
        0.5803766250610352,
        0.6165552735328674,
        0.5526940226554871,
        0.5757743716239929,
        0.5442104339599609,
        0.6261343955993652,
        0.5227773785591125,
        0.46253108978271484,
        0.45070382952690125,
        0.547494649887085,
        0.5600746870040894,
        0.5236095190048218,
        0.5121885538101196,
        0.5792730450630188,
        0.4229569137096405,
        0.5239461064338684,
        0.4524085819721222,
        0.5254453420639038,
        0.4313609302043915,
        0.4767478406429291,
        0.5746254324913025,
        0.6741246581077576,
        0.5352246761322021,
        0.5251869559288025,
        0.5056431293487549,
        0.43561840057373047,
        0.4665163457393646,
        0.5409172773361206,
        0.4959355592727661,
        0.4822536110877991,
        0.4678132236003876,
        0.4351697266101837,
        0.4028727412223816,
        0.3746398389339447,
        0.5124738812446594,
        0.4539004862308502,
        0.42018234729766846,
        0.5759012699127197,
        0.49678918719291687,
        0.4375598430633545,
        0.45302268862724304,
        0.5041588544845581,
        0.46953684091567993,
        0.5034896731376648,
        0.3860710859298706,
        0.5227856040000916,
        0.4533720016479492,
        0.40096136927604675,
        0.5002015233039856,
        0.43354493379592896,
        0.41451194882392883,
        0.4952646493911743,
        0.545194685459137,
        0.5052856206893921,
        0.4326232075691223,
        0.48789161443710327,
        0.47902998328208923,
        0.48318400979042053,
        0.376837819814682,
        0.5704129338264465,
        0.4525596797466278,
        0.3569764494895935,
        0.4707477390766144,
        0.4880458116531372,
        0.39945894479751587,
        0.4180397689342499,
        0.521284282207489,
        0.45068228244781494
    ],
    "val_loss": [
        0.6867368817329407,
        0.7201985716819763,
        0.75240558385849,
        0.7629875540733337,
        0.7657191753387451,
        0.7728574872016907,
        0.7667534351348877,
        0.7566481232643127,
        0.7612997889518738,
        0.7608639001846313,
        0.7478948831558228,
        0.7244532108306885,
        0.7055646777153015,
        0.7113602161407471,
        0.6859108805656433,
        0.678973913192749,
        0.6591107845306396,
        0.6712750196456909,
        0.6842045187950134,
        0.6879220604896545,
        0.6468865871429443,
        0.653461217880249,
        0.6519967317581177,
        0.6221425533294678,
        0.5824837684631348,
        0.5403667688369751,
        0.5350960493087769,
        0.5102119445800781,
        0.5127177238464355,
        0.5089766383171082,
        0.5004057884216309,
        0.49703577160835266,
        0.4875185191631317,
        0.4710874557495117,
        0.46468067169189453,
        0.48854315280914307,
        0.49014902114868164,
        0.45866066217422485,
        0.4715188443660736,
        0.4768736660480499,
        0.49467337131500244,
        0.49447885155677795,
        0.4896528422832489,
        0.4796167016029358,
        0.5021897554397583,
        0.4867580235004425,
        0.443909227848053,
        0.4438916742801666,
        0.44491302967071533,
        0.4385695159435272,
        0.4385499954223633,
        0.40357956290245056,
        0.42148226499557495,
        0.42542001605033875,
        0.40129852294921875,
        0.39800921082496643,
        0.369139701128006,
        0.3726477026939392,
        0.3684828281402588,
        0.3531017005443573,
        0.3466601073741913,
        0.3596499562263489,
        0.3562525808811188,
        0.351460337638855,
        0.34525683522224426,
        0.3345753848552704,
        0.35761937499046326,
        0.32316362857818604,
        0.32061952352523804,
        0.32903116941452026,
        0.31958329677581787,
        0.3232460618019104,
        0.3409784138202667,
        0.34435412287712097,
        0.33780568838119507,
        0.31856027245521545,
        0.3377387523651123,
        0.3491370975971222,
        0.3437642455101013,
        0.3385888934135437,
        0.33546996116638184,
        0.3302716910839081,
        0.3331182301044464,
        0.33948683738708496,
        0.3534477949142456,
        0.34275057911872864,
        0.33630165457725525,
        0.3354964852333069,
        0.3118724226951599,
        0.3024304211139679,
        0.27736037969589233,
        0.27773237228393555,
        0.2759729325771332,
        0.2845444083213806,
        0.2802625000476837,
        0.2950802147388458,
        0.3146176338195801,
        0.3148960471153259,
        0.30257824063301086,
        0.2938529849052429,
        0.3225802779197693,
        0.29560965299606323,
        0.31075388193130493,
        0.33325669169425964,
        0.33030885457992554,
        0.3368503749370575,
        0.3649428188800812,
        0.34345024824142456,
        0.35511499643325806,
        0.34002625942230225,
        0.34631413221359253,
        0.324709415435791,
        0.37218812108039856,
        0.36191701889038086,
        0.34434011578559875,
        0.36613336205482483,
        0.3646589517593384,
        0.38630545139312744,
        0.3997337520122528,
        0.38540133833885193,
        0.37984806299209595,
        0.4080818295478821,
        0.38202938437461853
    ],