{
    "hyperparameters": {
        "activation": "relu",
        "dropout_rate": 0.1712591688829,
        "hidden_units": 85,
        "learning_rate": 0.0136126774594,
        "num_layers": 2,
        "weight_decay": 0.0006890066905
    },
    "dataset_stats": {
        "name": "Adiac",
        "train_size": 312,
        "val_size": 78,
        "input_shape": [
            176,
            1
        ],
        "num_classes": 37
    },
    "epochs": 67,
    "train_loss": [
        3.2297918796539307,
        2.339081287384033,
        1.9557056427001953,
        1.6501376628875732,
        1.6140902042388916,
        1.5092705488204956,
        1.33095383644104,
        1.376447081565857,
        1.2717357873916626,
        1.2635518312454224,
        1.1939318180084229,
        1.1519594192504883,
        1.0652689933776855,
        0.9846606254577637,
        0.9773026704788208,
        0.9800660610198975,
        1.0233280658721924,
        1.0683839321136475,
        0.9556342959403992,
        1.0007578134536743,
        0.9173219203948975,
        0.941699206829071,
        0.9479346871376038,
        0.9098390340805054,
        1.0000545978546143,
        0.9171959161758423,
        0.8679359555244446,
        0.9320508241653442,
        0.7937297821044922,
        0.7652842402458191,
        0.9765289425849915,
        0.7376293540000916,
        0.810558557510376,
        0.6948909163475037,
        0.6851875185966492,
        0.6263297200202942,
        0.700110912322998,
        0.724599301815033,
        0.784643292427063,
        0.7800230979919434,
        0.8201282620429993,
        1.024546504020691,
        0.8287994265556335,
        0.8611857891082764,
        0.7841180562973022,
        0.6837030053138733,
        0.854144275188446,
        0.799717128276825,
        0.7405779361724854,
        0.7331465482711792,
        0.744340181350708,
        0.7900737524032593,
        0.7424950003623962,
        0.7330735325813293,
        0.6818113327026367,
        0.7293086647987366,
        0.6569675803184509,
        0.6947717666625977,
        0.6558454632759094,
        0.6880244612693787,
        0.6222900748252869,
        0.568604588508606,
        0.6674479246139526,
        0.6026496887207031,
        0.6581707000732422,
        0.5198658108711243,
        0.5389803647994995
    ],
    "val_loss": [
        3.6090617179870605,
        6.72843599319458,
        23.07985496520996,
        17.408021926879883,
        6.893550872802734,
        3.200542449951172,
        3.057680130004883,
        3.778306245803833,
        4.042903900146484,
        6.884684085845947,
        3.4695751667022705,
        2.199073553085327,
        3.266835927963257,
        2.7219440937042236,
        6.296396732330322,
        5.518423080444336,
        2.6583354473114014,
        3.4880003929138184,
        2.97678542137146,
        2.759495973587036,
        4.321514129638672,
        2.8646442890167236,
        3.902503490447998,
        3.9580767154693604,
        2.221158266067505,
        3.237725257873535,
        3.215383291244507,
        2.732367992401123,
        3.9079864025115967,
        7.222827434539795,
        6.28771448135376,
        3.616039276123047,
        2.776423454284668,
        1.9777170419692993,
        1.8019750118255615,
        2.5430402755737305,
        3.123505115509033,
        1.7765334844589233,
        2.6892457008361816,
        2.525444984436035,
        3.15714430809021,
        2.9014971256256104,
        2.7340009212493896,
        5.582614421844482,
        5.567460060119629,
        3.097050905227661,
        2.6709163188934326,
        10.89089298248291,
        3.6266443729400635,
        4.40482759475708,
        3.978692054748535,
        3.387625217437744,
        4.097073554992676,
        3.7843315601348877,
        5.023819923400879,
        7.925623416900635,
        8.5103178024292,
        2.1485230922698975,
        3.191438674926758,
        1.94097900390625,
        2.8480851650238037,
        1.85089910030365,
        1.834287166595459,
        2.9010517597198486,
        2.2374160289764404,
        3.3849666118621826,
        1.8935195207595825,
        2.2956457138061523
    ],
    "train_accuracy": [
        0.10576923191547394,
        0.3044871687889099,
        0.41025641560554504,
        0.5064102411270142,
        0.46474358439445496,
        0.5032051205635071,
        0.5801281929016113,
        0.5192307829856873,
        0.5288461446762085,
        0.5544871687889099,
        0.6153846383094788,
        0.5993589758872986,
        0.6570512652397156,
        0.6666666865348816,
        0.6602563858032227,
        0.6891025900840759,
        0.6217948794364929,
        0.6474359035491943,
        0.6794871687889099,
        0.6698718070983887,
        0.6858974099159241,
        0.6891025900840759,
        0.6794871687889099,
        0.7243589758872986,
        0.6602563858032227,
        0.682692289352417,
        0.7179487347602844,
        0.6858974099159241,
        0.7211538553237915,
        0.7243589758872986,
        0.6634615659713745,
        0.7564102411270142,
        0.7147436141967773,
        0.7596153616905212,
        0.7339743375778198,
        0.7788461446762085,
        0.7564102411270142,
        0.7307692170143127,
        0.7307692170143127,
        0.7243589758872986,
        0.7179487347602844,
        0.6730769276618958,
        0.7211538553237915,
        0.7115384340286255,
        0.7307692170143127,
        0.7820512652397156,
        0.7051281929016113,
        0.7339743375778198,
        0.7435897588729858,
        0.7115384340286255,
        0.7307692170143127,
        0.7307692170143127,
        0.7275640964508057,
        0.7596153616905212,
        0.7532051205635071,
        0.7564102411270142,
        0.7564102411270142,
        0.7628205418586731,
        0.7467948794364929,
        0.8012820482254028,
        0.7660256624221802,
        0.8141025900840759,
        0.7820512652397156,
        0.7852563858032227,
        0.7564102411270142,
        0.7980769276618958,
        0.807692289352417
    ],