{
    "hyperparameters": {
        "activation": "gelu",
        "dropout_rate": 0.4586958006289,
        "hidden_units": 39,
        "learning_rate": 0.0221756004188,
        "num_layers": 2,
        "weight_decay": 0.0020408994143
    },
    "dataset_stats": {
        "name": "ArrowHead",
        "train_size": 49,
        "val_size": 12,
        "input_shape": [
            251,
            1
        ],
        "num_classes": 3
    },
    "epochs": 31,
    "train_loss": [
        1.2411580085754395,
        1.2204618453979492,
        1.0328625440597534,
        0.9955573678016663,
        0.7105644345283508,
        0.8695857524871826,
        0.6823893785476685,
        0.7298742532730103,
        0.6447669267654419,
        0.7556561827659607,
        0.864189088344574,
        0.6628031134605408,
        0.6120322346687317,
        0.5470753908157349,
        0.5951396226882935,
        0.6672238707542419,
        0.6746554374694824,
        0.6004454493522644,
        0.5571666359901428,
        0.6398264169692993,
        0.7379446029663086,
        0.610837996006012,
        0.4526420831680298,
        0.5844593644142151,
        0.5460379719734192,
        0.6134564280509949,
        0.5213825702667236,
        0.49984630942344666,
        0.43509072065353394,
        0.4871421754360199,
        0.5494313836097717
    ],
    "val_loss": [
        1.069936990737915,
        1.0863813161849976,
        1.3051737546920776,
        1.2890089750289917,
        1.2272181510925293,
        1.1927696466445923,
        1.1818945407867432,
        1.2309610843658447,
        1.2391117811203003,
        1.250359296798706,
        1.2214187383651733,
        1.1938682794570923,
        1.1756445169448853,
        1.2125707864761353,
        1.1919867992401123,
        1.172307014465332,
        1.1540863513946533,
        1.201025366783142,
        1.321821928024292,
        1.470007300376892,
        1.5234460830688477,
        1.5054020881652832,
        1.4831644296646118,
        1.4314035177230835,
        1.3831820487976074,
        1.3639658689498901,
        1.4866743087768555,
        1.5053578615188599,
        1.5603410005569458,
        1.6188839673995972,
        1.6902661323547363,
        1.669836401939392
    ],
    "train_accuracy": [
        0.2857142984867096,
        0.30612245202064514,
        0.44897958636283875,
        0.5510203838348389,
        0.7142857313156128,
        0.5918367505073547,
        0.6734693646430969,
        0.6938775777816772,
        0.6938775777816772,
        0.6326530575752258,
        0.6530612111091614,
        0.6734693646430969,
        0.7142857313156128,
        0.7346938848495483,
        0.6938775777816772,
        0.6938775777816772,
        0.6530612111091614,
        0.6734693646430969,
        0.7142857313156128,
        0.7142857313156128,
        0.6938775777816772,
        0.7346938848495483,
        0.8163265585899353,
        0.7551020383834839,
        0.7551020383834839,
        0.7346938848495483,
        0.7551020383834839,
        0.7551020383834839,
        0.795918345451355,
        0.795918345451355,
        0.795918345451355
    ],
    "val_accuracy": [
        0.1666666716337204,
        0.5,
        0.4166666567325592,
        0.5833333134651184,
        0.5833333134651184,
        0.5833333134651184,
        0.5833333134651184,
        0.5833333134651184,
        0.5833333134651184,
        0.5833333134651184,
        0.5,
        0.5,
        0.6666666865348816,
        0.6666666865348816,
        0.6666666865348816,
        0.6666666865348816,
        0.5833333134651184,
        0.5833333134651184,
        0.5833333134651184,
        0.5833333134651184,
        0.5,
        0.5833333134651184,
        0.5833333134651184,
        0.5833333134651184,
        0.5833333134651184,
        0.5833333134651184,
        0.6666666865348816,
        0.6666666865348816,
        0.6666666865348816,
        0.6666666865348816,
        0.6666666865348816,
        0.6666666865348816
    ],
    "epoch_times": [
        0.014081716537475586,
        0.031113862991333008,
        0.036930084228515625,
        0.013732671737670898,
        0.04005694389343262,
        0.01366424560546875,
        0.03926825523376465,
        0.04001927375793457,
        0.013703107833862305,
        0.07271647453308105,
        0.013708353042602539,
        0.04111289978027344,
        0.04081320762634277,
        0.013767480850219727,
        0.06864809989929199,
        0.0137786865234375,
        0.04305219650268555,
        0.04085063934326172,
        0.013641357421875,
        0.040025949478149414,
        0.01379847526550293,
        0.0415346622467041,
        0.013873577117919922,
        0.013819217681884766,
        0.06821656227111816,
        0.013791799545288086,
        0.037619829177856445,
        0.0416407585144043,
        0.013689041137695312,
        0.07404470443725586,
        0.014260053634643555
    ]
}