{
    "hyperparameters": {
        "activation": "relu",
        "dropout_rate": 0.1417671035309,
        "hidden_units": 64,
        "learning_rate": 0.0001827080033,
        "num_layers": 3,
        "weight_decay": 0.0015317421564
    },
    "dataset_stats": {
        "name": "Beef",
        "train_size": 44,
        "val_size": 11,
        "input_shape": [
            470,
            1
        ],
        "num_classes": 5
    },
    "epochs": 115,
    "train_loss": [
        1.7665425539016724,
        1.6624939441680908,
        1.6625189781188965,
        1.4664829969406128,
        1.4157649278640747,
        1.4464234113693237,
        1.4207313060760498,
        1.4182034730911255,
        1.3317207098007202,
        1.293933391571045,
        1.3412120342254639,
        1.2719658613204956,
        1.2372459173202515,
        1.2421585321426392,
        1.1342058181762695,
        1.2209327220916748,
        1.207515835762024,
        1.13811194896698,
        1.145504355430603,
        1.1133766174316406,
        1.1969013214111328,
        1.1223052740097046,
        1.1384308338165283,
        1.0811020135879517,
        1.0552843809127808,
        1.0564323663711548,
        0.9057601690292358,
        1.0429507493972778,
        0.9514402747154236,
        0.9993327856063843,
        0.9449548125267029,
        0.936241865158081,
        0.9388346076011658,
        0.9157955646514893,
        0.9001695513725281,
        0.9252298474311829,
        0.9555327892303467,
        0.863446831703186,
        0.9194271564483643,
        0.8747031688690186,
        0.8542459607124329,
        0.9333135485649109,
        0.8591681122779846,
        0.86130291223526,
        0.8350226879119873,
        0.83113694190979,
        0.8751772046089172,
        0.8650583624839783,
        0.8091267943382263,
        0.790816068649292,
        0.7819053530693054,
        0.8874950408935547,
        0.7657626867294312,
        0.7745643258094788,
        0.7278637290000916,
        0.6890829205513,
        0.6783255934715271,
        0.7678069472312927,
        0.7279983162879944,
        0.7393960356712341,
        0.7265079617500305,
        0.7280681729316711,
        0.730516254901886,
        0.6708924770355225,
        0.7249130606651306,
        0.7390732169151306,
        0.658186137676239,
        0.6518488526344299,
        0.6336718201637268,
        0.7061921954154968,
        0.6359559893608093,
        0.6316795945167542,
        0.6687721014022827,
        0.6884822845458984,
        0.6467041969299316,
        0.6110447645187378,
        0.6150076389312744,
        0.6480298042297363,
        0.6495322585105896,
        0.62486332654953,
        0.5862357020378113,
        0.6819327473640442,
        0.6416988968849182,
        0.593655526638031,
        0.7592343688011169,
        0.5115733742713928,
        0.6468921303749084,
        0.5696609020233154,
        0.5864419341087341,
        0.6489073634147644,
        0.5394472479820251,
        0.6377260684967041,
        0.5638415813446045,
        0.4891316592693329,
        0.5536025166511536,
        0.6029812097549438,
        0.5622497797012329,
        0.5633674263954163,
        0.5572337508201599,
        0.5412765741348267,
        0.5448797345161438,
        0.5326282978057861,
        0.5360117554664612,
        0.49819275736808777,
        0.5799162983894348,
        0.5667550563812256,
        0.5659444332122803,
        0.6568049788475037,
        0.5080498456954956,
        0.5518720149993896,
        0.5163407921791077,
        0.4870861768722534,
        0.49924641847610474,
        0.45172688364982605,
        0.505394458770752
    ],
    "val_loss": [
        1.6829277276992798,
        1.6412628889083862,
        1.5955718755722046,
        1.5449585914611816,
        1.4983627796173096,
        1.4531025886535645,
        1.419676423072815,
        1.3781139850616455,
        1.340467929840088,
        1.3011115789413452,
        1.255431056022644,
        1.2096022367477417,
        1.1756126880645752,
        1.1282079219818115,
        1.0976017713546753,
        1.0680769681930542,
        1.0348410606384277,
        1.0278905630111694,
        1.0094077587127686,
        1.0032572746276855,
        0.9877840280532837,
        0.9579288363456726,
        0.9396216869354248,
        0.8991909027099609,
        0.8897292613983154,
        0.8878364562988281,
        0.8621755242347717,
        0.8435602784156799,
        0.8489706516265869,
        0.8192319273948669,
        0.8064266443252563,
        0.8189090490341187,
        0.8155056238174438,
        0.8029503226280212,
        0.7858593463897705,
        0.7721746563911438,
        0.7670384049415588,
        0.7941011190414429,
        0.7759875655174255,
        0.7684635519981384,
        0.7542184591293335,
        0.7358944416046143,
        0.7400574088096619,
        0.7252488732337952,
        0.7270863056182861,
        0.724339485168457,
        0.7323154807090759,
        0.7239769101142883,
        0.7194819450378418,
        0.7103099226951599,
        0.7043390274047852,
        0.6893613338470459,
        0.6628859043121338,
        0.6577220559120178,
        0.6404545307159424,
        0.6373850107192993,
        0.6320647597312927,
        0.6148642897605896,
        0.6129541397094727,
        0.5987356305122375,
        0.5953953266143799,
        0.591282069683075,
        0.6057626605033875,
        0.6097379326820374,
        0.6176954507827759,
        0.6278990507125854,
        0.6473335027694702,
        0.6795974373817444,
        0.6754356622695923,
        0.6847383975982666,
        0.687791109085083,
        0.6691739559173584,
        0.6736606359481812,
        0.6798482537269592,
        0.6975383758544922,
        0.7015675902366638,
        0.680527925491333,
        0.6700222492218018,
        0.664218544960022,
        0.6517521142959595,
        0.6296067833900452,
        0.6286875009536743,
        0.6047849059104919,
        0.5848299264907837,
        0.5846010446548462,
        0.5689114332199097,
        0.577866792678833,
        0.5850748419761658,
        0.6059946417808533,
        0.6234488487243652,
        0.6589101552963257,
        0.6596744656562805,
        0.6500282287597656,
        0.6275269985198975,
        0.6298550963401794,
        0.6315705180168152,
        0.605111837387085,
        0.6119955778121948,
        0.62708979845047,
        0.612464189529419,
        0.6268294453620911,
        0.6371623873710632,
        0.6609157919883728,
        0.6379982233047485,
        0.6396566033363342,
        0.6470528244972229,
        0.6014049649238586,
        0.603798508644104,
        0.6255371570587158,
        0.5973281860351562,
        0.5795285701751709,
        0.5742226243019104,
        0.5784715414047241,
        0.590828001499176,
        0.5894477367401123,
        0.5939415693283081
    ],