{
    "hyperparameters": {
        "activation": "relu",
        "dropout_rate": 0.1324195972695,
        "hidden_units": 87,
        "learning_rate": 0.0086176384545,
        "num_layers": 1,
        "weight_decay": 0.0014307903182
    },
    "dataset_stats": {
        "name": "BeetleFly",
        "train_size": 36,
        "val_size": 9,
        "input_shape": [
            512,
            1
        ],
        "num_classes": 2
    },
    "epochs": 31,
    "train_loss": [
        0.7036684155464172,
        0.4854603409767151,
        0.2564742863178253,
        0.20213371515274048,
        0.14310890436172485,
        0.15546727180480957,
        0.09942474961280823,
        0.16732996702194214,
        0.06943587213754654,
        0.03884812071919441,
        0.05336404964327812,
        0.05965915694832802,
        0.06823310256004333,
        0.039941947907209396,
        0.051056087017059326,
        0.052530188113451004,
        0.04840438812971115,
        0.0171815212816,
        0.016109541058540344,
        0.03292876482009888,
        0.01004311814904213,
        0.01273028552532196,
        0.007870604284107685,
        0.012359093874692917,
        0.030056456103920937,
        0.007829898968338966,
        0.007702951785176992,
        0.007103408221155405,
        0.004860056098550558,
        0.008581260219216347,
        0.0038217881228774786
    ],
    "val_loss": [
        0.6651785373687744,
        0.5394087433815002,
        0.6958723664283752,
        0.7673196792602539,
        0.694362223148346,
        0.6565244197845459,
        0.6416077613830566,
        0.699957549571991,
        0.7476654648780823,
        0.7312328815460205,
        0.7278874516487122,
        0.7745615243911743,
        0.7167761921882629,
        0.7009124159812927,
        0.7644439935684204,
        0.7646602392196655,
        0.788695216178894,
        0.9580191373825073,
        1.0282670259475708,
        1.1371922492980957,
        1.1235644817352295,
        1.2054299116134644,
        1.2616102695465088,
        1.289314866065979,
        1.3281599283218384,
        1.3406039476394653,
        1.3980727195739746,
        1.4052605628967285,
        1.4452250003814697,
        1.4401291608810425,
        1.57884681224823,
        1.5897679328918457
    ],
    "train_accuracy": [
        0.5833333134651184,
        0.75,
        0.9444444179534912,
        1.0,
        1.0,
        0.9722222089767456,
        0.9722222089767456,
        0.9722222089767456,
        1.0,
        1.0,
        1.0,
        1.0,
        1.0,
        1.0,
        1.0,
        0.9722222089767456,
        1.0,
        1.0,
        1.0,
        1.0,
        1.0,
        1.0,
        1.0,
        1.0,
        1.0,
        1.0,
        1.0,
        1.0,
        1.0,
        1.0,
        1.0
    ],
    "val_accuracy": [
        0.5555555820465088,
        0.6666666865348816,
        0.6666666865348816,
        0.5555555820465088,
        0.6666666865348816,
        0.7777777910232544,
        0.8888888955116272,
        0.7777777910232544,
        0.7777777910232544,
        0.7777777910232544,
        0.6666666865348816,
        0.6666666865348816,
        0.6666666865348816,
        0.7777777910232544,
        0.7777777910232544,
        0.7777777910232544,
        0.7777777910232544,
        0.7777777910232544,
        0.7777777910232544,
        0.7777777910232544,
        0.7777777910232544,
        0.7777777910232544,
        0.7777777910232544,
        0.7777777910232544,
        0.7777777910232544,
        0.7777777910232544,
        0.7777777910232544,
        0.7777777910232544,
        0.7777777910232544,
        0.7777777910232544,
        0.7777777910232544,
        0.7777777910232544
    ],
    "epoch_times": [
        0.013186931610107422,
        0.05026412010192871,
        0.01275944709777832,
        0.012723445892333984,
        0.03803658485412598,
        0.01267242431640625,
        0.0425112247467041,
        0.04012107849121094,
        0.012595891952514648,
        0.07396507263183594,
        0.013040542602539062,
        0.04030251502990723,
        0.04058718681335449,
        0.012529850006103516,
        0.0742950439453125,
        0.012677669525146484,
        0.040177345275878906,
        0.04078555107116699,
        0.012636423110961914,
        0.07233953475952148,
        0.012725353240966797,
        0.04242563247680664,
        0.04024696350097656,
        0.012677907943725586,
        0.07249712944030762,
        0.012755393981933594,
        0.04440498352050781,
        0.03816866874694824,
        0.012592554092407227,
        0.07515764236450195,
        0.012684345245361328
    ]
}