{
    "hyperparameters": {
        "activation": "relu",
        "dropout_rate": 0.2214457874824,
        "hidden_units": 100,
        "learning_rate": 0.001933683899,
        "num_layers": 3,
        "weight_decay": 0.0029059715882
    },
    "dataset_stats": {
        "name": "BirdChicken",
        "train_size": 36,
        "val_size": 9,
        "input_shape": [
            512,
            1
        ],
        "num_classes": 2
    },
    "epochs": 123,
    "train_loss": [
        0.8455978631973267,
        0.599200963973999,
        0.5312930345535278,
        0.45084837079048157,
        0.3769015073776245,
        0.43826818466186523,
        0.4649878144264221,
        0.47977161407470703,
        0.5073237419128418,
        0.4879901111125946,
        0.47305238246917725,
        0.3204420506954193,
        0.4031863212585449,
        0.44325578212738037,
        0.4091055989265442,
        0.32941076159477234,
        0.3510344326496124,
        0.3227134346961975,
        0.26021939516067505,
        0.2944035232067108,
        0.352288156747818,
        0.2926085293292999,
        0.3384372889995575,
        0.3105018436908722,
        0.4023894965648651,
        0.23589621484279633,
        0.287828654050827,
        0.21095089614391327,
        0.27968838810920715,
        0.2692539691925049,
        0.22895652055740356,
        0.25709331035614014,
        0.27853477001190186,
        0.21771471202373505,
        0.17322209477424622,
        0.16707159578800201,
        0.1601337492465973,
        0.1916259080171585,
        0.2237730622291565,
        0.17253391444683075,
        0.23647907376289368,
        0.2065230906009674,
        0.20666104555130005,
        0.1690579503774643,
        0.23054943978786469,
        0.14628124237060547,
        0.228666752576828,
        0.18469657003879547,
        0.2042267769575119,
        0.13113746047019958,
        0.1701604425907135,
        0.205034077167511,
        0.186172753572464,
        0.18060167133808136,
        0.2052307277917862,
        0.17496417462825775,
        0.10058208554983139,
        0.26685407757759094,
        0.2831353545188904,
        0.13338376581668854,
        0.22107958793640137,
        0.10137197375297546,
        0.07302958518266678,
        0.12286494672298431,
        0.13214203715324402,
        0.0722343921661377,
        0.09878034144639969,
        0.09192734211683273,
        0.23689869046211243,
        0.11709470301866531,
        0.2037302851676941,
        0.13659144937992096,
        0.09866353124380112,
        0.1858169287443161,
        0.13077501952648163,
        0.09888303279876709,
        0.12711651623249054,
        0.15293322503566742,
        0.1661544144153595,
        0.08745831996202469,
        0.06984364241361618,
        0.1234249547123909,
        0.09168639779090881,
        0.1141793429851532,
        0.11870217323303223,
        0.06930027902126312,
        0.11790768057107925,
        0.08574346452951431,
        0.08865363150835037,
        0.17541667819023132,
        0.07864436507225037,
        0.10183107852935791,
        0.16027413308620453,
        0.13710080087184906,
        0.14706774055957794,
        0.4117734134197235,
        0.10140451788902283,
        0.11553943157196045,
        0.11222680658102036,
        0.1424521505832672,
        0.13128454983234406,
        0.12253202497959137,
        0.12482723593711853,
        0.1148606687784195,
        0.09072500467300415,
        0.08072670549154282,
        0.08854159712791443,
        0.07338416576385498,
        0.08814671635627747,
        0.0692438930273056,
        0.1436995416879654,
        0.13314568996429443,
        0.12687911093235016,
        0.11222109198570251,
        0.16371166706085205,
        0.0762505754828453,
        0.06509988009929657,
        0.11107117682695389,
        0.09405753761529922,
        0.048126496374607086,
        0.09498944133520126,
        0.04961787536740303,
        0.0577596016228199
    ],
    "val_loss": [
        0.673983097076416,
        0.6540917754173279,
        0.6339345574378967,
        0.6205888986587524,
        0.5957744121551514,
        0.5601860284805298,
        0.5319166779518127,
        0.49679696559906006,
        0.5025510787963867,
        0.48083367943763733,
        0.4622655510902405,
        0.4615679383277893,
        0.4664844870567322,
        0.4626753628253937,
        0.4796810746192932,
        0.4524323642253876,
        0.4644944369792938,
        0.4455329477787018,
        0.4632328748703003,
        0.4827559292316437,
        0.5098785161972046,
        0.5145781636238098,
        0.5116367340087891,
        0.48181962966918945,
        0.4634319841861725,
        0.4398040771484375,
        0.456186980009079,
        0.48582881689071655,
        0.4780748188495636,
        0.4901903569698334,
        0.5019140839576721,
        0.5114174485206604,
        0.5070904493331909,
        0.4963722825050354,
        0.49196895956993103,
        0.5060855150222778,
        0.5145426988601685,
        0.4833177328109741,
        0.48561015725135803,
        0.49015575647354126,
        0.5029894709587097,
        0.49273306131362915,
        0.4998195469379425,
        0.5013939142227173,
        0.4852781891822815,
        0.47662103176116943,
        0.435509592294693,
        0.43303290009498596,
        0.4228248596191406,
        0.40389472246170044,
        0.386417031288147,
        0.3744206130504608,
        0.42432501912117004,
        0.4343816041946411,
        0.4461997449398041,
        0.4563870429992676,
        0.4436112344264984,
        0.46016058325767517,
        0.5012209415435791,
        0.5179246068000793,
        0.5322840809822083,
        0.5300770998001099,
        0.5148102641105652,
        0.5232651233673096,
        0.5195547938346863,
        0.4953872263431549,
        0.47582995891571045,
        0.49150222539901733,
        0.4572714567184448,
        0.4095720648765564,
        0.3740736246109009,
        0.36271941661834717,
        0.36070334911346436,
        0.3791307508945465,
        0.4231875538825989,
        0.4341791868209839,
        0.46745383739471436,
        0.4313352108001709,
        0.47067001461982727,
        0.44936689734458923,
        0.42248260974884033,
        0.4129068851470947,
        0.39659401774406433,
        0.38159167766571045,
        0.4073374569416046,
        0.3842400312423706,
        0.3975163698196411,
        0.41866713762283325,
        0.37755537033081055,
        0.37765201926231384,
        0.3490816056728363,
        0.2644335627555847,
        0.1996593475341797,
        0.17966704070568085,
        0.18890513479709625,
        0.1989116370677948,
        0.22013290226459503,
        0.2681131064891815,
        0.28287628293037415,
        0.27519935369491577,
        0.29273244738578796,
        0.310739666223526,
        0.33918777108192444,
        0.4073830842971802,
        0.457697331905365,
        0.5190856456756592,
        0.5098767280578613,
        0.48667848110198975,
        0.466573566198349,
        0.3655861020088196,
        0.3522252142429352,
        0.3365970849990845,
        0.3418305218219757,
        0.326250284910202,
        0.354788213968277,
        0.37787359952926636,
        0.46832311153411865,
        0.4226728677749634,
        0.36982324719429016,
        0.38370051980018616,
        0.36724913120269775,
        0.39359089732170105,
        0.3643743097782135,
        0.3522002100944519
    ],