{
    "hyperparameters": {
        "activation": "sigmoid",
        "dropout_rate": 0.1706858036124,
        "kernel_size": 7,
        "learning_rate": 0.0010746682468,
        "num_filters": 157,
        "num_layers": 3,
        "pooling": "max",
        "pooling_size": 1
    },
    "dataset_stats": {
        "name": "Car",
        "train_size": 96,
        "val_size": 24,
        "input_shape": [
            1,
            577
        ],
        "num_classes": 4
    },
    "epochs": 47,
    "train_loss": [
        1.771640419960022,
        1.4406477212905884,
        1.2669628858566284,
        1.1561472415924072,
        1.1939940452575684,
        1.188257098197937,
        1.0965334177017212,
        1.056886911392212,
        1.0764468908309937,
        0.9783536791801453,
        0.9889799952507019,
        0.8742871880531311,
        0.8824760913848877,
        0.8274237513542175,
        0.7950897812843323,
        0.7890691161155701,
        0.7182071208953857,
        0.6464770436286926,
        0.5944721102714539,
        0.5884649753570557,
        0.583806037902832,
        0.6010147929191589,
        0.609711229801178,
        0.48038220405578613,
        0.4586663544178009,
        0.5062872767448425,
        0.5035119652748108,
        0.35947200655937195,
        0.5260807871818542,
        0.34138599038124084,
        0.3676561415195465,
        0.3812445104122162,
        0.39286360144615173,
        0.3643115758895874,
        0.3360435962677002,
        0.3298504054546356,
        0.25351354479789734,
        0.31083348393440247,
        0.26389050483703613,
        0.3470074236392975,
        0.2680574357509613,
        0.3095400035381317,
        0.4257311522960663,
        0.19927756488323212,
        0.39166370034217834,
        0.31726428866386414,
        0.2216860055923462
    ],
    "val_loss": [
        1.4333425760269165,
        1.4301776885986328,
        1.4265884160995483,
        1.4223686456680298,
        1.4191217422485352,
        1.41533362865448,
        1.4101343154907227,
        1.4047483205795288,
        1.397702693939209,
        1.3895525932312012,
        1.3763799667358398,
        1.3586071729660034,
        1.3425636291503906,
        1.3345351219177246,
        1.3507418632507324,
        1.3349032402038574,
        1.288882851600647,
        1.2367724180221558,
        1.3665553331375122,
        1.3656526803970337,
        1.2837072610855103,
        1.2773101329803467,
        1.5164085626602173,
        1.5965274572372437,
        1.4194039106369019,
        1.4670161008834839,
        1.5248923301696777,
        1.4468539953231812,
        1.319143533706665,
        1.410374641418457,
        1.8413869142532349,
        1.7623411417007446,
        1.8845857381820679,
        2.0057644844055176,
        1.6917533874511719,
        1.504327416419983,
        1.3258352279663086,
        1.559639573097229,
        1.943681240081787,
        1.7911901473999023,
        1.6106032133102417,
        1.532484531402588,
        1.5581897497177124,
        1.7435487508773804,
        2.069436550140381,
        1.989535927772522,
        1.9076018333435059,
        1.7886399030685425
    ],
    "train_accuracy": [
        0.28125,
        0.3020833432674408,
        0.46875,
        0.5416666865348816,
        0.5,
        0.4479166567325592,
        0.53125,
        0.5104166865348816,
        0.5520833134651184,
        0.5833333134651184,
        0.5416666865348816,
        0.625,
        0.65625,
        0.6354166865348816,
        0.65625,
        0.7395833134651184,
        0.7708333134651184,
        0.78125,
        0.7604166865348816,
        0.8333333134651184,
        0.78125,
        0.7395833134651184,
        0.75,
        0.875,
        0.8541666865348816,
        0.8229166865348816,
        0.8229166865348816,
        0.9166666865348816,
        0.8333333134651184,
        0.9166666865348816,
        0.875,
        0.875,
        0.8333333134651184,
        0.8125,
        0.8854166865348816,
        0.8645833134651184,
        0.9166666865348816,
        0.9166666865348816,
        0.8958333134651184,
        0.8541666865348816,
        0.875,
        0.8958333134651184,
        0.8854166865348816,
        0.9479166865348816,
        0.8645833134651184,
        0.8645833134651184,
        0.90625
    ],
    "val_accuracy": [
        0.125,
        0.125,
        0.125,
        0.125,
        0.125,
        0.125,
        0.125,
        0.125,
        0.125,
        0.1666666716337204,
        0.2083333283662796,
        0.3333333432674408,
        0.5,
        0.4583333432674408,
        0.375,
        0.2916666567325592,
        0.5,
        0.5,
        0.5,
        0.625,
        0.625,
        0.625,
        0.4583333432674408,
        0.4583333432674408,
        0.5833333134651184,
        0.5833333134651184,
        0.5833333134651184,
        0.5416666865348816,
        0.6666666865348816,
        0.7083333134651184,
        0.625,
        0.5416666865348816,
        0.5416666865348816,
        0.5833333134651184,
        0.5416666865348816,
        0.5833333134651184,
        0.75,
        0.625,
        0.5416666865348816,
        0.6666666865348816,
        0.5833333134651184,
        0.6666666865348816,
        0.75,
        0.7083333134651184,
        0.625,
        0.5833333134651184,
        0.625,
        0.6666666865348816
    ],
    "epoch_times": [
        0.40314579010009766,
        0.08620142936706543,
        0.16093754768371582,
        0.0948491096496582,
        0.15237188339233398,
        0.09416079521179199,
        0.1588764190673828,
        0.09093832969665527,
        0.08690547943115234,
        0.1514279842376709,
        0.09240341186523438,
        0.08805108070373535,
        0.1537787914276123,
        0.08934521675109863,
        0.08868026733398438,
        0.15229058265686035,
        0.08966922760009766,
        0.09022092819213867,
        0.1495816707611084,
        0.08898520469665527,
        0.08673357963562012,
        0.1370716094970703,
        0.09811687469482422,
        0.08555459976196289,
        0.08477115631103516,
        0.0955803394317627,
        0.09126067161560059,
        0.2723886966705322,
        0.15391945838928223,
        0.09037256240844727,
        0.17028284072875977,
        0.09860777854919434,
        0.09964346885681152,
        0.09278726577758789,
        0.14233040809631348,
        0.09161162376403809,
        0.08727169036865234,
        0.09780192375183105,
        0.10114431381225586,
        0.09252071380615234,
        0.10782337188720703,
        0.17742609977722168,
        0.16559314727783203,
        0.08926248550415039,
        0.09383082389831543,
        0.15465188026428223,
        0.08830547332763672
    ]
}