{
    "hyperparameters": {
        "activation": "gelu",
        "dropout_rate": 0.085929710744,
        "ff_dim": 588,
        "hidden_units": 222,
        "learning_rate": 0.0001061877299,
        "num_heads": 3,
        "num_layers": 2,
        "pooling": "mean",
        "weight_decay": 1.93873466e-05
    },
    "dataset_stats": {
        "name": "Adiac",
        "train_size": 312,
        "val_size": 78,
        "input_shape": [
            176,
            1
        ],
        "num_classes": 37
    },
    "epochs": 113,
    "train_loss": [
        3.935014486312866,
        3.4724998474121094,
        3.526515007019043,
        3.5464231967926025,
        3.562983751296997,
        3.6051127910614014,
        3.3850936889648438,
        3.3763153553009033,
        3.29022216796875,
        2.8979060649871826,
        2.8688504695892334,
        2.2839653491973877,
        2.838879346847534,
        2.574536085128784,
        2.2254202365875244,
        3.009463310241699,
        2.1608166694641113,
        2.193551540374756,
        2.5690712928771973,
        2.4924979209899902,
        2.3670976161956787,
        2.591127395629883,
        2.230238914489746,
        2.326275587081909,
        1.769804835319519,
        2.064340114593506,
        2.030107021331787,
        2.4204602241516113,
        1.5938291549682617,
        1.9788280725479126,
        1.514929175376892,
        1.9528212547302246,
        1.7053982019424438,
        1.9888423681259155,
        1.92251455783844,
        1.4409961700439453,
        1.3827128410339355,
        1.5431104898452759,
        1.6031535863876343,
        1.8557785749435425,
        1.3574496507644653,
        1.5677804946899414,
        1.5030559301376343,
        1.3774856328964233,
        1.4700614213943481,
        0.9273779392242432,
        1.4394532442092896,
        1.3979991674423218,
        1.1216140985488892,
        1.2643197774887085,
        1.3277531862258911,
        0.9473559856414795,
        0.8625494837760925,
        1.1478445529937744,
        1.0083681344985962,
        1.2275904417037964,
        1.0315319299697876,
        1.2194794416427612,
        1.1807104349136353,
        1.2473794221878052,
        0.9852535128593445,
        1.0940567255020142,
        0.7966403961181641,
        0.798921525478363,
        0.7585315108299255,
        0.9242019653320312,
        1.160730004310608,
        0.7419750094413757,
        0.6742931008338928,
        0.75094074010849,
        0.6280069351196289,
        0.6241726875305176,
        0.7132607102394104,
        0.751082718372345,
        0.7685466408729553,
        0.8491409420967102,
        0.9335924983024597,
        0.7239618897438049,
        0.704255998134613,
        0.8595452904701233,
        0.6776618957519531,
        0.6237319111824036,
        0.6304331421852112,
        0.6657398343086243,
        0.46263086795806885,
        0.7234867215156555,
        0.48644641041755676,
        0.702334463596344,
        0.6578030586242676,
        0.7455645203590393,
        0.5360038876533508,
        0.6607915759086609,
        0.6045907139778137,
        0.49570441246032715,
        0.5669095516204834,
        0.6370466947555542,
        0.618648886680603,
        0.6874814033508301,
        0.3456558883190155,
        0.7535440921783447,
        0.7054996490478516,
        0.6883555054664612,
        0.6844963431358337,
        1.000159740447998,
        0.791121244430542,
        0.589263916015625,
        0.6494522094726562,
        0.608869731426239,
        0.45015478134155273,
        0.5454447865486145,
        0.4932924509048462,
        0.43774545192718506,
        0.36703217029571533
    ],
    "val_loss": [
        4.294285774230957,
        3.7661805152893066,
        3.63602614402771,
        3.6691932678222656,
        3.5441057682037354,
        3.4640440940856934,
        3.4348156452178955,
        3.482459545135498,
        3.3573222160339355,
        3.397122859954834,
        3.1252195835113525,
        3.098139762878418,
        3.1232221126556396,
        3.1357948780059814,
        2.8697702884674072,
        2.8119490146636963,
        2.8880252838134766,
        2.632068157196045,
        2.652958393096924,
        2.601963996887207,
        2.5107204914093018,
        2.565973997116089,
        2.425450563430786,
        2.5332887172698975,
        2.3779337406158447,
        2.5344197750091553,
        2.292625904083252,
        2.3819901943206787,
        2.435587167739868,
        2.1818690299987793,
        2.2885615825653076,
        2.207165241241455,
        2.244215965270996,
        2.2134861946105957,
        2.1672210693359375,
        2.0889267921447754,
        2.043318510055542,
        1.9838470220565796,
        2.0168588161468506,
        1.947812557220459,
        2.10870099067688,
        2.0215628147125244,
        1.9921178817749023,
        1.8861377239227295,
        1.9230468273162842,
        1.8396799564361572,
        1.916974425315857,
        1.9312667846679688,
        1.9562631845474243,
        1.8194208145141602,
        1.8965609073638916,
        1.8458300828933716,
        1.883384346961975,
        1.9400691986083984,
        1.7791194915771484,
        1.9041430950164795,
        1.863541841506958,
        1.8774487972259521,
        1.7810338735580444,
        1.9193326234817505,
        1.8020044565200806,
        1.7835077047348022,
        1.8038744926452637,
        1.7785488367080688,
        1.7644225358963013,
        1.7893630266189575,
        1.7859821319580078,
        1.777821660041809,
        1.8454275131225586,
        1.767691731452942,
        1.8959674835205078,
        1.8143267631530762,
        1.7963266372680664,
        1.8054919242858887,
        1.7812670469284058,
        1.810176134109497,
        1.7837258577346802,
        1.7570056915283203,
        1.7603055238723755,
        1.7485109567642212,
        1.7614437341690063,
        1.741988182067871,
        1.7469485998153687,
        1.7315292358398438,
        1.7483510971069336,
        1.7448898553848267,
        1.7449758052825928,
        1.7895938158035278,
        1.7512847185134888,
        1.7541574239730835,
        1.753273367881775,
        1.7626880407333374,
        1.7467104196548462,
        1.768358826637268,
        1.75421142578125,
        1.7576977014541626,
        1.7566498517990112,
        1.756357192993164,
        1.7606983184814453,
        1.7532199621200562,
        1.752685308456421,
        1.7561066150665283,
        1.7604739665985107,
        1.764082908630371,
        1.7614203691482544,
        1.7603607177734375,
        1.757802963256836,
        1.7558642625808716,
        1.7582916021347046,
        1.7606887817382812,
        1.7607887983322144,
        1.7615960836410522,
        1.7608298063278198,
        1.760931372642517
    ],