{
    "hyperparameters": {
        "activation": "tanh",
        "dropout_rate": 0.3290623342056,
        "hidden_units": 71,
        "learning_rate": 0.0005042730213,
        "num_layers": 2,
        "weight_decay": 0.0026310608738
    },
    "dataset_stats": {
        "name": "ArrowHead",
        "train_size": 49,
        "val_size": 12,
        "input_shape": [
            251,
            1
        ],
        "num_classes": 3
    },
    "epochs": 62,
    "train_loss": [
        1.258102297782898,
        1.271955966949463,
        1.0939439535140991,
        1.0479130744934082,
        0.8943784832954407,
        0.9302239418029785,
        0.9261765480041504,
        0.8400405645370483,
        0.7861480712890625,
        0.7585036754608154,
        0.8020491600036621,
        0.7065309882164001,
        0.752142608165741,
        0.6570107340812683,
        0.5592730641365051,
        0.6209477186203003,
        0.5621345639228821,
        0.6095573902130127,
        0.5839889645576477,
        0.524459719657898,
        0.5997670292854309,
        0.5129746198654175,
        0.5357793569564819,
        0.5313612818717957,
        0.5855509042739868,
        0.523796021938324,
        0.5122708082199097,
        0.4646945595741272,
        0.48631489276885986,
        0.5237487554550171,
        0.4133031666278839,
        0.4563753306865692,
        0.502781093120575,
        0.4084584414958954,
        0.45301589369773865,
        0.5306442379951477,
        0.4543576240539551,
        0.42440399527549744,
        0.3318355083465576,
        0.3805385231971741,
        0.3745157718658447,
        0.3576924800872803,
        0.34497159719467163,
        0.4313261806964874,
        0.35318320989608765,
        0.3199428915977478,
        0.3296380639076233,
        0.30721306800842285,
        0.27707600593566895,
        0.374068021774292,
        0.28204774856567383,
        0.3078104853630066,
        0.3010258078575134,
        0.3125881254673004,
        0.29525232315063477,
        0.2948243021965027,
        0.30227023363113403,
        0.23852884769439697,
        0.29395100474357605,
        0.25293126702308655,
        0.3220588266849518,
        0.29010260105133057
    ],
    "val_loss": [
        1.0848866701126099,
        1.0802990198135376,
        1.0709909200668335,
        1.0575480461120605,
        1.0357730388641357,
        1.0072749853134155,
        0.9776837229728699,
        0.9484328627586365,
        0.9205679297447205,
        0.8923913836479187,
        0.8651472926139832,
        0.833885133266449,
        0.8058002591133118,
        0.7821177840232849,
        0.7585076689720154,
        0.7332876324653625,
        0.7170696258544922,
        0.6998485922813416,
        0.6841203570365906,
        0.6782171130180359,
        0.671565055847168,
        0.6683788895606995,
        0.6649839878082275,
        0.6680838465690613,
        0.6525623798370361,
        0.6514152884483337,
        0.6508456468582153,
        0.6352922320365906,
        0.6051937341690063,
        0.5734027028083801,
        0.5497484803199768,
        0.5259714722633362,
        0.5075595378875732,
        0.5289283990859985,
        0.5614044070243835,
        0.5953211784362793,
        0.6067078113555908,
        0.6001022458076477,
        0.5587489008903503,
        0.5329034924507141,
        0.530708372592926,
        0.5352547764778137,
        0.5527035593986511,
        0.5783938765525818,
        0.6116421222686768,
        0.6592414379119873,
        0.6852145195007324,
        0.7022886872291565,
        0.6805593371391296,
        0.6330959796905518,
        0.622998833656311,
        0.6078022718429565,
        0.6063766479492188,
        0.5957183837890625,
        0.5741028189659119,
        0.586613118648529,
        0.5921550393104553,
        0.5851245522499084,
        0.5747368931770325,
        0.6187230944633484,
        0.7140921950340271,
        0.8068854212760925,
        0.7717135548591614
    ],
    "train_accuracy": [
        0.2448979616165161,
        0.30612245202064514,
        0.44897958636283875,
        0.5510203838348389,
        0.5714285969734192,
        0.5510203838348389,
        0.6326530575752258,
        0.6938775777816772,
        0.6938775777816772,
        0.7346938848495483,
        0.6122449040412903,
        0.7142857313156128,
        0.6938775777816772,
        0.7755101919174194,
        0.8163265585899353,
        0.7346938848495483,
        0.795918345451355,
        0.7551020383834839,
        0.795918345451355,
        0.8163265585899353,
        0.8163265585899353,
        0.8571428656578064,
        0.7551020383834839,
        0.8571428656578064,
        0.8163265585899353,
        0.8163265585899353,
        0.8367347121238708,
        0.795918345451355,
        0.8979591727256775,
        0.8367347121238708,
        0.8571428656578064,
        0.8367347121238708,
        0.8367347121238708,
        0.8367347121238708,
        0.8367347121238708,
        0.7551020383834839,
        0.8775510191917419,
        0.8571428656578064,
        0.918367326259613,
        0.8979591727256775,
        0.918367326259613,
        0.8979591727256775,
        0.8979591727256775,
        0.8571428656578064,
        0.8979591727256775,
        0.918367326259613,
        0.9387755393981934,
        0.9387755393981934,
        0.9387755393981934,
        0.8775510191917419,
        0.918367326259613,
        0.8979591727256775,
        0.8571428656578064,
        0.9387755393981934,
        0.918367326259613,
        0.8775510191917419,
        0.9387755393981934,
        0.9387755393981934,
        0.8775510191917419,
        0.918367326259613,
        0.9387755393981934,
        0.918367326259613
    ],
    "val_accuracy": [
        0.4166666567325592,
        0.4166666567325592,
        0.4166666567325592,
        0.4166666567325592,
        0.4166666567325592,
        0.5,
        0.5,
        0.5,
        0.5,
        0.5833333730697632,
        0.5833333730697632,
        0.5833333730697632,
        0.5833333730697632,
        0.5833333730697632,
        0.5833333730697632,
        0.5833333730697632,
        0.5833333730697632,
        0.6666666865348816,
        0.6666666865348816,
        0.6666666865348816,
        0.6666666865348816,
        0.6666666865348816,
        0.6666666865348816,
        0.6666666865348816,
        0.6666666865348816,
        0.75,
        0.75,
        0.75,
        0.8333333134651184,
        0.8333333134651184,
        0.8333333134651184,
        0.8333333134651184,
        0.8333333134651184,
        0.8333333134651184,
        0.8333333134651184,
        0.8333333134651184,
        0.8333333134651184,
        0.8333333134651184,
        0.8333333134651184,
        0.8333333134651184,
        0.9166666865348816,
        0.8333333134651184,
        0.75,
        0.8333333134651184,
        0.8333333134651184,
        0.8333333134651184,
        0.75,
        0.6666666865348816,
        0.75,
        0.75,
        0.75,
        0.75,
        0.75,
        0.75,
        0.75,
        0.75,
        0.75,
        0.75,
        0.75,
        0.75,
        0.6666666865348816,
        0.5833333730697632,
        0.6666666865348816
    ],