{
    "hyperparameters": {
        "activation": "gelu",
        "dropout_rate": 0.004576789529,
        "ff_dim": 271,
        "hidden_units": 74,
        "learning_rate": 4.0582752e-05,
        "num_heads": 7,
        "num_layers": 3,
        "pooling": "max",
        "weight_decay": 8.00892986e-05
    },
    "dataset_stats": {
        "name": "ChlorineConcentration",
        "train_size": 374,
        "val_size": 93,
        "input_shape": [
            166,
            1
        ],
        "num_classes": 3
    },
    "epochs": 63,
    "train_loss": [
        1.0862573385238647,
        0.7948880791664124,
        0.8455936908721924,
        1.030691146850586,
        0.9040565490722656,
        0.836895763874054,
        0.9764342904090881,
        0.9531719088554382,
        1.021899938583374,
        0.820993959903717,
        1.145436406135559,
        0.8743814826011658,
        0.9929993152618408,
        1.0562450885772705,
        0.9537106156349182,
        0.9949573278427124,
        0.9372658133506775,
        0.9064147472381592,
        0.9195595383644104,
        1.0237458944320679,
        0.8948686122894287,
        0.8897581100463867,
        0.9707527756690979,
        1.005006194114685,
        0.8416746258735657,
        0.9893348813056946,
        0.8643391132354736,
        0.8960473537445068,
        0.992179811000824,
        0.8777664303779602,
        0.9962576031684875,
        0.8394531607627869,
        0.998737096786499,
        0.7585029006004333,
        1.09401273727417,
        0.7880409359931946,
        0.8704565167427063,
        0.8487962484359741,
        0.8889482617378235,
        0.8703761696815491,
        0.9258956909179688,
        0.901377260684967,
        0.938645601272583,
        0.8539236187934875,
        0.88259357213974,
        0.9914144277572632,
        0.845326840877533,
        0.906061589717865,
        0.7934815883636475,
        0.7886441946029663,
        0.896523118019104,
        0.7690374851226807,
        0.9068300127983093,
        0.9405643343925476,
        0.8311713933944702,
        0.9903638958930969,
        0.8789677023887634,
        0.9978208541870117,
        0.8833109140396118,
        0.8203164935112,
        0.9504117965698242,
        0.9616348147392273,
        0.8389272093772888
    ],
    "val_loss": [
        0.9961782097816467,
        1.0129830837249756,
        0.9731009006500244,
        0.95537269115448,
        0.9628545045852661,
        0.954542338848114,
        0.9566606283187866,
        0.9613605737686157,
        0.95208740234375,
        0.952823281288147,
        0.946144163608551,
        0.9469506144523621,
        0.9590920209884644,
        0.9436659216880798,
        0.9481689929962158,
        0.9530682563781738,
        0.9497235417366028,
        0.9496337175369263,
        0.9464386701583862,
        0.9446012377738953,
        0.9451040625572205,
        0.9497991800308228,
        0.9416413903236389,
        0.9409440755844116,
        0.9448375105857849,
        0.9431006908416748,
        0.9405096173286438,
        0.9413107633590698,
        0.9401714205741882,
        0.9423921704292297,
        0.9487097263336182,
        0.9472749829292297,
        0.9386472105979919,
        0.9372085928916931,
        0.9469742178916931,
        0.9399765133857727,
        0.9435915350914001,
        0.9480880498886108,
        0.9403074383735657,
        0.941733717918396,
        0.94366055727005,
        0.9404250979423523,
        0.9372259974479675,
        0.9384276866912842,
        0.9385664463043213,
        0.9390972256660461,
        0.9382389783859253,
        0.9374234676361084,
        0.9381280541419983,
        0.9393015503883362,
        0.9380789399147034,
        0.9393892884254456,
        0.9391689300537109,
        0.9390985369682312,
        0.9388151168823242,
        0.9390736222267151,
        0.9384203553199768,
        0.938904881477356,
        0.9386358857154846,
        0.9388018250465393,
        0.9391819834709167,
        0.9389209747314453,
        0.9390698671340942,
        0.9394455552101135
    ],
    "train_accuracy": [
        0.5454545617103577,
        0.8181818723678589,
        0.6818181872367859,
        0.5,
        0.5909091234207153,
        0.7727273106575012,
        0.6363636255264282,
        0.5909091234207153,
        0.5,
        0.6818181872367859,
        0.40909093618392944,
        0.6363636255264282,
        0.5454545617103577,
        0.4545454680919647,
        0.5909091234207153,
        0.5454545617103577,
        0.5909091234207153,
        0.5909091234207153,
        0.5454545617103577,
        0.5,
        0.6818181872367859,
        0.5454545617103577,
        0.5,
        0.4545454680919647,
        0.6818181872367859,
        0.4545454680919647,
        0.5909091234207153,
        0.5909091234207153,
        0.5454545617103577,
        0.5909091234207153,
        0.5909091234207153,
        0.5909091234207153,
        0.5,
        0.7727273106575012,
        0.3636363744735718,
        0.7272727489471436,
        0.5909091234207153,
        0.6363636255264282,
        0.5909091234207153,
        0.6818181872367859,
        0.5,
        0.5454545617103577,
        0.5,
        0.6363636255264282,
        0.5909091234207153,
        0.5454545617103577,
        0.6363636255264282,
        0.5454545617103577,
        0.6363636255264282,
        0.5909091234207153,
        0.5909091234207153,
        0.7272727489471436,
        0.5,
        0.5,
        0.6818181872367859,
        0.5,
        0.5454545617103577,
        0.4545454680919647,
        0.5909091234207153,
        0.6363636255264282,
        0.40909093618392944,
        0.40909093618392944,
        0.6818181872367859
    ],
    "val_accuracy": [
        0.640625,
        0.5376344323158264,
        0.602150559425354,
        0.602150559425354,
        0.602150559425354,
        0.602150559425354,
        0.602150559425354,
        0.602150559425354,
        0.602150559425354,
        0.602150559425354,
        0.602150559425354,
        0.602150559425354,
        0.602150559425354,
        0.602150559425354,
        0.602150559425354,
        0.602150559425354,
        0.602150559425354,
        0.602150559425354,
        0.602150559425354,
        0.602150559425354,
        0.602150559425354,
        0.602150559425354,
        0.602150559425354,
        0.602150559425354,
        0.602150559425354,
        0.602150559425354,
        0.602150559425354,
        0.602150559425354,
        0.602150559425354,
        0.602150559425354,
        0.5913978219032288,
        0.602150559425354,
        0.602150559425354,
        0.602150559425354,
        0.602150559425354,
        0.602150559425354,
        0.602150559425354,
        0.5913978219032288,
        0.602150559425354,
        0.602150559425354,
        0.5913978219032288,
        0.602150559425354,
        0.602150559425354,
        0.602150559425354,
        0.602150559425354,
        0.602150559425354,
        0.602150559425354,
        0.602150559425354,
        0.602150559425354,
        0.5913978219032288,
        0.602150559425354,
        0.5913978219032288,
        0.5913978219032288,
        0.5913978219032288,
        0.602150559425354,
        0.5913978219032288,
        0.602150559425354,
        0.602150559425354,
        0.602150559425354,
        0.602150559425354,
        0.5913978219032288,
        0.5913978219032288,
        0.5913978219032288,
        0.5913978219032288
    ],