{
    "hyperparameters": {
        "activation": "relu",
        "dropout_rate": 0.3437520629823,
        "hidden_units": 71,
        "learning_rate": 0.0130854109536,
        "num_layers": 1,
        "weight_decay": 0.000274945181
    },
    "dataset_stats": {
        "name": "BeetleFly",
        "train_size": 36,
        "val_size": 9,
        "input_shape": [
            512,
            1
        ],
        "num_classes": 2
    },
    "epochs": 34,
    "train_loss": [
        0.8756482005119324,
        0.5381874442100525,
        0.378883421421051,
        0.39574846625328064,
        0.2788532078266144,
        0.28160035610198975,
        0.18117989599704742,
        0.12985745072364807,
        0.09168106317520142,
        0.09306298196315765,
        0.08636048436164856,
        0.038012173026800156,
        0.04046129435300827,
        0.026932338252663612,
        0.021385597065091133,
        0.03179346024990082,
        0.021177848801016808,
        0.022619593888521194,
        0.017749199643731117,
        0.023238306865096092,
        0.005121069028973579,
        0.009093350730836391,
        0.01470320113003254,
        0.008882424794137478,
        0.007016581948846579,
        0.010147066786885262,
        0.055891428142786026,
        0.01985579915344715,
        0.0048972140066325665,
        0.0576811283826828,
        0.010823280550539494,
        0.005101311020553112,
        0.010711323469877243,
        0.007319403346627951
    ],
    "val_loss": [
        0.7274919152259827,
        0.6744661927223206,
        0.5103480219841003,
        0.4396236836910248,
        0.41821300983428955,
        0.44939517974853516,
        0.49848970770835876,
        0.5573391914367676,
        0.6059072017669678,
        0.6725601553916931,
        0.7467529773712158,
        0.824103057384491,
        0.9137184619903564,
        0.9957934617996216,
        1.1483827829360962,
        1.2330111265182495,
        1.2386220693588257,
        1.3444111347198486,
        1.4337793588638306,
        1.4590394496917725,
        1.5158216953277588,
        1.4967247247695923,
        1.4883275032043457,
        1.4942964315414429,
        1.5655542612075806,
        1.687956690788269,
        1.657014012336731,
        1.783445119857788,
        1.6762166023254395,
        1.6707377433776855,
        1.62285315990448,
        1.6060128211975098,
        1.6187338829040527,
        1.5624147653579712,
        1.548332691192627
    ],
    "train_accuracy": [
        0.3611111044883728,
        0.6944444179534912,
        0.8888888955116272,
        0.8611111044883728,
        0.9444444179534912,
        0.9166666865348816,
        1.0,
        1.0,
        1.0,
        0.9722222089767456,
        0.9722222089767456,
        1.0,
        1.0,
        1.0,
        1.0,
        1.0,
        1.0,
        1.0,
        1.0,
        1.0,
        1.0,
        1.0,
        1.0,
        1.0,
        1.0,
        1.0,
        0.9722222089767456,
        1.0,
        1.0,
        0.9722222089767456,
        1.0,
        1.0,
        1.0,
        1.0
    ],
    "val_accuracy": [
        0.5555555820465088,
        0.4444444477558136,
        0.5555555820465088,
        0.5555555820465088,
        0.6666666865348816,
        0.6666666865348816,
        0.7777777910232544,
        0.6666666865348816,
        0.6666666865348816,
        0.6666666865348816,
        0.6666666865348816,
        0.7777777910232544,
        0.7777777910232544,
        0.6666666865348816,
        0.6666666865348816,
        0.6666666865348816,
        0.6666666865348816,
        0.6666666865348816,
        0.6666666865348816,
        0.6666666865348816,
        0.6666666865348816,
        0.6666666865348816,
        0.6666666865348816,
        0.6666666865348816,
        0.6666666865348816,
        0.6666666865348816,
        0.6666666865348816,
        0.6666666865348816,
        0.6666666865348816,
        0.6666666865348816,
        0.6666666865348816,
        0.6666666865348816,
        0.6666666865348816,
        0.6666666865348816,
        0.7777777910232544
    ],
    "epoch_times": [
        0.05018806457519531,
        0.02049112319946289,
        0.020159006118774414,
        0.019049406051635742,
        0.0220491886138916,
        0.019913911819458008,
        0.01921391487121582,
        0.01954936981201172,
        0.01918196678161621,
        0.01942586898803711,
        0.01978325843811035,
        0.021606922149658203,
        0.02088332176208496,
        0.019197940826416016,
        0.020348310470581055,
        0.020878076553344727,
        0.020389318466186523,
        0.0212709903717041,
        0.01951003074645996,
        0.020437002182006836,
        0.020291805267333984,
        0.020528793334960938,
        0.020717144012451172,
        0.019878864288330078,
        0.020151138305664062,
        0.01977992057800293,
        0.02068471908569336,
        0.020678043365478516,
        0.019472122192382812,
        0.020394086837768555,
        0.01965022087097168,
        0.019282102584838867,
        0.020820140838623047,
        0.01980900764465332
    ]
}