{
    "hyperparameters": {
        "activation": "elu",
        "dropout_rate": 0.1448148202729,
        "kernel_size": 5,
        "learning_rate": 0.0037892970949,
        "num_filters": 95,
        "num_layers": 3,
        "pooling": "max",
        "pooling_size": 2
    },
    "dataset_stats": {
        "name": "Car",
        "train_size": 96,
        "val_size": 24,
        "input_shape": [
            1,
            577
        ],
        "num_classes": 4
    },
    "epochs": 42,
    "train_loss": [
        1.5933111906051636,
        1.5670280456542969,
        1.3038259744644165,
        1.2227569818496704,
        1.164182186126709,
        1.1167963743209839,
        1.0985816717147827,
        0.9512355923652649,
        0.9730175137519836,
        0.8571872115135193,
        0.8095811009407043,
        0.7945085167884827,
        0.7061581611633301,
        0.7757039070129395,
        0.654174268245697,
        0.7137300372123718,
        0.6110997200012207,
        0.5753234624862671,
        0.47919201850891113,
        0.5362737774848938,
        0.4540461003780365,
        0.4171019494533539,
        0.3805595934391022,
        0.3887142241001129,
        0.44886139035224915,
        0.35574910044670105,
        0.3275667726993561,
        0.3092786371707916,
        0.31621885299682617,
        0.2995845377445221,
        0.25256475806236267,
        0.26911842823028564,
        0.29988425970077515,
        0.19265174865722656,
        0.2502201795578003,
        0.2573893368244171,
        0.19798360764980316,
        0.23419690132141113,
        0.3145519196987152,
        0.26185908913612366,
        0.231321319937706,
        0.3460623323917389
    ],
    "val_loss": [
        1.3831619024276733,
        1.3971260786056519,
        1.3555880784988403,
        1.3376851081848145,
        1.2901110649108887,
        1.2685705423355103,
        1.1973637342453003,
        1.1659318208694458,
        1.131430745124817,
        1.0819522142410278,
        1.1665902137756348,
        1.064746379852295,
        0.9928073883056641,
        1.111344337463379,
        1.4792946577072144,
        1.204932689666748,
        1.105730652809143,
        1.185972809791565,
        1.1135791540145874,
        1.128597378730774,
        1.280330777168274,
        1.6408723592758179,
        1.3787144422531128,
        1.2004090547561646,
        1.1434407234191895,
        1.0437840223312378,
        1.1558103561401367,
        1.356550693511963,
        1.4149274826049805,
        1.4124259948730469,
        1.597425937652588,
        1.4929977655410767,
        1.342380166053772,
        1.3339719772338867,
        1.429007649421692,
        1.3311576843261719,
        1.376389980316162,
        1.4393409490585327,
        1.384007453918457,
        1.4149665832519531,
        1.3952747583389282,
        1.4455634355545044,
        1.6179898977279663
    ],
    "train_accuracy": [
        0.2604166567325592,
        0.3333333432674408,
        0.40625,
        0.4375,
        0.4895833432674408,
        0.5416666865348816,
        0.4895833432674408,
        0.6041666865348816,
        0.5208333134651184,
        0.6770833134651184,
        0.6458333134651184,
        0.6875,
        0.7291666865348816,
        0.65625,
        0.7708333134651184,
        0.7083333134651184,
        0.7395833134651184,
        0.8020833134651184,
        0.8125,
        0.78125,
        0.8229166865348816,
        0.8541666865348816,
        0.8854166865348816,
        0.8645833134651184,
        0.8125,
        0.875,
        0.8541666865348816,
        0.8958333134651184,
        0.9166666865348816,
        0.8958333134651184,
        0.9270833134651184,
        0.8958333134651184,
        0.9166666865348816,
        0.9375,
        0.9166666865348816,
        0.90625,
        0.90625,
        0.8854166865348816,
        0.8541666865348816,
        0.9166666865348816,
        0.8854166865348816,
        0.84375
    ],
    "val_accuracy": [
        0.2083333283662796,
        0.375,
        0.4583333432674408,
        0.4166666567325592,
        0.4583333432674408,
        0.375,
        0.5833333730697632,
        0.4583333432674408,
        0.4583333432674408,
        0.5416666865348816,
        0.4583333432674408,
        0.5833333730697632,
        0.625,
        0.5833333730697632,
        0.4166666567325592,
        0.625,
        0.6666666865348816,
        0.6666666865348816,
        0.6666666865348816,
        0.625,
        0.6666666865348816,
        0.5,
        0.625,
        0.6666666865348816,
        0.7916666865348816,
        0.6666666865348816,
        0.7083333134651184,
        0.625,
        0.6666666865348816,
        0.6666666865348816,
        0.5833333730697632,
        0.5416666865348816,
        0.5833333730697632,
        0.625,
        0.5416666865348816,
        0.5833333730697632,
        0.5833333730697632,
        0.625,
        0.5833333730697632,
        0.5833333730697632,
        0.625,
        0.6666666865348816,
        0.7083333134651184
    ],
    "epoch_times": [
        0.31444478034973145,
        0.0331425666809082,
        0.0308377742767334,
        0.03440976142883301,
        0.03237009048461914,
        0.031675100326538086,
        0.03175830841064453,
        0.036302804946899414,
        0.03689765930175781,
        0.035326480865478516,
        0.03724980354309082,
        0.03791403770446777,
        0.03679394721984863,
        0.03807234764099121,
        0.03752589225769043,
        0.04017376899719238,
        0.03794550895690918,
        0.04524064064025879,
        0.04042673110961914,
        0.041131019592285156,
        0.03862285614013672,
        0.04224705696105957,
        0.03925585746765137,
        0.040604352951049805,
        0.03796792030334473,
        0.036206960678100586,
        0.03905749320983887,
        0.03647565841674805,
        0.03629875183105469,
        0.03966641426086426,
        0.03830838203430176,
        0.04111433029174805,
        0.038492441177368164,
        0.037793874740600586,
        0.03854513168334961,
        0.038205623626708984,
        0.03814387321472168,
        0.037817955017089844,
        0.038405656814575195,
        0.03688359260559082,
        0.03734731674194336,
        0.03716874122619629
    ]
}