{
    "hyperparameters": {
        "activation": "relu",
        "dropout_rate": 0.2448257495881,
        "ff_dim": 381,
        "hidden_units": 328,
        "learning_rate": 0.0007039420852,
        "num_heads": 2,
        "num_layers": 1,
        "pooling": "mean",
        "weight_decay": 3.86249422e-05
    },
    "dataset_stats": {
        "name": "ChlorineConcentration",
        "train_size": 374,
        "val_size": 93,
        "input_shape": [
            166,
            1
        ],
        "num_classes": 3
    },
    "epochs": 50,
    "train_loss": [
        1.2233035564422607,
        0.9273744821548462,
        1.2135225534439087,
        1.0353447198867798,
        1.0750728845596313,
        0.9609774947166443,
        1.031915545463562,
        1.0113415718078613,
        0.9972936511039734,
        0.99214768409729,
        0.9610307216644287,
        0.9689925909042358,
        0.8264223337173462,
        0.8429330587387085,
        1.0407181978225708,
        1.1544125080108643,
        0.932167649269104,
        1.06405508518219,
        0.9333455562591553,
        1.0324960947036743,
        1.0126112699508667,
        1.165704369544983,
        0.9803971648216248,
        1.3864237070083618,
        0.9545232653617859,
        0.9323177337646484,
        0.999463677406311,
        0.9332704544067383,
        0.8505966663360596,
        0.892250120639801,
        0.9187389612197876,
        1.0819833278656006,
        1.004876732826233,
        0.8475989699363708,
        0.9393143057823181,
        0.9039989709854126,
        1.0712333917617798,
        1.0167683362960815,
        1.0233981609344482,
        0.9793012142181396,
        1.1056389808654785,
        1.0159364938735962,
        0.7761045098304749,
        1.206956148147583,
        0.9387047290802002,
        0.9006100296974182,
        0.9934301376342773,
        0.9003299474716187,
        0.8899669647216797,
        1.0864663124084473
    ],
    "val_loss": [
        1.402864694595337,
        0.9765836000442505,
        0.980388343334198,
        0.9580186605453491,
        1.0174720287322998,
        0.9432535767555237,
        0.9672583341598511,
        0.9702571034431458,
        0.9605362415313721,
        1.0090596675872803,
        0.9536963105201721,
        0.9648927450180054,
        0.954123318195343,
        0.9475099444389343,
        0.9591449499130249,
        0.9481765627861023,
        0.9559468626976013,
        0.9491066932678223,
        0.9442516565322876,
        0.95111083984375,
        0.9415323138237,
        0.9427812099456787,
        0.9469172358512878,
        0.9453379511833191,
        0.9454582929611206,
        0.9483315944671631,
        0.9416625499725342,
        0.9485006928443909,
        0.9512608051300049,
        0.9477714896202087,
        0.954438328742981,
        0.952430248260498,
        0.9555554389953613,
        0.9507223963737488,
        0.948876678943634,
        0.9499426484107971,
        0.9534443020820618,
        0.954030454158783,
        0.9580941796302795,
        0.957149863243103,
        0.9539895057678223,
        0.956691563129425,
        0.9585481882095337,
        0.9589052796363831,
        0.9600391983985901,
        0.9593865275382996,
        0.9588736295700073,
        0.9590150713920593,
        0.9588017463684082,
        0.9595755934715271,
        0.9594862461090088
    ],
    "train_accuracy": [
        0.40909093618392944,
        0.5454545617103577,
        0.5454545617103577,
        0.3181818127632141,
        0.5,
        0.5454545617103577,
        0.5454545617103577,
        0.6363636255264282,
        0.5454545617103577,
        0.5454545617103577,
        0.5909091234207153,
        0.5909091234207153,
        0.7272727489471436,
        0.7272727489471436,
        0.5454545617103577,
        0.4545454680919647,
        0.6363636255264282,
        0.40909093618392944,
        0.5909091234207153,
        0.5,
        0.5454545617103577,
        0.3636363744735718,
        0.5454545617103577,
        0.1818181872367859,
        0.5909091234207153,
        0.6363636255264282,
        0.5,
        0.5454545617103577,
        0.7272727489471436,
        0.6363636255264282,
        0.5454545617103577,
        0.4545454680919647,
        0.5,
        0.7272727489471436,
        0.6363636255264282,
        0.6818181872367859,
        0.5,
        0.5,
        0.40909093618392944,
        0.5454545617103577,
        0.40909093618392944,
        0.6363636255264282,
        0.8181818723678589,
        0.5,
        0.5909091234207153,
        0.6363636255264282,
        0.5454545617103577,
        0.6818181872367859,
        0.5909091234207153,
        0.5
    ],
    "val_accuracy": [
        0.1875,
        0.602150559425354,
        0.602150559425354,
        0.602150559425354,
        0.602150559425354,
        0.602150559425354,
        0.602150559425354,
        0.602150559425354,
        0.602150559425354,
        0.602150559425354,
        0.602150559425354,
        0.602150559425354,
        0.602150559425354,
        0.602150559425354,
        0.602150559425354,
        0.602150559425354,
        0.602150559425354,
        0.602150559425354,
        0.602150559425354,
        0.602150559425354,
        0.602150559425354,
        0.602150559425354,
        0.602150559425354,
        0.602150559425354,
        0.602150559425354,
        0.602150559425354,
        0.602150559425354,
        0.602150559425354,
        0.602150559425354,
        0.602150559425354,
        0.602150559425354,
        0.602150559425354,
        0.602150559425354,
        0.602150559425354,
        0.602150559425354,
        0.602150559425354,
        0.602150559425354,
        0.6129032373428345,
        0.6129032373428345,
        0.6129032373428345,
        0.6129032373428345,
        0.6129032373428345,
        0.602150559425354,
        0.602150559425354,
        0.6129032373428345,
        0.6129032373428345,
        0.6129032373428345,
        0.6129032373428345,
        0.6129032373428345,
        0.6129032373428345,
        0.6129032373428345
    ],
    "epoch_times": [
        0.4256560802459717,
        0.1721956729888916,
        0.1465587615966797,
        0.14599609375,
        0.15275168418884277,
        0.15273523330688477,
        0.1568760871887207,
        0.14001131057739258,
        0.1473102569580078,
        0.15828227996826172,
        0.15654277801513672,
        0.1511240005493164,
        0.1430978775024414,
        0.15139508247375488,
        0.15646815299987793,
        0.16167354583740234,
        0.17397141456604004,
        0.16779088973999023,
        0.1778421401977539,
        0.15625524520874023,
        0.15493249893188477,
        0.15318846702575684,
        0.1579282283782959,
        0.1620171070098877,
        0.1393885612487793,
        0.1342625617980957,
        0.13413429260253906,
        0.12554526329040527,
        0.11608386039733887,
        0.1221168041229248,
        0.12915921211242676,
        0.11341285705566406,
        0.12308359146118164,
        0.1151115894317627,
        0.1420154571533203,
        0.14638710021972656,
        0.1293165683746338,
        0.13296771049499512,
        0.13077950477600098,
        0.14534497261047363,
        0.1595299243927002,
        0.15387892723083496,
        0.1681225299835205,
        0.16361355781555176,
        0.16270112991333008,
        0.16501855850219727,
        0.16782140731811523,
        0.17734932899475098,
        0.18567681312561035,
        0.1826002597808838
    ]
}