{
    "hyperparameters": {
        "activation": "relu",
        "dropout_rate": 0.2228031325025,
        "ff_dim": 330,
        "hidden_units": 70,
        "learning_rate": 7.46761072e-05,
        "num_heads": 7,
        "num_layers": 2,
        "pooling": "mean",
        "weight_decay": 7.33256778e-05
    },
    "dataset_stats": {
        "name": "ArrowHead",
        "train_size": 58,
        "val_size": 14,
        "input_shape": [
            251,
            1
        ],
        "num_classes": 3
    },
    "epochs": 32,
    "train_loss": [
        1.1967065334320068,
        1.1272847652435303,
        1.1868623495101929,
        1.2299563884735107,
        1.1582309007644653,
        1.068211555480957,
        1.0972044467926025,
        1.0357458591461182,
        1.1610620021820068,
        1.159340262413025,
        1.0540807247161865,
        0.9522852301597595,
        1.2161266803741455,
        1.2176514863967896,
        1.1698511838912964,
        1.136080026626587,
        0.9905680418014526,
        1.105644702911377,
        1.0341321229934692,
        1.0986909866333008,
        1.1411370038986206,
        1.0279512405395508,
        1.1019139289855957,
        1.2440747022628784,
        1.014884114265442,
        0.9975038170814514,
        0.985118567943573,
        0.9737418293952942,
        1.2913918495178223,
        1.0731139183044434,
        1.0828890800476074,
        1.1137067079544067
    ],
    "val_loss": [
        1.2766590118408203,
        1.052369475364685,
        0.9786210060119629,
        1.0154787302017212,
        1.0321027040481567,
        1.0290788412094116,
        1.0252912044525146,
        1.0316569805145264,
        1.0515145063400269,
        1.0616260766983032,
        1.0695804357528687,
        1.0722697973251343,
        1.06900155544281,
        1.0680650472640991,
        1.0667426586151123,
        1.0668200254440308,
        1.067502737045288,
        1.0685123205184937,
        1.0697004795074463,
        1.0707929134368896,
        1.072134017944336,
        1.0729762315750122,
        1.0739208459854126,
        1.0750771760940552,
        1.076100468635559,
        1.0772649049758911,
        1.078214406967163,
        1.0787640810012817,
        1.0792887210845947,
        1.0797908306121826,
        1.0802819728851318,
        1.0807139873504639,
        1.081205129623413
    ],
    "train_accuracy": [
        0.3461538553237915,
        0.42307692766189575,
        0.38461539149284363,
        0.3076923191547394,
        0.3461538553237915,
        0.42307692766189575,
        0.3076923191547394,
        0.5,
        0.38461539149284363,
        0.46153849363327026,
        0.42307692766189575,
        0.5384615659713745,
        0.3461538553237915,
        0.42307692766189575,
        0.42307692766189575,
        0.3461538553237915,
        0.5384615659713745,
        0.42307692766189575,
        0.5384615659713745,
        0.42307692766189575,
        0.46153849363327026,
        0.5,
        0.5,
        0.3461538553237915,
        0.5,
        0.5,
        0.5769230723381042,
        0.42307692766189575,
        0.26923078298568726,
        0.42307692766189575,
        0.3461538553237915,
        0.3461538553237915
    ],
    "val_accuracy": [
        0.5,
        0.5,
        0.4285714626312256,
        0.5,
        0.5,
        0.5,
        0.5,
        0.5714285969734192,
        0.5,
        0.5,
        0.5,
        0.5,
        0.5,
        0.5,
        0.4285714626312256,
        0.4285714626312256,
        0.5,
        0.4285714626312256,
        0.4285714626312256,
        0.4285714626312256,
        0.4285714626312256,
        0.3571428656578064,
        0.3571428656578064,
        0.3571428656578064,
        0.3571428656578064,
        0.3571428656578064,
        0.3571428656578064,
        0.3571428656578064,
        0.3571428656578064,
        0.3571428656578064,
        0.3571428656578064,
        0.3571428656578064,
        0.4285714626312256
    ],
    "epoch_times": [
        0.05525612831115723,
        0.04279208183288574,
        0.031136274337768555,
        0.03034496307373047,
        0.033521175384521484,
        0.03255510330200195,
        0.03195548057556152,
        0.0324854850769043,
        0.037285566329956055,
        0.031004667282104492,
        0.030917644500732422,
        0.034413814544677734,
        0.0312654972076416,
        0.031998634338378906,
        0.03321361541748047,
        0.030203819274902344,
        0.03353381156921387,
        0.02949237823486328,
        0.029672622680664062,
        0.03028106689453125,
        0.03030085563659668,
        0.03472900390625,
        0.031929969787597656,
        0.03425431251525879,
        0.03314495086669922,
        0.03449416160583496,
        0.03463125228881836,
        0.03357505798339844,
        0.03303098678588867,
        0.03426194190979004,
        0.03267383575439453,
        0.0346531867980957
    ]
}