{
    "hyperparameters": {
        "bidirectional": true,
        "dropout_rate": 0.0460667938939,
        "hidden_units": 132,
        "learning_rate": 0.0003940945674,
        "num_layers": 1,
        "output_activation": "relu",
        "weight_decay": 8.14925516e-05
    },
    "dataset_stats": {
        "name": "ArrowHead",
        "train_size": 58,
        "val_size": 14,
        "input_shape": [
            251,
            1
        ],
        "num_classes": 3
    },
    "epochs": 68,
    "train_loss": [
        1.0746703147888184,
        0.97710120677948,
        0.922897458076477,
        0.8580275177955627,
        0.8126073479652405,
        0.7973882555961609,
        0.7458143830299377,
        0.7150973677635193,
        0.6924656629562378,
        0.6476637125015259,
        0.6262437701225281,
        0.6022961735725403,
        0.5680801868438721,
        0.5341960787773132,
        0.5254239439964294,
        0.5068957209587097,
        0.5057995915412903,
        0.4802461266517639,
        0.4746463894844055,
        0.49390584230422974,
        0.45293110609054565,
        0.4600059390068054,
        0.52358078956604,
        0.4910014569759369,
        0.4262460470199585,
        0.41628921031951904,
        0.39311879873275757,
        0.4050801694393158,
        0.3900505006313324,
        0.38444754481315613,
        0.40333592891693115,
        0.40157437324523926,
        0.36725714802742004,
        0.3554806411266327,
        0.350079208612442,
        0.35777348279953003,
        0.39417698979377747,
        0.37015870213508606,
        0.34034615755081177,
        0.3369201123714447,
        0.337628036737442,
        0.3342568278312683,
        0.3345292806625366,
        0.33402734994888306,
        0.32867535948753357,
        0.33049851655960083,
        0.3270018398761749,
        0.3245946764945984,
        0.3251951038837433,
        0.32433515787124634,
        0.3226008117198944,
        0.3227402865886688,
        0.32214826345443726,
        0.31868669390678406,
        0.31926435232162476,
        0.3196156620979309,
        0.3172450363636017,
        0.31776273250579834,
        0.3174891769886017,
        0.31909021735191345,
        0.3159045875072479,
        0.3177526593208313,
        0.3169262409210205,
        0.31572410464286804,
        0.3167809247970581,
        0.31614771485328674,
        0.3157435357570648,
        0.316957026720047
    ],
    "val_loss": [
        1.0898154973983765,
        1.0421608686447144,
        1.004312515258789,
        0.9547364115715027,
        0.9472169280052185,
        0.9501022696495056,
        0.934010922908783,
        1.1296484470367432,
        0.9251506924629211,
        0.9275277256965637,
        1.2025001049041748,
        0.9865630865097046,
        0.8866261839866638,
        0.8305755853652954,
        0.8850389122962952,
        0.9162318110466003,
        1.1491717100143433,
        1.1606470346450806,
        0.743165135383606,
        0.8033110499382019,
        1.0387715101242065,
        1.1927624940872192,
        1.171156883239746,
        1.2220345735549927,
        1.0160694122314453,
        1.0019898414611816,
        1.00082528591156,
        1.0375784635543823,
        1.0781667232513428,
        1.087319254875183,
        1.1016578674316406,
        1.1087145805358887,
        0.97968590259552,
        0.9512132406234741,
        0.6613826751708984,
        0.5505630970001221,
        0.5574353337287903,
        0.5557151436805725,
        0.5362253189086914,
        0.7649306654930115,
        0.9432376623153687,
        0.9243304133415222,
        0.8458922505378723,
        0.6794407963752747,
        0.6632957458496094,
        0.7068812251091003,
        0.7634550333023071,
        0.7605605125427246,
        0.7167315483093262,
        0.6264978051185608,
        0.5759251713752747,
        0.5835088491439819,
        0.6405020356178284,
        0.7256103157997131,
        0.7543233036994934,
        0.7680965662002563,
        0.7668863534927368,
        0.7677895426750183,
        0.7668271660804749,
        0.7664188146591187,
        0.7673271298408508,
        0.767667293548584,
        0.7651644945144653,
        0.7643288969993591,
        0.7637651562690735,
        0.7635350227355957,
        0.7633177638053894,
        0.7630723118782043,
        0.7631009817123413
    ],
    "train_accuracy": [
        0.36206895112991333,
        0.6551724076271057,
        0.6379310488700867,
        0.6724137663841248,
        0.7586206793785095,
        0.7413793206214905,
        0.8103448152542114,
        0.7758620977401733,
        0.8448275923728943,
        0.8448275923728943,
        0.8448275923728943,
        0.8620689511299133,
        0.8965517282485962,
        0.931034505367279,
        0.8965517282485962,
        0.8793103694915771,
        0.8793103694915771,
        0.8965517282485962,
        0.9137930870056152,
        0.9137930870056152,
        0.931034505367279,
        0.9137930870056152,
        0.8965517282485962,
        0.8965517282485962,
        0.9655172228813171,
        0.9482758641242981,
        0.9655172228813171,
        0.9482758641242981,
        0.9655172228813171,
        0.9482758641242981,
        0.9482758641242981,
        0.9655172228813171,
        0.982758641242981,
        0.982758641242981,
        0.982758641242981,
        0.982758641242981,
        0.9482758641242981,
        0.9655172228813171,
        0.982758641242981,
        0.982758641242981,
        0.982758641242981,
        0.982758641242981,
        0.982758641242981,
        0.982758641242981,
        0.982758641242981,
        0.982758641242981,
        0.982758641242981,
        0.982758641242981,
        0.982758641242981,
        0.982758641242981,
        0.982758641242981,
        0.982758641242981,
        0.982758641242981,
        0.982758641242981,
        0.982758641242981,
        0.982758641242981,
        0.982758641242981,
        0.982758641242981,
        0.982758641242981,
        0.982758641242981,
        0.982758641242981,
        0.982758641242981,
        0.982758641242981,
        0.982758641242981,
        0.982758641242981,
        0.982758641242981,
        0.982758641242981,
        0.982758641242981
    ],