{
    "hyperparameters": {
        "bidirectional": true,
        "dropout_rate": 0.2342632886,
        "hidden_units": 219,
        "learning_rate": 0.0009830591396,
        "num_layers": 2,
        "output_activation": "gelu",
        "weight_decay": 3.2705172e-05
    },
    "dataset_stats": {
        "name": "CinCECGTorso",
        "train_size": 64,
        "val_size": 16,
        "input_shape": [
            1639,
            1
        ],
        "num_classes": 4
    },
    "epochs": 97,
    "train_loss": [
        1.385777473449707,
        1.3455417156219482,
        1.3371433019638062,
        1.2615975141525269,
        1.3146827220916748,
        1.2264331579208374,
        1.2006232738494873,
        1.291325330734253,
        1.211669921875,
        1.1390868425369263,
        1.055821418762207,
        1.1491858959197998,
        1.0566682815551758,
        1.027617335319519,
        1.0129241943359375,
        0.973637580871582,
        0.9585701823234558,
        0.9845818281173706,
        1.086824893951416,
        1.0337756872177124,
        1.0395517349243164,
        1.0054491758346558,
        0.9722790718078613,
        0.9290107488632202,
        0.8918936252593994,
        0.8171768188476562,
        0.8643414974212646,
        0.865721583366394,
        0.9054827094078064,
        0.9383655786514282,
        0.8437267541885376,
        0.8999863862991333,
        0.9526673555374146,
        1.0183199644088745,
        0.9479783773422241,
        0.8014397621154785,
        0.9320446252822876,
        0.8380436897277832,
        0.8313453197479248,
        0.8513349890708923,
        0.8079875707626343,
        0.8265610933303833,
        0.8308730721473694,
        0.7830626964569092,
        0.8179073333740234,
        0.7834843397140503,
        0.821243166923523,
        0.7837719321250916,
        0.7538466453552246,
        0.7279108166694641,
        0.7466148138046265,
        0.7706105709075928,
        0.7401330471038818,
        0.7452511787414551,
        0.7365414500236511,
        0.7387673258781433,
        0.7118823528289795,
        0.7009962797164917,
        0.7567548155784607,
        0.737558126449585,
        0.6875701546669006,
        0.7198044657707214,
        0.7065452337265015,
        0.7190110683441162,
        0.7077383399009705,
        0.7031717896461487,
        0.6927677392959595,
        0.6736582517623901,
        0.6817148327827454,
        0.690993070602417,
        0.6694573760032654,
        0.6693964004516602,
        0.6465226411819458,
        0.6705725193023682,
        0.6455615162849426,
        0.6467539072036743,
        0.6727744340896606,
        0.6684764623641968,
        0.6834166049957275,
        0.6403736472129822,
        0.6476076245307922,
        0.6546899080276489,
        0.6491763591766357,
        0.6438952684402466,
        0.6381432414054871,
        0.6381507515907288,
        0.6635569334030151,
        0.6471109986305237,
        0.6389427781105042,
        0.6432668566703796,
        0.6339403390884399,
        0.6639193892478943,
        0.638707160949707,
        0.6377190351486206,
        0.6586757898330688,
        0.6436711549758911,
        0.6241309642791748
    ],
    "val_loss": [
        1.4200891256332397,
        1.3911370038986206,
        1.1720259189605713,
        1.160086989402771,
        1.315199613571167,
        1.1952178478240967,
        1.1725715398788452,
        1.2045477628707886,
        1.3038650751113892,
        1.1193835735321045,
        1.0247783660888672,
        1.2470232248306274,
        1.0369482040405273,
        0.923645555973053,
        0.8847355842590332,
        0.903705358505249,
        0.9266310334205627,
        1.026900053024292,
        0.9924302101135254,
        1.2001067399978638,
        0.9543696641921997,
        0.9222655892372131,
        0.8797489404678345,
        0.8423992395401001,
        0.8103031516075134,
        0.817250669002533,
        0.7769464254379272,
        0.7467827200889587,
        0.7665730714797974,
        0.7590396404266357,
        1.0208619832992554,
        0.7811009287834167,
        0.9838610291481018,
        1.008742332458496,
        1.105069875717163,
        1.0175331830978394,
        0.8367815017700195,
        0.8450468182563782,
        0.9681751728057861,
        0.8561376333236694,
        0.8437573909759521,
        0.8127180337905884,
        0.8170603513717651,
        0.7814019918441772,
        0.7855769395828247,
        0.7626961469650269,
        0.8521198034286499,
        1.0318717956542969,
        0.8203726410865784,
        0.7485442161560059,
        0.7522503137588501,
        0.7807846069335938,
        0.7674956917762756,
        0.7458652257919312,
        0.7461300492286682,
        0.7448442578315735,
        0.7372391223907471,
        0.7447901964187622,
        0.7649591565132141,
        0.7515883445739746,
        0.7259629368782043,
        0.7196166515350342,
        0.720652163028717,
        0.7428148984909058,
        0.7611342668533325,
        0.730965793132782,
        0.7092829346656799,
        0.7090737223625183,
        0.7209711074829102,
        0.7539786100387573,
        0.7698476314544678,
        0.752071738243103,
        0.7316278219223022,
        0.7298901081085205,
        0.7329738736152649,
        0.7450730800628662,
        0.7552763223648071,
        0.756381630897522,
        0.7441661357879639,
        0.7268469929695129,
        0.7196111679077148,
        0.7177061438560486,
        0.7193482518196106,
        0.7259851694107056,
        0.7326621413230896,
        0.7387785911560059,
        0.7420138716697693,
        0.7425565719604492,
        0.7418575286865234,
        0.7405142188072205,
        0.7373291850090027,
        0.733814001083374,
        0.7321154475212097,
        0.7309812903404236,
        0.7308363914489746,
        0.7309097051620483,
        0.7317023873329163,
        0.7321772575378418
    ],
    "train_accuracy": [
        0.328125,
        0.390625,
        0.3125,
        0.40625,
        0.3125,
        0.4375,
        0.390625,
        0.4375,
        0.421875,
        0.421875,
        0.53125,
        0.375,
        0.5,
        0.5625,
        0.5625,
        0.59375,
        0.59375,
        0.53125,
        0.5,
        0.625,
        0.625,
        0.546875,
        0.625,
        0.6875,
        0.671875,
        0.75,
        0.640625,
        0.71875,
        0.703125,
        0.671875,
        0.703125,
        0.703125,
        0.609375,
        0.546875,
        0.625,
        0.734375,
        0.609375,
        0.65625,
        0.6875,
        0.671875,
        0.734375,
        0.6875,
        0.703125,
        0.734375,
        0.703125,
        0.796875,
        0.71875,
        0.734375,
        0.796875,
        0.8125,
        0.765625,
        0.71875,
        0.765625,
        0.796875,
        0.78125,
        0.78125,
        0.75,
        0.796875,
        0.8125,
        0.78125,
        0.78125,
        0.8125,
        0.796875,
        0.859375,
        0.796875,
        0.8125,
        0.796875,
        0.875,
        0.828125,
        0.84375,
        0.84375,
        0.859375,
        0.859375,
        0.828125,
        0.84375,
        0.875,
        0.84375,
        0.828125,
        0.84375,
        0.859375,
        0.8125,
        0.84375,
        0.859375,
        0.84375,
        0.890625,
        0.890625,
        0.84375,
        0.84375,
        0.890625,
        0.875,
        0.875,
        0.8125,
        0.84375,
        0.875,
        0.84375,
        0.859375,
        0.875
    ],