{
    "hyperparameters": {
        "activation": "elu",
        "dropout_rate": 0.1566618065061,
        "kernel_size": 6,
        "learning_rate": 0.007944442522,
        "num_filters": 252,
        "num_layers": 4,
        "pooling": "average",
        "pooling_size": 2
    },
    "dataset_stats": {
        "name": "BeetleFly",
        "train_size": 32,
        "val_size": 8,
        "input_shape": [
            1,
            512
        ],
        "num_classes": 2
    },
    "epochs": 31,
    "train_loss": [
        0.7326599359512329,
        2.4703526496887207,
        4.128792762756348,
        6.422977447509766,
        0.7512654066085815,
        0.9420344829559326,
        0.676497757434845,
        0.5182496309280396,
        0.6930365562438965,
        0.4462445080280304,
        0.4041753113269806,
        0.48345816135406494,
        0.44326627254486084,
        0.32042208313941956,
        0.30557775497436523,
        0.40261250734329224,
        0.3045646846294403,
        0.29675838351249695,
        0.36431851983070374,
        0.3300047516822815,
        0.3236776292324066,
        0.26302921772003174,
        0.29591453075408936,
        0.25035274028778076,
        0.2697571814060211,
        0.2933797836303711,
        0.28249967098236084,
        0.23279623687267303,
        0.2151113599538803,
        0.24584218859672546,
        0.24548767507076263
    ],
    "val_loss": [
        0.6971287727355957,
        0.7157623171806335,
        7.248570919036865,
        45.276878356933594,
        20.192283630371094,
        28.094417572021484,
        23.627910614013672,
        27.436479568481445,
        31.460983276367188,
        27.43820571899414,
        19.970703125,
        14.80428409576416,
        12.330180168151855,
        11.08962345123291,
        10.631482124328613,
        9.122220039367676,
        6.711216926574707,
        5.957986831665039,
        5.905521869659424,
        5.323055267333984,
        4.720673084259033,
        5.065002918243408,
        5.315725326538086,
        4.906487464904785,
        4.367814064025879,
        3.9662046432495117,
        3.7878811359405518,
        3.749842643737793,
        3.903113842010498,
        3.8886971473693848,
        3.4548208713531494,
        2.943990468978882
    ],
    "train_accuracy": [
        0.59375,
        0.5,
        0.65625,
        0.34375,
        0.78125,
        0.8125,
        0.78125,
        0.71875,
        0.71875,
        0.71875,
        0.84375,
        0.8125,
        0.84375,
        0.84375,
        0.875,
        0.8125,
        0.875,
        0.875,
        0.875,
        0.875,
        0.84375,
        0.84375,
        0.90625,
        0.875,
        0.875,
        0.875,
        0.875,
        0.90625,
        0.875,
        0.875,
        0.875
    ],
    "val_accuracy": [
        0.5,
        0.375,
        0.75,
        0.125,
        0.5,
        0.75,
        0.75,
        0.375,
        0.375,
        0.375,
        0.375,
        0.5,
        0.625,
        0.5,
        0.375,
        0.375,
        0.625,
        0.75,
        0.75,
        0.75,
        0.5,
        0.625,
        0.5,
        0.625,
        0.625,
        0.5,
        0.5,
        0.5,
        0.625,
        0.5,
        0.625,
        0.5
    ],
    "epoch_times": [
        2.7019810676574707,
        0.03696799278259277,
        0.032646894454956055,
        0.0318300724029541,
        0.03539299964904785,
        0.034861087799072266,
        0.036041259765625,
        0.03378605842590332,
        0.03213381767272949,
        0.03176379203796387,
        0.03430008888244629,
        0.03301191329956055,
        0.03341221809387207,
        0.03298807144165039,
        0.03409910202026367,
        0.031599998474121094,
        0.033277034759521484,
        0.03224921226501465,
        0.03330492973327637,
        0.03392195701599121,
        0.03123617172241211,
        0.031016826629638672,
        0.031703948974609375,
        0.03428983688354492,
        0.03446078300476074,
        0.05707907676696777,
        0.03354907035827637,
        0.03432917594909668,
        0.03114771842956543,
        0.030618906021118164,
        0.03134274482727051
    ]
}