{
    "hyperparameters": {
        "activation": "gelu",
        "dropout_rate": 0.206277745595,
        "ff_dim": 408,
        "hidden_units": 84,
        "learning_rate": 0.0009036976475,
        "num_heads": 8,
        "num_layers": 4,
        "pooling": "mean",
        "weight_decay": 4.275949e-07
    },
    "dataset_stats": {
        "name": "Adiac",
        "train_size": 312,
        "val_size": 78,
        "input_shape": [
            176,
            1
        ],
        "num_classes": 37
    },
    "epochs": 96,
    "train_loss": [
        4.339503765106201,
        3.6063072681427,
        3.863189697265625,
        3.428222417831421,
        3.7015743255615234,
        3.541539192199707,
        3.2518813610076904,
        2.8831231594085693,
        2.893871307373047,
        3.1564769744873047,
        2.5682785511016846,
        2.896782636642456,
        2.6292102336883545,
        2.4685909748077393,
        2.5701406002044678,
        2.7668845653533936,
        2.566709280014038,
        2.443208932876587,
        2.537753105163574,
        2.28166127204895,
        2.2054643630981445,
        2.3517987728118896,
        1.7214072942733765,
        2.2703092098236084,
        2.16034197807312,
        1.8835419416427612,
        1.95071280002594,
        1.7555280923843384,
        1.7644896507263184,
        1.9128628969192505,
        1.6588797569274902,
        1.4120898246765137,
        1.364416480064392,
        1.420576572418213,
        1.8495898246765137,
        1.4230459928512573,
        1.2429214715957642,
        1.3719831705093384,
        1.4750475883483887,
        1.1179648637771606,
        0.9627168774604797,
        1.0900272130966187,
        1.2296839952468872,
        1.3229953050613403,
        1.1878963708877563,
        0.8375244140625,
        1.2140642404556274,
        0.8289954662322998,
        1.089385986328125,
        0.786545991897583,
        0.715431272983551,
        0.7765435576438904,
        0.9236223697662354,
        0.8335469365119934,
        0.6407613754272461,
        1.001146674156189,
        0.7437152862548828,
        0.8873472213745117,
        0.9390051960945129,
        0.7755498886108398,
        0.8699777126312256,
        0.7032333016395569,
        0.7384850382804871,
        0.5883004665374756,
        0.6274012923240662,
        0.5925913453102112,
        0.5242206454277039,
        0.40140557289123535,
        0.4374423325061798,
        0.4472753703594208,
        0.8517391085624695,
        0.43507906794548035,
        0.5494019389152527,
        0.4198813736438751,
        0.5189782977104187,
        0.4470232427120209,
        0.5844710469245911,
        0.44470104575157166,
        0.39927443861961365,
        0.6026012301445007,
        0.5881372094154358,
        0.22893966734409332,
        0.3687680959701538,
        0.49066153168678284,
        0.4904288351535797,
        0.3602501153945923,
        0.44475826621055603,
        0.40902242064476013,
        0.44982603192329407,
        0.3476845324039459,
        0.3440341055393219,
        0.40789878368377686,
        0.5327481627464294,
        0.4078592360019684,
        0.43036410212516785,
        0.3887160122394562
    ],
    "val_loss": [
        4.125880241394043,
        4.008132457733154,
        3.6570427417755127,
        3.6610515117645264,
        3.464247465133667,
        3.341038227081299,
        3.3271214962005615,
        3.225759744644165,
        3.136636734008789,
        3.07926344871521,
        3.0103697776794434,
        3.09688663482666,
        3.0655622482299805,
        2.8514294624328613,
        2.8859751224517822,
        2.71392560005188,
        2.707087278366089,
        2.873690366744995,
        2.5561790466308594,
        2.6916890144348145,
        2.6611170768737793,
        2.465264081954956,
        2.634742021560669,
        2.3858284950256348,
        2.391556978225708,
        2.315716505050659,
        2.1697163581848145,
        2.2363243103027344,
        2.1244521141052246,
        2.0277934074401855,
        1.8910040855407715,
        1.9488937854766846,
        2.013529062271118,
        1.982593297958374,
        2.0192759037017822,
        2.059359550476074,
        2.0086216926574707,
        1.905611515045166,
        1.8719643354415894,
        1.9214779138565063,
        1.799511194229126,
        1.8933870792388916,
        1.8194059133529663,
        1.8658335208892822,
        1.7886093854904175,
        1.8143856525421143,
        1.790771245956421,
        1.716813087463379,
        1.8259357213974,
        1.6909656524658203,
        1.637165904045105,
        1.7219159603118896,
        1.6864910125732422,
        1.8717371225357056,
        1.6338483095169067,
        1.623698353767395,
        1.7072356939315796,
        1.737873911857605,
        1.7107303142547607,
        1.6370353698730469,
        1.7792268991470337,
        1.7801519632339478,
        1.7612982988357544,
        1.6773439645767212,
        1.6932944059371948,
        1.6887027025222778,
        1.5859365463256836,
        1.6982529163360596,
        1.6929901838302612,
        1.6864604949951172,
        1.5851868391036987,
        1.754711389541626,
        1.6468487977981567,
        1.6714922189712524,
        1.6537823677062988,
        1.6992965936660767,
        1.6203038692474365,
        1.6525243520736694,
        1.7449899911880493,
        1.6834070682525635,
        1.7568259239196777,
        1.7248421907424927,
        1.6649270057678223,
        1.6525434255599976,
        1.679200530052185,
        1.7200366258621216,
        1.7224210500717163,
        1.7251534461975098,
        1.6851810216903687,
        1.6887238025665283,
        1.686603307723999,
        1.6650210618972778,
        1.7010509967803955,
        1.732486605644226,
        1.715693712234497,
        1.702097773551941,
        1.7073935270309448
    ],