{
    "hyperparameters": {
        "activation": "elu",
        "dropout_rate": 0.0301538034645,
        "kernel_size": 6,
        "learning_rate": 0.0046390064916,
        "num_filters": 168,
        "num_layers": 3,
        "pooling": "average",
        "pooling_size": 1
    },
    "dataset_stats": {
        "name": "CBF",
        "train_size": 48,
        "val_size": 12,
        "input_shape": [
            1,
            128
        ],
        "num_classes": 3
    },
    "epochs": 42,
    "train_loss": [
        2.2611587047576904,
        3.6548163890838623,
        1.1428567171096802,
        1.3072794675827026,
        1.0373362302780151,
        0.9780454039573669,
        1.0084567070007324,
        0.9802040457725525,
        0.9021046757698059,
        0.8589959740638733,
        0.8587635159492493,
        0.8148784637451172,
        0.8560323715209961,
        0.7927441000938416,
        0.7617377638816833,
        0.7272225022315979,
        0.6602829694747925,
        0.6606047749519348,
        0.5710728764533997,
        0.5394800305366516,
        0.5184991955757141,
        0.47867056727409363,
        0.51353520154953,
        0.38923177123069763,
        0.3749512732028961,
        0.38451075553894043,
        0.32805362343788147,
        0.35745152831077576,
        0.2574751675128937,
        0.2396283596754074,
        0.22905707359313965,
        0.2800222933292389,
        0.24515850841999054,
        0.1817415952682495,
        0.1361125260591507,
        0.17452721297740936,
        0.1775856763124466,
        0.1646658182144165,
        0.06384020298719406,
        0.03607543185353279,
        0.031580567359924316,
        0.0474555604159832
    ],
    "val_loss": [
        1.1095141172409058,
        1.325207233428955,
        1.4378281831741333,
        1.7118457555770874,
        1.8180208206176758,
        1.716818928718567,
        2.1800715923309326,
        1.8252078294754028,
        1.3163872957229614,
        0.9592002034187317,
        0.9951848983764648,
        0.7030286192893982,
        0.6659004092216492,
        0.8724918365478516,
        0.9367316365242004,
        0.6960356831550598,
        0.7714805603027344,
        0.9858760833740234,
        0.9733779430389404,
        0.7680953145027161,
        0.712766706943512,
        0.7968325018882751,
        0.8346157073974609,
        0.8786146640777588,
        1.120663046836853,
        1.3571186065673828,
        1.3299615383148193,
        1.2295957803726196,
        1.3146547079086304,
        1.3508583307266235,
        1.3474016189575195,
        1.4032775163650513,
        1.6172715425491333,
        1.694948673248291,
        1.938928246498108,
        2.7151126861572266,
        2.242582082748413,
        2.432253122329712,
        3.171907663345337,
        3.4669835567474365,
        3.283376932144165,
        3.057088613510132,
        3.5925252437591553
    ],
    "train_accuracy": [
        0.3125,
        0.4791666567325592,
        0.5208333134651184,
        0.3125,
        0.4166666567325592,
        0.4791666567325592,
        0.4583333432674408,
        0.4791666567325592,
        0.5625,
        0.6041666865348816,
        0.5416666865348816,
        0.5416666865348816,
        0.5208333134651184,
        0.4791666567325592,
        0.5416666865348816,
        0.625,
        0.7708333134651184,
        0.6875,
        0.75,
        0.7708333134651184,
        0.75,
        0.7916666865348816,
        0.7291666865348816,
        0.8541666865348816,
        0.8333333134651184,
        0.8125,
        0.8541666865348816,
        0.8541666865348816,
        0.875,
        0.9375,
        0.9375,
        0.8958333134651184,
        0.9375,
        0.9375,
        0.9791666865348816,
        0.9166666865348816,
        0.9375,
        0.8958333134651184,
        1.0,
        1.0,
        1.0,
        0.9791666865348816
    ],
    "val_accuracy": [
        0.25,
        0.5,
        0.5833333134651184,
        0.3333333432674408,
        0.3333333432674408,
        0.4166666567325592,
        0.5,
        0.5,
        0.5,
        0.5,
        0.5,
        0.75,
        0.5833333134651184,
        0.4166666567325592,
        0.4166666567325592,
        0.5833333134651184,
        0.6666666865348816,
        0.5,
        0.5833333134651184,
        0.6666666865348816,
        0.6666666865348816,
        0.5,
        0.4166666567325592,
        0.6666666865348816,
        0.5,
        0.3333333432674408,
        0.5,
        0.5,
        0.4166666567325592,
        0.4166666567325592,
        0.4166666567325592,
        0.5,
        0.4166666567325592,
        0.4166666567325592,
        0.5,
        0.4166666567325592,
        0.3333333432674408,
        0.5,
        0.25,
        0.3333333432674408,
        0.25,
        0.4166666567325592,
        0.3333333432674408
    ],
    "epoch_times": [
        0.1996769905090332,
        0.08559870719909668,
        0.08347463607788086,
        0.08242297172546387,
        0.08580350875854492,
        0.0825803279876709,
        0.0859687328338623,
        0.08524250984191895,
        0.08146142959594727,
        0.08753609657287598,
        0.08133101463317871,
        0.08289813995361328,
        0.08325052261352539,
        0.08250832557678223,
        0.08210158348083496,
        0.08236265182495117,
        0.08293700218200684,
        0.0359797477722168,
        0.03913760185241699,
        0.06723904609680176,
        0.0855703353881836,
        0.08568072319030762,
        0.08319211006164551,
        0.08517074584960938,
        0.08207845687866211,
        0.08474612236022949,
        0.08560752868652344,
        0.08608675003051758,
        0.08716940879821777,
        0.08399200439453125,
        0.08642148971557617,
        0.08322262763977051,
        0.0868077278137207,
        0.09323477745056152,
        0.08878564834594727,
        0.08224296569824219,
        0.08472347259521484,
        0.1621077060699463,
        0.09299707412719727,
        0.09557890892028809,
        0.08282876014709473,
        0.08315443992614746
    ]
}