{
    "hyperparameters": {
        "activation": "relu",
        "dropout_rate": 0.077814094414,
        "kernel_size": 5,
        "learning_rate": 0.0015633703063,
        "num_filters": 118,
        "num_layers": 5,
        "pooling": "max",
        "pooling_size": 2
    },
    "dataset_stats": {
        "name": "Beef",
        "train_size": 48,
        "val_size": 12,
        "input_shape": [
            1,
            470
        ],
        "num_classes": 5
    },
    "epochs": 80,
    "train_loss": [
        1.7484922409057617,
        1.5623527765274048,
        1.2618681192398071,
        1.3271815776824951,
        1.1363989114761353,
        1.168164849281311,
        1.1255062818527222,
        1.0688565969467163,
        0.8599384427070618,
        0.9056706428527832,
        0.8975012302398682,
        0.805467426776886,
        0.779394805431366,
        0.7888834476470947,
        0.7423056960105896,
        0.6227297782897949,
        0.5857582688331604,
        0.45384061336517334,
        0.5285181999206543,
        0.6044943928718567,
        0.45378437638282776,
        0.5073162317276001,
        0.37174859642982483,
        0.5462526679039001,
        0.4851934015750885,
        0.328977108001709,
        0.3697906732559204,
        0.3423691689968109,
        0.34893620014190674,
        0.25432994961738586,
        0.4335637092590332,
        0.2156532257795334,
        0.25316572189331055,
        0.26460516452789307,
        0.3175661265850067,
        0.24106717109680176,
        0.2909438908100128,
        0.24023950099945068,
        0.24997146427631378,
        0.3369477689266205,
        0.40785059332847595,
        0.30137792229652405,
        0.2864712178707123,
        0.30567666888237,
        0.2883916199207306,
        0.2931470274925232,
        0.18952880799770355,
        0.41545554995536804,
        0.5677671432495117,
        0.30214670300483704,
        0.319424033164978,
        0.21393610537052155,
        0.4028540849685669,
        0.29181969165802,
        0.2986266016960144,
        0.29886671900749207,
        0.49931982159614563,
        0.37688788771629333,
        0.23289842903614044,
        0.2610746920108795,
        0.5114949345588684,
        0.2600705325603485,
        0.23924024403095245,
        0.1711757779121399,
        0.2640139162540436,
        0.1694747358560562,
        0.22920353710651398,
        0.33518102765083313,
        0.2634746730327606,
        0.24347089231014252,
        0.2066100686788559,
        0.21432943642139435,
        0.18359118700027466,
        0.1255321055650711,
        0.1538703590631485,
        0.22668445110321045,
        0.29173097014427185,
        0.27888548374176025,
        0.20994983613491058,
        0.20262198150157928
    ],
    "val_loss": [
        1.6146351099014282,
        1.6143747568130493,
        1.6139439344406128,
        1.6155449151992798,
        1.618577003479004,
        1.622934341430664,
        1.6271486282348633,
        1.6312302350997925,
        1.6277660131454468,
        1.6172809600830078,
        1.5997158288955688,
        1.5777028799057007,
        1.5449846982955933,
        1.506906509399414,
        1.4469327926635742,
        1.3643827438354492,
        1.2901962995529175,
        1.229491114616394,
        1.1220930814743042,
        1.0257683992385864,
        0.9998583793640137,
        1.1007634401321411,
        1.119228720664978,
        0.9921595454216003,
        0.9468981623649597,
        1.1757173538208008,
        1.3879605531692505,
        1.490132212638855,
        1.8370908498764038,
        1.8972164392471313,
        1.740138053894043,
        1.6260885000228882,
        1.5231519937515259,
        1.6006908416748047,
        1.8493471145629883,
        1.8643884658813477,
        1.6597577333450317,
        1.5359090566635132,
        1.4563261270523071,
        1.552674651145935,
        1.501473069190979,
        1.3210844993591309,
        1.258747935295105,
        1.0521684885025024,
        1.0543912649154663,
        1.438271164894104,
        1.9619784355163574,
        2.1682798862457275,
        1.7422934770584106,
        1.2003493309020996,
        0.9405124187469482,
        1.1880632638931274,
        1.1825991868972778,
        1.332621455192566,
        1.486082673072815,
        1.350016474723816,
        1.2407011985778809,
        1.4930979013442993,
        1.5338178873062134,
        1.717146396636963,
        2.14721417427063,
        1.9826246500015259,
        1.600664734840393,
        1.2917720079421997,
        1.1405006647109985,
        1.1851574182510376,
        1.0918819904327393,
        1.3008381128311157,
        1.7172280550003052,
        1.8975316286087036,
        2.080073595046997,
        2.4143950939178467,
        2.5219948291778564,
        2.176333427429199,
        1.9747824668884277,
        2.1342084407806396,
        2.719269037246704,
        2.967179298400879,
        2.74259090423584,
        2.607255220413208,
        2.3378989696502686
    ],
    "train_accuracy": [
        0.125,
        0.3333333432674408,
        0.4583333432674408,
        0.4583333432674408,
        0.5208333134651184,
        0.5208333134651184,
        0.5833333134651184,
        0.6041666865348816,
        0.7708333134651184,
        0.7083333134651184,
        0.6875,
        0.625,
        0.625,
        0.75,
        0.75,
        0.8125,
        0.75,
        0.8541666865348816,
        0.7916666865348816,
        0.7291666865348816,
        0.8333333134651184,
        0.8125,
        0.8333333134651184,
        0.7708333134651184,
        0.7708333134651184,
        0.8958333134651184,
        0.8333333134651184,
        0.8958333134651184,
        0.8958333134651184,
        0.9166666865348816,
        0.8333333134651184,
        0.9375,
        0.8958333134651184,
        0.9166666865348816,
        0.8541666865348816,
        0.9166666865348816,
        0.8333333134651184,
        0.875,
        0.9375,
        0.875,
        0.8541666865348816,
        0.8541666865348816,
        0.8958333134651184,
        0.8958333134651184,
        0.9166666865348816,
        0.8958333134651184,
        0.9791666865348816,
        0.8541666865348816,
        0.7916666865348816,
        0.9166666865348816,
        0.8333333134651184,
        0.9166666865348816,
        0.875,
        0.9166666865348816,
        0.9375,
        0.8541666865348816,
        0.7916666865348816,
        0.9166666865348816,
        0.9375,
        0.8541666865348816,
        0.8333333134651184,
        0.875,
        0.9375,
        0.9583333134651184,
        0.9166666865348816,
        0.9583333134651184,
        0.8958333134651184,
        0.8958333134651184,
        0.9166666865348816,
        0.9166666865348816,
        0.9375,
        0.8958333134651184,
        0.9375,
        0.9583333134651184,
        0.9166666865348816,
        0.9583333134651184,
        0.8541666865348816,
        0.875,
        0.8958333134651184,
        0.9166666865348816
    ],