{
    "hyperparameters": {
        "activation": "gelu",
        "dropout_rate": 0.443252788669,
        "hidden_units": 109,
        "learning_rate": 0.0012898664102,
        "num_layers": 2,
        "weight_decay": 0.0010179167181
    },
    "dataset_stats": {
        "name": "BeetleFly",
        "train_size": 36,
        "val_size": 9,
        "input_shape": [
            512,
            1
        ],
        "num_classes": 2
    },
    "epochs": 61,
    "train_loss": [
        0.7048523426055908,
        0.5687660574913025,
        0.6374804973602295,
        0.5925194025039673,
        0.5207022428512573,
        0.5173420310020447,
        0.503352165222168,
        0.48463356494903564,
        0.29221269488334656,
        0.33720970153808594,
        0.42190200090408325,
        0.46853435039520264,
        0.29988035559654236,
        0.4011225700378418,
        0.39435532689094543,
        0.2885081470012665,
        0.37953588366508484,
        0.2962610125541687,
        0.3300231695175171,
        0.36986812949180603,
        0.25704941153526306,
        0.23265141248703003,
        0.26951274275779724,
        0.3110886812210083,
        0.2799449563026428,
        0.331252783536911,
        0.1838698536157608,
        0.29191404581069946,
        0.21415892243385315,
        0.1634695678949356,
        0.1537192314863205,
        0.25181400775909424,
        0.29810982942581177,
        0.2017410397529602,
        0.16834811866283417,
        0.21235719323158264,
        0.22090540826320648,
        0.29217013716697693,
        0.16153091192245483,
        0.12874481081962585,
        0.15494348108768463,
        0.14253270626068115,
        0.17470507323741913,
        0.15145042538642883,
        0.12241514772176743,
        0.16577404737472534,
        0.1842460036277771,
        0.10715622454881668,
        0.13877862691879272,
        0.11153978854417801,
        0.19055789709091187,
        0.12242516130208969,
        0.21057644486427307,
        0.16267457604408264,
        0.14625705778598785,
        0.16095812618732452,
        0.19232933223247528,
        0.1587858647108078,
        0.12965604662895203,
        0.11360231786966324,
        0.12900225818157196
    ],
    "val_loss": [
        0.7180267572402954,
        0.664738655090332,
        0.6424915790557861,
        0.6060605645179749,
        0.592573881149292,
        0.572245717048645,
        0.5559613108634949,
        0.5430862903594971,
        0.5386743545532227,
        0.5219443440437317,
        0.5179658532142639,
        0.5149394273757935,
        0.5134073495864868,
        0.520801842212677,
        0.5291764140129089,
        0.5386279225349426,
        0.5361549854278564,
        0.5467876195907593,
        0.5343143343925476,
        0.532538652420044,
        0.5363107919692993,
        0.5286126136779785,
        0.5041550993919373,
        0.5013958215713501,
        0.4943324327468872,
        0.5068761110305786,
        0.5012910962104797,
        0.5110811591148376,
        0.5066425800323486,
        0.49389758706092834,
        0.49401500821113586,
        0.4870283305644989,
        0.48732465505599976,
        0.4967600107192993,
        0.5047550797462463,
        0.5170173645019531,
        0.5042978525161743,
        0.5111520886421204,
        0.503761351108551,
        0.49883636832237244,
        0.5002979040145874,
        0.5071561336517334,
        0.49913984537124634,
        0.4881211519241333,
        0.5046207904815674,
        0.49391236901283264,
        0.5050750970840454,
        0.5070574283599854,
        0.5152827501296997,
        0.5017212629318237,
        0.49094948172569275,
        0.4898276925086975,
        0.5045539140701294,
        0.5181029438972473,
        0.5264103412628174,
        0.5316325426101685,
        0.5497697591781616,
        0.5679294466972351,
        0.5955199003219604,
        0.6078232526779175,
        0.6205095052719116,
        0.6031259298324585
    ],
    "train_accuracy": [
        0.5555555820465088,
        0.8333333134651184,
        0.5833333134651184,
        0.6666666865348816,
        0.7777777910232544,
        0.6944444179534912,
        0.75,
        0.7777777910232544,
        0.9444444179534912,
        0.8888888955116272,
        0.7777777910232544,
        0.7777777910232544,
        0.8611111044883728,
        0.8333333134651184,
        0.7777777910232544,
        0.8888888955116272,
        0.8055555820465088,
        0.9166666865348816,
        0.8888888955116272,
        0.8888888955116272,
        0.8888888955116272,
        1.0,
        0.9444444179534912,
        0.8611111044883728,
        0.8888888955116272,
        0.9166666865348816,
        0.9722222089767456,
        0.9444444179534912,
        0.9444444179534912,
        1.0,
        0.9722222089767456,
        0.9166666865348816,
        0.9166666865348816,
        0.9722222089767456,
        0.9722222089767456,
        0.9166666865348816,
        0.9166666865348816,
        0.9166666865348816,
        1.0,
        1.0,
        0.9722222089767456,
        1.0,
        0.9722222089767456,
        1.0,
        0.9722222089767456,
        0.9722222089767456,
        0.9444444179534912,
        1.0,
        0.9722222089767456,
        1.0,
        0.9722222089767456,
        0.9722222089767456,
        0.9722222089767456,
        0.9444444179534912,
        0.9444444179534912,
        0.9722222089767456,
        0.9722222089767456,
        0.9444444179534912,
        1.0,
        0.9722222089767456,
        0.9722222089767456
    ],
    "val_accuracy": [
        0.2222222238779068,
        0.8888888955116272,
        0.8888888955116272,
        0.8888888955116272,
        0.7777777910232544,
        0.7777777910232544,
        0.7777777910232544,
        0.7777777910232544,
        0.6666666865348816,
        0.7777777910232544,
        0.7777777910232544,
        0.7777777910232544,
        0.7777777910232544,
        0.7777777910232544,
        0.7777777910232544,
        0.7777777910232544,
        0.7777777910232544,
        0.7777777910232544,
        0.7777777910232544,
        0.7777777910232544,
        0.7777777910232544,
        0.7777777910232544,
        0.7777777910232544,
        0.7777777910232544,
        0.8888888955116272,
        0.7777777910232544,
        0.7777777910232544,
        0.8888888955116272,
        0.8888888955116272,
        0.8888888955116272,
        0.8888888955116272,
        0.8888888955116272,
        0.8888888955116272,
        0.8888888955116272,
        0.8888888955116272,
        0.8888888955116272,
        0.8888888955116272,
        0.8888888955116272,
        0.8888888955116272,
        0.8888888955116272,
        0.8888888955116272,
        0.8888888955116272,
        0.8888888955116272,
        0.8888888955116272,
        0.8888888955116272,
        0.8888888955116272,
        0.8888888955116272,
        0.8888888955116272,
        0.8888888955116272,
        0.8888888955116272,
        0.8888888955116272,
        0.8888888955116272,
        0.8888888955116272,
        0.8888888955116272,
        0.8888888955116272,
        0.8888888955116272,
        0.8888888955116272,
        0.8888888955116272,
        0.8888888955116272,
        0.8888888955116272,
        0.8888888955116272,
        0.8888888955116272
    ],