{
    "hyperparameters": {
        "bidirectional": true,
        "dropout_rate": 0.2970316411848,
        "hidden_units": 185,
        "learning_rate": 0.00014344541,
        "num_layers": 3,
        "output_activation": "relu",
        "weight_decay": 4.86922021e-05
    },
    "dataset_stats": {
        "name": "Car",
        "train_size": 96,
        "val_size": 24,
        "input_shape": [
            577,
            1
        ],
        "num_classes": 4
    },
    "epochs": 72,
    "train_loss": [
        1.338281512260437,
        1.184597134590149,
        1.119868278503418,
        1.0565202236175537,
        1.0278953313827515,
        0.9373765587806702,
        0.8965598940849304,
        0.8590477108955383,
        0.7906950116157532,
        0.7872465252876282,
        0.713325023651123,
        0.7085496783256531,
        0.6676676869392395,
        0.6191205978393555,
        0.584784209728241,
        0.5592730641365051,
        0.5257235765457153,
        0.5365164875984192,
        0.48490020632743835,
        0.48391804099082947,
        0.45479974150657654,
        0.47443199157714844,
        0.43614745140075684,
        0.4215034544467926,
        0.40582215785980225,
        0.4198310375213623,
        0.41446444392204285,
        0.38116589188575745,
        0.38423463702201843,
        0.3695862591266632,
        0.366497278213501,
        0.36179983615875244,
        0.3615459203720093,
        0.37492284178733826,
        0.3634152114391327,
        0.3598603904247284,
        0.35813233256340027,
        0.35762259364128113,
        0.3723452389240265,
        0.3567459285259247,
        0.35661980509757996,
        0.357362300157547,
        0.35920801758766174,
        0.3562361001968384,
        0.35829463601112366,
        0.36066722869873047,
        0.3571196496486664,
        0.3580820858478546,
        0.3559199571609497,
        0.35640624165534973,
        0.35617879033088684,
        0.3545459508895874,
        0.35464462637901306,
        0.3554772138595581,
        0.3549302816390991,
        0.3546334207057953,
        0.35529637336730957,
        0.3545551598072052,
        0.3546750247478485,
        0.356946736574173,
        0.35470572113990784,
        0.3555920124053955,
        0.35500726103782654,
        0.35527148842811584,
        0.3552655279636383,
        0.35609638690948486,
        0.353778600692749,
        0.3538661003112793,
        0.3547584116458893,
        0.3546871840953827,
        0.35413262248039246,
        0.35484614968299866
    ],
    "val_loss": [
        1.4278550148010254,
        1.3198955059051514,
        1.2064507007598877,
        1.1210955381393433,
        1.0552784204483032,
        1.1071630716323853,
        0.9847061038017273,
        0.9679136276245117,
        0.8749430179595947,
        0.8639492988586426,
        0.8279715180397034,
        0.7983874678611755,
        0.792240560054779,
        0.7369403839111328,
        0.7003313899040222,
        0.6968399882316589,
        0.6715688705444336,
        0.7473016381263733,
        0.697708785533905,
        0.5559524297714233,
        0.6899895668029785,
        0.733699381351471,
        0.852120578289032,
        0.6873692870140076,
        0.5538504719734192,
        0.7240900993347168,
        0.6440808176994324,
        0.638805091381073,
        0.4480575621128082,
        0.4049421548843384,
        0.39576634764671326,
        0.6129363775253296,
        0.6106528639793396,
        0.4296169579029083,
        0.5566635131835938,
        0.6415743827819824,
        0.3926791250705719,
        0.5528718829154968,
        0.5197159051895142,
        0.518552303314209,
        0.494705468416214,
        0.6215987801551819,
        0.3685641586780548,
        0.3952925205230713,
        0.632588267326355,
        0.513410747051239,
        0.6039132475852966,
        0.5808760523796082,
        0.5722588300704956,
        0.5604087710380554,
        0.5673096776008606,
        0.5669658780097961,
        0.565884530544281,
        0.5832156538963318,
        0.5958377718925476,
        0.5972293615341187,
        0.5990262627601624,
        0.6005606651306152,
        0.6029336452484131,
        0.6064677834510803,
        0.6095131039619446,
        0.6103663444519043,
        0.6114873886108398,
        0.612790584564209,
        0.6140110492706299,
        0.614498496055603,
        0.6140013337135315,
        0.6139657497406006,
        0.6140000820159912,
        0.6137431263923645,
        0.6137674450874329,
        0.6144539713859558,
        0.615487277507782
    ],
    "train_accuracy": [
        0.2916666567325592,
        0.5833333134651184,
        0.625,
        0.6979166865348816,
        0.6875,
        0.7291666865348816,
        0.7395833134651184,
        0.78125,
        0.8125,
        0.7708333134651184,
        0.8645833134651184,
        0.8333333134651184,
        0.8541666865348816,
        0.8645833134651184,
        0.9270833134651184,
        0.9270833134651184,
        0.9583333134651184,
        0.9583333134651184,
        0.9583333134651184,
        0.96875,
        0.9583333134651184,
        0.9479166865348816,
        0.96875,
        0.96875,
        0.9895833134651184,
        0.9791666865348816,
        0.9583333134651184,
        1.0,
        1.0,
        1.0,
        1.0,
        1.0,
        1.0,
        0.9895833134651184,
        1.0,
        1.0,
        1.0,
        1.0,
        0.9895833134651184,
        1.0,
        1.0,
        1.0,
        1.0,
        1.0,
        1.0,
        1.0,
        1.0,
        1.0,
        1.0,
        1.0,
        1.0,
        1.0,
        1.0,
        1.0,
        1.0,
        1.0,
        1.0,
        1.0,
        1.0,
        1.0,
        1.0,
        1.0,
        1.0,
        1.0,
        1.0,
        1.0,
        1.0,
        1.0,
        1.0,
        1.0,
        1.0,
        1.0
    ],
    "val_accuracy": [
        0.1666666716337204,
        0.2916666567325592,
        0.5,
        0.5416666865348816,
        0.5416666865348816,
        0.4583333432674408,
        0.6666666865348816,
        0.5833333134651184,
        0.6666666865348816,
        0.6666666865348816,
        0.7083333134651184,
        0.75,
        0.7083333134651184,
        0.75,
        0.75,
        0.7916666865348816,
        0.7916666865348816,
        0.7916666865348816,
        0.7916666865348816,
        0.9166666865348816,
        0.8333333134651184,
        0.75,
        0.7916666865348816,
        0.8333333134651184,
        0.875,
        0.9166666865348816,
        0.875,
        0.9166666865348816,
        0.9583333134651184,
        1.0,
        1.0,
        0.9166666865348816,
        0.9166666865348816,
        0.9166666865348816,
        0.9166666865348816,
        0.9166666865348816,
        1.0,
        0.9166666865348816,
        0.9166666865348816,
        0.9166666865348816,
        0.9166666865348816,
        0.9166666865348816,
        1.0,
        1.0,
        0.9166666865348816,
        0.9166666865348816,
        0.9166666865348816,
        0.9166666865348816,
        0.9166666865348816,
        0.9166666865348816,
        0.9166666865348816,
        0.9166666865348816,
        0.9166666865348816,
        0.9166666865348816,
        0.9166666865348816,
        0.9166666865348816,
        0.9166666865348816,
        0.9166666865348816,
        0.9166666865348816,
        0.9166666865348816,
        0.9166666865348816,
        0.9166666865348816,
        0.9166666865348816,
        0.9166666865348816,
        0.9166666865348816,
        0.9166666865348816,
        0.9166666865348816,
        0.9166666865348816,
        0.9166666865348816,
        0.9166666865348816,
        0.9166666865348816,
        0.9166666865348816,
        0.9166666865348816
    ],