{
    "hyperparameters": {
        "bidirectional": true,
        "dropout_rate": 0.1779225508845,
        "hidden_units": 158,
        "learning_rate": 0.0002012763858,
        "num_layers": 1,
        "output_activation": "tanh",
        "weight_decay": 2.99397415e-05
    },
    "dataset_stats": {
        "name": "Beef",
        "train_size": 48,
        "val_size": 12,
        "input_shape": [
            470,
            1
        ],
        "num_classes": 5
    },
    "epochs": 48,
    "train_loss": [
        1.5973143577575684,
        1.5407086610794067,
        1.5111325979232788,
        1.4837665557861328,
        1.4209632873535156,
        1.4053257703781128,
        1.3642473220825195,
        1.338595986366272,
        1.3046537637710571,
        1.2762670516967773,
        1.2717894315719604,
        1.2489662170410156,
        1.232000708580017,
        1.2261167764663696,
        1.1891937255859375,
        1.1831787824630737,
        1.150314211845398,
        1.1795257329940796,
        1.1830774545669556,
        1.1732662916183472,
        1.12215256690979,
        1.0931950807571411,
        1.0880309343338013,
        1.1548281908035278,
        1.1212306022644043,
        1.0957748889923096,
        1.1307629346847534,
        1.1308492422103882,
        1.0891848802566528,
        1.1241354942321777,
        1.1000044345855713,
        1.0860793590545654,
        1.060458779335022,
        1.0745203495025635,
        1.0324718952178955,
        1.047693133354187,
        1.065644383430481,
        1.061586856842041,
        1.058359146118164,
        1.0233718156814575,
        1.0367255210876465,
        1.0462359189987183,
        1.049686312675476,
        1.0345185995101929,
        1.0406122207641602,
        1.0402594804763794,
        1.0312880277633667,
        1.039615273475647
    ],
    "val_loss": [
        1.6165395975112915,
        1.5646142959594727,
        1.5168269872665405,
        1.4709515571594238,
        1.4216642379760742,
        1.381909966468811,
        1.342125415802002,
        1.301285743713379,
        1.273536205291748,
        1.2554221153259277,
        1.236181616783142,
        1.2395061254501343,
        1.2069753408432007,
        1.1927582025527954,
        1.1896555423736572,
        1.227423071861267,
        1.2291779518127441,
        1.197808861732483,
        1.1757861375808716,
        1.1784682273864746,
        1.1966543197631836,
        1.2409031391143799,
        1.2459197044372559,
        1.2511450052261353,
        1.2261769771575928,
        1.2041165828704834,
        1.1816272735595703,
        1.1798133850097656,
        1.2025383710861206,
        1.215604543685913,
        1.2158344984054565,
        1.2089773416519165,
        1.205541729927063,
        1.206578016281128,
        1.2195549011230469,
        1.2330572605133057,
        1.233439564704895,
        1.2282394170761108,
        1.2236601114273071,
        1.2239267826080322,
        1.2304668426513672,
        1.239058017730713,
        1.2438932657241821,
        1.2434996366500854,
        1.2431963682174683,
        1.2403837442398071,
        1.2395163774490356,
        1.2388920783996582,
        1.237656831741333
    ],
    "train_accuracy": [
        0.25,
        0.3958333432674408,
        0.3333333432674408,
        0.3541666567325592,
        0.4166666567325592,
        0.5416666865348816,
        0.5416666865348816,
        0.5,
        0.5416666865348816,
        0.5625,
        0.5,
        0.625,
        0.6041666865348816,
        0.625,
        0.6458333134651184,
        0.6041666865348816,
        0.7083333134651184,
        0.5833333134651184,
        0.5625,
        0.5208333134651184,
        0.625,
        0.6458333134651184,
        0.6666666865348816,
        0.5625,
        0.6666666865348816,
        0.6041666865348816,
        0.625,
        0.6458333134651184,
        0.625,
        0.5833333134651184,
        0.625,
        0.6458333134651184,
        0.6458333134651184,
        0.6458333134651184,
        0.6458333134651184,
        0.6041666865348816,
        0.625,
        0.6666666865348816,
        0.6875,
        0.6875,
        0.75,
        0.6875,
        0.6458333134651184,
        0.7083333134651184,
        0.625,
        0.6666666865348816,
        0.6666666865348816,
        0.6458333134651184
    ],
    "val_accuracy": [
        0.0,
        0.4166666567325592,
        0.5,
        0.6666666865348816,
        0.4166666567325592,
        0.5,
        0.5,
        0.5,
        0.5,
        0.5,
        0.5,
        0.5,
        0.5833333730697632,
        0.75,
        0.6666666865348816,
        0.5,
        0.5,
        0.5833333730697632,
        0.75,
        0.75,
        0.6666666865348816,
        0.5,
        0.5,
        0.5,
        0.5,
        0.5833333730697632,
        0.5833333730697632,
        0.5833333730697632,
        0.5833333730697632,
        0.5,
        0.5833333730697632,
        0.5833333730697632,
        0.5833333730697632,
        0.5833333730697632,
        0.5833333730697632,
        0.5,
        0.5833333730697632,
        0.5833333730697632,
        0.5833333730697632,
        0.5833333730697632,
        0.5833333730697632,
        0.5833333730697632,
        0.5,
        0.5,
        0.5,
        0.5833333730697632,
        0.5833333730697632,
        0.5833333730697632,
        0.5833333730697632
    ],
    "epoch_times": [
        0.19856667518615723,
        0.10824823379516602,
        0.12505531311035156,
        0.13253235816955566,
        0.13671660423278809,
        0.13885760307312012,
        0.13768362998962402,
        0.13695311546325684,
        0.13883256912231445,
        0.13885974884033203,
        0.1394050121307373,
        0.1378173828125,
        0.1396024227142334,
        0.13919544219970703,
        0.13820886611938477,
        0.13949894905090332,
        0.14046788215637207,
        0.14027905464172363,
        0.13892674446105957,
        0.13797330856323242,
        0.1394050121307373,
        0.14388394355773926,
        0.14241266250610352,
        0.14098119735717773,
        0.13840126991271973,
        0.1395702362060547,
        0.13690829277038574,
        0.13933181762695312,
        0.13974571228027344,
        0.1380298137664795,
        0.13924121856689453,
        0.13897490501403809,
        0.14054226875305176,
        0.13777685165405273,
        0.1387648582458496,
        0.1385190486907959,
        0.13937115669250488,
        0.13774657249450684,
        0.1281886100769043,
        0.1264820098876953,
        0.1215658187866211,
        0.12181496620178223,
        0.0863959789276123,
        0.08845019340515137,
        0.08669352531433105,
        0.10299992561340332,
        0.10299205780029297,
        0.10969948768615723
    ]
}