{
    "hyperparameters": {
        "activation": "sigmoid",
        "dropout_rate": 0.4398610717507,
        "kernel_size": 4,
        "learning_rate": 0.0014047716638,
        "num_filters": 131,
        "num_layers": 4,
        "pooling": "average",
        "pooling_size": 1
    },
    "dataset_stats": {
        "name": "BirdChicken",
        "train_size": 32,
        "val_size": 8,
        "input_shape": [
            1,
            512
        ],
        "num_classes": 2
    },
    "epochs": 55,
    "train_loss": [
        0.9546900987625122,
        0.6512418389320374,
        0.5362253189086914,
        0.5333694219589233,
        0.6017711162567139,
        0.5755239725112915,
        0.5127179622650146,
        0.4029175043106079,
        0.5045402646064758,
        0.614546000957489,
        0.42409953474998474,
        0.8570774793624878,
        0.4397667348384857,
        0.6373164057731628,
        0.49368584156036377,
        0.6167941689491272,
        0.5472854375839233,
        0.7119117379188538,
        0.412005752325058,
        0.32832419872283936,
        0.5065657496452332,
        0.44953036308288574,
        0.4608294367790222,
        0.25826379656791687,
        0.254364550113678,
        0.5123304724693298,
        0.4657455384731293,
        0.3595445454120636,
        0.29344770312309265,
        0.3436533510684967,
        0.24956582486629486,
        0.38456735014915466,
        0.22147271037101746,
        0.4361393451690674,
        0.247728630900383,
        0.23776307702064514,
        0.5438553690910339,
        0.26511865854263306,
        0.19060085713863373,
        0.16609390079975128,
        0.134590744972229,
        0.43078482151031494,
        0.14229005575180054,
        0.1930970996618271,
        0.19597026705741882,
        0.09957702457904816,
        0.26991280913352966,
        0.15285736322402954,
        0.2517498731613159,
        0.15264560282230377,
        0.21550552546977997,
        0.09381456673145294,
        0.1740616410970688,
        0.3033110201358795,
        0.2534715235233307
    ],
    "val_loss": [
        0.7395010590553284,
        0.7498032450675964,
        0.7589541077613831,
        0.7641739845275879,
        0.7664626836776733,
        0.7648382186889648,
        0.761049211025238,
        0.7571824789047241,
        0.7562438249588013,
        0.7552731037139893,
        0.7558166980743408,
        0.7545623183250427,
        0.751649796962738,
        0.7455582618713379,
        0.7400454878807068,
        0.735224723815918,
        0.7331595420837402,
        0.7361805438995361,
        0.7418681979179382,
        0.7458301782608032,
        0.7527201771736145,
        0.7444102764129639,
        0.7279500961303711,
        0.7119194269180298,
        0.6979677677154541,
        0.6902305483818054,
        0.6956049799919128,
        0.7086953520774841,
        0.73848956823349,
        0.7855815887451172,
        0.8601260185241699,
        0.9468963742256165,
        1.0024532079696655,
        1.0543502569198608,
        1.072158694267273,
        1.0806994438171387,
        1.1085877418518066,
        1.1140402555465698,
        1.1343711614608765,
        1.1972217559814453,
        1.3008990287780762,
        1.446323275566101,
        1.6196199655532837,
        1.7662581205368042,
        1.8803668022155762,
        1.9784462451934814,
        2.080735921859741,
        2.1944875717163086,
        2.247138023376465,
        2.2349987030029297,
        2.263636350631714,
        2.324615240097046,
        2.460874319076538,
        2.5732455253601074,
        2.7792470455169678,
        2.961533784866333
    ],
    "train_accuracy": [
        0.46875,
        0.65625,
        0.75,
        0.6875,
        0.84375,
        0.84375,
        0.8125,
        0.78125,
        0.78125,
        0.78125,
        0.8125,
        0.65625,
        0.75,
        0.71875,
        0.8125,
        0.75,
        0.84375,
        0.6875,
        0.84375,
        0.8125,
        0.78125,
        0.8125,
        0.8125,
        0.875,
        0.90625,
        0.78125,
        0.84375,
        0.90625,
        0.84375,
        0.8125,
        0.90625,
        0.90625,
        0.9375,
        0.8125,
        0.84375,
        0.90625,
        0.78125,
        0.90625,
        0.9375,
        0.90625,
        0.9375,
        0.78125,
        0.9375,
        0.875,
        0.875,
        0.96875,
        0.9375,
        0.9375,
        0.9375,
        0.9375,
        0.90625,
        0.9375,
        0.90625,
        0.90625,
        0.84375
    ],
    "val_accuracy": [
        0.375,
        0.375,
        0.375,
        0.375,
        0.375,
        0.375,
        0.375,
        0.375,
        0.375,
        0.375,
        0.375,
        0.375,
        0.375,
        0.375,
        0.375,
        0.375,
        0.375,
        0.375,
        0.5,
        0.5,
        0.5,
        0.5,
        0.5,
        0.5,
        0.5,
        0.5,
        0.5,
        0.5,
        0.5,
        0.375,
        0.375,
        0.375,
        0.375,
        0.375,
        0.375,
        0.375,
        0.375,
        0.375,
        0.5,
        0.5,
        0.375,
        0.375,
        0.375,
        0.375,
        0.375,
        0.5,
        0.5,
        0.5,
        0.5,
        0.5,
        0.375,
        0.375,
        0.375,
        0.375,
        0.375,
        0.375
    ],
    "epoch_times": [
        0.08917713165283203,
        0.15965771675109863,
        0.04797720909118652,
        0.030014991760253906,
        0.027326345443725586,
        0.02606344223022461,
        0.025024890899658203,
        0.02579045295715332,
        0.02419900894165039,
        0.022640466690063477,
        0.02227473258972168,
        0.025246620178222656,
        0.02350592613220215,
        0.022490739822387695,
        0.025009870529174805,
        0.02762913703918457,
        0.024650096893310547,
        0.025857210159301758,
        0.025400400161743164,
        0.024327516555786133,
        0.026336193084716797,
        0.024735212326049805,
        0.0249025821685791,
        0.025102615356445312,
        0.024443864822387695,
        0.02347397804260254,
        0.023783206939697266,
        0.023468732833862305,
        0.023627758026123047,
        0.024051189422607422,
        0.024803638458251953,
        0.024998188018798828,
        0.02476668357849121,
        0.024555206298828125,
        0.023706674575805664,
        0.024191617965698242,
        0.02387380599975586,
        0.023768186569213867,
        0.02374410629272461,
        0.027459383010864258,
        0.024201154708862305,
        0.02224445343017578,
        0.025091886520385742,
        0.02469182014465332,
        0.023999452590942383,
        0.02420330047607422,
        0.02782893180847168,
        0.026723623275756836,
        0.022612571716308594,
        0.023024559020996094,
        0.024082660675048828,
        0.022783279418945312,
        0.024584531784057617,
        0.02596879005432129,
        0.02554607391357422
    ]
}