{
    "hyperparameters": {
        "activation": "gelu",
        "dropout_rate": 0.1956085507927,
        "kernel_size": 5,
        "learning_rate": 0.0002408123338,
        "num_filters": 154,
        "num_layers": 5,
        "pooling": "average",
        "pooling_size": 2
    },
    "dataset_stats": {
        "name": "FiftyWords",
        "train_size": 720,
        "val_size": 180,
        "input_shape": [
            1,
            270
        ],
        "num_classes": 50
    },
    "epochs": 67,
    "train_loss": [
        3.8528330326080322,
        3.435274362564087,
        3.202540159225464,
        3.078934669494629,
        2.976940870285034,
        2.868349552154541,
        2.8074374198913574,
        2.7278292179107666,
        2.700904369354248,
        2.6314895153045654,
        2.5894837379455566,
        2.531031370162964,
        2.4775373935699463,
        2.420090675354004,
        2.3884999752044678,
        2.358121871948242,
        2.327153444290161,
        2.2677416801452637,
        2.1943578720092773,
        2.199355363845825,
        2.19590425491333,
        2.099349021911621,
        2.137754201889038,
        2.044459819793701,
        2.0468993186950684,
        2.0242764949798584,
        1.900428056716919,
        1.9445887804031372,
        1.9084333181381226,
        1.8961036205291748,
        1.8484060764312744,
        1.85025954246521,
        1.7907944917678833,
        1.8354862928390503,
        1.7797553539276123,
        1.7812516689300537,
        1.7507052421569824,
        1.6728122234344482,
        1.6815177202224731,
        1.6651180982589722,
        1.6350619792938232,
        1.5725972652435303,
        1.6282155513763428,
        1.5576170682907104,
        1.5741273164749146,
        1.5780885219573975,
        1.5060620307922363,
        1.4989439249038696,
        1.469001293182373,
        1.4456088542938232,
        1.4679279327392578,
        1.4374843835830688,
        1.3562846183776855,
        1.4001011848449707,
        1.4135189056396484,
        1.3794859647750854,
        1.3567605018615723,
        1.3181878328323364,
        1.3235284090042114,
        1.25604248046875,
        1.2857016324996948,
        1.3120436668395996,
        1.28461754322052,
        1.2454335689544678,
        1.2758790254592896,
        1.169811725616455,
        1.2150158882141113
    ],
    "val_loss": [
        3.926621675491333,
        3.905043601989746,
        3.579467535018921,
        3.308506965637207,
        3.218384027481079,
        3.1819000244140625,
        3.1523044109344482,
        3.0665981769561768,
        3.0963096618652344,
        3.0324337482452393,
        3.022125244140625,
        3.0085418224334717,
        2.9566476345062256,
        2.954273223876953,
        2.951803684234619,
        2.9382972717285156,
        2.9155616760253906,
        2.910273313522339,
        2.9057857990264893,
        2.86625337600708,
        2.8562121391296387,
        2.8784594535827637,
        2.9077229499816895,
        2.7953293323516846,
        2.863286256790161,
        2.8559868335723877,
        2.8281545639038086,
        2.8184046745300293,
        2.8279483318328857,
        2.80395245552063,
        2.8047006130218506,
        2.8194735050201416,
        2.8310606479644775,
        2.8294808864593506,
        2.8095808029174805,
        2.8804779052734375,
        2.8444998264312744,
        2.7852187156677246,
        2.868536949157715,
        2.818557024002075,
        2.8567659854888916,
        2.865039110183716,
        2.8536345958709717,
        2.8913893699645996,
        2.8923797607421875,
        2.8678252696990967,
        2.8412280082702637,
        2.901134967803955,
        2.8741962909698486,
        2.900458335876465,
        2.8965210914611816,
        2.840190887451172,
        2.881661891937256,
        2.8888440132141113,
        2.90936017036438,
        2.94227933883667,
        2.8842318058013916,
        2.862337827682495,
        2.911060333251953,
        2.919283390045166,
        2.8940820693969727,
        2.917898178100586,
        2.9537763595581055,
        2.932459831237793,
        2.938643455505371,
        2.937509059906006,
        2.970285654067993,
        3.038825035095215
    ],
    "train_accuracy": [
        0.08055555820465088,
        0.20000000298023224,
        0.24861110746860504,
        0.2819444537162781,
        0.3027777671813965,
        0.3194444477558136,
        0.32499998807907104,
        0.3499999940395355,
        0.3583333194255829,
        0.3722222149372101,
        0.38333332538604736,
        0.3708333373069763,
        0.3916666805744171,
        0.40833333134651184,
        0.4055555462837219,
        0.4027777910232544,
        0.4055555462837219,
        0.4472222328186035,
        0.4472222328186035,
        0.4402777850627899,
        0.4611110985279083,
        0.4819444417953491,
        0.46388888359069824,
        0.4888888895511627,
        0.45694443583488464,
        0.4833333194255829,
        0.519444465637207,
        0.5041666626930237,
        0.512499988079071,
        0.5222222208976746,
        0.5236111283302307,
        0.5263888835906982,
        0.5333333611488342,
        0.5263888835906982,
        0.5486111044883728,
        0.5388888716697693,
        0.5458333492279053,
        0.5694444179534912,
        0.5805555582046509,
        0.5777778029441833,
        0.5638889074325562,
        0.6000000238418579,
        0.5625,
        0.5930555462837219,
        0.5833333134651184,
        0.5916666388511658,
        0.5916666388511658,
        0.6027777791023254,
        0.6083333492279053,
        0.6180555820465088,
        0.5986111164093018,
        0.6111111044883728,
        0.6236110925674438,
        0.6180555820465088,
        0.6194444298744202,
        0.6291666626930237,
        0.6499999761581421,
        0.6611111164093018,
        0.6458333134651184,
        0.6666666865348816,
        0.6736111044883728,
        0.6416666507720947,
        0.6416666507720947,
        0.6722221970558167,
        0.6402778029441833,
        0.7027778029441833,
        0.6569444537162781
    ],