{
    "hyperparameters": {
        "bidirectional": true,
        "dropout_rate": 0.3453398800426,
        "hidden_units": 43,
        "learning_rate": 3.64508216e-05,
        "num_layers": 2,
        "output_activation": "gelu",
        "weight_decay": 0.0003898688047
    },
    "dataset_stats": {
        "name": "ChlorineConcentration",
        "train_size": 417,
        "val_size": 50,
        "input_shape": [
            166,
            1
        ],
        "num_classes": 3
    },
    "epochs": 46,
    "train_loss": [
        0.3845736086368561,
        1.390089511871338,
        2.3502988815307617,
        2.520322322845459,
        1.158947229385376,
        0.7857644557952881,
        2.841765880584717,
        0.11221516877412796,
        3.034644365310669,
        0.4865107238292694,
        2.6579172611236572,
        0.6168667078018188,
        2.8235175609588623,
        1.622904896736145,
        3.159961700439453,
        0.650931715965271,
        0.49339890480041504,
        1.5013668537139893,
        3.400632381439209,
        2.8363587856292725,
        0.2358056604862213,
        0.17504587769508362,
        2.6472485065460205,
        0.3160012662410736,
        0.7014954090118408,
        1.8067045211791992,
        1.9681767225265503,
        0.8648755550384521,
        0.45956218242645264,
        1.5539799928665161,
        0.9191423654556274,
        1.900280237197876,
        1.9933686256408691,
        1.721085786819458,
        1.3130850791931152,
        1.1674375534057617,
        1.1592094898223877,
        0.824643611907959,
        0.3156609535217285,
        1.4636244773864746,
        0.40010783076286316,
        2.255445957183838,
        2.0256872177124023,
        0.3106355369091034,
        0.7514662742614746,
        1.2191880941390991
    ],
    "val_loss": [
        2.152353048324585,
        2.007922410964966,
        1.872208833694458,
        1.7452349662780762,
        1.6227202415466309,
        1.5105774402618408,
        1.408640742301941,
        1.3216556310653687,
        1.2444392442703247,
        1.17954683303833,
        1.1318904161453247,
        1.1024419069290161,
        1.0810703039169312,
        1.0700504779815674,
        1.0597468614578247,
        1.0583513975143433,
        1.0567113161087036,
        1.0583769083023071,
        1.063355565071106,
        1.0668312311172485,
        1.0664831399917603,
        1.0617823600769043,
        1.0577272176742554,
        1.0580787658691406,
        1.0576313734054565,
        1.0586814880371094,
        1.0608158111572266,
        1.0622481107711792,
        1.0647239685058594,
        1.065486192703247,
        1.0664957761764526,
        1.0658260583877563,
        1.066235065460205,
        1.0665043592453003,
        1.0660529136657715,
        1.0661832094192505,
        1.0667123794555664,
        1.0670239925384521,
        1.067439317703247,
        1.0674011707305908,
        1.0675872564315796,
        1.067602515220642,
        1.067417860031128,
        1.0673868656158447,
        1.0674619674682617,
        1.0676777362823486,
        1.067739725112915
    ],
    "train_accuracy": [
        1.0,
        0.0,
        0.0,
        0.0,
        0.0,
        0.0,
        0.0,
        1.0,
        0.0,
        1.0,
        0.0,
        1.0,
        0.0,
        0.0,
        0.0,
        1.0,
        1.0,
        0.0,
        0.0,
        0.0,
        1.0,
        1.0,
        0.0,
        1.0,
        1.0,
        0.0,
        0.0,
        1.0,
        1.0,
        0.0,
        1.0,
        0.0,
        0.0,
        0.0,
        0.0,
        0.0,
        0.0,
        1.0,
        1.0,
        0.0,
        1.0,
        0.0,
        0.0,
        1.0,
        1.0,
        0.0
    ],
    "val_accuracy": [
        0.20000000298023224,
        0.20000000298023224,
        0.20000000298023224,
        0.18000000715255737,
        0.20000000298023224,
        0.2199999988079071,
        0.2199999988079071,
        0.23999999463558197,
        0.3400000035762787,
        0.3400000035762787,
        0.4000000059604645,
        0.4399999976158142,
        0.46000000834465027,
        0.5199999809265137,
        0.5,
        0.5,
        0.47999998927116394,
        0.47999998927116394,
        0.47999998927116394,
        0.47999998927116394,
        0.47999998927116394,
        0.47999998927116394,
        0.47999998927116394,
        0.47999998927116394,
        0.47999998927116394,
        0.47999998927116394,
        0.47999998927116394,
        0.47999998927116394,
        0.47999998927116394,
        0.47999998927116394,
        0.47999998927116394,
        0.47999998927116394,
        0.47999998927116394,
        0.47999998927116394,
        0.47999998927116394,
        0.47999998927116394,
        0.47999998927116394,
        0.47999998927116394,
        0.47999998927116394,
        0.47999998927116394,
        0.47999998927116394,
        0.47999998927116394,
        0.47999998927116394,
        0.47999998927116394,
        0.47999998927116394,
        0.47999998927116394,
        0.47999998927116394
    ],
    "epoch_times": [
        0.48795056343078613,
        0.7818200588226318,
        0.8281979560852051,
        0.6861670017242432,
        0.7013037204742432,
        0.8769710063934326,
        0.9333324432373047,
        0.956223726272583,
        0.8263719081878662,
        0.9713633060455322,
        0.8973727226257324,
        0.7069346904754639,
        0.8151228427886963,
        1.2016077041625977,
        0.9817812442779541,
        0.7879059314727783,
        0.7544236183166504,
        0.8322277069091797,
        1.1925451755523682,
        1.0947074890136719,
        0.9423036575317383,
        0.7895832061767578,
        0.8575522899627686,
        0.8282365798950195,
        0.8429322242736816,
        0.7568740844726562,
        0.7323753833770752,
        0.792461633682251,
        0.6993885040283203,
        0.791010856628418,
        0.6841659545898438,
        0.7200024127960205,
        0.6868605613708496,
        0.7627506256103516,
        0.7149999141693115,
        0.8405661582946777,
        0.978367805480957,
        0.7449624538421631,
        0.7138080596923828,
        0.7793912887573242,
        0.7661666870117188,
        0.8163690567016602,
        0.65334153175354,
        0.6313016414642334,
        0.7367367744445801,
        0.7745535373687744
    ]
}