{
    "hyperparameters": {
        "activation": "elu",
        "dropout_rate": 0.4604736078126,
        "kernel_size": 6,
        "learning_rate": 0.0001308354078,
        "num_filters": 153,
        "num_layers": 3,
        "pooling": "average",
        "pooling_size": 2
    },
    "dataset_stats": {
        "name": "CinCECGTorso",
        "train_size": 64,
        "val_size": 16,
        "input_shape": [
            1,
            1639
        ],
        "num_classes": 4
    },
    "epochs": 31,
    "train_loss": [
        1.5997965335845947,
        1.4087097644805908,
        1.2513999938964844,
        1.1304843425750732,
        1.0707838535308838,
        1.012170672416687,
        1.078538417816162,
        0.9913583397865295,
        0.87929368019104,
        0.9280552268028259,
        0.8469398021697998,
        0.8517608046531677,
        0.7820630073547363,
        0.688774824142456,
        0.82858806848526,
        0.6476656198501587,
        0.7569892406463623,
        0.6604565382003784,
        0.668811559677124,
        0.5975787043571472,
        0.6676937937736511,
        0.6212848424911499,
        0.6323201060295105,
        0.5780078172683716,
        0.4885765314102173,
        0.5322370529174805,
        0.5779436230659485,
        0.5399189591407776,
        0.5793421268463135,
        0.4993099272251129,
        0.4908815026283264
    ],
    "val_loss": [
        1.3902733325958252,
        1.3922544717788696,
        1.3982772827148438,
        1.4128955602645874,
        1.4321255683898926,
        1.4581223726272583,
        1.4869420528411865,
        1.5225613117218018,
        1.5645835399627686,
        1.6160491704940796,
        1.6825485229492188,
        1.7584435939788818,
        1.8426926136016846,
        1.937955617904663,
        2.0320687294006348,
        2.1142022609710693,
        2.1976394653320312,
        2.2793281078338623,
        2.348241090774536,
        2.399892807006836,
        2.466113567352295,
        2.5201220512390137,
        2.57851505279541,
        2.6375937461853027,
        2.6919260025024414,
        2.7609143257141113,
        2.832536220550537,
        2.893679141998291,
        2.9497339725494385,
        3.0066120624542236,
        3.0608878135681152,
        3.1132283210754395
    ],
    "train_accuracy": [
        0.25,
        0.328125,
        0.53125,
        0.5,
        0.609375,
        0.578125,
        0.53125,
        0.609375,
        0.625,
        0.5625,
        0.609375,
        0.65625,
        0.6875,
        0.71875,
        0.625,
        0.734375,
        0.6875,
        0.75,
        0.78125,
        0.765625,
        0.734375,
        0.765625,
        0.75,
        0.75,
        0.828125,
        0.765625,
        0.8125,
        0.8125,
        0.75,
        0.84375,
        0.875
    ],
    "val_accuracy": [
        0.0625,
        0.1875,
        0.25,
        0.25,
        0.25,
        0.3125,
        0.375,
        0.375,
        0.3125,
        0.3125,
        0.3125,
        0.3125,
        0.3125,
        0.3125,
        0.3125,
        0.3125,
        0.3125,
        0.3125,
        0.3125,
        0.3125,
        0.3125,
        0.3125,
        0.3125,
        0.3125,
        0.3125,
        0.3125,
        0.3125,
        0.3125,
        0.3125,
        0.3125,
        0.3125,
        0.3125
    ],
    "epoch_times": [
        2.878787040710449,
        0.06295299530029297,
        0.04423666000366211,
        0.04815483093261719,
        0.04540586471557617,
        0.048974037170410156,
        0.048023223876953125,
        0.04544997215270996,
        0.04507184028625488,
        0.04472804069519043,
        0.047943830490112305,
        0.04618692398071289,
        0.05004596710205078,
        0.0456089973449707,
        0.04368114471435547,
        0.04929304122924805,
        0.04679989814758301,
        0.0453188419342041,
        0.05004310607910156,
        0.046887874603271484,
        0.044374942779541016,
        0.04475212097167969,
        0.04242873191833496,
        0.04574108123779297,
        0.04646921157836914,
        0.04570198059082031,
        0.04864621162414551,
        0.04658699035644531,
        0.04308295249938965,
        0.04482007026672363,
        0.04499626159667969
    ]
}