{
    "hyperparameters": {
        "activation": "gelu",
        "dropout_rate": 0.1279727250757,
        "ff_dim": 477,
        "hidden_units": 160,
        "learning_rate": 0.0008111387477,
        "num_heads": 3,
        "num_layers": 2,
        "pooling": "max",
        "weight_decay": 1.11266639e-05
    },
    "dataset_stats": {
        "name": "BeetleFly",
        "train_size": 32,
        "val_size": 8,
        "input_shape": [
            512,
            1
        ],
        "num_classes": 2
    },
    "epochs": 37,
    "train_loss": [
        1.3433904647827148,
        2.264356851577759,
        1.1759227514266968,
        0.7342655062675476,
        0.7512835264205933,
        0.6683722138404846,
        0.6969704627990723,
        0.765186071395874,
        0.6704127192497253,
        0.7793131470680237,
        0.7885665893554688,
        0.6478713750839233,
        0.6171326041221619,
        0.595253050327301,
        0.6359967589378357,
        0.5953229665756226,
        0.5730193257331848,
        0.6330260634422302,
        0.6006643772125244,
        0.5501525402069092,
        0.5720979571342468,
        0.5598564147949219,
        0.5107263326644897,
        0.48392820358276367,
        0.527336835861206,
        0.5369372963905334,
        0.5302815437316895,
        0.5029840469360352,
        0.5212990641593933,
        0.5302783250808716,
        0.499789834022522,
        0.5424667596817017,
        0.5018665790557861,
        0.5956386923789978,
        0.5593611001968384,
        0.44168832898139954,
        0.542656421661377
    ],
    "val_loss": [
        1.755070686340332,
        1.9751253128051758,
        0.9992476105690002,
        0.9734644889831543,
        1.2134737968444824,
        0.7926597595214844,
        0.6582576632499695,
        0.6545391082763672,
        0.7624251842498779,
        0.9819284081459045,
        0.9657066464424133,
        0.7822273969650269,
        0.6959366798400879,
        0.7191855311393738,
        0.7845157384872437,
        0.8238213062286377,
        0.827426552772522,
        0.8053168654441833,
        0.7799859642982483,
        0.7547717690467834,
        0.7586385011672974,
        0.7639653086662292,
        0.7722420692443848,
        0.7950877547264099,
        0.8426692485809326,
        0.870006799697876,
        0.8680809736251831,
        0.858778715133667,
        0.8350663781166077,
        0.8123056888580322,
        0.7989892363548279,
        0.7923444509506226,
        0.7914978265762329,
        0.7935271859169006,
        0.7941721081733704,
        0.7983400225639343,
        0.804872989654541,
        0.8108640909194946
    ],
    "train_accuracy": [
        0.53125,
        0.46875,
        0.46875,
        0.625,
        0.59375,
        0.65625,
        0.53125,
        0.53125,
        0.65625,
        0.5,
        0.46875,
        0.5625,
        0.65625,
        0.75,
        0.5,
        0.65625,
        0.6875,
        0.5,
        0.71875,
        0.71875,
        0.71875,
        0.65625,
        0.84375,
        0.8125,
        0.75,
        0.71875,
        0.75,
        0.78125,
        0.75,
        0.59375,
        0.75,
        0.65625,
        0.71875,
        0.6875,
        0.75,
        0.875,
        0.71875
    ],
    "val_accuracy": [
        0.375,
        0.625,
        0.625,
        0.375,
        0.375,
        0.375,
        0.625,
        0.625,
        0.375,
        0.375,
        0.375,
        0.375,
        0.5,
        0.5,
        0.5,
        0.25,
        0.25,
        0.5,
        0.5,
        0.5,
        0.5,
        0.5,
        0.5,
        0.5,
        0.375,
        0.25,
        0.375,
        0.375,
        0.5,
        0.5,
        0.5,
        0.5,
        0.5,
        0.5,
        0.5,
        0.5,
        0.5,
        0.5
    ],
    "epoch_times": [
        0.2257096767425537,
        0.03908371925354004,
        0.03717041015625,
        0.03747200965881348,
        0.03920936584472656,
        0.039032697677612305,
        0.0393834114074707,
        0.039705514907836914,
        0.03865480422973633,
        0.0395047664642334,
        0.039104461669921875,
        0.039336204528808594,
        0.03844475746154785,
        0.03937959671020508,
        0.039560794830322266,
        0.039026498794555664,
        0.03718376159667969,
        0.03969931602478027,
        0.03819632530212402,
        0.038049936294555664,
        0.038172245025634766,
        0.03699493408203125,
        0.03954577445983887,
        0.03757071495056152,
        0.03739476203918457,
        0.037113189697265625,
        0.03793168067932129,
        0.03761649131774902,
        0.03761911392211914,
        0.037996530532836914,
        0.037375450134277344,
        0.03853297233581543,
        0.0379791259765625,
        0.036864519119262695,
        0.03761625289916992,
        0.03689885139465332,
        0.03671145439147949
    ]
}