{
    "hyperparameters": {
        "activation": "tanh",
        "dropout_rate": 0.1970645228029,
        "kernel_size": 6,
        "learning_rate": 0.0001301178328,
        "num_filters": 222,
        "num_layers": 4,
        "pooling": "average",
        "pooling_size": 2
    },
    "dataset_stats": {
        "name": "Adiac",
        "train_size": 1872,
        "val_size": 468,
        "input_shape": [
            1,
            176
        ],
        "num_classes": 37
    },
    "epochs": 136,
    "train_loss": [
        3.751817226409912,
        3.5894508361816406,
        3.4806792736053467,
        3.42392635345459,
        3.3772826194763184,
        3.323370933532715,
        3.251206636428833,
        3.2028982639312744,
        3.178720235824585,
        3.1129422187805176,
        3.0762078762054443,
        3.0391271114349365,
        3.020360231399536,
        2.9421002864837646,
        2.9324421882629395,
        2.8755791187286377,
        2.8384921550750732,
        2.80033802986145,
        2.754652500152588,
        2.709465980529785,
        2.674160957336426,
        2.645141839981079,
        2.5973846912384033,
        2.5689890384674072,
        2.5284621715545654,
        2.4848644733428955,
        2.4438769817352295,
        2.3675761222839355,
        2.377824068069458,
        2.3341808319091797,
        2.305532932281494,
        2.272163152694702,
        2.2430686950683594,
        2.2061009407043457,
        2.2018883228302,
        2.136787176132202,
        2.0922439098358154,
        2.0640783309936523,
        2.0593223571777344,
        2.0309853553771973,
        1.9938665628433228,
        1.9774670600891113,
        1.917920708656311,
        1.8782081604003906,
        1.820802092552185,
        1.807072639465332,
        1.796373724937439,
        1.7941868305206299,
        1.7582796812057495,
        1.705544352531433,
        1.685646414756775,
        1.6742058992385864,
        1.6180564165115356,
        1.6143642663955688,
        1.5490083694458008,
        1.5396121740341187,
        1.5200731754302979,
        1.4884008169174194,
        1.4842485189437866,
        1.4784895181655884,
        1.4583884477615356,
        1.4078432321548462,
        1.3543058633804321,
        1.3514528274536133,
        1.3412410020828247,
        1.3031680583953857,
        1.300048589706421,
        1.2592250108718872,
        1.215638518333435,
        1.1874587535858154,
        1.217820405960083,
        1.217642903327942,
        1.1464570760726929,
        1.1646058559417725,
        1.151978611946106,
        1.124010443687439,
        1.1305193901062012,
        1.1088978052139282,
        1.096196174621582,
        1.0838865041732788,
        1.0385372638702393,
        1.0601340532302856,
        1.0599348545074463,
        1.0023739337921143,
        1.024014949798584,
        0.9910622239112854,
        0.9841519594192505,
        0.9558225870132446,
        0.9304971694946289,
        0.9427742958068848,
        0.9408023953437805,
        0.9232837557792664,
        0.8760290145874023,
        0.9215763211250305,
        0.8889883756637573,
        0.8822255730628967,
        0.8455405235290527,
        0.8619864583015442,
        0.8437057137489319,
        0.8597723841667175,
        0.8409750461578369,
        0.8401306867599487,
        0.8097387552261353,
        0.7784926295280457,
        0.8615888953208923,
        0.7781429290771484,
        0.8157021403312683,
        0.7665674090385437,
        0.7526090741157532,
        0.7983141541481018,
        0.7436767816543579,
        0.7565025091171265,
        0.7858429551124573,
        0.7414404153823853,
        0.7564619779586792,
        0.7220200896263123,
        0.7097814083099365,
        0.7540688514709473,
        0.7239304184913635,
        0.7346528172492981,
        0.732849657535553,
        0.6818929314613342,
        0.6975048184394836,
        0.6641349196434021,
        0.6957640051841736,
        0.6675400733947754,
        0.6585046052932739,
        0.6400748491287231,
        0.6788768768310547,
        0.6741611957550049,
        0.6265802383422852,
        0.6711549162864685,
        0.646884560585022,
        0.6528986096382141,
        0.6297077536582947,
        0.6311756372451782
    ],