{
    "hyperparameters": {
        "bidirectional": true,
        "dropout_rate": 0.2965562688967,
        "hidden_units": 119,
        "learning_rate": 2.73635252e-05,
        "num_layers": 4,
        "output_activation": "sigmoid",
        "weight_decay": 7.42881067e-05
    },
    "dataset_stats": {
        "name": "classification_ozone",
        "train_size": 85,
        "val_size": 21,
        "input_shape": [
            1201,
            1
        ],
        "num_classes": 2
    },
    "epochs": 89,
    "train_loss": [
        0.8865978717803955,
        0.8581683039665222,
        0.9234378337860107,
        0.9504382014274597,
        1.104797124862671,
        0.9817991852760315,
        1.0990158319473267,
        0.8008928894996643,
        0.9724164605140686,
        0.7717564702033997,
        1.0344219207763672,
        0.8019248247146606,
        1.046966314315796,
        0.8567506670951843,
        0.9508776664733887,
        0.8850732445716858,
        0.7636820673942566,
        0.6162934303283691,
        0.8759356737136841,
        0.7591696381568909,
        0.6472976207733154,
        0.6715336441993713,
        0.6445644497871399,
        0.728129506111145,
        0.8160640001296997,
        0.9568978548049927,
        0.8535891771316528,
        0.9012471437454224,
        0.7855862379074097,
        0.7848383784294128,
        0.7181002497673035,
        0.8027272820472717,
        0.7320332527160645,
        0.9427173137664795,
        0.6856334209442139,
        0.7800512909889221,
        0.7833207249641418,
        0.859704852104187,
        0.6409458518028259,
        0.7609533071517944,
        0.6850653886795044,
        0.7191046476364136,
        0.7322901487350464,
        0.7907693982124329,
        1.0203192234039307,
        0.7001187205314636,
        0.752350926399231,
        0.8089896440505981,
        0.7244876027107239,
        0.8209458589553833,
        0.7925330400466919,
        0.9141132831573486,
        0.7348714470863342,
        0.8624501824378967,
        0.6793690919876099,
        0.7336884140968323,
        0.9339642524719238,
        0.6789896488189697,
        0.7203646898269653,
        0.7374548316001892,
        0.6552824974060059,
        0.8419063091278076,
        0.7872241735458374,
        0.6171222925186157,
        0.8532267808914185,
        0.7265388369560242,
        0.7857592701911926,
        0.9591029286384583,
        0.7200800776481628,
        0.6594999432563782,
        0.9398679137229919,
        0.7111190557479858,
        0.829339861869812,
        0.7136772871017456,
        0.6353161931037903,
        0.709614098072052,
        0.79621422290802,
        0.6653735637664795,
        0.7635218501091003,
        0.7157543897628784,
        0.6928835511207581,
        0.718422532081604,
        0.8624876141548157,
        0.8539706468582153,
        0.6961008310317993,
        0.7674500346183777,
        0.70702064037323,
        0.6595034599304199,
        0.6184407472610474
    ],
    "val_loss": [
        1.2391266822814941,
        1.2105547189712524,
        1.1967408657073975,
        1.1880155801773071,
        1.1703726053237915,
        1.1551635265350342,
        1.1399271488189697,
        1.1162675619125366,
        1.0888545513153076,
        1.0625454187393188,
        1.025715708732605,
        0.9853401184082031,
        0.9472463726997375,
        0.9154144525527954,
        0.8868539929389954,
        0.8654500246047974,
        0.8542033433914185,
        0.8471048474311829,
        0.8450058698654175,
        0.8468483686447144,
        0.8502561450004578,
        0.8491507172584534,
        0.8522801995277405,
        0.851164698600769,
        0.8515609502792358,
        0.852401852607727,
        0.8509427309036255,
        0.8473187685012817,
        0.844079852104187,
        0.8394215106964111,
        0.835368275642395,
        0.8286486268043518,
        0.824160099029541,
        0.8201380968093872,
        0.8186802864074707,
        0.8153494000434875,
        0.8134651184082031,
        0.8117415904998779,
        0.8109814524650574,
        0.8108240962028503,
        0.8108815550804138,
        0.8100777864456177,
        0.8119146227836609,
        0.812798261642456,
        0.8110979199409485,
        0.8102864623069763,
        0.810116171836853,
        0.8065594434738159,
        0.8016839027404785,
        0.7988861799240112,
        0.7966974973678589,
        0.7921836376190186,
        0.7885554432868958,
        0.785040557384491,
        0.7840444445610046,
        0.7843667268753052,
        0.7844763994216919,
        0.7827755808830261,
        0.7819043397903442,
        0.7814570069313049,
        0.7851148247718811,
        0.7887071967124939,
        0.7917206883430481,
        0.7925801873207092,
        0.7918440699577332,
        0.7911000847816467,
        0.7902010083198547,
        0.7904608845710754,
        0.7900381684303284,
        0.7896154522895813,
        0.7887160181999207,
        0.7892976403236389,
        0.7892159819602966,
        0.789183497428894,
        0.7896378636360168,
        0.7901548743247986,
        0.7906815409660339,
        0.7908451557159424,
        0.7909284234046936,
        0.7908841967582703,
        0.7905526161193848,
        0.79041588306427,
        0.7901111841201782,
        0.7895764112472534,
        0.7895264625549316,
        0.7894164323806763,
        0.7893273234367371,
        0.7892791032791138,
        0.7892829179763794,
        0.7893128991127014
    ],