{
    "hyperparameters": {
        "activation": "relu",
        "dropout_rate": 0.1558462135918,
        "hidden_units": 46,
        "learning_rate": 0.0002154429309,
        "num_layers": 4,
        "weight_decay": 0.000543593109
    },
    "dataset_stats": {
        "name": "Car",
        "train_size": 68,
        "val_size": 17,
        "input_shape": [
            577,
            1
        ],
        "num_classes": 4
    },
    "epochs": 45,
    "train_loss": [
        1.5497359037399292,
        1.5710992813110352,
        1.4399402141571045,
        1.3866722583770752,
        1.3725064992904663,
        1.2925257682800293,
        1.3016239404678345,
        1.2623789310455322,
        1.2549382448196411,
        1.3563148975372314,
        1.2606964111328125,
        1.3143153190612793,
        1.3734688758850098,
        1.2814669609069824,
        1.3130112886428833,
        1.2983715534210205,
        1.2868059873580933,
        1.2751251459121704,
        1.1758748292922974,
        1.2291326522827148,
        1.2704954147338867,
        1.2771848440170288,
        1.2405649423599243,
        1.204822301864624,
        1.1704764366149902,
        1.298134446144104,
        1.1776373386383057,
        1.138604760169983,
        1.2757725715637207,
        1.2979609966278076,
        1.193608283996582,
        1.1680471897125244,
        1.1725236177444458,
        1.1933187246322632,
        1.2290012836456299,
        1.2178324460983276,
        1.2703279256820679,
        1.1931333541870117,
        1.0986590385437012,
        1.124882698059082,
        1.1704037189483643,
        1.1055034399032593,
        1.1600145101547241,
        1.1619445085525513,
        1.210179090499878
    ],
    "val_loss": [
        1.4149824380874634,
        1.3927462100982666,
        1.3787660598754883,
        1.3670504093170166,
        1.3597078323364258,
        1.3490945100784302,
        1.346564769744873,
        1.3460570573806763,
        1.3348174095153809,
        1.316251277923584,
        1.3127665519714355,
        1.2986968755722046,
        1.2987993955612183,
        1.2731367349624634,
        1.295490026473999,
        1.2702900171279907,
        1.328523874282837,
        1.3250718116760254,
        1.3069546222686768,
        1.3477048873901367,
        1.3756887912750244,
        1.4093860387802124,
        1.4066511392593384,
        1.4187153577804565,
        1.3972547054290771,
        1.429123044013977,
        1.3816708326339722,
        1.3755908012390137,
        1.3851685523986816,
        1.4223448038101196,
        1.354173183441162,
        1.355979561805725,
        1.3604965209960938,
        1.373877763748169,
        1.3814889192581177,
        1.379408597946167,
        1.4182446002960205,
        1.4014580249786377,
        1.4176276922225952,
        1.3999261856079102,
        1.4240163564682007,
        1.4606924057006836,
        1.4988830089569092,
        1.4707285165786743,
        1.4661582708358765,
        1.4441930055618286
    ],
    "train_accuracy": [
        0.20588235557079315,
        0.22058823704719543,
        0.2647058963775635,
        0.36764705181121826,
        0.4264705777168274,
        0.38235294818878174,
        0.29411765933036804,
        0.3970588147640228,
        0.44117647409439087,
        0.3382352888584137,
        0.45588234066963196,
        0.44117647409439087,
        0.36764705181121826,
        0.4264705777168274,
        0.4117647111415863,
        0.3529411852359772,
        0.4264705777168274,
        0.38235294818878174,
        0.44117647409439087,
        0.4264705777168274,
        0.4117647111415863,
        0.4117647111415863,
        0.44117647409439087,
        0.5147058963775635,
        0.45588234066963196,
        0.4264705777168274,
        0.5147058963775635,
        0.529411792755127,
        0.4117647111415863,
        0.4117647111415863,
        0.5,
        0.529411792755127,
        0.529411792755127,
        0.4852941036224365,
        0.5147058963775635,
        0.4264705777168274,
        0.3382352888584137,
        0.5,
        0.5882353186607361,
        0.5,
        0.5,
        0.5588235259056091,
        0.47058823704719543,
        0.4852941036224365,
        0.45588234066963196
    ],
    "val_accuracy": [
        0.23529411852359772,
        0.23529411852359772,
        0.23529411852359772,
        0.23529411852359772,
        0.3529411852359772,
        0.4117647111415863,
        0.4117647111415863,
        0.4117647111415863,
        0.47058823704719543,
        0.47058823704719543,
        0.3529411852359772,
        0.4117647111415863,
        0.3529411852359772,
        0.4117647111415863,
        0.47058823704719543,
        0.47058823704719543,
        0.4117647111415863,
        0.47058823704719543,
        0.7058823704719543,
        0.7058823704719543,
        0.6470588445663452,
        0.529411792755127,
        0.47058823704719543,
        0.47058823704719543,
        0.47058823704719543,
        0.529411792755127,
        0.5882353186607361,
        0.5882353186607361,
        0.529411792755127,
        0.529411792755127,
        0.6470588445663452,
        0.5882353186607361,
        0.6470588445663452,
        0.529411792755127,
        0.47058823704719543,
        0.529411792755127,
        0.5882353186607361,
        0.529411792755127,
        0.5882353186607361,
        0.5882353186607361,
        0.4117647111415863,
        0.4117647111415863,
        0.29411765933036804,
        0.29411765933036804,
        0.4117647111415863,
        0.4117647111415863
    ],
    "epoch_times": [
        0.009191036224365234,
        0.009297370910644531,
        0.009047985076904297,
        0.009939908981323242,
        0.009272098541259766,
        0.009152650833129883,
        0.009598016738891602,
        0.009872674942016602,
        0.009249210357666016,
        0.009279966354370117,
        0.008639812469482422,
        0.008796215057373047,
        0.008554935455322266,
        0.009251832962036133,
        0.009132146835327148,
        0.009150028228759766,
        0.009361743927001953,
        0.009285211563110352,
        0.009020805358886719,
        0.009352922439575195,
        0.008480072021484375,
        0.008642196655273438,
        0.008719205856323242,
        0.00857400894165039,
        0.011351823806762695,
        0.008918046951293945,
        0.009845972061157227,
        0.00963592529296875,
        0.009858846664428711,
        0.009392976760864258,
        0.009498834609985352,
        0.00957489013671875,
        0.00931406021118164,
        0.009205818176269531,
        0.009029865264892578,
        0.008624792098999023,
        0.008344888687133789,
        0.00899195671081543,
        0.009340286254882812,
        0.009155750274658203,
        0.009115934371948242,
        0.009522199630737305,
        0.00938272476196289,
        0.00956106185913086,
        0.009094953536987305
    ]
}