{
    "hyperparameters": {
        "activation": "tanh",
        "dropout_rate": 0.4108851442206,
        "kernel_size": 4,
        "learning_rate": 0.0012635817786,
        "num_filters": 216,
        "num_layers": 3,
        "pooling": "max",
        "pooling_size": 2
    },
    "dataset_stats": {
        "name": "FiftyWords",
        "train_size": 720,
        "val_size": 180,
        "input_shape": [
            1,
            270
        ],
        "num_classes": 50
    },
    "epochs": 36,
    "train_loss": [
        3.654430866241455,
        3.1793484687805176,
        2.9589781761169434,
        2.8241236209869385,
        2.6693785190582275,
        2.584519147872925,
        2.527057409286499,
        2.4107718467712402,
        2.3294837474823,
        2.252180576324463,
        2.233820676803589,
        2.2033374309539795,
        2.119953155517578,
        2.044813632965088,
        1.9937928915023804,
        1.9001039266586304,
        1.881273865699768,
        1.8602218627929688,
        1.7575734853744507,
        1.7443828582763672,
        1.663720726966858,
        1.6469080448150635,
        1.6021149158477783,
        1.5647284984588623,
        1.5102301836013794,
        1.476499080657959,
        1.3650987148284912,
        1.432612657546997,
        1.353584885597229,
        1.3445583581924438,
        1.338618516921997,
        1.2745361328125,
        1.2456927299499512,
        1.2286357879638672,
        1.1908283233642578,
        1.1627051830291748
    ],
    "val_loss": [
        3.9088540077209473,
        3.4878249168395996,
        3.4509503841400146,
        3.2749104499816895,
        3.187650442123413,
        3.153144598007202,
        3.0670583248138428,
        3.1227478981018066,
        3.2080190181732178,
        3.1830594539642334,
        3.069905996322632,
        3.1263909339904785,
        3.1911165714263916,
        3.134505271911621,
        3.128499746322632,
        3.117401361465454,
        3.1766858100891113,
        3.14420747756958,
        3.2083890438079834,
        3.2478365898132324,
        3.1949729919433594,
        3.3351008892059326,
        3.2897987365722656,
        3.380910873413086,
        3.3289690017700195,
        3.341059684753418,
        3.359415054321289,
        3.505521059036255,
        3.473456859588623,
        3.515281915664673,
        3.5118582248687744,
        3.5137603282928467,
        3.572265625,
        3.649451732635498,
        3.60058331489563,
        3.6657416820526123,
        3.618499755859375
    ],
    "train_accuracy": [
        0.1805555522441864,
        0.26944443583488464,
        0.2916666567325592,
        0.3375000059604645,
        0.34583333134651184,
        0.3680555522441864,
        0.3777777850627899,
        0.3888888955116272,
        0.39722222089767456,
        0.42916667461395264,
        0.4194444417953491,
        0.4416666626930237,
        0.4444444477558136,
        0.4680555462837219,
        0.47083333134651184,
        0.4902777671813965,
        0.5083333253860474,
        0.5041666626930237,
        0.5097222328186035,
        0.5249999761581421,
        0.543055534362793,
        0.5458333492279053,
        0.5513888597488403,
        0.5694444179534912,
        0.5805555582046509,
        0.5874999761581421,
        0.6194444298744202,
        0.5958333611488342,
        0.6111111044883728,
        0.6333333253860474,
        0.6402778029441833,
        0.6499999761581421,
        0.6430555582046509,
        0.6555555462837219,
        0.6722221970558167,
        0.6875
    ],
    "val_accuracy": [
        0.015625,
        0.18333333730697632,
        0.20555555820465088,
        0.22777777910232544,
        0.2944444417953491,
        0.2777777910232544,
        0.2611111104488373,
        0.2611111104488373,
        0.2888889014720917,
        0.3055555522441864,
        0.3055555522441864,
        0.2888889014720917,
        0.28333333134651184,
        0.3166666626930237,
        0.3333333432674408,
        0.2944444417953491,
        0.3055555522441864,
        0.30000001192092896,
        0.32777777314186096,
        0.30000001192092896,
        0.3166666626930237,
        0.3166666626930237,
        0.3166666626930237,
        0.28333333134651184,
        0.3444444537162781,
        0.30000001192092896,
        0.3222222328186035,
        0.30000001192092896,
        0.3055555522441864,
        0.31111112236976624,
        0.3222222328186035,
        0.3055555522441864,
        0.3166666626930237,
        0.3166666626930237,
        0.3166666626930237,
        0.31111112236976624,
        0.3055555522441864
    ],
    "epoch_times": [
        0.6096401214599609,
        0.25424671173095703,
        0.26590895652770996,
        0.2540018558502197,
        0.25353550910949707,
        0.2538149356842041,
        0.25316381454467773,
        0.2642345428466797,
        0.2623453140258789,
        0.2558281421661377,
        0.2609291076660156,
        0.2543487548828125,
        0.2528529167175293,
        0.2565958499908447,
        0.21577095985412598,
        0.2222752571105957,
        0.21511554718017578,
        0.215867280960083,
        0.2147047519683838,
        0.21984028816223145,
        0.25522470474243164,
        0.2742009162902832,
        0.28240489959716797,
        0.27944278717041016,
        0.2746891975402832,
        0.26298999786376953,
        0.2479853630065918,
        0.21827197074890137,
        0.23016357421875,
        0.2165229320526123,
        0.21562790870666504,
        0.17265772819519043,
        0.18934226036071777,
        0.1964561939239502,
        0.21601605415344238,
        0.2569403648376465
    ]
}