{
    "hyperparameters": {
        "activation": "relu",
        "dropout_rate": 0.2473234240535,
        "kernel_size": 6,
        "learning_rate": 0.0043122453105,
        "num_filters": 232,
        "num_layers": 3,
        "pooling": "max",
        "pooling_size": 2
    },
    "dataset_stats": {
        "name": "ChlorineConcentration",
        "train_size": 748,
        "val_size": 186,
        "input_shape": [
            1,
            166
        ],
        "num_classes": 3
    },
    "epochs": 39,
    "train_loss": [
        1.7292131185531616,
        1.2111525535583496,
        1.132123351097107,
        1.159544587135315,
        1.120614767074585,
        1.119124412536621,
        1.134994626045227,
        1.2382017374038696,
        1.0970343351364136,
        1.0870115756988525,
        1.1277495622634888,
        1.0932238101959229,
        1.0675959587097168,
        1.0970040559768677,
        1.0845704078674316,
        1.0589730739593506,
        1.0499005317687988,
        1.2018872499465942,
        1.092289924621582,
        1.1595710515975952,
        1.1887316703796387,
        1.002386450767517,
        1.0690317153930664,
        1.0502017736434937,
        1.0455436706542969,
        0.990571141242981,
        0.9856888651847839,
        1.0422167778015137,
        1.024376392364502,
        1.0131593942642212,
        0.9961131811141968,
        0.9600718021392822,
        0.9685407876968384,
        0.994619607925415,
        0.9564188718795776,
        0.9180335402488708,
        0.9166852235794067,
        0.9015074372291565,
        0.9126040935516357
    ],
    "val_loss": [
        1.1014779806137085,
        1.2815968990325928,
        1.0387386083602905,
        1.177768349647522,
        1.019253134727478,
        1.0393905639648438,
        1.067832589149475,
        1.4771528244018555,
        1.2655744552612305,
        1.010089635848999,
        1.1797127723693848,
        1.0739872455596924,
        1.0652493238449097,
        1.0795738697052002,
        1.2086495161056519,
        1.1221272945404053,
        1.037631630897522,
        1.4493043422698975,
        1.0728232860565186,
        1.1271414756774902,
        1.2231699228286743,
        1.0926809310913086,
        1.0805734395980835,
        1.0647305250167847,
        1.2435731887817383,
        1.0344767570495605,
        1.0302879810333252,
        1.103312611579895,
        1.0287983417510986,
        1.0213650465011597,
        1.0133020877838135,
        1.0300723314285278,
        1.088908314704895,
        1.1761665344238281,
        1.1914054155349731,
        1.131178379058838,
        1.0880464315414429,
        1.0788038969039917,
        1.1384973526000977,
        1.0742385387420654
    ],
    "train_accuracy": [
        0.44117647409439087,
        0.47058823704719543,
        0.5534759163856506,
        0.5360962748527527,
        0.5334224700927734,
        0.5401069521903992,
        0.5280748605728149,
        0.5200534462928772,
        0.5,
        0.4986630976200104,
        0.5254010558128357,
        0.5521390438079834,
        0.5147058963775635,
        0.5414438247680664,
        0.5374331474304199,
        0.5641711354255676,
        0.5695187449455261,
        0.5401069521903992,
        0.5454545617103577,
        0.5414438247680664,
        0.5708556175231934,
        0.5802139043807983,
        0.5695187449455261,
        0.5641711354255676,
        0.5721924901008606,
        0.5775400996208191,
        0.596256673336029,
        0.5909090638160706,
        0.5708556175231934,
        0.5668449401855469,
        0.5949198007583618,
        0.5882353186607361,
        0.6082887649536133,
        0.5975936055183411,
        0.5935828685760498,
        0.605614960193634,
        0.5935828685760498,
        0.625668466091156,
        0.6203208565711975
    ],
    "val_accuracy": [
        0.171875,
        0.5645161271095276,
        0.5537634491920471,
        0.5483871102333069,
        0.5591397881507874,
        0.5537634491920471,
        0.5268816947937012,
        0.5268816947937012,
        0.5215053558349609,
        0.5430107712745667,
        0.5591397881507874,
        0.5,
        0.5376344323158264,
        0.5376344323158264,
        0.5645161271095276,
        0.5483871102333069,
        0.5322580933570862,
        0.5591397881507874,
        0.4838709533214569,
        0.5322580933570862,
        0.5161290168762207,
        0.5430107712745667,
        0.5483871102333069,
        0.5806451439857483,
        0.5537634491920471,
        0.5537634491920471,
        0.5483871102333069,
        0.5645161271095276,
        0.5698924660682678,
        0.5698924660682678,
        0.5806451439857483,
        0.5645161271095276,
        0.5537634491920471,
        0.5430107712745667,
        0.5537634491920471,
        0.5483871102333069,
        0.5215053558349609,
        0.5591397881507874,
        0.5053763389587402,
        0.5537634491920471
    ],
    "epoch_times": [
        28.426921367645264,
        0.3606681823730469,
        0.2660379409790039,
        0.29421186447143555,
        0.26116013526916504,
        0.26354503631591797,
        0.26198887825012207,
        0.25821900367736816,
        0.2627401351928711,
        0.2594330310821533,
        0.29291796684265137,
        0.26303791999816895,
        0.25835609436035156,
        0.27687788009643555,
        0.2821643352508545,
        0.278796911239624,
        0.2782919406890869,
        0.25950002670288086,
        0.27017712593078613,
        0.2607910633087158,
        0.2570769786834717,
        0.25481081008911133,
        0.2567129135131836,
        0.2553699016571045,
        0.257828950881958,
        0.27307581901550293,
        0.25653696060180664,
        0.2574028968811035,
        0.25777196884155273,
        0.25986361503601074,
        0.2588021755218506,
        0.25925302505493164,
        0.26152610778808594,
        0.2572970390319824,
        0.2572050094604492,
        0.27941298484802246,
        0.26150012016296387,
        0.2609269618988037,
        0.25661230087280273
    ]
}