{
    "hyperparameters": {
        "activation": "relu",
        "dropout_rate": 0.5583402491915,
        "hidden_units": 30,
        "learning_rate": 0.0016034265335,
        "num_layers": 2,
        "weight_decay": 0.0052845046766
    },
    "dataset_stats": {
        "name": "CBF",
        "train_size": 44,
        "val_size": 11,
        "input_shape": [
            128,
            1
        ],
        "num_classes": 3
    },
    "epochs": 109,
    "train_loss": [
        1.272465467453003,
        1.160025954246521,
        1.1083213090896606,
        0.865590512752533,
        0.9297376871109009,
        0.9264287352561951,
        0.9291487336158752,
        0.8081510663032532,
        0.7670421600341797,
        0.8983910083770752,
        0.7631419897079468,
        0.8939233422279358,
        0.7638879418373108,
        0.7153359055519104,
        0.7553966045379639,
        0.8340597152709961,
        0.7188997268676758,
        0.6792709231376648,
        0.619462251663208,
        0.6878970265388489,
        0.729854941368103,
        0.7115612626075745,
        0.7209663987159729,
        0.6076149344444275,
        0.5412840247154236,
        0.647281289100647,
        0.5729331970214844,
        0.5028954744338989,
        0.5269470810890198,
        0.6313075423240662,
        0.5340049862861633,
        0.4482031762599945,
        0.46412545442581177,
        0.38612353801727295,
        0.49117735028266907,
        0.4611239731311798,
        0.4582709074020386,
        0.42721137404441833,
        0.4731513261795044,
        0.5098896622657776,
        0.5097517371177673,
        0.3747709393501282,
        0.4571783244609833,
        0.41286641359329224,
        0.46206578612327576,
        0.4006963074207306,
        0.35728204250335693,
        0.29808616638183594,
        0.3856215178966522,
        0.3565070331096649,
        0.3591362535953522,
        0.3468109667301178,
        0.4757744073867798,
        0.3419429361820221,
        0.3855750262737274,
        0.28848427534103394,
        0.34296348690986633,
        0.3597610294818878,
        0.33910879492759705,
        0.4511509835720062,
        0.3740282952785492,
        0.3457304537296295,
        0.3583821654319763,
        0.19207200407981873,
        0.4330308735370636,
        0.22934164106845856,
        0.25699377059936523,
        0.37636861205101013,
        0.2921045124530792,
        0.40236103534698486,
        0.23776927590370178,
        0.281852126121521,
        0.29662439227104187,
        0.2070620208978653,
        0.2060617059469223,
        0.21573391556739807,
        0.3016439974308014,
        0.24572326242923737,
        0.18985794484615326,
        0.2578127086162567,
        0.19188228249549866,
        0.23539529740810394,
        0.30150505900382996,
        0.48201170563697815,
        0.1930093914270401,
        0.2150205671787262,
        0.23832295835018158,
        0.19523252546787262,
        0.20918168127536774,
        0.200603187084198,
        0.2236931324005127,
        0.19118443131446838,
        0.20717357099056244,
        0.18878087401390076,
        0.13477064669132233,
        0.2162495106458664,
        0.1767086684703827,
        0.1682077795267105,
        0.15630382299423218,
        0.13004706799983978,
        0.18732570111751556,
        0.15447431802749634,
        0.31364384293556213,
        0.12690292298793793,
        0.17507362365722656,
        0.18858465552330017,
        0.15556392073631287,
        0.19205422699451447,
        0.20000353455543518
    ],
    "val_loss": [
        1.1380441188812256,
        1.1146421432495117,
        1.0979726314544678,
        1.0765156745910645,
        1.0591338872909546,
        1.0395885705947876,
        1.026578426361084,
        1.0105010271072388,
        0.9945285320281982,
        0.9890303015708923,
        0.9738820791244507,
        0.9626539349555969,
        0.9574997425079346,
        0.9468088746070862,
        0.9367159008979797,
        0.9229848980903625,
        0.9133591055870056,
        0.9092856049537659,
        0.9063007831573486,
        0.912621259689331,
        0.8990498185157776,
        0.9043781757354736,
        0.9089627861976624,
        0.8962829113006592,
        0.8895776271820068,
        0.8616140484809875,
        0.8448272347450256,
        0.8241465091705322,
        0.824127197265625,
        0.8101532459259033,
        0.793834924697876,
        0.7979279160499573,
        0.8126406073570251,
        0.8090149164199829,
        0.8028140664100647,
        0.8034652471542358,
        0.8087421655654907,
        0.8095120787620544,
        0.803966760635376,
        0.7954683303833008,
        0.7890974283218384,
        0.794145405292511,
        0.8152799010276794,
        0.8431887030601501,
        0.8566465973854065,
        0.8646138906478882,
        0.8690017461776733,
        0.8539966344833374,
        0.8270643353462219,
        0.8306861519813538,
        0.8275218605995178,
        0.8047569394111633,
        0.8075918555259705,
        0.7747800350189209,
        0.7582789063453674,
        0.747372031211853,
        0.7390232682228088,
        0.7264623045921326,
        0.7240669131278992,
        0.719627857208252,
        0.7178627252578735,
        0.7405214309692383,
        0.7282748818397522,
        0.7258312106132507,
        0.7337532639503479,
        0.7553466558456421,
        0.7348493933677673,
        0.7327039241790771,
        0.7021234631538391,
        0.6635083556175232,
        0.6248891353607178,
        0.6081613302230835,
        0.625124454498291,
        0.602405309677124,
        0.5965226888656616,
        0.5946261882781982,
        0.5888697504997253,
        0.5910334587097168,
        0.5844743847846985,
        0.5758477449417114,
        0.5799327492713928,
        0.591360330581665,
        0.6069927215576172,
        0.6260143518447876,
        0.6326337456703186,
        0.622647225856781,
        0.604996919631958,
        0.5918674468994141,
        0.5866071581840515,
        0.589199960231781,
        0.5760161876678467,
        0.5971730351448059,
        0.6231935620307922,
        0.6263414621353149,
        0.6490336656570435,
        0.6485547423362732,
        0.6632117033004761,
        0.6437351107597351,
        0.6572847366333008,
        0.6385694742202759,
        0.6377273797988892,
        0.6440032720565796,
        0.6401801109313965,
        0.6370853185653687,
        0.6272528767585754,
        0.6203114986419678,
        0.6388838887214661,
        0.6211787462234497,
        0.6280977725982666,
        0.6358808875083923
    ],