{
    "hyperparameters": {
        "activation": "gelu",
        "dropout_rate": 0.3408802173652,
        "hidden_units": 25,
        "learning_rate": 0.0007437816667,
        "num_layers": 1,
        "weight_decay": 0.0035874469614
    },
    "dataset_stats": {
        "name": "BirdChicken",
        "train_size": 36,
        "val_size": 9,
        "input_shape": [
            512,
            1
        ],
        "num_classes": 2
    },
    "epochs": 59,
    "train_loss": [
        0.9225997924804688,
        0.7861631512641907,
        0.7367630004882812,
        0.6561227440834045,
        0.6294739246368408,
        0.6792687177658081,
        0.5251105427742004,
        0.5374366641044617,
        0.6189790368080139,
        0.6314170956611633,
        0.5598857998847961,
        0.5665827989578247,
        0.5673649311065674,
        0.5397274494171143,
        0.5538026094436646,
        0.5263228416442871,
        0.4670119881629944,
        0.5364106893539429,
        0.5423486232757568,
        0.4650474190711975,
        0.45849359035491943,
        0.48394742608070374,
        0.5193778276443481,
        0.4960308074951172,
        0.5590154528617859,
        0.4309173822402954,
        0.5085456371307373,
        0.4795936942100525,
        0.4907621145248413,
        0.42982107400894165,
        0.4556911885738373,
        0.5166534781455994,
        0.4583417475223541,
        0.4053296744823456,
        0.36901676654815674,
        0.4579232633113861,
        0.45843395590782166,
        0.38451653718948364,
        0.38858386874198914,
        0.44160598516464233,
        0.3789520561695099,
        0.44014808535575867,
        0.4279671609401703,
        0.463053822517395,
        0.4494704604148865,
        0.4352262318134308,
        0.38168764114379883,
        0.42286306619644165,
        0.37022820115089417,
        0.3851204216480255,
        0.3682194948196411,
        0.41951411962509155,
        0.3388987183570862,
        0.3462214469909668,
        0.39986735582351685,
        0.3267827033996582,
        0.3980153799057007,
        0.3056030869483948,
        0.3572016656398773
    ],
    "val_loss": [
        0.7667374610900879,
        0.735423743724823,
        0.719167947769165,
        0.7254457473754883,
        0.7198621034622192,
        0.7209747433662415,
        0.7416308522224426,
        0.7482545375823975,
        0.7472212314605713,
        0.7571913003921509,
        0.7798580527305603,
        0.7554589509963989,
        0.7233608365058899,
        0.7050387859344482,
        0.6851921677589417,
        0.6447834372520447,
        0.6264679431915283,
        0.6103475093841553,
        0.6022869348526001,
        0.5669558048248291,
        0.5548648238182068,
        0.5424676537513733,
        0.5416590571403503,
        0.540056049823761,
        0.531244695186615,
        0.529636561870575,
        0.49916255474090576,
        0.4928760528564453,
        0.4901677668094635,
        0.4763167202472687,
        0.4807167053222656,
        0.4781635105609894,
        0.5026092529296875,
        0.5088673830032349,
        0.5258716940879822,
        0.5458743572235107,
        0.5574634075164795,
        0.5740623474121094,
        0.5956037044525146,
        0.6101399660110474,
        0.6407740116119385,
        0.6556230783462524,
        0.685795247554779,
        0.6743571758270264,
        0.6495679020881653,
        0.6501089930534363,
        0.676080584526062,
        0.6889867186546326,
        0.6589217782020569,
        0.6390048265457153,
        0.637317955493927,
        0.6006772518157959,
        0.5773521661758423,
        0.5723928809165955,
        0.5857107639312744,
        0.5800676345825195,
        0.5887522101402283,
        0.5629066824913025,
        0.5565531253814697,
        0.5773645639419556
    ],
    "train_accuracy": [
        0.3888888955116272,
        0.4722222089767456,
        0.4444444477558136,
        0.6388888955116272,
        0.6111111044883728,
        0.6111111044883728,
        0.6944444179534912,
        0.7222222089767456,
        0.6666666865348816,
        0.6388888955116272,
        0.7777777910232544,
        0.6944444179534912,
        0.7222222089767456,
        0.75,
        0.6666666865348816,
        0.75,
        0.7777777910232544,
        0.8055555820465088,
        0.8055555820465088,
        0.8055555820465088,
        0.7777777910232544,
        0.7777777910232544,
        0.7222222089767456,
        0.8055555820465088,
        0.7777777910232544,
        0.8611111044883728,
        0.8055555820465088,
        0.75,
        0.8055555820465088,
        0.8333333134651184,
        0.7777777910232544,
        0.8055555820465088,
        0.8333333134651184,
        0.8888888955116272,
        0.8611111044883728,
        0.8611111044883728,
        0.8333333134651184,
        0.9166666865348816,
        0.8611111044883728,
        0.9166666865348816,
        0.8888888955116272,
        0.7777777910232544,
        0.8055555820465088,
        0.8333333134651184,
        0.8055555820465088,
        0.8611111044883728,
        0.8888888955116272,
        0.8333333134651184,
        0.8611111044883728,
        0.8611111044883728,
        0.9166666865348816,
        0.8888888955116272,
        0.9166666865348816,
        0.8888888955116272,
        0.8888888955116272,
        0.9444444179534912,
        0.8611111044883728,
        0.9444444179534912,
        0.8888888955116272
    ],
    "val_accuracy": [
        0.2222222238779068,
        0.2222222238779068,
        0.3333333432674408,
        0.3333333432674408,
        0.4444444477558136,
        0.4444444477558136,
        0.4444444477558136,
        0.4444444477558136,
        0.4444444477558136,
        0.4444444477558136,
        0.4444444477558136,
        0.5555555820465088,
        0.5555555820465088,
        0.5555555820465088,
        0.5555555820465088,
        0.5555555820465088,
        0.5555555820465088,
        0.5555555820465088,
        0.5555555820465088,
        0.6666666865348816,
        0.6666666865348816,
        0.6666666865348816,
        0.6666666865348816,
        0.6666666865348816,
        0.7777777910232544,
        0.7777777910232544,
        0.8888888955116272,
        0.8888888955116272,
        0.7777777910232544,
        0.8888888955116272,
        0.8888888955116272,
        0.8888888955116272,
        0.8888888955116272,
        0.8888888955116272,
        0.7777777910232544,
        0.7777777910232544,
        0.6666666865348816,
        0.6666666865348816,
        0.5555555820465088,
        0.5555555820465088,
        0.5555555820465088,
        0.5555555820465088,
        0.5555555820465088,
        0.5555555820465088,
        0.5555555820465088,
        0.5555555820465088,
        0.6666666865348816,
        0.6666666865348816,
        0.6666666865348816,
        0.6666666865348816,
        0.6666666865348816,
        0.6666666865348816,
        0.6666666865348816,
        0.6666666865348816,
        0.5555555820465088,
        0.6666666865348816,
        0.6666666865348816,
        0.7777777910232544,
        0.7777777910232544,
        0.7777777910232544
    ],