{
    "hyperparameters": {
        "bidirectional": true,
        "dropout_rate": 0.1048594496153,
        "hidden_units": 255,
        "learning_rate": 2.88918429e-05,
        "num_layers": 3,
        "output_activation": "gelu",
        "weight_decay": 0.0004407099093
    },
    "dataset_stats": {
        "name": "ChlorineConcentration",
        "train_size": 417,
        "val_size": 50,
        "input_shape": [
            166,
            1
        ],
        "num_classes": 3
    },
    "epochs": 52,
    "train_loss": [
        0.4871935248374939,
        0.5415956377983093,
        1.8174848556518555,
        0.48603659868240356,
        0.7564703226089478,
        1.520340085029602,
        0.4032348394393921,
        1.6655809879302979,
        0.6217114925384521,
        0.7662091255187988,
        1.601693868637085,
        0.5335469245910645,
        1.4757122993469238,
        0.5818660259246826,
        0.5052571892738342,
        0.3679371774196625,
        0.6335165500640869,
        0.25686854124069214,
        0.19886299967765808,
        0.4084074795246124,
        0.5980015397071838,
        0.9853475093841553,
        0.4223850965499878,
        2.219252824783325,
        2.660712480545044,
        0.853977620601654,
        1.7894530296325684,
        0.37015509605407715,
        1.281661868095398,
        0.3373739719390869,
        1.6741909980773926,
        0.5737916231155396,
        0.3729742765426636,
        1.9460294246673584,
        0.6261863112449646,
        0.4846704304218292,
        0.061235345900058746,
        0.42824989557266235,
        0.4390948712825775,
        1.4144635200500488,
        1.321225643157959,
        1.970339059829712,
        0.5967181921005249,
        1.4425088167190552,
        0.5122694373130798,
        1.3565223217010498,
        1.4592454433441162,
        1.2581217288970947,
        1.117582082748413,
        0.5003139972686768,
        0.5456744432449341,
        0.4184616804122925
    ],
    "val_loss": [
        1.1372665166854858,
        0.9495247006416321,
        0.9919925928115845,
        0.9265919327735901,
        0.9280145168304443,
        0.9234651327133179,
        0.9110289812088013,
        0.9256373643875122,
        0.9215134978294373,
        0.9177084565162659,
        0.9139208793640137,
        0.9101996421813965,
        0.9262349009513855,
        0.9118189811706543,
        0.9245202541351318,
        0.911255955696106,
        0.9078816771507263,
        0.924595057964325,
        0.9108680486679077,
        0.9004096984863281,
        0.929279625415802,
        0.91266930103302,
        0.8898299932479858,
        0.937760591506958,
        0.9277918934822083,
        0.9103204607963562,
        0.9404943585395813,
        0.9029372334480286,
        0.9101763963699341,
        0.9323161840438843,
        0.9313269257545471,
        0.8968002200126648,
        0.8956543207168579,
        0.9090232849121094,
        0.9248718023300171,
        0.9174899458885193,
        0.9109290838241577,
        0.9074196815490723,
        0.9085598587989807,
        0.9123774766921997,
        0.9061686992645264,
        0.9085913300514221,
        0.9120567440986633,
        0.9134945869445801,
        0.9164122939109802,
        0.9164471626281738,
        0.9166085720062256,
        0.9168855547904968,
        0.9176395535469055,
        0.9164524078369141,
        0.9130998849868774,
        0.9098978638648987,
        0.9102170467376709
    ],
    "train_accuracy": [
        1.0,
        1.0,
        0.0,
        1.0,
        1.0,
        0.0,
        1.0,
        0.0,
        1.0,
        0.0,
        0.0,
        1.0,
        0.0,
        1.0,
        1.0,
        1.0,
        1.0,
        1.0,
        1.0,
        1.0,
        1.0,
        0.0,
        1.0,
        0.0,
        0.0,
        1.0,
        0.0,
        1.0,
        0.0,
        1.0,
        0.0,
        1.0,
        1.0,
        0.0,
        1.0,
        1.0,
        1.0,
        1.0,
        1.0,
        0.0,
        0.0,
        0.0,
        1.0,
        0.0,
        1.0,
        0.0,
        0.0,
        0.0,
        0.0,
        1.0,
        1.0,
        1.0
    ],
    "val_accuracy": [
        0.4399999976158142,
        0.6200000047683716,
        0.6000000238418579,
        0.6200000047683716,
        0.6200000047683716,
        0.6399999856948853,
        0.6399999856948853,
        0.6399999856948853,
        0.6399999856948853,
        0.6399999856948853,
        0.6399999856948853,
        0.6399999856948853,
        0.6399999856948853,
        0.6399999856948853,
        0.6399999856948853,
        0.6399999856948853,
        0.6399999856948853,
        0.6399999856948853,
        0.6399999856948853,
        0.6399999856948853,
        0.6399999856948853,
        0.6399999856948853,
        0.6600000262260437,
        0.6399999856948853,
        0.6399999856948853,
        0.6399999856948853,
        0.6399999856948853,
        0.6399999856948853,
        0.6399999856948853,
        0.6399999856948853,
        0.6399999856948853,
        0.6399999856948853,
        0.6399999856948853,
        0.6399999856948853,
        0.6399999856948853,
        0.6399999856948853,
        0.6399999856948853,
        0.6399999856948853,
        0.6399999856948853,
        0.6399999856948853,
        0.6399999856948853,
        0.6399999856948853,
        0.6399999856948853,
        0.6399999856948853,
        0.6399999856948853,
        0.6399999856948853,
        0.6399999856948853,
        0.6399999856948853,
        0.6399999856948853,
        0.6399999856948853,
        0.6399999856948853,
        0.6399999856948853,
        0.6399999856948853
    ],
    "epoch_times": [
        0.7012486457824707,
        1.1565608978271484,
        1.6036357879638672,
        1.1300463676452637,
        1.7278566360473633,
        1.5119307041168213,
        1.4661941528320312,
        1.7806193828582764,
        1.707899570465088,
        1.577566385269165,
        1.513641357421875,
        1.7122559547424316,
        1.6817529201507568,
        1.7370100021362305,
        1.7847132682800293,
        1.5743439197540283,
        1.562192678451538,
        1.752718448638916,
        1.8029062747955322,
        1.2958693504333496,
        1.7376413345336914,
        1.5097367763519287,
        1.1708130836486816,
        1.5707018375396729,
        1.8131401538848877,
        1.8155591487884521,
        1.5053150653839111,
        1.2178983688354492,
        1.7242963314056396,
        1.706212043762207,
        1.6237695217132568,
        1.899240493774414,
        1.7224764823913574,
        1.672278881072998,
        1.61320161819458,
        1.7943270206451416,
        1.8573102951049805,
        1.5981431007385254,
        1.7828998565673828,
        1.7678923606872559,
        1.2771642208099365,
        1.559330940246582,
        1.5441765785217285,
        1.415902853012085,
        1.4553544521331787,
        1.5927059650421143,
        1.8121535778045654,
        1.2468392848968506,
        1.7220056056976318,
        1.669825553894043,
        1.6897096633911133,
        1.8858745098114014
    ]
}