{
    "hyperparameters": {
        "activation": "gelu",
        "dropout_rate": 0.1621049929123,
        "hidden_units": 91,
        "learning_rate": 0.004637990417,
        "num_layers": 4,
        "weight_decay": 0.0061497187933
    },
    "dataset_stats": {
        "name": "FiftyWords",
        "train_size": 360,
        "val_size": 90,
        "input_shape": [
            270,
            1
        ],
        "num_classes": 50
    },
    "epochs": 49,
    "train_loss": [
        3.5001468658447266,
        2.518211603164673,
        2.1248581409454346,
        1.8138712644577026,
        1.6695556640625,
        1.55204176902771,
        1.4405512809753418,
        1.324958086013794,
        1.2156071662902832,
        1.1885827779769897,
        1.1778645515441895,
        1.1103622913360596,
        1.0375334024429321,
        1.1203181743621826,
        1.0244410037994385,
        0.9857205748558044,
        0.9520053267478943,
        0.8638243675231934,
        0.9083958268165588,
        0.8646315932273865,
        0.9395272731781006,
        0.8260167241096497,
        0.8965693116188049,
        0.9106989502906799,
        0.8011027574539185,
        0.8400933742523193,
        0.8402093052864075,
        0.8223481774330139,
        0.7828575968742371,
        0.8329514265060425,
        0.7730544805526733,
        0.7534876465797424,
        0.8281179070472717,
        0.7952410578727722,
        0.8230909705162048,
        0.8798010349273682,
        0.8118778467178345,
        0.7814379930496216,
        0.717751145362854,
        0.7282074093818665,
        0.7573025226593018,
        0.7266313433647156,
        0.7830362915992737,
        0.7227309942245483,
        0.739443302154541,
        0.6828975081443787,
        0.6346944570541382,
        0.6249191761016846,
        0.6372197270393372
    ],
    "val_loss": [
        3.909951686859131,
        3.2771105766296387,
        2.428358554840088,
        2.212905168533325,
        2.062673568725586,
        2.0992543697357178,
        2.01007080078125,
        1.8857696056365967,
        1.856485366821289,
        1.9206136465072632,
        1.8936455249786377,
        1.9310357570648193,
        1.960542917251587,
        1.7933621406555176,
        1.906073808670044,
        1.8286195993423462,
        1.7514435052871704,
        1.8804446458816528,
        1.7311123609542847,
        1.7000141143798828,
        1.7813547849655151,
        1.73008131980896,
        1.7697821855545044,
        1.7394641637802124,
        1.8561577796936035,
        1.8335012197494507,
        1.859383463859558,
        1.7632344961166382,
        1.8057528734207153,
        1.7114530801773071,
        1.7638654708862305,
        1.7622897624969482,
        1.7678135633468628,
        1.843234896659851,
        1.8397538661956787,
        2.0043904781341553,
        1.9053449630737305,
        1.8790696859359741,
        1.92291259765625,
        1.9689924716949463,
        2.0127878189086914,
        1.9122785329818726,
        1.9172852039337158,
        1.937951683998108,
        1.9296298027038574,
        1.887853980064392,
        1.9632905721664429,
        1.9038121700286865,
        1.8305695056915283,
        1.9178658723831177
    ],
    "train_accuracy": [
        0.16944444179534912,
        0.3916666805744171,
        0.44999998807907104,
        0.5361111164093018,
        0.5527777671813965,
        0.5833333134651184,
        0.6111111044883728,
        0.6194444298744202,
        0.6944444179534912,
        0.6611111164093018,
        0.6583333611488342,
        0.6722221970558167,
        0.6916666626930237,
        0.6777777671813965,
        0.7027778029441833,
        0.7333333492279053,
        0.7194444537162781,
        0.7388888597488403,
        0.7472222447395325,
        0.75,
        0.7333333492279053,
        0.7250000238418579,
        0.7361111044883728,
        0.7138888835906982,
        0.7611111402511597,
        0.7444444298744202,
        0.7583333253860474,
        0.7638888955116272,
        0.7638888955116272,
        0.7361111044883728,
        0.7666666507720947,
        0.7611111402511597,
        0.7472222447395325,
        0.7666666507720947,
        0.7444444298744202,
        0.7250000238418579,
        0.7527777552604675,
        0.7638888955116272,
        0.7944444417953491,
        0.769444465637207,
        0.7916666865348816,
        0.8027777671813965,
        0.7638888955116272,
        0.7805555462837219,
        0.7888888716697693,
        0.8111110925674438,
        0.8083333373069763,
        0.7972221970558167,
        0.8277778029441833
    ],
    "val_accuracy": [
        0.046875,
        0.30000001192092896,
        0.41111111640930176,
        0.3777777850627899,
        0.4333333373069763,
        0.41111111640930176,
        0.4333333373069763,
        0.5222222208976746,
        0.46666666865348816,
        0.5111111402511597,
        0.5333333611488342,
        0.4555555582046509,
        0.42222222685813904,
        0.5333333611488342,
        0.5222222208976746,
        0.5222222208976746,
        0.5444444417953491,
        0.47777777910232544,
        0.5222222208976746,
        0.5888888835906982,
        0.5444444417953491,
        0.5888888835906982,
        0.5444444417953491,
        0.5333333611488342,
        0.5444444417953491,
        0.5666666626930237,
        0.5444444417953491,
        0.5111111402511597,
        0.5333333611488342,
        0.5555555820465088,
        0.5555555820465088,
        0.5666666626930237,
        0.5222222208976746,
        0.5444444417953491,
        0.4888888895511627,
        0.47777777910232544,
        0.4888888895511627,
        0.47777777910232544,
        0.4888888895511627,
        0.5111111402511597,
        0.5111111402511597,
        0.5444444417953491,
        0.5111111402511597,
        0.5666666626930237,
        0.5444444417953491,
        0.5444444417953491,
        0.5111111402511597,
        0.5,
        0.5444444417953491,
        0.5444444417953491
    ],
    "epoch_times": [
        0.030966997146606445,
        0.03348207473754883,
        0.03131532669067383,
        0.030222654342651367,
        0.03194069862365723,
        0.030363082885742188,
        0.03155183792114258,
        0.030321836471557617,
        0.033215999603271484,
        0.0663149356842041,
        0.031527042388916016,
        0.03168511390686035,
        0.0318140983581543,
        0.03092789649963379,
        0.030987024307250977,
        0.030595064163208008,
        0.03121185302734375,
        0.030772924423217773,
        0.031478166580200195,
        0.030435800552368164,
        0.032280921936035156,
        0.02997303009033203,
        0.031070947647094727,
        0.03152298927307129,
        0.031574249267578125,
        0.032363176345825195,
        0.03141593933105469,
        0.030293941497802734,
        0.031471967697143555,
        0.031597137451171875,
        0.03187108039855957,
        0.03196525573730469,
        0.031020164489746094,
        0.03161907196044922,
        0.03069305419921875,
        0.0605621337890625,
        0.03179788589477539,
        0.030559778213500977,
        0.03261208534240723,
        0.03095102310180664,
        0.03280019760131836,
        0.031762123107910156,
        0.031050920486450195,
        0.0331881046295166,
        0.03226494789123535,
        0.031239986419677734,
        0.03140878677368164,
        0.0315399169921875,
        0.03138279914855957
    ]
}