{
    "hyperparameters": {
        "activation": "relu",
        "dropout_rate": 0.3334930005379,
        "hidden_units": 25,
        "learning_rate": 0.0007781393237,
        "num_layers": 3,
        "weight_decay": 0.0060797624282
    },
    "dataset_stats": {
        "name": "BirdChicken",
        "train_size": 36,
        "val_size": 9,
        "input_shape": [
            512,
            1
        ],
        "num_classes": 2
    },
    "epochs": 40,
    "train_loss": [
        0.7069647312164307,
        0.8668906688690186,
        0.7114519476890564,
        0.7486904859542847,
        0.7770211696624756,
        0.7223250865936279,
        0.68113112449646,
        0.7713794112205505,
        0.7735762000083923,
        0.7301930785179138,
        0.7343666553497314,
        0.7300413846969604,
        0.6700437664985657,
        0.6425240635871887,
        0.6541589498519897,
        0.6540224552154541,
        0.5892108678817749,
        0.6443501114845276,
        0.6760329604148865,
        0.6348860263824463,
        0.6275877356529236,
        0.6663817167282104,
        0.6425691246986389,
        0.5078228116035461,
        0.6527034640312195,
        0.5635871291160583,
        0.5745081901550293,
        0.5454387664794922,
        0.6197453141212463,
        0.5809274315834045,
        0.5586954355239868,
        0.5576531291007996,
        0.5998117923736572,
        0.5362195372581482,
        0.5458643436431885,
        0.5409598350524902,
        0.5445843935012817,
        0.5364953279495239,
        0.5726063251495361,
        0.5853506326675415
    ],
    "val_loss": [
        0.6870462894439697,
        0.704165518283844,
        0.7013694643974304,
        0.6964370608329773,
        0.6970617175102234,
        0.7093467712402344,
        0.7073166370391846,
        0.7173574566841125,
        0.7055000066757202,
        0.695123553276062,
        0.6924540400505066,
        0.6998212933540344,
        0.7214568257331848,
        0.7385256290435791,
        0.7419885993003845,
        0.7436055541038513,
        0.7324726581573486,
        0.7407635450363159,
        0.7517597675323486,
        0.7741341590881348,
        0.7413482069969177,
        0.7658798098564148,
        0.7757276892662048,
        0.7744235992431641,
        0.7862710952758789,
        0.7781088948249817,
        0.7962937355041504,
        0.7961933612823486,
        0.7902702689170837,
        0.7882698774337769,
        0.8001609444618225,
        0.8265296220779419,
        0.8072305917739868,
        0.8204500675201416,
        0.8116894960403442,
        0.7952536344528198,
        0.7807259559631348,
        0.8007380366325378,
        0.7730481028556824,
        0.7693747282028198,
        0.7419540882110596
    ],
    "train_accuracy": [
        0.5555555820465088,
        0.4444444477558136,
        0.4722222089767456,
        0.5,
        0.4722222089767456,
        0.6388888955116272,
        0.6388888955116272,
        0.5,
        0.5277777910232544,
        0.6388888955116272,
        0.5,
        0.5555555820465088,
        0.5833333134651184,
        0.6388888955116272,
        0.6388888955116272,
        0.6111111044883728,
        0.75,
        0.6111111044883728,
        0.5833333134651184,
        0.6388888955116272,
        0.6944444179534912,
        0.5555555820465088,
        0.5,
        0.75,
        0.6666666865348816,
        0.5833333134651184,
        0.6944444179534912,
        0.6666666865348816,
        0.5833333134651184,
        0.6388888955116272,
        0.6944444179534912,
        0.75,
        0.6666666865348816,
        0.7222222089767456,
        0.7222222089767456,
        0.6111111044883728,
        0.7222222089767456,
        0.7777777910232544,
        0.6666666865348816,
        0.6666666865348816
    ],
    "val_accuracy": [
        0.6666666865348816,
        0.2222222238779068,
        0.3333333432674408,
        0.3333333432674408,
        0.3333333432674408,
        0.3333333432674408,
        0.3333333432674408,
        0.3333333432674408,
        0.3333333432674408,
        0.4444444477558136,
        0.4444444477558136,
        0.4444444477558136,
        0.4444444477558136,
        0.4444444477558136,
        0.5555555820465088,
        0.5555555820465088,
        0.5555555820465088,
        0.5555555820465088,
        0.5555555820465088,
        0.5555555820465088,
        0.5555555820465088,
        0.5555555820465088,
        0.5555555820465088,
        0.5555555820465088,
        0.5555555820465088,
        0.6666666865348816,
        0.5555555820465088,
        0.6666666865348816,
        0.6666666865348816,
        0.6666666865348816,
        0.6666666865348816,
        0.6666666865348816,
        0.6666666865348816,
        0.6666666865348816,
        0.5555555820465088,
        0.5555555820465088,
        0.5555555820465088,
        0.5555555820465088,
        0.6666666865348816,
        0.6666666865348816,
        0.6666666865348816
    ],
    "epoch_times": [
        0.007035732269287109,
        0.0058689117431640625,
        0.005734920501708984,
        0.007009029388427734,
        0.006018161773681641,
        0.006527900695800781,
        0.006819963455200195,
        0.0062253475189208984,
        0.006123065948486328,
        0.007124900817871094,
        0.00580906867980957,
        0.0061800479888916016,
        0.006010770797729492,
        0.006067991256713867,
        0.005763053894042969,
        0.007086992263793945,
        0.006056785583496094,
        0.005757808685302734,
        0.0072040557861328125,
        0.005708932876586914,
        0.006220102310180664,
        0.0068552494049072266,
        0.005795955657958984,
        0.006224870681762695,
        0.0064280033111572266,
        0.0064389705657958984,
        0.005884885787963867,
        0.007174968719482422,
        0.0061719417572021484,
        0.006036043167114258,
        0.007130146026611328,
        0.00621795654296875,
        0.0061876773834228516,
        0.007398843765258789,
        0.00669097900390625,
        0.0059320926666259766,
        0.005998849868774414,
        0.006515026092529297,
        0.005828857421875,
        0.006933927536010742
    ]
}