{
    "hyperparameters": {
        "activation": "relu",
        "dropout_rate": 0.1089989097881,
        "hidden_units": 69,
        "learning_rate": 0.0133579003736,
        "num_layers": 2,
        "weight_decay": 0.0054707852895
    },
    "dataset_stats": {
        "name": "Beef",
        "train_size": 44,
        "val_size": 11,
        "input_shape": [
            470,
            1
        ],
        "num_classes": 5
    },
    "epochs": 62,
    "train_loss": [
        1.8664313554763794,
        1.2606505155563354,
        0.9720875024795532,
        0.8365711569786072,
        0.7295777797698975,
        0.724086344242096,
        0.6752548217773438,
        0.6140184998512268,
        0.5781679153442383,
        0.5483810901641846,
        0.5072861313819885,
        0.4586280584335327,
        0.4824312925338745,
        0.45558401942253113,
        0.46437138319015503,
        0.43642035126686096,
        0.44696786999702454,
        0.4762040078639984,
        0.3389306962490082,
        0.3291170299053192,
        0.38738107681274414,
        0.3444090783596039,
        0.28460702300071716,
        0.3033565878868103,
        0.2879891097545624,
        0.3853846788406372,
        0.2951132655143738,
        0.3063269555568695,
        0.3996928036212921,
        0.6299858689308167,
        0.35108935832977295,
        0.33188286423683167,
        0.2947438657283783,
        0.36878737807273865,
        0.3418766260147095,
        0.4924735128879547,
        0.25336140394210815,
        0.4693247973918915,
        0.41685226559638977,
        0.5319740772247314,
        0.433469295501709,
        0.3394104242324829,
        0.3190394341945648,
        0.4343186318874359,
        0.3655034005641937,
        0.3909638524055481,
        0.5408111810684204,
        0.30874428153038025,
        0.35545217990875244,
        0.4603835344314575,
        0.31404465436935425,
        0.3150022625923157,
        0.3527476489543915,
        0.3217906653881073,
        0.26667752861976624,
        0.32381218671798706,
        0.2683592140674591,
        0.299397349357605,
        0.4648430645465851,
        0.4768037796020508,
        0.5797037482261658,
        0.4091993570327759
    ],
    "val_loss": [
        1.7386032342910767,
        1.2640269994735718,
        1.1575965881347656,
        0.9853028655052185,
        0.8359693884849548,
        0.7319244742393494,
        0.6697316765785217,
        0.7419055700302124,
        0.8620847463607788,
        0.8984658718109131,
        0.8906431794166565,
        0.7805225253105164,
        0.5567426085472107,
        0.4251737594604492,
        0.3432339131832123,
        0.2915177047252655,
        0.29973137378692627,
        0.37694084644317627,
        0.5461919903755188,
        0.6016822457313538,
        0.5242452621459961,
        0.48555052280426025,
        0.4766426086425781,
        0.457931786775589,
        0.4780654013156891,
        0.5271773934364319,
        0.4670862853527069,
        0.4726632833480835,
        0.6632525324821472,
        0.4929664731025696,
        0.2619878947734833,
        0.2919299602508545,
        0.18958339095115662,
        0.45407161116600037,
        0.4014221429824829,
        0.518771231174469,
        0.6030703186988831,
        0.8649146556854248,
        0.8765974044799805,
        0.8892430663108826,
        0.735730767250061,
        0.6462242603302002,
        0.6347278952598572,
        0.6427562236785889,
        0.47280454635620117,
        0.43370333313941956,
        0.3212836980819702,
        0.5141127705574036,
        1.3840724229812622,
        1.3632444143295288,
        0.8931963443756104,
        0.85867840051651,
        0.7286368012428284,
        0.5013018250465393,
        0.43104124069213867,
        0.3998493254184723,
        0.3837682008743286,
        0.4230091869831085,
        0.4998113512992859,
        0.5590267777442932,
        0.43941181898117065,
        0.9621816873550415,
        1.4090298414230347
    ],
    "train_accuracy": [
        0.27272728085517883,
        0.4545454680919647,
        0.5454545617103577,
        0.6136363744735718,
        0.6363636255264282,
        0.7045454382896423,
        0.7272727489471436,
        0.7954545617103577,
        0.75,
        0.7727272510528564,
        0.9090909361839294,
        0.8409090638160706,
        0.75,
        0.7954545617103577,
        0.7954545617103577,
        0.8863636255264282,
        0.8409090638160706,
        0.75,
        0.8636363744735718,
        0.8636363744735718,
        0.7727272510528564,
        0.8636363744735718,
        0.9090909361839294,
        0.8636363744735718,
        0.8409090638160706,
        0.7727272510528564,
        0.9318181872367859,
        0.8181818127632141,
        0.7954545617103577,
        0.7045454382896423,
        0.8409090638160706,
        0.8409090638160706,
        0.8636363744735718,
        0.8636363744735718,
        0.8863636255264282,
        0.8181818127632141,
        0.9318181872367859,
        0.75,
        0.7954545617103577,
        0.8181818127632141,
        0.8181818127632141,
        0.8181818127632141,
        0.8636363744735718,
        0.8409090638160706,
        0.9090909361839294,
        0.8181818127632141,
        0.7954545617103577,
        0.9090909361839294,
        0.8409090638160706,
        0.75,
        0.8409090638160706,
        0.9090909361839294,
        0.8636363744735718,
        0.9545454382896423,
        0.9090909361839294,
        0.8636363744735718,
        0.9090909361839294,
        0.9545454382896423,
        0.8181818127632141,
        0.7954545617103577,
        0.75,
        0.8409090638160706
    ],
    "val_accuracy": [
        0.0,
        0.6363636255264282,
        0.6363636255264282,
        0.6363636255264282,
        0.6363636255264282,
        0.6363636255264282,
        0.6363636255264282,
        0.6363636255264282,
        0.7272727489471436,
        0.6363636255264282,
        0.6363636255264282,
        0.6363636255264282,
        0.6363636255264282,
        0.8181819319725037,
        0.9090909361839294,
        0.8181819319725037,
        0.8181819319725037,
        0.7272727489471436,
        0.7272727489471436,
        0.7272727489471436,
        0.7272727489471436,
        0.7272727489471436,
        0.8181819319725037,
        0.7272727489471436,
        0.7272727489471436,
        0.7272727489471436,
        0.7272727489471436,
        0.7272727489471436,
        0.7272727489471436,
        0.8181819319725037,
        0.9090909361839294,
        0.9090909361839294,
        0.9090909361839294,
        0.8181819319725037,
        0.8181819319725037,
        0.7272727489471436,
        0.7272727489471436,
        0.7272727489471436,
        0.7272727489471436,
        0.7272727489471436,
        0.7272727489471436,
        0.7272727489471436,
        0.7272727489471436,
        0.7272727489471436,
        0.8181819319725037,
        0.8181819319725037,
        0.9090909361839294,
        0.8181819319725037,
        0.6363636255264282,
        0.6363636255264282,
        0.6363636255264282,
        0.6363636255264282,
        0.6363636255264282,
        0.7272727489471436,
        0.7272727489471436,
        0.7272727489471436,
        0.7272727489471436,
        0.7272727489471436,
        0.7272727489471436,
        0.7272727489471436,
        0.7272727489471436,
        0.6363636255264282,
        0.6363636255264282
    ],