{
    "hyperparameters": {
        "activation": "relu",
        "dropout_rate": 0.3487547477708,
        "kernel_size": 3,
        "learning_rate": 0.0003022979891,
        "num_filters": 80,
        "num_layers": 1,
        "pooling": "max",
        "pooling_size": 1
    },
    "dataset_stats": {
        "name": "ChlorineConcentration",
        "train_size": 748,
        "val_size": 186,
        "input_shape": [
            1,
            166
        ],
        "num_classes": 3
    },
    "epochs": 41,
    "train_loss": [
        1.1941639184951782,
        1.1222333908081055,
        1.082879662513733,
        1.0742595195770264,
        1.0509337186813354,
        1.036319613456726,
        1.023118019104004,
        1.0044910907745361,
        1.0065714120864868,
        0.9968120455741882,
        0.9619696140289307,
        0.9421704411506653,
        0.9566781520843506,
        0.9557123780250549,
        0.94389408826828,
        0.945551335811615,
        0.9274252653121948,
        0.9355313181877136,
        0.9129997491836548,
        0.9143207669258118,
        0.909477174282074,
        0.8981097340583801,
        0.8718398213386536,
        0.8792830109596252,
        0.8899075388908386,
        0.877116322517395,
        0.8703838586807251,
        0.8822372555732727,
        0.8590933084487915,
        0.8558871150016785,
        0.8686319589614868,
        0.8726081848144531,
        0.8330150842666626,
        0.8444361686706543,
        0.8449698090553284,
        0.8405967354774475,
        0.8288373351097107,
        0.8320122957229614,
        0.8299018144607544,
        0.8224378824234009,
        0.8341488838195801
    ],
    "val_loss": [
        1.0938873291015625,
        1.0809344053268433,
        1.070424199104309,
        1.0707155466079712,
        1.0571250915527344,
        1.0541808605194092,
        1.0467867851257324,
        1.0505359172821045,
        1.0424368381500244,
        1.0441774129867554,
        1.0345860719680786,
        1.0318577289581299,
        1.041698694229126,
        1.0477149486541748,
        1.0366936922073364,
        1.0469024181365967,
        1.0846753120422363,
        1.0591002702713013,
        1.0451942682266235,
        1.1038180589675903,
        1.0847347974777222,
        1.1049574613571167,
        1.1014503240585327,
        1.1312094926834106,
        1.1096093654632568,
        1.1101016998291016,
        1.132093906402588,
        1.0839717388153076,
        1.099961757659912,
        1.1074360609054565,
        1.1564881801605225,
        1.1631684303283691,
        1.1699095964431763,
        1.191929817199707,
        1.1571118831634521,
        1.1753126382827759,
        1.1883296966552734,
        1.196284294128418,
        1.177783489227295,
        1.1350053548812866,
        1.1858608722686768,
        1.2045462131500244
    ],
    "train_accuracy": [
        0.33556148409843445,
        0.37299466133117676,
        0.4104278087615967,
        0.4358288645744324,
        0.446524053812027,
        0.4425133764743805,
        0.4799465239048004,
        0.5106951594352722,
        0.5026738047599792,
        0.47058823704719543,
        0.5360962748527527,
        0.5681818127632141,
        0.5307486653327942,
        0.5414438247680664,
        0.5494652390480042,
        0.5695187449455261,
        0.5628342032432556,
        0.5641711354255676,
        0.5868983864784241,
        0.5655080080032349,
        0.5788770318031311,
        0.6029411554336548,
        0.6109625697135925,
        0.605614960193634,
        0.5975936055183411,
        0.6109625697135925,
        0.614973247051239,
        0.596256673336029,
        0.6229946613311768,
        0.614973247051239,
        0.6002673506736755,
        0.6082887649536133,
        0.635026752948761,
        0.6136363744735718,
        0.635026752948761,
        0.6216577291488647,
        0.6283422708511353,
        0.6283422708511353,
        0.6283422708511353,
        0.635026752948761,
        0.6470588445663452
    ],
    "val_accuracy": [
        0.25,
        0.3817204236984253,
        0.44086021184921265,
        0.44086021184921265,
        0.45698925852775574,
        0.5,
        0.5591397881507874,
        0.5215053558349609,
        0.5537634491920471,
        0.5322580933570862,
        0.4838709533214569,
        0.5322580933570862,
        0.5322580933570862,
        0.5698924660682678,
        0.5698924660682678,
        0.5430107712745667,
        0.5752688050270081,
        0.5698924660682678,
        0.5483871102333069,
        0.5161290168762207,
        0.5645161271095276,
        0.5376344323158264,
        0.5483871102333069,
        0.5752688050270081,
        0.5483871102333069,
        0.5645161271095276,
        0.5376344323158264,
        0.5483871102333069,
        0.5645161271095276,
        0.5591397881507874,
        0.5430107712745667,
        0.5483871102333069,
        0.5376344323158264,
        0.5591397881507874,
        0.5483871102333069,
        0.5268816947937012,
        0.5591397881507874,
        0.5322580933570862,
        0.5537634491920471,
        0.5483871102333069,
        0.5322580933570862,
        0.5591397881507874
    ],
    "epoch_times": [
        0.5586268901824951,
        0.1846475601196289,
        0.17578935623168945,
        0.18915724754333496,
        0.1931312084197998,
        0.18496489524841309,
        0.18221235275268555,
        0.16005969047546387,
        0.1565074920654297,
        0.15163874626159668,
        0.16205692291259766,
        0.16208195686340332,
        0.15171408653259277,
        0.1602935791015625,
        0.17966747283935547,
        0.15885615348815918,
        0.17042756080627441,
        0.15124940872192383,
        0.16534161567687988,
        0.1701829433441162,
        0.15698981285095215,
        0.1697378158569336,
        0.16492009162902832,
        0.17285823822021484,
        0.17191720008850098,
        0.16558384895324707,
        0.16518139839172363,
        0.16386628150939941,
        0.17710590362548828,
        0.16469597816467285,
        0.17571449279785156,
        0.17371821403503418,
        0.17809152603149414,
        0.17268872261047363,
        0.1656961441040039,
        0.17732667922973633,
        0.17449069023132324,
        0.1508803367614746,
        0.1646575927734375,
        0.1573028564453125,
        0.15733790397644043
    ]
}