{
    "hyperparameters": {
        "activation": "relu",
        "dropout_rate": 0.0137457461769,
        "ff_dim": 839,
        "hidden_units": 476,
        "learning_rate": 2.32106058e-05,
        "num_heads": 2,
        "num_layers": 6,
        "pooling": "max",
        "weight_decay": 2.58271673e-05
    },
    "dataset_stats": {
        "name": "Beef",
        "train_size": 48,
        "val_size": 12,
        "input_shape": [
            470,
            1
        ],
        "num_classes": 5
    },
    "epochs": 43,
    "train_loss": [
        1.6048088073730469,
        1.6655192375183105,
        1.3837413787841797,
        1.2169208526611328,
        1.3532370328903198,
        1.1569151878356934,
        1.3277093172073364,
        1.1757665872573853,
        1.0658392906188965,
        1.2493970394134521,
        1.1786805391311646,
        1.1337685585021973,
        1.1005570888519287,
        0.9458996653556824,
        0.8878189921379089,
        0.9080523252487183,
        0.9068669676780701,
        0.8968703746795654,
        0.7567946314811707,
        0.7596901655197144,
        0.6721027493476868,
        0.6847927570343018,
        0.7222234606742859,
        0.43105512857437134,
        0.6412607431411743,
        0.6279609203338623,
        0.6639108061790466,
        0.5330011248588562,
        0.7725703120231628,
        0.7169973254203796,
        0.7659661769866943,
        0.7684349417686462,
        0.5526493191719055,
        0.6254869699478149,
        0.5640889406204224,
        0.6794175505638123,
        0.5604733228683472,
        0.4625736176967621,
        0.4511479437351227,
        0.7117897272109985,
        0.6514682769775391,
        0.6751245856285095,
        0.5430975556373596
    ],
    "val_loss": [
        2.0814905166625977,
        1.7917448282241821,
        1.7311655282974243,
        1.4715486764907837,
        1.3104827404022217,
        1.2821680307388306,
        1.3016098737716675,
        1.3309321403503418,
        1.2891746759414673,
        1.2688497304916382,
        1.2916887998580933,
        1.2750931978225708,
        1.22272789478302,
        1.1812595129013062,
        1.2189421653747559,
        1.2769016027450562,
        1.3694285154342651,
        1.3597055673599243,
        1.2561124563217163,
        1.21466863155365,
        1.2218683958053589,
        1.265126347541809,
        1.3157724142074585,
        1.3340096473693848,
        1.3350272178649902,
        1.3469996452331543,
        1.3453198671340942,
        1.3349151611328125,
        1.330485463142395,
        1.3121370077133179,
        1.3008733987808228,
        1.3057624101638794,
        1.2968045473098755,
        1.2988101243972778,
        1.3072484731674194,
        1.3302382230758667,
        1.3495503664016724,
        1.351973056793213,
        1.350104808807373,
        1.3456987142562866,
        1.3464741706848145,
        1.3413552045822144,
        1.3383870124816895,
        1.332388162612915
    ],
    "train_accuracy": [
        0.3125,
        0.3125,
        0.375,
        0.625,
        0.4375,
        0.5625,
        0.375,
        0.5,
        0.5,
        0.3125,
        0.5625,
        0.5,
        0.625,
        0.75,
        0.625,
        0.6875,
        0.6875,
        0.6875,
        0.8125,
        0.875,
        0.8125,
        0.875,
        0.875,
        1.0,
        0.8125,
        0.9375,
        0.8125,
        0.8125,
        0.75,
        0.6875,
        0.8125,
        0.75,
        0.9375,
        0.875,
        0.8125,
        0.75,
        0.875,
        0.875,
        0.9375,
        0.75,
        0.875,
        0.8125,
        0.8125
    ],
    "val_accuracy": [
        0.3333333432674408,
        0.0833333358168602,
        0.25,
        0.5,
        0.5,
        0.5,
        0.5,
        0.5,
        0.5833333730697632,
        0.5833333730697632,
        0.5,
        0.5,
        0.5,
        0.5833333730697632,
        0.5,
        0.5,
        0.5,
        0.5,
        0.5,
        0.5833333730697632,
        0.5833333730697632,
        0.5,
        0.5,
        0.5,
        0.5,
        0.5,
        0.5,
        0.5,
        0.5,
        0.5,
        0.5,
        0.5,
        0.5,
        0.5,
        0.5,
        0.5,
        0.5,
        0.5,
        0.5,
        0.5,
        0.5,
        0.5,
        0.5,
        0.5
    ],
    "epoch_times": [
        0.40816688537597656,
        0.32500219345092773,
        0.32513928413391113,
        0.32674217224121094,
        0.32426905632019043,
        0.32762956619262695,
        0.3216845989227295,
        0.3255784511566162,
        0.3252413272857666,
        0.3255171775817871,
        0.32227635383605957,
        0.32419395446777344,
        0.32561397552490234,
        0.32512879371643066,
        0.32360243797302246,
        0.32176876068115234,
        0.32349586486816406,
        0.32320237159729004,
        0.3227958679199219,
        0.323178768157959,
        0.32279133796691895,
        0.32433342933654785,
        0.32611680030822754,
        0.323305606842041,
        0.32330322265625,
        0.32314014434814453,
        0.3223726749420166,
        0.3256063461303711,
        0.3247067928314209,
        0.32396602630615234,
        0.3227083683013916,
        0.32338547706604004,
        0.32235026359558105,
        0.3228600025177002,
        0.3238964080810547,
        0.32352399826049805,
        0.3231465816497803,
        0.3206610679626465,
        0.32059407234191895,
        0.321826696395874,
        0.32317519187927246,
        0.32431507110595703,
        0.32012319564819336
    ]
}