{
    "hyperparameters": {
        "activation": "relu",
        "dropout_rate": 0.2448257495881,
        "ff_dim": 381,
        "hidden_units": 328,
        "learning_rate": 0.0007039420852,
        "num_heads": 2,
        "num_layers": 1,
        "pooling": "mean",
        "weight_decay": 3.86249422e-05
    },
    "dataset_stats": {
        "name": "CinCECGTorso",
        "train_size": 64,
        "val_size": 16,
        "input_shape": [
            1639,
            1
        ],
        "num_classes": 4
    },
    "epochs": 33,
    "train_loss": [
        3.0215461254119873,
        1.9829902648925781,
        1.4729328155517578,
        1.2531986236572266,
        2.0313329696655273,
        1.451843023300171,
        1.2405099868774414,
        1.1072009801864624,
        1.1094046831130981,
        1.1182842254638672,
        0.8804354667663574,
        1.121801733970642,
        0.9933740496635437,
        0.8270678520202637,
        0.8366521000862122,
        0.8621448874473572,
        0.7291132211685181,
        0.7417483329772949,
        0.9048480987548828,
        0.7890239953994751,
        0.5585491061210632,
        0.7010966539382935,
        0.5553253889083862,
        0.5600234866142273,
        0.3527523875236511,
        0.33956125378608704,
        0.3413149416446686,
        0.41544240713119507,
        0.3180774748325348,
        0.6416615843772888,
        0.35724884271621704,
        0.35571014881134033,
        0.30676791071891785
    ],
    "val_loss": [
        3.3788199424743652,
        1.947715401649475,
        2.1508171558380127,
        1.3628506660461426,
        1.6274656057357788,
        1.7576372623443604,
        1.562971830368042,
        1.618129849433899,
        1.5137789249420166,
        1.6820766925811768,
        1.7910537719726562,
        1.7426445484161377,
        1.612757682800293,
        1.9295538663864136,
        2.0510447025299072,
        2.2845354080200195,
        2.4165854454040527,
        2.54160737991333,
        2.53155255317688,
        2.595442771911621,
        2.633821725845337,
        2.822793483734131,
        2.8808135986328125,
        2.9051148891448975,
        3.010603427886963,
        3.0877270698547363,
        3.1240272521972656,
        3.153268337249756,
        3.1968233585357666,
        3.2084856033325195,
        3.220641851425171,
        3.228841781616211,
        3.247678279876709,
        3.277228355407715
    ],
    "train_accuracy": [
        0.375,
        0.25,
        0.25,
        0.3125,
        0.125,
        0.0625,
        0.375,
        0.4375,
        0.5625,
        0.375,
        0.625,
        0.375,
        0.75,
        0.625,
        0.8125,
        0.625,
        0.6875,
        0.6875,
        0.4375,
        0.6875,
        0.875,
        0.6875,
        0.75,
        0.8125,
        0.875,
        0.9375,
        0.875,
        0.8125,
        0.875,
        0.8125,
        0.9375,
        0.875,
        0.9375
    ],
    "val_accuracy": [
        0.1875,
        0.3125,
        0.25,
        0.4375,
        0.25,
        0.25,
        0.25,
        0.4375,
        0.375,
        0.1875,
        0.25,
        0.25,
        0.5,
        0.3125,
        0.3125,
        0.3125,
        0.3125,
        0.25,
        0.25,
        0.3125,
        0.375,
        0.375,
        0.25,
        0.3125,
        0.3125,
        0.3125,
        0.375,
        0.375,
        0.375,
        0.375,
        0.375,
        0.375,
        0.375,
        0.375
    ],
    "epoch_times": [
        0.4207949638366699,
        0.2891528606414795,
        0.288341760635376,
        0.2886819839477539,
        0.28791022300720215,
        0.28749871253967285,
        0.29087400436401367,
        0.288837194442749,
        0.29093098640441895,
        0.2906229496002197,
        0.2902791500091553,
        0.2905409336090088,
        0.29004836082458496,
        0.29001760482788086,
        0.28969907760620117,
        0.288637638092041,
        0.288588285446167,
        0.288372278213501,
        0.28926706314086914,
        0.29878830909729004,
        0.2879652976989746,
        0.2905418872833252,
        0.2895834445953369,
        0.29020071029663086,
        0.29103994369506836,
        0.2894008159637451,
        0.2894144058227539,
        0.29254651069641113,
        0.2897508144378662,
        0.28987646102905273,
        0.29102277755737305,
        0.2888357639312744,
        0.28981709480285645
    ]
}