{
    "hyperparameters": {
        "activation": "tanh",
        "dropout_rate": 0.2536660047016,
        "hidden_units": 32,
        "learning_rate": 0.0020512239378,
        "num_layers": 3,
        "weight_decay": 0.0059009027947
    },
    "dataset_stats": {
        "name": "Beef",
        "train_size": 44,
        "val_size": 11,
        "input_shape": [
            470,
            1
        ],
        "num_classes": 5
    },
    "epochs": 63,
    "train_loss": [
        1.4493377208709717,
        1.4603725671768188,
        1.2364829778671265,
        1.1801940202713013,
        1.1941510438919067,
        1.0824748277664185,
        1.1184340715408325,
        1.0531128644943237,
        1.02895188331604,
        0.9357267022132874,
        0.9139310717582703,
        0.8647575974464417,
        0.8472949862480164,
        1.0097262859344482,
        0.8569846749305725,
        0.8286973834037781,
        0.7992149591445923,
        0.8384026885032654,
        0.8093958497047424,
        0.8200034499168396,
        0.7654750347137451,
        0.6902762651443481,
        0.6645646691322327,
        0.7156735062599182,
        0.6627496480941772,
        0.6080653667449951,
        0.6584945321083069,
        0.5858466625213623,
        0.6475488543510437,
        0.5452225208282471,
        0.6359947919845581,
        0.6260685324668884,
        0.5531692504882812,
        0.5760149955749512,
        0.5859605669975281,
        0.559891939163208,
        0.501732587814331,
        0.5768452286720276,
        0.48464858531951904,
        0.5753800868988037,
        0.5510818958282471,
        0.5766524076461792,
        0.5404220223426819,
        0.4888902008533478,
        0.5906295776367188,
        0.5424182415008545,
        0.5544642806053162,
        0.5535562634468079,
        0.5468860268592834,
        0.5284160375595093,
        0.5932807922363281,
        0.5908136963844299,
        0.49344170093536377,
        0.5064762234687805,
        0.5304059982299805,
        0.475929856300354,
        0.46505042910575867,
        0.41850611567497253,
        0.464020699262619,
        0.48454293608665466,
        0.553948163986206,
        0.4882080852985382,
        0.4625277817249298
    ],
    "val_loss": [
        1.4853447675704956,
        1.4981611967086792,
        1.5105799436569214,
        1.5062077045440674,
        1.4641335010528564,
        1.4073402881622314,
        1.3557740449905396,
        1.2954429388046265,
        1.2657161951065063,
        1.25266432762146,
        1.230047345161438,
        1.1904306411743164,
        1.1935925483703613,
        1.1626945734024048,
        1.149167776107788,
        1.1389894485473633,
        1.159822940826416,
        1.1403371095657349,
        1.120800256729126,
        1.1382958889007568,
        1.156997799873352,
        1.1276283264160156,
        1.1024346351623535,
        1.1011430025100708,
        1.0966415405273438,
        1.0850931406021118,
        1.086333155632019,
        1.0507538318634033,
        1.0490471124649048,
        1.0635333061218262,
        1.0645564794540405,
        1.02279794216156,
        1.0316834449768066,
        1.0200245380401611,
        1.0242068767547607,
        1.0521725416183472,
        1.0965176820755005,
        1.1295912265777588,
        1.2282196283340454,
        1.3328808546066284,
        1.468482494354248,
        1.4508029222488403,
        1.4262834787368774,
        1.446911334991455,
        1.383421778678894,
        1.3287649154663086,
        1.2327351570129395,
        1.161215901374817,
        1.1419159173965454,
        1.197411298751831,
        1.336262822151184,
        1.3928487300872803,
        1.3947710990905762,
        1.3735522031784058,
        1.3540139198303223,
        1.3632878065109253,
        1.3800917863845825,
        1.3728231191635132,
        1.3306212425231934,
        1.2939566373825073,
        1.2760307788848877,
        1.2410731315612793,
        1.2349929809570312,
        1.195791244506836
    ],
    "train_accuracy": [
        0.3863636255264282,
        0.3181818127632141,
        0.5454545617103577,
        0.5,
        0.5227272510528564,
        0.5454545617103577,
        0.6136363744735718,
        0.6363636255264282,
        0.5909090638160706,
        0.6590909361839294,
        0.6818181872367859,
        0.6818181872367859,
        0.7045454382896423,
        0.5909090638160706,
        0.7272727489471436,
        0.6363636255264282,
        0.7272727489471436,
        0.7045454382896423,
        0.6818181872367859,
        0.6363636255264282,
        0.7045454382896423,
        0.75,
        0.75,
        0.6590909361839294,
        0.7045454382896423,
        0.75,
        0.7272727489471436,
        0.7727272510528564,
        0.75,
        0.7954545617103577,
        0.7272727489471436,
        0.7727272510528564,
        0.7727272510528564,
        0.7954545617103577,
        0.7727272510528564,
        0.8181818127632141,
        0.7954545617103577,
        0.7954545617103577,
        0.7954545617103577,
        0.7272727489471436,
        0.75,
        0.7954545617103577,
        0.75,
        0.8409090638160706,
        0.7727272510528564,
        0.8181818127632141,
        0.75,
        0.8181818127632141,
        0.75,
        0.7954545617103577,
        0.8181818127632141,
        0.8181818127632141,
        0.7727272510528564,
        0.8181818127632141,
        0.7727272510528564,
        0.8181818127632141,
        0.7954545617103577,
        0.8181818127632141,
        0.8181818127632141,
        0.7727272510528564,
        0.75,
        0.8181818127632141,
        0.8409090638160706
    ],
    "val_accuracy": [
        0.8181818127632141,
        0.8181818127632141,
        0.5454545617103577,
        0.4545454680919647,
        0.5454545617103577,
        0.6363636255264282,
        0.6363636255264282,
        0.6363636255264282,
        0.6363636255264282,
        0.6363636255264282,
        0.6363636255264282,
        0.6363636255264282,
        0.6363636255264282,
        0.6363636255264282,
        0.6363636255264282,
        0.6363636255264282,
        0.6363636255264282,
        0.6363636255264282,
        0.6363636255264282,
        0.6363636255264282,
        0.6363636255264282,
        0.6363636255264282,
        0.6363636255264282,
        0.6363636255264282,
        0.6363636255264282,
        0.6363636255264282,
        0.6363636255264282,
        0.6363636255264282,
        0.6363636255264282,
        0.6363636255264282,
        0.6363636255264282,
        0.7272727489471436,
        0.7272727489471436,
        0.7272727489471436,
        0.7272727489471436,
        0.7272727489471436,
        0.6363636255264282,
        0.6363636255264282,
        0.6363636255264282,
        0.6363636255264282,
        0.6363636255264282,
        0.6363636255264282,
        0.6363636255264282,
        0.6363636255264282,
        0.6363636255264282,
        0.6363636255264282,
        0.6363636255264282,
        0.7272727489471436,
        0.6363636255264282,
        0.6363636255264282,
        0.6363636255264282,
        0.6363636255264282,
        0.6363636255264282,
        0.6363636255264282,
        0.6363636255264282,
        0.6363636255264282,
        0.6363636255264282,
        0.6363636255264282,
        0.6363636255264282,
        0.6363636255264282,
        0.6363636255264282,
        0.6363636255264282,
        0.6363636255264282,
        0.7272727489471436
    ],