{
    "hyperparameters": {
        "activation": "relu",
        "dropout_rate": 0.3843219117842,
        "hidden_units": 62,
        "learning_rate": 0.0682979580032,
        "num_layers": 4,
        "weight_decay": 0.0016118818184
    },
    "dataset_stats": {
        "name": "ArrowHead",
        "train_size": 49,
        "val_size": 12,
        "input_shape": [
            251,
            1
        ],
        "num_classes": 3
    },
    "epochs": 44,
    "train_loss": [
        1.2230582237243652,
        1.6060891151428223,
        1.3316218852996826,
        1.5075278282165527,
        1.791417121887207,
        1.2104045152664185,
        1.4039220809936523,
        1.3107242584228516,
        1.009572982788086,
        0.9489784836769104,
        1.0005812644958496,
        1.1511460542678833,
        0.9873786568641663,
        0.8941227793693542,
        0.8159615397453308,
        0.8547858595848083,
        0.906671404838562,
        0.8793044686317444,
        0.8410300612449646,
        0.9690149426460266,
        0.8221196532249451,
        0.8640604019165039,
        0.760810911655426,
        0.7838941216468811,
        0.9796198606491089,
        0.7829490900039673,
        0.8177485466003418,
        0.79735267162323,
        0.7657287120819092,
        0.720720112323761,
        0.771880030632019,
        0.67414391040802,
        0.9335141181945801,
        0.5902561545372009,
        0.8422585129737854,
        0.6946387887001038,
        0.865410327911377,
        0.6538252830505371,
        0.7304899096488953,
        0.6758774518966675,
        0.7737119793891907,
        0.7705638408660889,
        0.8294156193733215,
        0.7891223430633545
    ],
    "val_loss": [
        1.1123121976852417,
        2.3943889141082764,
        3.651212453842163,
        8.737712860107422,
        10.532353401184082,
        4.350560665130615,
        1.2451139688491821,
        2.331679105758667,
        1.3358432054519653,
        1.3336906433105469,
        1.1411267518997192,
        1.2733765840530396,
        1.1921069622039795,
        1.015311598777771,
        0.9308932423591614,
        0.9330273270606995,
        0.9740694165229797,
        1.0583974123001099,
        1.1573692560195923,
        1.162878394126892,
        1.1028048992156982,
        1.099413514137268,
        1.0901498794555664,
        1.1119455099105835,
        1.1423943042755127,
        1.1014639139175415,
        1.0251363515853882,
        0.9631810784339905,
        0.9620522856712341,
        1.014714002609253,
        1.0652111768722534,
        1.0593514442443848,
        1.064365029335022,
        1.1527798175811768,
        1.1784800291061401,
        1.1652613878250122,
        1.116173267364502,
        1.0861074924468994,
        1.069433569908142,
        1.1086206436157227,
        1.1484483480453491,
        1.1395620107650757,
        1.0905441045761108,
        1.0941576957702637,
        1.0595358610153198
    ],
    "train_accuracy": [
        0.3265306055545807,
        0.36734694242477417,
        0.5102040767669678,
        0.5306122303009033,
        0.36734694242477417,
        0.4285714328289032,
        0.44897958636283875,
        0.4897959232330322,
        0.5510203838348389,
        0.5306122303009033,
        0.5510203838348389,
        0.4285714328289032,
        0.6530612111091614,
        0.6530612111091614,
        0.4693877696990967,
        0.6122449040412903,
        0.5918367505073547,
        0.5102040767669678,
        0.5918367505073547,
        0.5306122303009033,
        0.5714285969734192,
        0.4897959232330322,
        0.6530612111091614,
        0.6122449040412903,
        0.5918367505073547,
        0.6734693646430969,
        0.6938775777816772,
        0.6734693646430969,
        0.5918367505073547,
        0.6122449040412903,
        0.6326530575752258,
        0.6938775777816772,
        0.6734693646430969,
        0.7551020383834839,
        0.5714285969734192,
        0.6938775777816772,
        0.6326530575752258,
        0.7142857313156128,
        0.6938775777816772,
        0.6326530575752258,
        0.7142857313156128,
        0.6122449040412903,
        0.6530612111091614,
        0.6122449040412903
    ],
    "val_accuracy": [
        0.3333333432674408,
        0.5833333134651184,
        0.5,
        0.5,
        0.5,
        0.5833333134651184,
        0.4166666567325592,
        0.4166666567325592,
        0.4166666567325592,
        0.4166666567325592,
        0.4166666567325592,
        0.3333333432674408,
        0.3333333432674408,
        0.3333333432674408,
        0.3333333432674408,
        0.4166666567325592,
        0.4166666567325592,
        0.4166666567325592,
        0.4166666567325592,
        0.4166666567325592,
        0.4166666567325592,
        0.4166666567325592,
        0.4166666567325592,
        0.4166666567325592,
        0.4166666567325592,
        0.4166666567325592,
        0.4166666567325592,
        0.4166666567325592,
        0.5,
        0.4166666567325592,
        0.4166666567325592,
        0.4166666567325592,
        0.4166666567325592,
        0.4166666567325592,
        0.4166666567325592,
        0.4166666567325592,
        0.4166666567325592,
        0.3333333432674408,
        0.4166666567325592,
        0.4166666567325592,
        0.4166666567325592,
        0.4166666567325592,
        0.4166666567325592,
        0.3333333432674408,
        0.3333333432674408
    ],
    "epoch_times": [
        0.006866931915283203,
        0.007665872573852539,
        0.007375955581665039,
        0.006309032440185547,
        0.007219076156616211,
        0.007564067840576172,
        0.007196903228759766,
        0.006480693817138672,
        0.006967067718505859,
        0.007758140563964844,
        0.007107973098754883,
        0.006363868713378906,
        0.006443023681640625,
        0.007453203201293945,
        0.007370948791503906,
        0.006646871566772461,
        0.007588863372802734,
        0.0071637630462646484,
        0.007270097732543945,
        0.00716400146484375,
        0.006740093231201172,
        0.007167816162109375,
        0.007246732711791992,
        0.006598711013793945,
        0.007508277893066406,
        0.00743412971496582,
        0.0067942142486572266,
        0.006618976593017578,
        0.00710606575012207,
        0.007631778717041016,
        0.006602048873901367,
        0.006870746612548828,
        0.0067119598388671875,
        0.007250785827636719,
        0.00654911994934082,
        0.006479978561401367,
        0.006902217864990234,
        0.007272958755493164,
        0.007062673568725586,
        0.0067331790924072266,
        0.006572246551513672,
        0.0073699951171875,
        0.006773948669433594,
        0.006229877471923828
    ]
}