{
    "hyperparameters": {
        "bidirectional": true,
        "dropout_rate": 0.0467486524814,
        "hidden_units": 116,
        "learning_rate": 0.0004498711758,
        "num_layers": 3,
        "output_activation": "relu",
        "weight_decay": 7.41445522e-05
    },
    "dataset_stats": {
        "name": "BirdChicken",
        "train_size": 32,
        "val_size": 8,
        "input_shape": [
            512,
            1
        ],
        "num_classes": 2
    },
    "epochs": 93,
    "train_loss": [
        0.7026206254959106,
        0.6103562116622925,
        0.5749072432518005,
        0.542300820350647,
        0.5138439536094666,
        0.463148832321167,
        0.4293777346611023,
        0.3976956009864807,
        0.37058186531066895,
        0.345536470413208,
        0.30673789978027344,
        0.2857707738876343,
        0.2533593475818634,
        0.38410261273384094,
        0.3474363684654236,
        0.2451581358909607,
        0.2281228005886078,
        0.25853514671325684,
        0.22213375568389893,
        0.21538734436035156,
        0.20950095355510712,
        0.20811966061592102,
        0.22332552075386047,
        0.2107042521238327,
        0.27201351523399353,
        0.27098843455314636,
        0.20595715939998627,
        0.20492644608020782,
        0.20378583669662476,
        0.20202772319316864,
        0.20100760459899902,
        0.1998089849948883,
        0.1993887722492218,
        0.19928982853889465,
        0.19951221346855164,
        0.20213598012924194,
        0.2012869119644165,
        0.20174910128116608,
        0.20052802562713623,
        0.20043215155601501,
        0.1997501701116562,
        0.19994643330574036,
        0.1999380886554718,
        0.1997649371623993,
        0.19942589104175568,
        0.1995333731174469,
        0.19950197637081146,
        0.1995316594839096,
        0.19954392313957214,
        0.19926610589027405,
        0.19935950636863708,
        0.19933488965034485,
        0.19917115569114685,
        0.19934293627738953,
        0.19912198185920715,
        0.1989275962114334,
        0.1993984580039978,
        0.19915802776813507,
        0.1992955505847931,
        0.19913843274116516,
        0.19908206164836884,
        0.19943955540657043,
        0.1990472972393036,
        0.19906654953956604,
        0.19888129830360413,
        0.19915875792503357,
        0.19919705390930176,
        0.19883741438388824,
        0.19889472424983978,
        0.19920513033866882,
        0.19910116493701935,
        0.19897328317165375,
        0.1991906762123108,
        0.19925037026405334,
        0.1993592083454132,
        0.1991157829761505,
        0.19897687435150146,
        0.19930186867713928,
        0.1989421844482422,
        0.1993490308523178,
        0.19889721274375916,
        0.1989682912826538,
        0.1990000605583191,
        0.1989542841911316,
        0.19904285669326782,
        0.1988854706287384,
        0.19909662008285522,
        0.1990293264389038,
        0.19904682040214539,
        0.19906966388225555,
        0.199092835187912,
        0.19903022050857544,
        0.19902043044567108
    ],
    "val_loss": [
        0.7277409434318542,
        0.604019045829773,
        0.5203291773796082,
        0.4642518162727356,
        0.40660232305526733,
        0.3979967534542084,
        0.37889987230300903,
        0.3386574387550354,
        0.33167657256126404,
        0.34767693281173706,
        0.3405766189098358,
        0.3027836084365845,
        0.2518050968647003,
        0.34961116313934326,
        0.2672659158706665,
        0.237884521484375,
        0.22372329235076904,
        0.21743622422218323,
        0.22210004925727844,
        0.2194215953350067,
        0.21047775447368622,
        0.20701664686203003,
        0.26110416650772095,
        0.21445079147815704,
        0.46483564376831055,
        0.4612966775894165,
        0.20551669597625732,
        0.20560461282730103,
        0.2042229175567627,
        0.2027009278535843,
        0.20134985446929932,
        0.19956259429454803,
        0.1988726407289505,
        0.19895993173122406,
        0.19948497414588928,
        0.2000197023153305,
        0.2006969302892685,
        0.2005193531513214,
        0.20026983320713043,
        0.20014870166778564,
        0.1998620629310608,
        0.1995774656534195,
        0.19992268085479736,
        0.20000940561294556,
        0.19876424968242645,
        0.19864815473556519,
        0.1987784504890442,
        0.1990545094013214,
        0.19931021332740784,
        0.19925567507743835,
        0.19911295175552368,
        0.19888971745967865,
        0.1988048255443573,
        0.19874531030654907,
        0.1986985206604004,
        0.19866493344306946,
        0.19863727688789368,
        0.19861336052417755,
        0.19859351217746735,
        0.19857797026634216,
        0.1985660195350647,
        0.19855092465877533,
        0.19854025542736053,
        0.19853487610816956,
        0.19853831827640533,
        0.1985454559326172,
        0.1985527127981186,
        0.1985599845647812,
        0.1985624134540558,
        0.19856354594230652,
        0.1985636055469513,
        0.19856244325637817,
        0.19856303930282593,
        0.19856445491313934,
        0.19856688380241394,
        0.19856837391853333,
        0.19856974482536316,
        0.19857077300548553,
        0.1985715627670288,
        0.19857251644134521,
        0.1985722780227661,
        0.19857166707515717,
        0.19857096672058105,
        0.19856952130794525,
        0.19856834411621094,
        0.19856740534305573,
        0.19856670498847961,
        0.19856591522693634,
        0.1985650360584259,
        0.1985643357038498,
        0.1985633820295334,
        0.1985621452331543,
        0.19856154918670654,
        0.19856098294258118
    ],
    "train_accuracy": [
        0.46875,
        0.71875,
        0.71875,
        0.6875,
        0.78125,
        0.84375,
        0.84375,
        0.875,
        0.875,
        0.90625,
        0.96875,
        0.96875,
        1.0,
        0.90625,
        0.9375,
        1.0,
        1.0,
        0.9375,
        1.0,
        1.0,
        1.0,
        1.0,
        1.0,
        1.0,
        0.96875,
        0.96875,
        1.0,
        1.0,
        1.0,
        1.0,
        1.0,
        1.0,
        1.0,
        1.0,
        1.0,
        1.0,
        1.0,
        1.0,
        1.0,
        1.0,
        1.0,
        1.0,
        1.0,
        1.0,
        1.0,
        1.0,
        1.0,
        1.0,
        1.0,
        1.0,
        1.0,
        1.0,
        1.0,
        1.0,
        1.0,
        1.0,
        1.0,
        1.0,
        1.0,
        1.0,
        1.0,
        1.0,
        1.0,
        1.0,
        1.0,
        1.0,
        1.0,
        1.0,
        1.0,
        1.0,
        1.0,
        1.0,
        1.0,
        1.0,
        1.0,
        1.0,
        1.0,
        1.0,
        1.0,
        1.0,
        1.0,
        1.0,
        1.0,
        1.0,
        1.0,
        1.0,
        1.0,
        1.0,
        1.0,
        1.0,
        1.0,
        1.0,
        1.0
    ],