{
    "hyperparameters": {
        "activation": "relu",
        "dropout_rate": 0.1683907598725,
        "ff_dim": 673,
        "hidden_units": 447,
        "learning_rate": 0.0003099832182,
        "num_heads": 4,
        "num_layers": 4,
        "pooling": "mean",
        "weight_decay": 8.1860333e-05
    },
    "dataset_stats": {
        "name": "Car",
        "train_size": 96,
        "val_size": 24,
        "input_shape": [
            577,
            1
        ],
        "num_classes": 4
    },
    "epochs": 49,
    "train_loss": [
        3.9320244789123535,
        1.6268885135650635,
        2.0104644298553467,
        1.6427768468856812,
        1.2468255758285522,
        1.2707537412643433,
        1.5120195150375366,
        1.3752539157867432,
        1.44875168800354,
        1.4157356023788452,
        1.288789987564087,
        1.4999020099639893,
        1.3256359100341797,
        1.4378842115402222,
        1.1010814905166626,
        1.2219818830490112,
        1.1792800426483154,
        1.1443527936935425,
        1.0395501852035522,
        0.9986234903335571,
        0.8459334969520569,
        0.8924563527107239,
        0.761523425579071,
        0.722916305065155,
        0.828339695930481,
        0.4712698757648468,
        0.6181997656822205,
        0.47390228509902954,
        0.5327756404876709,
        0.43018242716789246,
        0.5017053484916687,
        0.2728440463542938,
        0.24122576415538788,
        0.34616824984550476,
        0.3825448751449585,
        0.18721222877502441,
        0.3981451392173767,
        0.21066074073314667,
        0.26083847880363464,
        0.2603936195373535,
        0.2912832200527191,
        0.3164902329444885,
        0.24974358081817627,
        0.37174978852272034,
        0.13828489184379578,
        0.1669689416885376,
        0.16395607590675354,
        0.09981244802474976,
        0.09612995386123657
    ],
    "val_loss": [
        2.0092976093292236,
        1.541364312171936,
        1.5165456533432007,
        1.3554420471191406,
        1.6137328147888184,
        1.2794008255004883,
        1.350324034690857,
        1.2678104639053345,
        1.2313231229782104,
        1.270471453666687,
        1.312618613243103,
        1.162056803703308,
        1.2338659763336182,
        1.3203810453414917,
        1.0976923704147339,
        1.1868642568588257,
        1.2254360914230347,
        1.1338056325912476,
        1.0751198530197144,
        1.043258786201477,
        1.1263068914413452,
        1.1717673540115356,
        1.2735576629638672,
        1.1673845052719116,
        1.2046985626220703,
        1.3238517045974731,
        1.3181275129318237,
        1.485061526298523,
        1.567671298980713,
        1.6591960191726685,
        1.6033967733383179,
        1.8966635465621948,
        1.8691984415054321,
        2.014094829559326,
        2.1166532039642334,
        2.317760705947876,
        2.5593130588531494,
        2.6802818775177,
        2.489745855331421,
        2.441516637802124,
        2.4294469356536865,
        2.565770149230957,
        2.799954652786255,
        2.651911497116089,
        2.568087339401245,
        2.5624067783355713,
        2.5344936847686768,
        2.581486463546753,
        2.6194822788238525,
        2.6808154582977295
    ],
    "train_accuracy": [
        0.3125,
        0.375,
        0.25,
        0.28125,
        0.375,
        0.375,
        0.3125,
        0.28125,
        0.3125,
        0.46875,
        0.5,
        0.34375,
        0.53125,
        0.28125,
        0.34375,
        0.59375,
        0.4375,
        0.46875,
        0.53125,
        0.53125,
        0.6875,
        0.59375,
        0.71875,
        0.75,
        0.71875,
        0.875,
        0.78125,
        0.875,
        0.8125,
        0.875,
        0.6875,
        0.875,
        0.9375,
        0.84375,
        0.78125,
        0.96875,
        0.875,
        0.9375,
        0.90625,
        0.875,
        0.84375,
        0.875,
        0.90625,
        0.8125,
        0.96875,
        0.96875,
        0.96875,
        0.96875,
        0.9375
    ],
    "val_accuracy": [
        0.3333333432674408,
        0.4166666567325592,
        0.2083333283662796,
        0.2916666865348816,
        0.1666666716337204,
        0.2916666865348816,
        0.2916666865348816,
        0.3333333432674408,
        0.3333333432674408,
        0.4166666567325592,
        0.375,
        0.5,
        0.4166666567325592,
        0.375,
        0.5,
        0.5416666865348816,
        0.4166666567325592,
        0.5,
        0.5416666865348816,
        0.5416666865348816,
        0.4166666567325592,
        0.625,
        0.4583333432674408,
        0.625,
        0.6666666865348816,
        0.625,
        0.5833333730697632,
        0.5416666865348816,
        0.5416666865348816,
        0.5416666865348816,
        0.625,
        0.6666666865348816,
        0.5,
        0.5,
        0.5416666865348816,
        0.5416666865348816,
        0.5416666865348816,
        0.5416666865348816,
        0.5416666865348816,
        0.5,
        0.5416666865348816,
        0.5416666865348816,
        0.5416666865348816,
        0.5416666865348816,
        0.5416666865348816,
        0.5416666865348816,
        0.5416666865348816,
        0.5833333730697632,
        0.5416666865348816,
        0.5416666865348816
    ],
    "epoch_times": [
        0.49098706245422363,
        0.4847698211669922,
        0.4863288402557373,
        0.48567795753479004,
        0.48606157302856445,
        0.4857516288757324,
        0.4852745532989502,
        0.4833199977874756,
        0.48425722122192383,
        0.48482465744018555,
        0.485243558883667,
        0.4865729808807373,
        0.48636817932128906,
        0.48545122146606445,
        0.48578572273254395,
        0.48543620109558105,
        0.48489809036254883,
        0.48458266258239746,
        0.48476552963256836,
        0.48500871658325195,
        0.48679327964782715,
        0.4868941307067871,
        0.48644185066223145,
        0.485975980758667,
        0.4864821434020996,
        0.48630809783935547,
        0.48639702796936035,
        0.4867548942565918,
        0.48648786544799805,
        0.48656630516052246,
        0.48616528511047363,
        0.48633909225463867,
        0.48673152923583984,
        0.486741304397583,
        0.4877128601074219,
        0.48575353622436523,
        0.4858725070953369,
        0.48625993728637695,
        0.4891543388366699,
        0.4898684024810791,
        0.4893200397491455,
        0.4896049499511719,
        0.4936404228210449,
        0.49048280715942383,
        0.4872426986694336,
        0.48972272872924805,
        0.48894643783569336,
        0.487231969833374,
        0.49005818367004395
    ]
}