{
    "hyperparameters": {
        "activation": "elu",
        "dropout_rate": 0.4157204051192,
        "kernel_size": 4,
        "learning_rate": 0.0024809387277,
        "num_filters": 75,
        "num_layers": 4,
        "pooling": "average",
        "pooling_size": 1
    },
    "dataset_stats": {
        "name": "ArrowHead",
        "train_size": 58,
        "val_size": 14,
        "input_shape": [
            1,
            251
        ],
        "num_classes": 3
    },
    "epochs": 42,
    "train_loss": [
        1.3747045993804932,
        1.263662576675415,
        1.0447897911071777,
        1.1325877904891968,
        1.0460004806518555,
        0.9326310157775879,
        0.8947411775588989,
        0.9507060647010803,
        0.9779578447341919,
        0.9935764670372009,
        0.685195803642273,
        0.7816154360771179,
        0.8386795520782471,
        0.7692409157752991,
        0.7885381579399109,
        1.0588544607162476,
        0.8593878149986267,
        0.7637760639190674,
        0.7545490860939026,
        0.6134677529335022,
        0.632273256778717,
        0.4467673599720001,
        0.619705319404602,
        0.5835289359092712,
        0.7120900750160217,
        0.660567045211792,
        0.5184219479560852,
        0.6632745862007141,
        0.4346597492694855,
        0.5124439597129822,
        0.49432373046875,
        0.46297067403793335,
        0.5378124713897705,
        0.5211873054504395,
        0.5634976625442505,
        0.37999704480171204,
        0.49614274501800537,
        0.4672958254814148,
        0.42778798937797546,
        0.3459433317184448,
        0.5233773589134216,
        0.4601629972457886
    ],
    "val_loss": [
        1.0959320068359375,
        1.08225679397583,
        1.041058897972107,
        0.9958595633506775,
        0.9603632688522339,
        0.9295890927314758,
        0.9114236235618591,
        0.9370015859603882,
        1.0069488286972046,
        1.0709192752838135,
        1.037449836730957,
        0.9274831414222717,
        0.8461777567863464,
        0.851445198059082,
        0.9698607325553894,
        1.1706382036209106,
        1.22552490234375,
        1.2234796285629272,
        1.2564877271652222,
        1.162330985069275,
        1.1118011474609375,
        1.1239596605300903,
        1.1381016969680786,
        1.2127870321273804,
        1.292537808418274,
        1.435846209526062,
        1.3603492975234985,
        1.3520786762237549,
        1.431160569190979,
        1.3194634914398193,
        1.3712807893753052,
        1.691251516342163,
        1.671678900718689,
        1.5087405443191528,
        1.3555983304977417,
        1.2403236627578735,
        1.2889659404754639,
        1.483130693435669,
        1.519788146018982,
        1.416700005531311,
        1.4646657705307007,
        1.4294917583465576,
        1.311118245124817
    ],
    "train_accuracy": [
        0.3448275923728943,
        0.3448275923728943,
        0.4482758641242981,
        0.4137931168079376,
        0.517241358757019,
        0.5517241358757019,
        0.5862069129943848,
        0.5517241358757019,
        0.5517241358757019,
        0.517241358757019,
        0.7413793206214905,
        0.6206896305084229,
        0.6034482717514038,
        0.568965494632721,
        0.568965494632721,
        0.6034482717514038,
        0.5862069129943848,
        0.5517241358757019,
        0.5862069129943848,
        0.7586206793785095,
        0.6896551847457886,
        0.8620689511299133,
        0.7068965435028076,
        0.7413793206214905,
        0.6724137663841248,
        0.6724137663841248,
        0.7586206793785095,
        0.7068965435028076,
        0.8275862336158752,
        0.7586206793785095,
        0.8103448152542114,
        0.8448275923728943,
        0.7586206793785095,
        0.7758620977401733,
        0.7758620977401733,
        0.8103448152542114,
        0.7586206793785095,
        0.7931034564971924,
        0.8103448152542114,
        0.8275862336158752,
        0.7931034564971924,
        0.7931034564971924
    ],
    "val_accuracy": [
        0.3571428656578064,
        0.4285714626312256,
        0.5,
        0.5,
        0.5,
        0.5,
        0.5714285969734192,
        0.5,
        0.4285714626312256,
        0.4285714626312256,
        0.5,
        0.5714285969734192,
        0.5,
        0.5,
        0.5714285969734192,
        0.5,
        0.5714285969734192,
        0.5,
        0.5,
        0.5,
        0.5714285969734192,
        0.5,
        0.5,
        0.5,
        0.5,
        0.5,
        0.5714285969734192,
        0.5,
        0.5714285969734192,
        0.5,
        0.5,
        0.5,
        0.5,
        0.5,
        0.5,
        0.5,
        0.5714285969734192,
        0.5,
        0.5,
        0.5714285969734192,
        0.5,
        0.5,
        0.5714285969734192
    ],
    "epoch_times": [
        0.1552119255065918,
        0.062454938888549805,
        0.02596735954284668,
        0.027712583541870117,
        0.02869701385498047,
        0.031248807907104492,
        0.02630162239074707,
        0.026085615158081055,
        0.024328231811523438,
        0.02817678451538086,
        0.03077244758605957,
        0.02866053581237793,
        0.035349130630493164,
        0.03235220909118652,
        0.030475854873657227,
        0.028853178024291992,
        0.028908729553222656,
        0.0294187068939209,
        0.03073883056640625,
        0.03222393989562988,
        0.031216859817504883,
        0.03105640411376953,
        0.02960371971130371,
        0.02939629554748535,
        0.029500484466552734,
        0.0315096378326416,
        0.03255605697631836,
        0.030839204788208008,
        0.031694889068603516,
        0.029932260513305664,
        0.029893159866333008,
        0.030181407928466797,
        0.03244662284851074,
        0.038926124572753906,
        0.03629803657531738,
        0.03882122039794922,
        0.037353515625,
        0.03661823272705078,
        0.03643202781677246,
        0.03582906723022461,
        0.03665614128112793,
        0.036370038986206055
    ]
}