{
    "hyperparameters": {
        "bidirectional": false,
        "dropout_rate": 0.0813005314598,
        "hidden_units": 73,
        "learning_rate": 0.00013990468,
        "num_layers": 1,
        "output_activation": "relu",
        "weight_decay": 5.17434136e-05
    },
    "dataset_stats": {
        "name": "Adiac",
        "train_size": 312,
        "val_size": 78,
        "input_shape": [
            176,
            1
        ],
        "num_classes": 37
    },
    "epochs": 114,
    "train_loss": [
        3.6210882663726807,
        3.593226194381714,
        3.5711658000946045,
        3.549971342086792,
        3.5284979343414307,
        3.5090959072113037,
        3.4845499992370605,
        3.4613471031188965,
        3.4423749446868896,
        3.4185612201690674,
        3.391965389251709,
        3.3783323764801025,
        3.3521831035614014,
        3.3260748386383057,
        3.315739870071411,
        3.2863752841949463,
        3.265252113342285,
        3.249901533126831,
        3.219312906265259,
        3.1996278762817383,
        3.1822447776794434,
        3.1595113277435303,
        3.1372294425964355,
        3.1280665397644043,
        3.121683359146118,
        3.0895731449127197,
        3.061142921447754,
        3.051905393600464,
        3.031250476837158,
        3.0103962421417236,
        2.988286018371582,
        2.9752423763275146,
        2.9517149925231934,
        2.918377637863159,
        2.9168248176574707,
        2.9020581245422363,
        2.9072186946868896,
        2.8919665813446045,
        2.868800401687622,
        2.8512632846832275,
        2.8327832221984863,
        2.817110061645508,
        2.804048776626587,
        2.7829911708831787,
        2.76601505279541,
        2.765125274658203,
        2.744555711746216,
        2.743269205093384,
        2.7177863121032715,
        2.718397378921509,
        2.6908652782440186,
        2.663527250289917,
        2.6654715538024902,
        2.670128345489502,
        2.636394500732422,
        2.6378583908081055,
        2.6101717948913574,
        2.6117923259735107,
        2.604391574859619,
        2.587599039077759,
        2.5647761821746826,
        2.5449159145355225,
        2.5460593700408936,
        2.5291759967803955,
        2.5141749382019043,
        2.5001614093780518,
        2.495816707611084,
        2.490584135055542,
        2.4633679389953613,
        2.454742908477783,
        2.461355447769165,
        2.429781436920166,
        2.441823959350586,
        2.4231321811676025,
        2.4106104373931885,
        2.410813093185425,
        2.4079082012176514,
        2.382575273513794,
        2.3682310581207275,
        2.3740010261535645,
        2.354948043823242,
        2.3335888385772705,
        2.347667694091797,
        2.3395838737487793,
        2.347435235977173,
        2.357553005218506,
        2.34431529045105,
        2.3206772804260254,
        2.3144900798797607,
        2.3150713443756104,
        2.313565492630005,
        2.2880001068115234,
        2.3020243644714355,
        2.298966646194458,
        2.2848258018493652,
        2.2828426361083984,
        2.2737255096435547,
        2.2764079570770264,
        2.2801945209503174,
        2.2754640579223633,
        2.277588367462158,
        2.284897565841675,
        2.262822389602661,
        2.2623088359832764,
        2.264941453933716,
        2.2592520713806152,
        2.251859664916992,
        2.253850221633911,
        2.274787425994873,
        2.256788730621338,
        2.264084815979004,
        2.2612814903259277,
        2.2552809715270996,
        2.275665760040283
    ],
    "val_loss": [
        3.6298439502716064,
        3.6012213230133057,
        3.5873985290527344,
        3.575369358062744,
        3.5675032138824463,
        3.5543041229248047,
        3.5406994819641113,
        3.5332367420196533,
        3.5207762718200684,
        3.5085346698760986,
        3.4955296516418457,
        3.4831926822662354,
        3.4690301418304443,
        3.455907106399536,
        3.4451744556427,
        3.4312260150909424,
        3.4194939136505127,
        3.414309024810791,
        3.396527051925659,
        3.388740301132202,
        3.373914957046509,
        3.35990309715271,
        3.350527286529541,
        3.343996047973633,
        3.329454183578491,
        3.3241302967071533,
        3.3137714862823486,
        3.3022937774658203,
        3.29228138923645,
        3.2816267013549805,
        3.2677249908447266,
        3.2702982425689697,
        3.251288890838623,
        3.247830867767334,
        3.2363452911376953,
        3.2292592525482178,
        3.2228951454162598,
        3.2193760871887207,
        3.2113280296325684,
        3.197598695755005,
        3.192619800567627,
        3.1725780963897705,
        3.176469087600708,
        3.1682889461517334,
        3.170121431350708,
        3.153794050216675,
        3.1585164070129395,
        3.15803599357605,
        3.1368701457977295,
        3.1334614753723145,
        3.148686408996582,
        3.13386869430542,
        3.111074686050415,
        3.1273608207702637,
        3.13316011428833,
        3.1303749084472656,
        3.1015989780426025,
        3.1291043758392334,
        3.100003957748413,
        3.0918989181518555,
        3.1013832092285156,
        3.097050905227661,
        3.1097095012664795,
        3.0858187675476074,
        3.0692992210388184,
        3.077972888946533,
        3.114076614379883,
        3.055175542831421,
        3.0940732955932617,
        3.0553817749023438,
        3.0757081508636475,
        3.0848851203918457,
        3.044764518737793,
        3.0848186016082764,
        3.060950756072998,
        3.091571569442749,
        3.048931837081909,
        3.0638623237609863,
        3.0617926120758057,
        3.018148899078369,
        3.021834373474121,
        3.0718979835510254,
        2.999450922012329,
        3.06499981880188,
        2.9923553466796875,
        3.0651581287384033,
        3.0115342140197754,
        3.043285846710205,
        3.048767328262329,
        3.0022497177124023,
        3.0567872524261475,
        3.0079493522644043,
        3.0324347019195557,
        3.0256197452545166,
        3.020325183868408,
        3.034209728240967,
        3.0295464992523193,
        3.033146858215332,
        3.0365054607391357,
        3.035170793533325,
        3.037461757659912,
        3.020575761795044,
        3.0378496646881104,
        3.0264506340026855,
        3.025444507598877,
        3.035245895385742,
        3.037344455718994,
        3.0312297344207764,
        3.025500535964966,
        3.028135299682617,
        3.032280683517456,
        3.034013271331787,
        3.030416965484619,
        3.032135009765625,
        3.032042980194092
    ],