{
    "hyperparameters": {
        "activation": "relu",
        "dropout_rate": 0.2295308964679,
        "hidden_units": 30,
        "learning_rate": 0.0363920725737,
        "num_layers": 4,
        "weight_decay": 0.0052740413118
    },
    "dataset_stats": {
        "name": "classification_ozone",
        "train_size": 85,
        "val_size": 21,
        "input_shape": [
            1201,
            1
        ],
        "num_classes": 2
    },
    "epochs": 31,
    "train_loss": [
        0.8794839382171631,
        0.7587205767631531,
        0.786591649055481,
        0.764049768447876,
        0.7104581594467163,
        0.6970921158790588,
        0.7166785597801208,
        0.7639573216438293,
        0.6978191137313843,
        0.7677893042564392,
        0.6944201588630676,
        0.6951984167098999,
        0.6896983981132507,
        0.6957018971443176,
        0.6927921772003174,
        0.6931505799293518,
        0.6874343156814575,
        0.6959741115570068,
        0.689611554145813,
        0.7030728459358215,
        0.7124104499816895,
        0.6962315440177917,
        0.6717936992645264,
        0.7043941020965576,
        0.6871736645698547,
        0.700291097164154,
        0.6923462748527527,
        0.6788617968559265,
        0.6799136996269226,
        0.6848588585853577,
        0.7008246779441833
    ],
    "val_loss": [
        0.6539406180381775,
        0.6513381004333496,
        0.76939857006073,
        1.447102665901184,
        1.2760300636291504,
        0.92381751537323,
        0.7744190692901611,
        0.6935646533966064,
        0.6812271475791931,
        0.6979482769966125,
        0.6901255249977112,
        0.7035143375396729,
        0.7067673802375793,
        0.7052229642868042,
        0.7097405195236206,
        0.7236120700836182,
        0.7003291845321655,
        0.6831425428390503,
        0.6832183003425598,
        0.6907137632369995,
        0.705978512763977,
        0.709866464138031,
        0.7205169796943665,
        0.7183792591094971,
        0.7324315905570984,
        0.7283359169960022,
        0.7149192094802856,
        0.7115867733955383,
        0.7139770984649658,
        0.7183231115341187,
        0.7232964634895325,
        0.7182623147964478
    ],
    "train_accuracy": [
        0.42352941632270813,
        0.5176470875740051,
        0.4941176474094391,
        0.529411792755127,
        0.529411792755127,
        0.5529412031173706,
        0.48235294222831726,
        0.4470588266849518,
        0.5647059082984924,
        0.42352941632270813,
        0.529411792755127,
        0.5176470875740051,
        0.5882353186607361,
        0.5058823823928833,
        0.5058823823928833,
        0.5176470875740051,
        0.5647059082984924,
        0.48235294222831726,
        0.4470588266849518,
        0.4941176474094391,
        0.47058823704719543,
        0.5058823823928833,
        0.5647059082984924,
        0.4588235318660736,
        0.5058823823928833,
        0.529411792755127,
        0.48235294222831726,
        0.5764706134796143,
        0.5647059082984924,
        0.5411764979362488,
        0.4941176474094391
    ],
    "val_accuracy": [
        0.5714285969734192,
        0.523809552192688,
        0.4285714328289032,
        0.380952388048172,
        0.3333333432674408,
        0.4285714328289032,
        0.4285714328289032,
        0.4761904776096344,
        0.523809552192688,
        0.4285714328289032,
        0.523809552192688,
        0.3333333432674408,
        0.380952388048172,
        0.4285714328289032,
        0.3333333432674408,
        0.4285714328289032,
        0.4285714328289032,
        0.5714285969734192,
        0.5714285969734192,
        0.5714285969734192,
        0.380952388048172,
        0.4285714328289032,
        0.4285714328289032,
        0.4285714328289032,
        0.4285714328289032,
        0.4285714328289032,
        0.4285714328289032,
        0.4285714328289032,
        0.4285714328289032,
        0.4285714328289032,
        0.4285714328289032,
        0.4285714328289032
    ],
    "epoch_times": [
        1.5243079662322998,
        0.03954887390136719,
        0.038789987564086914,
        0.03863787651062012,
        0.03804373741149902,
        0.037970781326293945,
        0.03825879096984863,
        0.0390169620513916,
        0.03801393508911133,
        0.0407710075378418,
        0.039101362228393555,
        0.037837982177734375,
        0.03757214546203613,
        0.037457942962646484,
        0.03747200965881348,
        0.03773617744445801,
        0.03759312629699707,
        0.03724813461303711,
        0.03672218322753906,
        0.03716301918029785,
        0.03713703155517578,
        0.03827977180480957,
        0.03911709785461426,
        0.03967714309692383,
        0.03870701789855957,
        0.037671804428100586,
        0.03689885139465332,
        0.03757882118225098,
        0.03714609146118164,
        0.036695003509521484,
        0.037220001220703125
    ]
}