{
    "hyperparameters": {
        "activation": "relu",
        "dropout_rate": 0.2295308964679,
        "hidden_units": 30,
        "learning_rate": 0.0363920725737,
        "num_layers": 4,
        "weight_decay": 0.0052740413118
    },
    "dataset_stats": {
        "name": "classification_ozone",
        "train_size": 85,
        "val_size": 21,
        "input_shape": [
            1201,
            1
        ],
        "num_classes": 2
    },
    "epochs": 45,
    "train_loss": [
        0.7694299817085266,
        0.7752153277397156,
        0.8057536482810974,
        0.7497751712799072,
        0.7753890156745911,
        0.7119023203849792,
        0.7223581671714783,
        0.7098065614700317,
        0.7055846452713013,
        0.6794455051422119,
        0.6784754395484924,
        0.6949119567871094,
        0.7106662392616272,
        0.7035605311393738,
        0.6708936095237732,
        0.6820218563079834,
        0.6806986927986145,
        0.6799179911613464,
        0.69910728931427,
        0.6756350994110107,
        0.7016438245773315,
        0.7005167603492737,
        0.7108644247055054,
        0.7057836055755615,
        0.6915966868400574,
        0.6922637820243835,
        0.6881260871887207,
        0.6859625577926636,
        0.6876557469367981,
        0.6915178894996643,
        0.6838344931602478,
        0.6795700192451477,
        0.6834007501602173,
        0.6905320286750793,
        0.6716143488883972,
        0.6922252774238586,
        0.6955038905143738,
        0.7033460736274719,
        0.7071621417999268,
        0.696632444858551,
        0.6897158026695251,
        0.6953080892562866,
        0.6919224262237549,
        0.6932802796363831,
        0.6966842412948608
    ],
    "val_loss": [
        0.710919201374054,
        1.1232959032058716,
        1.429082989692688,
        1.0744837522506714,
        1.2301857471466064,
        1.2645097970962524,
        0.9557605981826782,
        0.8330041766166687,
        0.7532972693443298,
        0.7319225072860718,
        0.715660572052002,
        0.7143481969833374,
        0.7158911228179932,
        0.70954829454422,
        0.7009904384613037,
        0.697071373462677,
        0.698845386505127,
        0.7015213370323181,
        0.70989990234375,
        0.751969039440155,
        0.7363584637641907,
        0.7264338731765747,
        0.71058589220047,
        0.698610782623291,
        0.702972948551178,
        0.712468683719635,
        0.7081068158149719,
        0.7151390314102173,
        0.7149157524108887,
        0.7143242955207825,
        0.7163328528404236,
        0.7217020988464355,
        0.7175793647766113,
        0.7055084705352783,
        0.709959864616394,
        0.7041284441947937,
        0.7098670601844788,
        0.711333155632019,
        0.7084293961524963,
        0.7063584327697754,
        0.7028766870498657,
        0.7042842507362366,
        0.7047695517539978,
        0.701583981513977,
        0.6996669769287109,
        0.6981033086776733
    ],
    "train_accuracy": [
        0.47058823704719543,
        0.529411792755127,
        0.42352941632270813,
        0.47058823704719543,
        0.47058823704719543,
        0.4470588266849518,
        0.48235294222831726,
        0.5411764979362488,
        0.529411792755127,
        0.5411764979362488,
        0.5411764979362488,
        0.5411764979362488,
        0.5647059082984924,
        0.48235294222831726,
        0.5764706134796143,
        0.5529412031173706,
        0.4941176474094391,
        0.6117647290229797,
        0.529411792755127,
        0.6117647290229797,
        0.5647059082984924,
        0.5647059082984924,
        0.43529412150382996,
        0.4588235318660736,
        0.529411792755127,
        0.529411792755127,
        0.5529412031173706,
        0.5176470875740051,
        0.5058823823928833,
        0.5411764979362488,
        0.5882353186607361,
        0.5647059082984924,
        0.4941176474094391,
        0.5529412031173706,
        0.6000000238418579,
        0.5058823823928833,
        0.4941176474094391,
        0.5058823823928833,
        0.5058823823928833,
        0.529411792755127,
        0.5647059082984924,
        0.5058823823928833,
        0.5058823823928833,
        0.5058823823928833,
        0.47058823704719543
    ],
    "val_accuracy": [
        0.4285714328289032,
        0.4285714328289032,
        0.4761904776096344,
        0.4761904776096344,
        0.380952388048172,
        0.4761904776096344,
        0.380952388048172,
        0.3333333432674408,
        0.4761904776096344,
        0.4761904776096344,
        0.4285714328289032,
        0.4761904776096344,
        0.3333333432674408,
        0.3333333432674408,
        0.4285714328289032,
        0.4761904776096344,
        0.523809552192688,
        0.4761904776096344,
        0.380952388048172,
        0.380952388048172,
        0.380952388048172,
        0.4285714328289032,
        0.4285714328289032,
        0.4285714328289032,
        0.3333333432674408,
        0.4761904776096344,
        0.4761904776096344,
        0.4285714328289032,
        0.4761904776096344,
        0.4761904776096344,
        0.4761904776096344,
        0.4285714328289032,
        0.4285714328289032,
        0.4285714328289032,
        0.380952388048172,
        0.4761904776096344,
        0.4285714328289032,
        0.4761904776096344,
        0.3333333432674408,
        0.3333333432674408,
        0.380952388048172,
        0.4285714328289032,
        0.4285714328289032,
        0.4285714328289032,
        0.4285714328289032,
        0.4285714328289032
    ],
    "epoch_times": [
        0.10892248153686523,
        0.10636472702026367,
        0.023939132690429688,
        0.024109363555908203,
        0.024210453033447266,
        0.024114370346069336,
        0.024209976196289062,
        0.02420330047607422,
        0.024063587188720703,
        0.02398848533630371,
        0.023647308349609375,
        0.0237424373626709,
        0.023624897003173828,
        0.02374100685119629,
        0.023697853088378906,
        0.02327561378479004,
        0.023677587509155273,
        0.023273468017578125,
        0.023855924606323242,
        0.02338552474975586,
        0.023051977157592773,
        0.023354053497314453,
        0.022953033447265625,
        0.02309560775756836,
        0.023805618286132812,
        0.023571491241455078,
        0.023234844207763672,
        0.02366471290588379,
        0.02356266975402832,
        0.023094654083251953,
        0.023211240768432617,
        0.023165225982666016,
        0.02312183380126953,
        0.023326873779296875,
        0.023105382919311523,
        0.02318429946899414,
        0.023680925369262695,
        0.023149967193603516,
        0.023133516311645508,
        0.023352861404418945,
        0.02312946319580078,
        0.02349686622619629,
        0.023711681365966797,
        0.023587942123413086,
        0.023283958435058594
    ]
}