{
    "hyperparameters": {
        "activation": "relu",
        "dropout_rate": 0.5010205351029,
        "hidden_units": 90,
        "learning_rate": 0.0007293747405,
        "num_layers": 2,
        "weight_decay": 0.0030188222488
    },
    "dataset_stats": {
        "name": "BirdChicken",
        "train_size": 36,
        "val_size": 9,
        "input_shape": [
            512,
            1
        ],
        "num_classes": 2
    },
    "epochs": 104,
    "train_loss": [
        0.6779119968414307,
        0.6209128499031067,
        0.7593598365783691,
        0.6797966957092285,
        0.6843163967132568,
        0.6201859712600708,
        0.6098865270614624,
        0.5759637355804443,
        0.549962043762207,
        0.6608414649963379,
        0.4824524521827698,
        0.5557768940925598,
        0.6516405344009399,
        0.6183357238769531,
        0.5327911376953125,
        0.5656091570854187,
        0.4746300280094147,
        0.581765353679657,
        0.5535339713096619,
        0.5213561654090881,
        0.6915557384490967,
        0.6446045637130737,
        0.5528857707977295,
        0.5688381195068359,
        0.6105617880821228,
        0.5001752376556396,
        0.4960651397705078,
        0.420513778924942,
        0.44345858693122864,
        0.4126589298248291,
        0.44301098585128784,
        0.5952170491218567,
        0.5426015853881836,
        0.4868415594100952,
        0.4374764561653137,
        0.5397655963897705,
        0.6403230428695679,
        0.6021726131439209,
        0.5187293887138367,
        0.5694808959960938,
        0.4420401155948639,
        0.3751284182071686,
        0.6267869472503662,
        0.5049080848693848,
        0.5237259268760681,
        0.38969123363494873,
        0.48809105157852173,
        0.4727898836135864,
        0.41448554396629333,
        0.6900026202201843,
        0.4496335983276367,
        0.4124245345592499,
        0.4490526020526886,
        0.4641556143760681,
        0.3452354073524475,
        0.3710746169090271,
        0.4995284676551819,
        0.4860748052597046,
        0.421135812997818,
        0.47091585397720337,
        0.5160300731658936,
        0.3232516050338745,
        0.356754869222641,
        0.5537118911743164,
        0.41451990604400635,
        0.46217796206474304,
        0.4398723244667053,
        0.37942448258399963,
        0.47836440801620483,
        0.38184329867362976,
        0.3478294014930725,
        0.4371720552444458,
        0.37492671608924866,
        0.3794461488723755,
        0.42202144861221313,
        0.29728302359580994,
        0.3777369260787964,
        0.3998114764690399,
        0.3785281181335449,
        0.29534342885017395,
        0.4311990737915039,
        0.2893286645412445,
        0.3365658223628998,
        0.3977072834968567,
        0.3442884683609009,
        0.3940231502056122,
        0.3537813425064087,
        0.34567001461982727,
        0.3662641644477844,
        0.3132759928703308,
        0.39928603172302246,
        0.3026145398616791,
        0.34650999307632446,
        0.3187418282032013,
        0.28325483202934265,
        0.32114967703819275,
        0.34213781356811523,
        0.2963257133960724,
        0.273982435464859,
        0.2872833013534546,
        0.29395368695259094,
        0.2876053750514984,
        0.22662653028964996,
        0.36996346712112427
    ],
    "val_loss": [
        0.6827219724655151,
        0.6806666851043701,
        0.6725508570671082,
        0.6588909029960632,
        0.6479257345199585,
        0.6516262888908386,
        0.6500948667526245,
        0.6545000076293945,
        0.6426355838775635,
        0.641944169998169,
        0.6377599835395813,
        0.6191712617874146,
        0.6039761304855347,
        0.6048063635826111,
        0.6009609699249268,
        0.598670244216919,
        0.5946149826049805,
        0.5821741819381714,
        0.577596127986908,
        0.5728943347930908,
        0.5776832103729248,
        0.5573940277099609,
        0.5408017039299011,
        0.5453317165374756,
        0.53792804479599,
        0.5412127375602722,
        0.5324373245239258,
        0.5200878977775574,
        0.5095486044883728,
        0.5022756457328796,
        0.4966681897640228,
        0.4906143546104431,
        0.4951871633529663,
        0.4957667589187622,
        0.4844329059123993,
        0.4895302951335907,
        0.4978766441345215,
        0.503931999206543,
        0.5148991942405701,
        0.5076702833175659,
        0.5061796307563782,
        0.4983482360839844,
        0.4957585334777832,
        0.4894977807998657,
        0.4906400144100189,
        0.49757978320121765,
        0.4970831274986267,
        0.49077150225639343,
        0.47127023339271545,
        0.47163569927215576,
        0.4634283483028412,
        0.45116376876831055,
        0.4490526020526886,
        0.4389835000038147,
        0.43545228242874146,
        0.4494166970252991,
        0.44776520133018494,
        0.44498497247695923,
        0.4334520101547241,
        0.42832598090171814,
        0.4194929301738739,
        0.41890114545822144,
        0.4017289876937866,
        0.40849193930625916,
        0.3980630338191986,
        0.4002533257007599,
        0.3914719223976135,
        0.3852357864379883,
        0.38284486532211304,
        0.3759128749370575,
        0.3840753734111786,
        0.37599846720695496,
        0.3711502254009247,
        0.37207019329071045,
        0.3684800863265991,
        0.37732309103012085,
        0.3799890875816345,
        0.3724735379219055,
        0.38129547238349915,
        0.3887752294540405,
        0.39680930972099304,
        0.40951478481292725,
        0.4308282136917114,
        0.4377712309360504,
        0.4444761276245117,
        0.4591459035873413,
        0.4631298780441284,
        0.465861052274704,
        0.4702395796775818,
        0.4599427580833435,
        0.4485026001930237,
        0.45059728622436523,
        0.4587782621383667,
        0.46024656295776367,
        0.48029136657714844,
        0.4870334267616272,
        0.47869211435317993,
        0.46356555819511414,
        0.45945051312446594,
        0.45689094066619873,
        0.45261111855506897,
        0.44614166021347046,
        0.4349352717399597,
        0.4445101320743561,
        0.44833967089653015
    ],