{
    "hyperparameters": {
        "bidirectional": false,
        "dropout_rate": 0.0514594314665,
        "hidden_units": 58,
        "learning_rate": 7.43307704e-05,
        "num_layers": 4,
        "output_activation": "relu",
        "weight_decay": 0.0007645833318
    },
    "dataset_stats": {
        "name": "ChlorineConcentration",
        "train_size": 417,
        "val_size": 50,
        "input_shape": [
            166,
            1
        ],
        "num_classes": 3
    },
    "epochs": 68,
    "train_loss": [
        1.8039294481277466,
        0.6126003861427307,
        0.7025777101516724,
        2.1551103591918945,
        0.6206594705581665,
        0.46676748991012573,
        0.2674100697040558,
        1.1062662601470947,
        0.7204060554504395,
        0.6370662450790405,
        0.4052680730819702,
        1.3982031345367432,
        1.218619465827942,
        1.4888992309570312,
        1.158769965171814,
        0.4700099229812622,
        0.594298779964447,
        0.484646201133728,
        0.6263052225112915,
        1.140507698059082,
        0.6300610303878784,
        0.45785218477249146,
        0.7076582312583923,
        0.7911382913589478,
        0.527170717716217,
        1.040804386138916,
        1.6634252071380615,
        0.5499927997589111,
        0.44298744201660156,
        0.42158666253089905,
        0.4641754627227783,
        1.7356351613998413,
        2.180621385574341,
        1.2882187366485596,
        0.713944137096405,
        0.4875865578651428,
        1.6953071355819702,
        0.964019775390625,
        0.6375836730003357,
        1.3256778717041016,
        0.5303259491920471,
        1.3807023763656616,
        0.48713418841362,
        1.267572283744812,
        1.8963017463684082,
        0.66020667552948,
        1.4559290409088135,
        0.6007000803947449,
        0.46326225996017456,
        0.706594705581665,
        1.1404621601104736,
        0.5538069009780884,
        0.4434438645839691,
        0.3616638779640198,
        1.4589128494262695,
        0.796912670135498,
        0.5126584768295288,
        2.0033044815063477,
        1.5143893957138062,
        0.6150400638580322,
        1.4784928560256958,
        0.5360642671585083,
        0.3581547141075134,
        1.8244295120239258,
        0.6328877210617065,
        1.6429269313812256,
        0.9017188549041748,
        1.8181689977645874
    ],
    "val_loss": [
        0.9704883098602295,
        0.904653012752533,
        0.8975446820259094,
        0.8868441581726074,
        0.8850269913673401,
        0.8996908068656921,
        0.8808190822601318,
        0.872731626033783,
        0.8689069151878357,
        0.875895619392395,
        0.8778664469718933,
        0.8789125084877014,
        0.8760202527046204,
        0.8811296224594116,
        0.8922918438911438,
        0.8947511315345764,
        0.8862004280090332,
        0.8732845783233643,
        0.8686453104019165,
        0.8695188760757446,
        0.8741785287857056,
        0.8795562982559204,
        0.8777966499328613,
        0.8712397813796997,
        0.8693975806236267,
        0.8667755126953125,
        0.8673099279403687,
        0.8683424592018127,
        0.8696653842926025,
        0.868441641330719,
        0.8685696125030518,
        0.8677664399147034,
        0.8672662973403931,
        0.8673176765441895,
        0.8662490844726562,
        0.8677520751953125,
        0.8672093152999878,
        0.8648345470428467,
        0.862708568572998,
        0.8621433973312378,
        0.8617927432060242,
        0.862282395362854,
        0.8621098399162292,
        0.8624064922332764,
        0.8635963201522827,
        0.8644328117370605,
        0.8646673560142517,
        0.8644267916679382,
        0.864328145980835,
        0.864382803440094,
        0.8643255829811096,
        0.8637782335281372,
        0.8639147877693176,
        0.8636630177497864,
        0.8634052872657776,
        0.8631957769393921,
        0.8637616038322449,
        0.8638780117034912,
        0.8640398979187012,
        0.8642135858535767,
        0.8643916845321655,
        0.8644168376922607,
        0.8643547296524048,
        0.8639736771583557,
        0.8637332320213318,
        0.8636599779129028,
        0.8635318875312805,
        0.8635307550430298,
        0.8635262846946716
    ],
    "train_accuracy": [
        0.0,
        1.0,
        1.0,
        0.0,
        1.0,
        1.0,
        1.0,
        0.0,
        1.0,
        1.0,
        1.0,
        0.0,
        0.0,
        0.0,
        0.0,
        1.0,
        1.0,
        1.0,
        1.0,
        0.0,
        1.0,
        1.0,
        1.0,
        1.0,
        1.0,
        0.0,
        0.0,
        1.0,
        1.0,
        1.0,
        1.0,
        0.0,
        0.0,
        0.0,
        1.0,
        1.0,
        0.0,
        0.0,
        1.0,
        0.0,
        1.0,
        0.0,
        1.0,
        0.0,
        0.0,
        1.0,
        0.0,
        1.0,
        1.0,
        1.0,
        0.0,
        1.0,
        1.0,
        1.0,
        0.0,
        0.0,
        1.0,
        0.0,
        0.0,
        1.0,
        0.0,
        1.0,
        1.0,
        0.0,
        1.0,
        0.0,
        0.0,
        0.0
    ],
    "val_accuracy": [
        0.6200000047683716,
        0.6200000047683716,
        0.6200000047683716,
        0.6200000047683716,
        0.6200000047683716,
        0.6200000047683716,
        0.6200000047683716,
        0.6200000047683716,
        0.6399999856948853,
        0.6600000262260437,
        0.6600000262260437,
        0.6600000262260437,
        0.6800000071525574,
        0.6800000071525574,
        0.6600000262260437,
        0.6800000071525574,
        0.6800000071525574,
        0.6800000071525574,
        0.6800000071525574,
        0.6800000071525574,
        0.6800000071525574,
        0.6800000071525574,
        0.6800000071525574,
        0.6800000071525574,
        0.6800000071525574,
        0.6800000071525574,
        0.6800000071525574,
        0.6800000071525574,
        0.6800000071525574,
        0.6800000071525574,
        0.6800000071525574,
        0.6800000071525574,
        0.6800000071525574,
        0.6800000071525574,
        0.6800000071525574,
        0.6800000071525574,
        0.6800000071525574,
        0.6800000071525574,
        0.6800000071525574,
        0.6800000071525574,
        0.6800000071525574,
        0.6800000071525574,
        0.6800000071525574,
        0.6800000071525574,
        0.6800000071525574,
        0.6800000071525574,
        0.6800000071525574,
        0.6800000071525574,
        0.6800000071525574,
        0.6800000071525574,
        0.6800000071525574,
        0.6800000071525574,
        0.6800000071525574,
        0.6800000071525574,
        0.6800000071525574,
        0.6800000071525574,
        0.6800000071525574,
        0.6800000071525574,
        0.6800000071525574,
        0.6800000071525574,
        0.6800000071525574,
        0.6800000071525574,
        0.6800000071525574,
        0.6800000071525574,
        0.6800000071525574,
        0.6800000071525574,
        0.6800000071525574,
        0.6800000071525574,
        0.6800000071525574
    ],