{
    "hyperparameters": {
        "activation": "tanh",
        "dropout_rate": 0.4678357660595,
        "hidden_units": 18,
        "learning_rate": 0.0029438568221,
        "num_layers": 1,
        "weight_decay": 0.002954518983
    },
    "dataset_stats": {
        "name": "Adiac",
        "train_size": 312,
        "val_size": 78,
        "input_shape": [
            176,
            1
        ],
        "num_classes": 37
    },
    "epochs": 100,
    "train_loss": [
        3.571577787399292,
        3.4115519523620605,
        3.359827995300293,
        3.3312792778015137,
        3.290501594543457,
        3.209376096725464,
        3.18269419670105,
        3.119767427444458,
        3.081393003463745,
        3.031585216522217,
        2.9496703147888184,
        2.933802843093872,
        2.9240009784698486,
        2.8989410400390625,
        2.857142210006714,
        2.8469491004943848,
        2.7320027351379395,
        2.7497310638427734,
        2.7610456943511963,
        2.6649088859558105,
        2.6253421306610107,
        2.6054956912994385,
        2.5811192989349365,
        2.5241761207580566,
        2.4841256141662598,
        2.48696231842041,
        2.4046154022216797,
        2.5342609882354736,
        2.5091001987457275,
        2.390411376953125,
        2.3672149181365967,
        2.3918356895446777,
        2.4602787494659424,
        2.292590856552124,
        2.3311915397644043,
        2.2971954345703125,
        2.361137628555298,
        2.362523317337036,
        2.32116961479187,
        2.268462896347046,
        2.1900389194488525,
        2.2830352783203125,
        2.227138042449951,
        2.251883029937744,
        2.250739574432373,
        2.302434206008911,
        2.1457934379577637,
        2.2191121578216553,
        2.1596717834472656,
        2.2015833854675293,
        2.318472385406494,
        2.3824503421783447,
        2.3387935161590576,
        2.343777894973755,
        2.284477949142456,
        2.3368916511535645,
        2.2200965881347656,
        2.259354829788208,
        2.2129337787628174,
        2.2597203254699707,
        2.1934642791748047,
        2.2984986305236816,
        2.26450777053833,
        2.2209644317626953,
        2.270371437072754,
        2.1943821907043457,
        2.1305620670318604,
        2.2386653423309326,
        2.1809544563293457,
        2.124371290206909,
        2.220817804336548,
        2.15523624420166,
        2.250861167907715,
        2.206395387649536,
        2.080561399459839,
        2.209819793701172,
        2.1284797191619873,
        2.0767109394073486,
        2.166337728500366,
        2.076833963394165,
        2.150815486907959,
        2.0445382595062256,
        2.169265031814575,
        2.0712318420410156,
        2.1427671909332275,
        2.1795482635498047,
        2.1091787815093994,
        2.207794189453125,
        2.038425922393799,
        2.2320022583007812,
        2.1643152236938477,
        2.075450897216797,
        2.0245323181152344,
        2.063786029815674,
        2.0903594493865967,
        2.2707908153533936,
        2.3106319904327393,
        2.3253800868988037,
        2.3480172157287598,
        2.35207200050354
    ],
    "val_loss": [
        3.64711594581604,
        3.6244044303894043,
        3.533278703689575,
        3.4440789222717285,
        3.352755069732666,
        3.2870335578918457,
        3.2389371395111084,
        3.2045414447784424,
        3.2122695446014404,
        3.1690330505371094,
        3.2303857803344727,
        3.188225030899048,
        3.280060291290283,
        3.017916440963745,
        3.291093587875366,
        2.994920015335083,
        4.233731746673584,
        3.398979663848877,
        2.8600988388061523,
        3.1486525535583496,
        2.770970582962036,
        2.828853130340576,
        3.129236936569214,
        2.7504096031188965,
        2.726602077484131,
        2.7565832138061523,
        3.49712872505188,
        2.795240640640259,
        2.8674681186676025,
        2.6992273330688477,
        2.4334089756011963,
        3.024930953979492,
        2.907378673553467,
        2.3129425048828125,
        2.481694221496582,
        2.379676342010498,
        2.4974076747894287,
        2.814197301864624,
        2.4414665699005127,
        4.377534866333008,
        2.7963316440582275,
        2.4725632667541504,
        2.3530757427215576,
        2.827678680419922,
        2.159209728240967,
        2.1732585430145264,
        2.0657708644866943,
        2.259244203567505,
        2.1100432872772217,
        2.3037641048431396,
        3.098541736602783,
        3.040837526321411,
        3.316504955291748,
        2.622812032699585,
        2.2813501358032227,
        2.0965285301208496,
        2.7411322593688965,
        2.1546473503112793,
        2.497601270675659,
        2.6168172359466553,
        7.883981704711914,
        5.699099063873291,
        2.6435298919677734,
        2.8696482181549072,
        2.308035373687744,
        2.1140477657318115,
        2.0423989295959473,
        2.5337560176849365,
        2.4277279376983643,
        2.2541987895965576,
        1.8904913663864136,
        1.9190325736999512,
        2.396723985671997,
        2.4074785709381104,
        2.43518328666687,
        2.049152374267578,
        2.2233753204345703,
        2.1369194984436035,
        2.4383013248443604,
        2.105938673019409,
        2.2026684284210205,
        2.0836713314056396,
        1.9597400426864624,
        2.3118679523468018,
        2.2293176651000977,
        2.5643701553344727,
        2.2190358638763428,
        2.4609575271606445,
        1.9307427406311035,
        2.9101879596710205,
        2.7766027450561523,
        2.084087371826172,
        2.3019981384277344,
        2.381532669067383,
        2.248398780822754,
        3.675311326980591,
        2.359243392944336,
        2.393937587738037,
        2.043576955795288,
        2.5524182319641113,
        2.344705820083618
    ],