{
    "hyperparameters": {
        "activation": "gelu",
        "dropout_rate": 0.085929710744,
        "ff_dim": 588,
        "hidden_units": 222,
        "learning_rate": 0.0001061877299,
        "num_heads": 3,
        "num_layers": 2,
        "pooling": "mean",
        "weight_decay": 1.93873466e-05
    },
    "dataset_stats": {
        "name": "BirdChicken",
        "train_size": 32,
        "val_size": 8,
        "input_shape": [
            512,
            1
        ],
        "num_classes": 2
    },
    "epochs": 36,
    "train_loss": [
        0.8185130953788757,
        1.0106021165847778,
        0.7835060954093933,
        0.7220839262008667,
        0.7397490739822388,
        0.6259002089500427,
        0.6439973711967468,
        0.5925629734992981,
        0.595771312713623,
        0.5568852424621582,
        0.5119596123695374,
        0.5898526310920715,
        0.5176711082458496,
        0.6085774898529053,
        0.49052897095680237,
        0.609957218170166,
        0.5105926990509033,
        0.49490299820899963,
        0.5093601942062378,
        0.4992910921573639,
        0.532126784324646,
        0.5310042500495911,
        0.518439531326294,
        0.4741700291633606,
        0.5413982272148132,
        0.4978109300136566,
        0.5178930163383484,
        0.49408861994743347,
        0.5267395377159119,
        0.5145683288574219,
        0.5620035529136658,
        0.4401046633720398,
        0.43473759293556213,
        0.47586750984191895,
        0.4793377220630646,
        0.48819127678871155
    ],
    "val_loss": [
        0.5954734683036804,
        1.0668845176696777,
        0.7704887390136719,
        0.8372108340263367,
        0.8837531208992004,
        0.7774797677993774,
        0.7303040623664856,
        0.7640783786773682,
        0.7724151015281677,
        0.7985705137252808,
        0.8267298340797424,
        0.8374637961387634,
        0.85365229845047,
        0.8624739050865173,
        0.868657112121582,
        0.8796865940093994,
        0.891780436038971,
        0.9054336547851562,
        0.917588472366333,
        0.9258992075920105,
        0.9328868985176086,
        0.9406449198722839,
        0.9485110640525818,
        0.9557585716247559,
        0.9634507298469543,
        0.9671986103057861,
        0.9714052081108093,
        0.9756664037704468,
        0.979766845703125,
        0.9834474921226501,
        0.9861471056938171,
        0.986676812171936,
        0.986954391002655,
        0.9871606230735779,
        0.9870221614837646,
        0.9873060584068298,
        0.9876349568367004
    ],
    "train_accuracy": [
        0.46875,
        0.5625,
        0.59375,
        0.65625,
        0.65625,
        0.71875,
        0.65625,
        0.6875,
        0.625,
        0.65625,
        0.75,
        0.71875,
        0.6875,
        0.625,
        0.78125,
        0.6875,
        0.75,
        0.71875,
        0.6875,
        0.71875,
        0.71875,
        0.75,
        0.71875,
        0.8125,
        0.71875,
        0.8125,
        0.71875,
        0.84375,
        0.78125,
        0.75,
        0.71875,
        0.8125,
        0.75,
        0.78125,
        0.75,
        0.78125
    ],
    "val_accuracy": [
        0.625,
        0.625,
        0.75,
        0.625,
        0.625,
        0.625,
        0.375,
        0.375,
        0.375,
        0.5,
        0.5,
        0.375,
        0.375,
        0.25,
        0.375,
        0.375,
        0.375,
        0.375,
        0.375,
        0.375,
        0.375,
        0.375,
        0.375,
        0.375,
        0.375,
        0.375,
        0.375,
        0.375,
        0.375,
        0.375,
        0.375,
        0.375,
        0.375,
        0.375,
        0.375,
        0.375,
        0.375
    ],
    "epoch_times": [
        0.1114358901977539,
        0.04987311363220215,
        0.04827070236206055,
        0.04900050163269043,
        0.050922393798828125,
        0.04925370216369629,
        0.05039238929748535,
        0.050325870513916016,
        0.04911351203918457,
        0.051599740982055664,
        0.0497739315032959,
        0.04990577697753906,
        0.05051732063293457,
        0.05429697036743164,
        0.0499114990234375,
        0.04955887794494629,
        0.04989433288574219,
        0.05011296272277832,
        0.04876232147216797,
        0.05018162727355957,
        0.04829716682434082,
        0.0502314567565918,
        0.050679922103881836,
        0.051032066345214844,
        0.05042290687561035,
        0.050348758697509766,
        0.047887563705444336,
        0.049078941345214844,
        0.04782843589782715,
        0.04644274711608887,
        0.048523902893066406,
        0.05026078224182129,
        0.05077004432678223,
        0.049211740493774414,
        0.04723167419433594,
        0.04846000671386719
    ]
}