{
    "hyperparameters": {
        "activation": "tanh",
        "dropout_rate": 0.3096670955022,
        "kernel_size": 7,
        "learning_rate": 0.0052372528529,
        "num_filters": 101,
        "num_layers": 2,
        "pooling": "max",
        "pooling_size": 2
    },
    "dataset_stats": {
        "name": "FiftyWords",
        "train_size": 720,
        "val_size": 180,
        "input_shape": [
            1,
            270
        ],
        "num_classes": 50
    },
    "epochs": 40,
    "train_loss": [
        3.6433637142181396,
        3.0730574131011963,
        2.8168423175811768,
        2.734896421432495,
        2.582893133163452,
        2.4891321659088135,
        2.421825408935547,
        2.3401174545288086,
        2.2526326179504395,
        2.2490663528442383,
        2.144716739654541,
        2.1474974155426025,
        2.134765386581421,
        2.018411636352539,
        1.982332468032837,
        1.9569693803787231,
        1.9472298622131348,
        1.9619715213775635,
        1.9246736764907837,
        1.810434341430664,
        1.843687653541565,
        1.7918453216552734,
        1.7632139921188354,
        1.8042265176773071,
        1.7061489820480347,
        1.7955594062805176,
        1.7271596193313599,
        1.653781771659851,
        1.7399144172668457,
        1.6266528367996216,
        1.65485417842865,
        1.6055833101272583,
        1.6654529571533203,
        1.5938916206359863,
        1.5809805393218994,
        1.5486550331115723,
        1.5237085819244385,
        1.531032681465149,
        1.5108426809310913,
        1.4587041139602661
    ],
    "val_loss": [
        3.909573554992676,
        3.3802595138549805,
        3.249799966812134,
        3.1584489345550537,
        3.163012742996216,
        3.1040303707122803,
        3.1985418796539307,
        3.1136746406555176,
        3.138814687728882,
        3.043879270553589,
        3.0426409244537354,
        3.107455015182495,
        3.1655161380767822,
        3.071302652359009,
        3.160090208053589,
        3.1447336673736572,
        3.136726140975952,
        3.1803789138793945,
        3.221186637878418,
        3.1874985694885254,
        3.2178094387054443,
        3.2768099308013916,
        3.2534751892089844,
        3.240574359893799,
        3.220952272415161,
        3.2764153480529785,
        3.330157518386841,
        3.3168070316314697,
        3.3244338035583496,
        3.3182759284973145,
        3.335897922515869,
        3.4316904544830322,
        3.402477979660034,
        3.3229105472564697,
        3.4154727458953857,
        3.3960657119750977,
        3.531602382659912,
        3.4688220024108887,
        3.4735381603240967,
        3.5895965099334717,
        3.529221296310425
    ],
    "train_accuracy": [
        0.15138888359069824,
        0.24861110746860504,
        0.30416667461395264,
        0.3194444477558136,
        0.36944442987442017,
        0.36250001192092896,
        0.4027777910232544,
        0.4027777910232544,
        0.4347222149372101,
        0.39722222089767456,
        0.4555555582046509,
        0.4402777850627899,
        0.44305557012557983,
        0.4749999940395355,
        0.4902777671813965,
        0.4861111044883728,
        0.49166667461395264,
        0.46388888359069824,
        0.4958333373069763,
        0.5097222328186035,
        0.5069444179534912,
        0.5236111283302307,
        0.5402777791023254,
        0.5,
        0.519444465637207,
        0.5249999761581421,
        0.5277777910232544,
        0.5555555820465088,
        0.5291666388511658,
        0.5277777910232544,
        0.5333333611488342,
        0.5694444179534912,
        0.550000011920929,
        0.5722222328186035,
        0.550000011920929,
        0.5736111402511597,
        0.5791666507720947,
        0.5680555701255798,
        0.5722222328186035,
        0.5805555582046509
    ],
    "val_accuracy": [
        0.015625,
        0.18888889253139496,
        0.2222222238779068,
        0.2666666805744171,
        0.27222222089767456,
        0.2666666805744171,
        0.30000001192092896,
        0.32777777314186096,
        0.28333333134651184,
        0.28333333134651184,
        0.3222222328186035,
        0.3166666626930237,
        0.30000001192092896,
        0.3166666626930237,
        0.30000001192092896,
        0.2944444417953491,
        0.30000001192092896,
        0.31111112236976624,
        0.2777777910232544,
        0.30000001192092896,
        0.2944444417953491,
        0.28333333134651184,
        0.3055555522441864,
        0.31111112236976624,
        0.3055555522441864,
        0.2944444417953491,
        0.28333333134651184,
        0.2888889014720917,
        0.3166666626930237,
        0.3222222328186035,
        0.3222222328186035,
        0.3055555522441864,
        0.3055555522441864,
        0.3055555522441864,
        0.31111112236976624,
        0.3499999940395355,
        0.3333333432674408,
        0.3055555522441864,
        0.3499999940395355,
        0.3333333432674408,
        0.3055555522441864
    ],
    "epoch_times": [
        0.5154390335083008,
        0.20213699340820312,
        0.1973884105682373,
        0.20169925689697266,
        0.23063087463378906,
        0.2080833911895752,
        0.20656394958496094,
        0.17435240745544434,
        0.196213960647583,
        0.16861200332641602,
        0.19015169143676758,
        0.1992955207824707,
        0.19780635833740234,
        0.19548869132995605,
        0.20432019233703613,
        0.20476293563842773,
        0.1967923641204834,
        0.19798541069030762,
        0.20537543296813965,
        0.21094894409179688,
        0.1857154369354248,
        0.16666507720947266,
        0.17367076873779297,
        0.1918163299560547,
        0.19273042678833008,
        0.19330930709838867,
        0.18815183639526367,
        0.18238353729248047,
        0.17933869361877441,
        0.19520187377929688,
        0.17094922065734863,
        0.17142176628112793,
        0.18948578834533691,
        0.21183443069458008,
        0.20225191116333008,
        0.18343353271484375,
        0.15632319450378418,
        0.16011929512023926,
        0.17867136001586914,
        0.1674332618713379
    ]
}