{
    "hyperparameters": {
        "activation": "relu",
        "dropout_rate": 0.499110292443,
        "hidden_units": 108,
        "learning_rate": 0.0040678140616,
        "num_layers": 4,
        "weight_decay": 0.0001123978936
    },
    "dataset_stats": {
        "name": "classification_ozone",
        "train_size": 85,
        "val_size": 21,
        "input_shape": [
            1201,
            1
        ],
        "num_classes": 2
    },
    "epochs": 70,
    "train_loss": [
        0.8790847063064575,
        0.8568477630615234,
        0.8022613525390625,
        0.749656617641449,
        0.879504382610321,
        0.8928602337837219,
        0.6998588442802429,
        0.7884789109230042,
        0.7218645215034485,
        0.7633573412895203,
        0.8041523694992065,
        0.6461184620857239,
        0.7209411859512329,
        0.7431938648223877,
        0.6874821186065674,
        0.8038690686225891,
        0.6823686361312866,
        0.7973731756210327,
        0.7013350129127502,
        0.6775722503662109,
        0.7881450653076172,
        0.6879612803459167,
        0.7572147250175476,
        0.7233514785766602,
        0.7379993200302124,
        0.7157610654830933,
        0.7640395164489746,
        0.7219628691673279,
        0.7089169025421143,
        0.6874462366104126,
        0.670630931854248,
        0.6945005655288696,
        0.6972599029541016,
        0.7220624685287476,
        0.6790634393692017,
        0.6823794841766357,
        0.6960904002189636,
        0.6888864636421204,
        0.7051904201507568,
        0.703470766544342,
        0.6832184791564941,
        0.674223780632019,
        0.6870356798171997,
        0.7143039703369141,
        0.6931859850883484,
        0.6999597549438477,
        0.6814442873001099,
        0.6806025505065918,
        0.6916332244873047,
        0.721483051776886,
        0.6723739504814148,
        0.6924050450325012,
        0.6989815831184387,
        0.6420380473136902,
        0.6776319742202759,
        0.7088513374328613,
        0.7116794586181641,
        0.6932874917984009,
        0.6818991899490356,
        0.7442141175270081,
        0.7479845881462097,
        0.6417623162269592,
        0.7278140187263489,
        0.6898110508918762,
        0.6511812806129456,
        0.6967085003852844,
        0.7076008319854736,
        0.6456550359725952,
        0.6672013998031616,
        0.7203074097633362
    ],
    "val_loss": [
        0.7658442258834839,
        0.8227713704109192,
        0.8291919231414795,
        1.0322507619857788,
        1.1550801992416382,
        1.304500937461853,
        1.2188256978988647,
        1.1467368602752686,
        1.0546144247055054,
        0.9229251146316528,
        0.8553503155708313,
        0.8483357429504395,
        0.8593002557754517,
        0.8580946922302246,
        0.8956325054168701,
        0.9238081574440002,
        0.8760384321212769,
        0.847561776638031,
        0.8162869215011597,
        0.8174299597740173,
        0.8033983111381531,
        0.7850468158721924,
        0.7633436918258667,
        0.7471617460250854,
        0.7498480677604675,
        0.7753280401229858,
        0.7991451025009155,
        0.8137905597686768,
        0.8117467164993286,
        0.7938693165779114,
        0.796418309211731,
        0.8158472180366516,
        0.8517261743545532,
        0.8962620496749878,
        0.9182829856872559,
        0.888211727142334,
        0.8437570929527283,
        0.8032679557800293,
        0.791136622428894,
        0.7552706599235535,
        0.7443944215774536,
        0.7466667890548706,
        0.7594156861305237,
        0.7663744688034058,
        0.7870892882347107,
        0.811403751373291,
        0.8084685802459717,
        0.8532186150550842,
        0.8906028270721436,
        0.8617455363273621,
        0.822015643119812,
        0.7919705510139465,
        0.7797254920005798,
        0.784904956817627,
        0.7756789922714233,
        0.8127127289772034,
        0.8433154225349426,
        0.8561030626296997,
        0.8783165812492371,
        0.9120447039604187,
        0.8855735063552856,
        0.8339585065841675,
        0.811574399471283,
        0.8112125396728516,
        0.7983287572860718,
        0.7920352220535278,
        0.7861128449440002,
        0.7787021398544312,
        0.7842783331871033,
        0.7982363104820251,
        0.806743323802948
    ],
    "train_accuracy": [
        0.4470588266849518,
        0.47058823704719543,
        0.5058823823928833,
        0.6000000238418579,
        0.4941176474094391,
        0.4941176474094391,
        0.6705882549285889,
        0.42352941632270813,
        0.5764706134796143,
        0.5764706134796143,
        0.529411792755127,
        0.6117647290229797,
        0.4941176474094391,
        0.5411764979362488,
        0.529411792755127,
        0.43529412150382996,
        0.5882353186607361,
        0.4470588266849518,
        0.5882353186607361,
        0.5647059082984924,
        0.4588235318660736,
        0.5529412031173706,
        0.5058823823928833,
        0.4941176474094391,
        0.48235294222831726,
        0.5176470875740051,
        0.4588235318660736,
        0.48235294222831726,
        0.5058823823928833,
        0.5529412031173706,
        0.5529412031173706,
        0.5411764979362488,
        0.5176470875740051,
        0.48235294222831726,
        0.5647059082984924,
        0.4941176474094391,
        0.4941176474094391,
        0.5647059082984924,
        0.5058823823928833,
        0.529411792755127,
        0.6117647290229797,
        0.5882353186607361,
        0.5529412031173706,
        0.47058823704719543,
        0.5529412031173706,
        0.4941176474094391,
        0.5176470875740051,
        0.5529412031173706,
        0.5529412031173706,
        0.529411792755127,
        0.5058823823928833,
        0.529411792755127,
        0.529411792755127,
        0.658823549747467,
        0.5882353186607361,
        0.5176470875740051,
        0.5764706134796143,
        0.5176470875740051,
        0.5058823823928833,
        0.5176470875740051,
        0.48235294222831726,
        0.6000000238418579,
        0.5058823823928833,
        0.5764706134796143,
        0.5529412031173706,
        0.5176470875740051,
        0.6000000238418579,
        0.6352941393852234,
        0.5647059082984924,
        0.48235294222831726
    ],