{
    "hyperparameters": {
        "bidirectional": true,
        "dropout_rate": 0.1413077137391,
        "hidden_units": 224,
        "learning_rate": 0.0002727336034,
        "num_layers": 1,
        "output_activation": "relu",
        "weight_decay": 3.25005399e-05
    },
    "dataset_stats": {
        "name": "Beef",
        "train_size": 48,
        "val_size": 12,
        "input_shape": [
            470,
            1
        ],
        "num_classes": 5
    },
    "epochs": 61,
    "train_loss": [
        1.6087913513183594,
        1.5044769048690796,
        1.415490746498108,
        1.3301661014556885,
        1.2420347929000854,
        1.1813397407531738,
        1.1280092000961304,
        1.0667864084243774,
        1.0392369031906128,
        1.025635838508606,
        1.0081262588500977,
        0.9344558119773865,
        0.9500815868377686,
        0.8860873579978943,
        0.9048503041267395,
        0.917560875415802,
        0.8827992081642151,
        1.0517849922180176,
        0.9563376307487488,
        0.9538671374320984,
        0.9404857158660889,
        0.8935718536376953,
        0.8298928141593933,
        0.8442195057868958,
        0.8284280896186829,
        0.8009602427482605,
        0.8653959631919861,
        0.8474122881889343,
        0.8404152989387512,
        0.8173332214355469,
        0.8103311061859131,
        0.882455587387085,
        0.8506749272346497,
        0.8226480484008789,
        0.8240033984184265,
        0.7820257544517517,
        0.9024937748908997,
        0.9028523564338684,
        0.8450906276702881,
        0.7641012072563171,
        0.81326824426651,
        0.8520269989967346,
        0.7715189456939697,
        0.7567941546440125,
        0.7529703974723816,
        0.7548127770423889,
        0.7339717745780945,
        0.7691576480865479,
        0.7703409194946289,
        0.7737242579460144,
        0.761461079120636,
        0.7179205417633057,
        0.7456380724906921,
        0.7336989045143127,
        0.7298529744148254,
        0.7359485626220703,
        0.7339947819709778,
        0.7361660599708557,
        0.7314937710762024,
        0.7162060141563416,
        0.7258461117744446
    ],
    "val_loss": [
        1.6256557703018188,
        1.4868415594100952,
        1.4103642702102661,
        1.3236379623413086,
        1.2423639297485352,
        1.1676836013793945,
        1.1513073444366455,
        1.12269127368927,
        1.0567946434020996,
        1.0803426504135132,
        0.9704421162605286,
        0.9946880340576172,
        0.9847005009651184,
        0.9292686581611633,
        0.9358884692192078,
        0.8847197890281677,
        0.9077084064483643,
        1.2055124044418335,
        1.1039706468582153,
        1.0129384994506836,
        1.134995698928833,
        1.1158490180969238,
        0.919120728969574,
        0.8868613243103027,
        1.048872709274292,
        0.9869568943977356,
        0.8365380764007568,
        0.8453763127326965,
        1.0989341735839844,
        1.1384351253509521,
        1.019806146621704,
        0.8183066844940186,
        0.8928987979888916,
        1.0021512508392334,
        1.091389775276184,
        1.1653800010681152,
        1.1105563640594482,
        0.8499763607978821,
        1.0158427953720093,
        1.0756317377090454,
        1.122962236404419,
        1.122243046760559,
        1.1285195350646973,
        1.1052225828170776,
        1.0862642526626587,
        1.1057782173156738,
        1.1132899522781372,
        1.1412692070007324,
        1.289725422859192,
        1.251771092414856,
        1.1941419839859009,
        1.1217516660690308,
        1.179654836654663,
        1.1791119575500488,
        1.1761510372161865,
        1.161693811416626,
        1.152540922164917,
        1.137552261352539,
        1.1176950931549072,
        1.0950417518615723,
        1.0709784030914307,
        1.0756819248199463
    ],
    "train_accuracy": [
        0.1666666716337204,
        0.2916666567325592,
        0.4583333432674408,
        0.5833333134651184,
        0.5833333134651184,
        0.5625,
        0.6458333134651184,
        0.6458333134651184,
        0.6041666865348816,
        0.6875,
        0.6666666865348816,
        0.6666666865348816,
        0.6458333134651184,
        0.75,
        0.6458333134651184,
        0.6666666865348816,
        0.6458333134651184,
        0.625,
        0.7083333134651184,
        0.5625,
        0.6666666865348816,
        0.6666666865348816,
        0.7916666865348816,
        0.7291666865348816,
        0.7083333134651184,
        0.7708333134651184,
        0.6875,
        0.7083333134651184,
        0.7291666865348816,
        0.7291666865348816,
        0.7916666865348816,
        0.7291666865348816,
        0.75,
        0.7708333134651184,
        0.7083333134651184,
        0.7708333134651184,
        0.7708333134651184,
        0.7291666865348816,
        0.7708333134651184,
        0.7916666865348816,
        0.75,
        0.7916666865348816,
        0.75,
        0.875,
        0.8541666865348816,
        0.8333333134651184,
        0.9166666865348816,
        0.8541666865348816,
        0.7708333134651184,
        0.8125,
        0.8333333134651184,
        0.8958333134651184,
        0.8541666865348816,
        0.8541666865348816,
        0.8333333134651184,
        0.8333333134651184,
        0.8333333134651184,
        0.8541666865348816,
        0.8541666865348816,
        0.8541666865348816,
        0.875
    ],
    "val_accuracy": [
        0.0,
        0.25,
        0.4166666567325592,
        0.5,
        0.5,
        0.5,
        0.5833333730697632,
        0.6666666865348816,
        0.6666666865348816,
        0.75,
        0.6666666865348816,
        0.5833333730697632,
        0.5833333730697632,
        0.8333333134651184,
        0.8333333134651184,
        0.75,
        0.6666666865348816,
        0.5833333730697632,
        0.5,
        0.6666666865348816,
        0.5833333730697632,
        0.5833333730697632,
        0.75,
        0.75,
        0.5833333730697632,
        0.5833333730697632,
        0.8333333134651184,
        0.75,
        0.5,
        0.5833333730697632,
        0.5833333730697632,
        0.8333333134651184,
        0.6666666865348816,
        0.75,
        0.75,
        0.5833333730697632,
        0.5833333730697632,
        0.6666666865348816,
        0.5833333730697632,
        0.5833333730697632,
        0.5833333730697632,
        0.75,
        0.75,
        0.75,
        0.75,
        0.5,
        0.5833333730697632,
        0.5833333730697632,
        0.5833333730697632,
        0.5833333730697632,
        0.6666666865348816,
        0.75,
        0.5833333730697632,
        0.5833333730697632,
        0.5833333730697632,
        0.5833333730697632,
        0.5833333730697632,
        0.5833333730697632,
        0.5833333730697632,
        0.6666666865348816,
        0.75,
        0.75
    ],