{
    "hyperparameters": {
        "activation": "gelu",
        "dropout_rate": 0.3485313162309,
        "kernel_size": 5,
        "learning_rate": 0.0003327357482,
        "num_filters": 100,
        "num_layers": 3,
        "pooling": "average",
        "pooling_size": 1
    },
    "dataset_stats": {
        "name": "ArrowHead",
        "train_size": 58,
        "val_size": 14,
        "input_shape": [
            1,
            251
        ],
        "num_classes": 3
    },
    "epochs": 56,
    "train_loss": [
        1.2420159578323364,
        1.1164740324020386,
        0.966311514377594,
        0.9193050265312195,
        0.8324600458145142,
        0.8820711374282837,
        0.7779650092124939,
        0.730117917060852,
        0.7531612515449524,
        0.769871175289154,
        0.7424437999725342,
        0.6067784428596497,
        0.6487426161766052,
        0.5897258520126343,
        0.6001788377761841,
        0.6150168180465698,
        0.54048752784729,
        0.5538804531097412,
        0.6601261496543884,
        0.46797969937324524,
        0.47921550273895264,
        0.38702958822250366,
        0.4871829152107239,
        0.4462423026561737,
        0.39364853501319885,
        0.34071260690689087,
        0.42021119594573975,
        0.3433895409107208,
        0.3614661693572998,
        0.3243272006511688,
        0.2994091510772705,
        0.267098993062973,
        0.25587666034698486,
        0.2503308057785034,
        0.24316905438899994,
        0.2273721694946289,
        0.2741362154483795,
        0.19664491713047028,
        0.288929283618927,
        0.19526535272598267,
        0.25988107919692993,
        0.17418734729290009,
        0.1373601257801056,
        0.14735984802246094,
        0.18619360029697418,
        0.17012281715869904,
        0.14083045721054077,
        0.2207193523645401,
        0.13170211017131805,
        0.18701982498168945,
        0.22201651334762573,
        0.12239419668912888,
        0.16608715057373047,
        0.19400283694267273,
        0.11003047227859497,
        0.1837639957666397
    ],
    "val_loss": [
        1.0986666679382324,
        1.0984275341033936,
        1.0980827808380127,
        1.0971405506134033,
        1.0961099863052368,
        1.094204306602478,
        1.09160578250885,
        1.0878530740737915,
        1.082459807395935,
        1.0757315158843994,
        1.066901445388794,
        1.05705726146698,
        1.04457688331604,
        1.0306768417358398,
        1.0138421058654785,
        0.992658793926239,
        0.9709062576293945,
        0.9502411484718323,
        0.9315283894538879,
        0.9145970940589905,
        0.8978824019432068,
        0.8813081383705139,
        0.8548779487609863,
        0.8248867392539978,
        0.8042306900024414,
        0.7800369262695312,
        0.7649213075637817,
        0.7750924825668335,
        0.8311545252799988,
        0.9317618608474731,
        1.0066540241241455,
        1.0717495679855347,
        1.1478074789047241,
        1.1826355457305908,
        1.241236925125122,
        1.2999428510665894,
        1.3508671522140503,
        1.434090495109558,
        1.5186892747879028,
        1.5980943441390991,
        1.6083688735961914,
        1.6441842317581177,
        1.6804794073104858,
        1.7537720203399658,
        1.8358650207519531,
        1.9597561359405518,
        2.097675323486328,
        2.223440647125244,
        2.24170184135437,
        2.341970443725586,
        2.407555341720581,
        2.485750198364258,
        2.558000087738037,
        2.6506507396698,
        2.712791919708252,
        2.7745144367218018,
        2.9156012535095215
    ],
    "train_accuracy": [
        0.36206895112991333,
        0.43103447556495667,
        0.568965494632721,
        0.6206896305084229,
        0.5862069129943848,
        0.6034482717514038,
        0.6551724076271057,
        0.7586206793785095,
        0.6206896305084229,
        0.5862069129943848,
        0.6206896305084229,
        0.8103448152542114,
        0.7586206793785095,
        0.7931034564971924,
        0.7931034564971924,
        0.7068965435028076,
        0.8275862336158752,
        0.7931034564971924,
        0.7068965435028076,
        0.8103448152542114,
        0.8103448152542114,
        0.8793103694915771,
        0.8275862336158752,
        0.8103448152542114,
        0.8965517282485962,
        0.8965517282485962,
        0.8448275923728943,
        0.8620689511299133,
        0.8620689511299133,
        0.9137930870056152,
        0.9137930870056152,
        0.9482758641242981,
        0.931034505367279,
        0.9655172228813171,
        0.9655172228813171,
        0.9655172228813171,
        0.9137930870056152,
        0.9655172228813171,
        0.8965517282485962,
        0.931034505367279,
        0.9137930870056152,
        0.9655172228813171,
        0.982758641242981,
        0.9655172228813171,
        0.9137930870056152,
        0.9482758641242981,
        0.982758641242981,
        0.8965517282485962,
        0.982758641242981,
        0.9482758641242981,
        0.9482758641242981,
        1.0,
        0.9482758641242981,
        0.9137930870056152,
        0.982758641242981,
        0.9137930870056152
    ],
    "val_accuracy": [
        0.3571428656578064,
        0.3571428656578064,
        0.3571428656578064,
        0.3571428656578064,
        0.3571428656578064,
        0.3571428656578064,
        0.3571428656578064,
        0.3571428656578064,
        0.3571428656578064,
        0.3571428656578064,
        0.4285714626312256,
        0.4285714626312256,
        0.5,
        0.5714285969734192,
        0.5714285969734192,
        0.6428571939468384,
        0.7142857313156128,
        0.7142857313156128,
        0.6428571939468384,
        0.6428571939468384,
        0.5714285969734192,
        0.6428571939468384,
        0.6428571939468384,
        0.7142857313156128,
        0.6428571939468384,
        0.6428571939468384,
        0.6428571939468384,
        0.6428571939468384,
        0.6428571939468384,
        0.6428571939468384,
        0.6428571939468384,
        0.6428571939468384,
        0.5714285969734192,
        0.5714285969734192,
        0.5714285969734192,
        0.5714285969734192,
        0.5714285969734192,
        0.6428571939468384,
        0.6428571939468384,
        0.7142857313156128,
        0.7142857313156128,
        0.6428571939468384,
        0.6428571939468384,
        0.5714285969734192,
        0.5714285969734192,
        0.5714285969734192,
        0.5714285969734192,
        0.5714285969734192,
        0.5714285969734192,
        0.5,
        0.5,
        0.5,
        0.5,
        0.5714285969734192,
        0.5714285969734192,
        0.5714285969734192,
        0.5714285969734192
    ],