{
    "hyperparameters": {
        "bidirectional": true,
        "dropout_rate": 0.2073116691438,
        "hidden_units": 73,
        "learning_rate": 0.000119383244,
        "num_layers": 2,
        "output_activation": "relu",
        "weight_decay": 2.59061793e-05
    },
    "dataset_stats": {
        "name": "FiftyWords",
        "train_size": 360,
        "val_size": 90,
        "input_shape": [
            270,
            1
        ],
        "num_classes": 50
    },
    "epochs": 137,
    "train_loss": [
        3.9041757583618164,
        3.8356871604919434,
        3.7740871906280518,
        3.707420587539673,
        3.6504321098327637,
        3.5804531574249268,
        3.5115365982055664,
        3.44445538520813,
        3.3733651638031006,
        3.2923173904418945,
        3.2193024158477783,
        3.1658413410186768,
        3.089646339416504,
        3.03708553314209,
        2.9915335178375244,
        2.9425320625305176,
        2.8932857513427734,
        2.861100912094116,
        2.823254346847534,
        2.784196138381958,
        2.751242160797119,
        2.73264741897583,
        2.7043216228485107,
        2.656702756881714,
        2.6288342475891113,
        2.597355365753174,
        2.590404510498047,
        2.5432538986206055,
        2.529041051864624,
        2.5063774585723877,
        2.464613437652588,
        2.450068950653076,
        2.43700909614563,
        2.406649351119995,
        2.3801677227020264,
        2.406879425048828,
        2.344916343688965,
        2.317023992538452,
        2.315437078475952,
        2.306032419204712,
        2.246842384338379,
        2.2519748210906982,
        2.2067275047302246,
        2.1878583431243896,
        2.1661484241485596,
        2.150885820388794,
        2.10437273979187,
        2.091057062149048,
        2.0836052894592285,
        2.0741310119628906,
        2.067159652709961,
        2.0376219749450684,
        2.0079476833343506,
        1.989802360534668,
        1.9933980703353882,
        1.9891180992126465,
        1.9472366571426392,
        1.9532065391540527,
        1.9410871267318726,
        1.9212721586227417,
        1.8956412076950073,
        1.8678719997406006,
        1.8544175624847412,
        1.8490960597991943,
        1.841365098953247,
        1.8481367826461792,
        1.8077975511550903,
        1.7955520153045654,
        1.8169223070144653,
        1.7637064456939697,
        1.7491899728775024,
        1.7562040090560913,
        1.7589701414108276,
        1.739271879196167,
        1.740346908569336,
        1.7304482460021973,
        1.7130569219589233,
        1.709460735321045,
        1.6884071826934814,
        1.6718933582305908,
        1.6622236967086792,
        1.6624486446380615,
        1.695723295211792,
        1.640800952911377,
        1.638267159461975,
        1.598902940750122,
        1.6023563146591187,
        1.5832836627960205,
        1.5700485706329346,
        1.576479434967041,
        1.5607761144638062,
        1.5515305995941162,
        1.5367001295089722,
        1.5364902019500732,
        1.5289251804351807,
        1.5112003087997437,
        1.5081120729446411,
        1.5316733121871948,
        1.5077699422836304,
        1.501621961593628,
        1.493920922279358,
        1.502536654472351,
        1.5090306997299194,
        1.4898580312728882,
        1.5147444009780884,
        1.476621389389038,
        1.4676578044891357,
        1.503706693649292,
        1.4595867395401,
        1.5160253047943115,
        1.4696731567382812,
        1.466794729232788,
        1.4756602048873901,
        1.4777323007583618,
        1.4504036903381348,
        1.4464794397354126,
        1.4824029207229614,
        1.4577372074127197,
        1.4230937957763672,
        1.426656723022461,
        1.4447764158248901,
        1.4595133066177368,
        1.4708043336868286,
        1.4239943027496338,
        1.4465206861495972,
        1.4170418977737427,
        1.4610682725906372,
        1.452250361442566,
        1.4423627853393555,
        1.4463268518447876,
        1.4530473947525024,
        1.4504201412200928,
        1.4541739225387573,
        1.4247150421142578,
        1.4570919275283813,
        1.4402400255203247,
        1.4358551502227783
    ],