{
    "hyperparameters": {
        "activation": "relu",
        "dropout_rate": 0.0175477277622,
        "ff_dim": 783,
        "hidden_units": 76,
        "learning_rate": 0.0009619938868,
        "num_heads": 5,
        "num_layers": 1,
        "pooling": "max",
        "weight_decay": 1.104113e-06
    },
    "dataset_stats": {
        "name": "Car",
        "train_size": 96,
        "val_size": 24,
        "input_shape": [
            577,
            1
        ],
        "num_classes": 4
    },
    "epochs": 46,
    "train_loss": [
        1.6162532567977905,
        1.3039722442626953,
        1.4955482482910156,
        1.2779371738433838,
        1.1349114179611206,
        1.2179828882217407,
        1.1073148250579834,
        1.0330733060836792,
        0.9195626974105835,
        0.9169124364852905,
        1.0169167518615723,
        0.791999876499176,
        0.951134979724884,
        0.7240071892738342,
        0.7396872639656067,
        0.7841832041740417,
        0.7072457671165466,
        0.7829831838607788,
        0.7593812346458435,
        0.5342435240745544,
        0.4779481291770935,
        0.36201193928718567,
        0.31365376710891724,
        0.28543761372566223,
        0.2975091338157654,
        0.26779866218566895,
        0.2244674563407898,
        0.2876100540161133,
        0.18011412024497986,
        0.22003044188022614,
        0.1728138029575348,
        0.2044016718864441,
        0.20773464441299438,
        0.1855674833059311,
        0.12363994121551514,
        0.13024409115314484,
        0.15043428540229797,
        0.18429379165172577,
        0.0974399521946907,
        0.08927103877067566,
        0.1285140961408615,
        0.12949301302433014,
        0.13393472135066986,
        0.1316201537847519,
        0.12376236915588379,
        0.11813317239284515
    ],
    "val_loss": [
        2.1529929637908936,
        1.48505699634552,
        1.4257835149765015,
        1.4176315069198608,
        1.327257752418518,
        1.2194653749465942,
        1.1978431940078735,
        1.1806684732437134,
        1.127485990524292,
        0.9920433163642883,
        1.0863956212997437,
        0.9747068881988525,
        1.0096505880355835,
        0.906555712223053,
        1.0487189292907715,
        1.0386682748794556,
        0.8802958130836487,
        1.067747712135315,
        0.9623289704322815,
        1.0373378992080688,
        1.041258454322815,
        1.067907452583313,
        1.0835880041122437,
        0.9876761436462402,
        1.0633044242858887,
        1.062056064605713,
        1.1309741735458374,
        1.022779941558838,
        1.2221989631652832,
        1.1559115648269653,
        1.0345531702041626,
        1.0362547636032104,
        1.1578874588012695,
        1.211744785308838,
        1.0460375547409058,
        1.0490450859069824,
        1.100411295890808,
        1.2359426021575928,
        1.2714201211929321,
        1.1830240488052368,
        1.1660956144332886,
        1.1823713779449463,
        1.2007426023483276,
        1.2041676044464111,
        1.175194263458252,
        1.1415709257125854,
        1.137520670890808
    ],
    "train_accuracy": [
        0.25,
        0.40625,
        0.3125,
        0.40625,
        0.375,
        0.46875,
        0.6875,
        0.5625,
        0.75,
        0.6875,
        0.625,
        0.71875,
        0.65625,
        0.6875,
        0.71875,
        0.65625,
        0.65625,
        0.53125,
        0.71875,
        0.78125,
        0.78125,
        0.875,
        0.9375,
        0.9375,
        0.96875,
        0.875,
        0.9375,
        0.9375,
        0.9375,
        0.96875,
        0.96875,
        0.9375,
        1.0,
        1.0,
        0.96875,
        1.0,
        0.96875,
        0.9375,
        1.0,
        1.0,
        0.96875,
        0.96875,
        0.96875,
        1.0,
        1.0,
        1.0
    ],
    "val_accuracy": [
        0.125,
        0.2916666567325592,
        0.125,
        0.125,
        0.2916666567325592,
        0.4166666567325592,
        0.5,
        0.375,
        0.5416666865348816,
        0.625,
        0.5416666865348816,
        0.6666666865348816,
        0.4583333432674408,
        0.7083333134651184,
        0.5833333134651184,
        0.625,
        0.625,
        0.5833333134651184,
        0.6666666865348816,
        0.5416666865348816,
        0.625,
        0.625,
        0.625,
        0.5833333134651184,
        0.625,
        0.625,
        0.5,
        0.5833333134651184,
        0.625,
        0.5833333134651184,
        0.5833333134651184,
        0.5833333134651184,
        0.5416666865348816,
        0.5833333134651184,
        0.5833333134651184,
        0.5833333134651184,
        0.5833333134651184,
        0.5416666865348816,
        0.5416666865348816,
        0.5416666865348816,
        0.5416666865348816,
        0.5416666865348816,
        0.5416666865348816,
        0.5416666865348816,
        0.5416666865348816,
        0.5416666865348816,
        0.5416666865348816
    ],
    "epoch_times": [
        8.995178461074829,
        6.395356893539429,
        6.0939037799835205,
        6.167222023010254,
        5.897637605667114,
        5.7090137004852295,
        6.302433252334595,
        6.639634132385254,
        6.762756824493408,
        6.439422130584717,
        6.385423421859741,
        6.210759162902832,
        6.489385604858398,
        6.4832234382629395,
        6.799635410308838,
        6.597740650177002,
        6.604573726654053,
        6.60839319229126,
        6.50112771987915,
        6.503229141235352,
        6.008761167526245,
        6.196171760559082,
        6.356818914413452,
        6.4170215129852295,
        6.306758403778076,
        6.1924519538879395,
        6.310727834701538,
        6.204721927642822,
        6.005530595779419,
        6.0030176639556885,
        6.147334337234497,
        6.295722246170044,
        6.067075490951538,
        6.292892694473267,
        6.808793306350708,
        6.204706907272339,
        6.285871982574463,
        6.413872480392456,
        6.305471658706665,
        6.298236131668091,
        6.395853042602539,
        6.189102649688721,
        6.70035457611084,
        6.705380201339722,
        5.937665939331055,
        5.903453350067139
    ]
}