{
    "hyperparameters": {
        "activation": "gelu",
        "dropout_rate": 0.2774381294866,
        "ff_dim": 629,
        "hidden_units": 186,
        "learning_rate": 0.0001494264167,
        "num_heads": 3,
        "num_layers": 3,
        "pooling": "mean",
        "weight_decay": 8.50894394e-05
    },
    "dataset_stats": {
        "name": "FiftyWords",
        "train_size": 360,
        "val_size": 90,
        "input_shape": [
            270,
            1
        ],
        "num_classes": 50
    },
    "epochs": 92,
    "train_loss": [
        3.946584701538086,
        2.9956860542297363,
        2.831664562225342,
        3.466578245162964,
        3.3395020961761475,
        3.447645664215088,
        4.154663562774658,
        3.456442356109619,
        3.4189295768737793,
        4.127679347991943,
        2.688505172729492,
        2.8360533714294434,
        3.1493403911590576,
        1.5724458694458008,
        2.422462224960327,
        3.0769388675689697,
        2.297529697418213,
        3.0286171436309814,
        2.4992547035217285,
        1.819594144821167,
        1.0142614841461182,
        1.786584734916687,
        2.1907718181610107,
        1.3025174140930176,
        1.8315128087997437,
        1.8436533212661743,
        1.8251705169677734,
        1.2879843711853027,
        2.7348873615264893,
        1.1910619735717773,
        2.4732789993286133,
        2.3229169845581055,
        1.9769999980926514,
        1.202807903289795,
        1.142800211906433,
        1.1575580835342407,
        1.3898085355758667,
        1.9701781272888184,
        0.8489370346069336,
        1.2327337265014648,
        0.9138703346252441,
        0.7892816662788391,
        1.8405789136886597,
        0.6950109004974365,
        1.094963788986206,
        1.079594612121582,
        0.6254037618637085,
        0.9385773539543152,
        0.9791842103004456,
        1.0329334735870361,
        1.4800829887390137,
        0.6071154475212097,
        1.0595691204071045,
        0.7636166214942932,
        1.339160680770874,
        0.8838682174682617,
        0.7101847529411316,
        1.006183385848999,
        1.0700420141220093,
        1.292349934577942,
        1.676538348197937,
        0.8922310471534729,
        0.6245302557945251,
        0.7165918350219727,
        0.7593997716903687,
        0.6642013788223267,
        1.1874874830245972,
        0.8414064645767212,
        0.9408290386199951,
        0.9530721306800842,
        0.6061643958091736,
        1.4260293245315552,
        1.1017541885375977,
        0.8420025110244751,
        0.5644163489341736,
        1.0065182447433472,
        0.8238604664802551,
        0.6243730783462524,
        0.4388154149055481,
        1.2144346237182617,
        0.9443124532699585,
        0.8871594667434692,
        1.0955361127853394,
        1.0815949440002441,
        0.8282015919685364,
        1.0456942319869995,
        0.2232450395822525,
        0.965615451335907,
        0.6409275531768799,
        0.6670963168144226,
        0.7165770530700684,
        1.1839817762374878
    ],
    "val_loss": [
        4.023421764373779,
        3.8593146800994873,
        3.709596872329712,
        3.6462087631225586,
        3.695056915283203,
        3.6929736137390137,
        3.721196413040161,
        3.472763776779175,
        3.423107147216797,
        3.2632038593292236,
        3.3361871242523193,
        3.3545117378234863,
        3.4695932865142822,
        3.408158302307129,
        3.176405429840088,
        3.2616817951202393,
        3.050520181655884,
        3.144845962524414,
        3.145663022994995,
        2.846208095550537,
        3.0843145847320557,
        2.9359028339385986,
        3.0296952724456787,
        2.9045939445495605,
        2.742692232131958,
        2.7231807708740234,
        2.732322931289673,
        2.699437379837036,
        2.7723824977874756,
        2.54585337638855,
        2.788878917694092,
        2.6088526248931885,
        2.6961145401000977,
        2.65476131439209,
        2.5804805755615234,
        2.7092413902282715,
        2.53205943107605,
        2.625891923904419,
        2.6382946968078613,
        2.553205728530884,
        2.5254974365234375,
        2.5723085403442383,
        2.5828959941864014,
        2.4779694080352783,
        2.4922707080841064,
        2.4820971488952637,
        2.498490810394287,
        2.5210988521575928,
        2.5152335166931152,
        2.5013372898101807,
        2.5135412216186523,
        2.4507009983062744,
        2.452216148376465,
        2.4881930351257324,
        2.437619209289551,
        2.4695699214935303,
        2.440674066543579,
        2.4527862071990967,
        2.4821386337280273,
        2.458681344985962,
        2.4741625785827637,
        2.408841848373413,
        2.4032342433929443,
        2.437234401702881,
        2.4250309467315674,
        2.4563496112823486,
        2.439297914505005,
        2.4437036514282227,
        2.444124937057495,
        2.4301700592041016,
        2.42254638671875,
        2.4228453636169434,
        2.420381784439087,
        2.4409005641937256,
        2.4300425052642822,
        2.4303579330444336,
        2.4233410358428955,
        2.4241113662719727,
        2.418649196624756,
        2.409282684326172,
        2.406520366668701,
        2.4043891429901123,
        2.404153347015381,
        2.404515027999878,
        2.402787685394287,
        2.403609275817871,
        2.4075565338134766,
        2.4125444889068604,
        2.412062644958496,
        2.410585641860962,
        2.4087717533111572,
        2.4094841480255127,
        2.409454822540283
    ],
    "train_accuracy": [
        0.25,
        0.375,
        0.25,
        0.125,
        0.25,
        0.375,
        0.25,
        0.125,
        0.125,
        0.0,
        0.375,
        0.5,
        0.25,
        0.5,
        0.375,
        0.25,
        0.5,
        0.0,
        0.25,
        0.5,
        0.75,
        0.625,
        0.375,
        0.625,
        0.375,
        0.625,
        0.5,
        0.75,
        0.25,
        0.625,
        0.25,
        0.375,
        0.5,
        0.5,
        0.75,
        0.875,
        0.5,
        0.375,
        0.75,
        0.75,
        0.75,
        0.875,
        0.625,
        1.0,
        0.875,
        0.75,
        1.0,
        0.875,
        0.875,
        0.75,
        0.75,
        1.0,
        0.625,
        0.75,
        0.75,
        0.75,
        0.875,
        0.625,
        0.75,
        0.75,
        0.375,
        0.875,
        0.875,
        0.875,
        0.875,
        0.875,
        0.75,
        0.875,
        0.75,
        0.625,
        0.875,
        0.625,
        0.75,
        0.75,
        1.0,
        0.75,
        0.75,
        0.875,
        1.0,
        0.625,
        0.875,
        0.875,
        0.625,
        0.625,
        0.75,
        0.75,
        1.0,
        0.75,
        0.75,
        0.875,
        0.75,
        0.75
    ],