{
    "hyperparameters": {
        "bidirectional": true,
        "dropout_rate": 0.1170131477704,
        "hidden_units": 93,
        "learning_rate": 0.000161264925,
        "num_layers": 3,
        "output_activation": "gelu",
        "weight_decay": 5.25449481e-05
    },
    "dataset_stats": {
        "name": "Car",
        "train_size": 96,
        "val_size": 24,
        "input_shape": [
            577,
            1
        ],
        "num_classes": 4
    },
    "epochs": 102,
    "train_loss": [
        1.3767585754394531,
        1.2929182052612305,
        1.2424280643463135,
        1.2058086395263672,
        1.1643621921539307,
        1.1138523817062378,
        1.1041942834854126,
        1.0617343187332153,
        1.0215147733688354,
        1.0004972219467163,
        0.9802283644676208,
        0.9573057293891907,
        0.9173786044120789,
        0.890295684337616,
        0.863994836807251,
        0.8434975743293762,
        0.8272611498832703,
        0.7939221262931824,
        0.7746758460998535,
        0.74848872423172,
        0.7239105105400085,
        0.7175520062446594,
        0.6805500388145447,
        0.644984781742096,
        0.6427409648895264,
        0.6088967323303223,
        0.596847653388977,
        0.5802358984947205,
        0.5734959244728088,
        0.5546832084655762,
        0.5343045592308044,
        0.5214840769767761,
        0.5049281716346741,
        0.507481038570404,
        0.4965128004550934,
        0.4831139147281647,
        0.4739139974117279,
        0.4585222005844116,
        0.46205368638038635,
        0.47761914134025574,
        0.49522665143013,
        0.44626930356025696,
        0.44423434138298035,
        0.4196748435497284,
        0.4162581264972687,
        0.40632084012031555,
        0.398821085691452,
        0.3955855369567871,
        0.38736364245414734,
        0.38088884949684143,
        0.3765757083892822,
        0.369704008102417,
        0.3663092851638794,
        0.3633471727371216,
        0.3619506359100342,
        0.36224329471588135,
        0.360233873128891,
        0.35921505093574524,
        0.3576584756374359,
        0.3578726351261139,
        0.3577940762042999,
        0.35592663288116455,
        0.37884414196014404,
        0.3572702407836914,
        0.3548913300037384,
        0.3543631136417389,
        0.35512638092041016,
        0.3544950783252716,
        0.3543083667755127,
        0.3549050986766815,
        0.3561866283416748,
        0.35479089617729187,
        0.3556254804134369,
        0.3536987602710724,
        0.3532092571258545,
        0.3552438020706177,
        0.35560083389282227,
        0.35386261343955994,
        0.3533990681171417,
        0.3523716628551483,
        0.3534219563007355,
        0.35350897908210754,
        0.3541279137134552,
        0.3535168170928955,
        0.3529241979122162,
        0.3527192175388336,
        0.3533872365951538,
        0.35302379727363586,
        0.35231876373291016,
        0.35378435254096985,
        0.35356178879737854,
        0.3529984951019287,
        0.35253119468688965,
        0.353046178817749,
        0.35290977358818054,
        0.35306310653686523,
        0.35357484221458435,
        0.3528006970882416,
        0.3526500165462494,
        0.3531707525253296,
        0.35342732071876526,
        0.3529468774795532
    ],
    "val_loss": [
        1.3966010808944702,
        1.3029745817184448,
        1.2872227430343628,
        1.2623348236083984,
        1.2246628999710083,
        1.2003787755966187,
        1.1835676431655884,
        1.1528820991516113,
        1.1121653318405151,
        1.0918415784835815,
        1.072916865348816,
        1.0474220514297485,
        1.0245283842086792,
        0.9919652938842773,
        0.9684453010559082,
        0.9487921595573425,
        0.9321496486663818,
        0.9122536182403564,
        0.9020420908927917,
        0.8801166415214539,
        0.856067955493927,
        0.8326890468597412,
        0.806952953338623,
        0.7978700995445251,
        0.7783560752868652,
        0.764122724533081,
        0.741063117980957,
        0.7326049208641052,
        0.7297870516777039,
        0.7172191739082336,
        0.7007368206977844,
        0.6581821441650391,
        0.6285017132759094,
        0.6400154232978821,
        0.6517910361289978,
        0.6540241837501526,
        0.6199874877929688,
        0.5968874096870422,
        0.5933646559715271,
        0.6091448664665222,
        0.5675103068351746,
        0.5664400458335876,
        0.5926833748817444,
        0.5687425136566162,
        0.558508574962616,
        0.5841248631477356,
        0.5722994804382324,
        0.5489817261695862,
        0.5929344296455383,
        0.5854728817939758,
        0.5821326375007629,
        0.5764167904853821,
        0.5537027716636658,
        0.5347239375114441,
        0.5430183410644531,
        0.5616476535797119,
        0.5327877998352051,
        0.5368490815162659,
        0.5832423567771912,
        0.5822662711143494,
        0.5526983141899109,
        0.5481955409049988,
        0.5382935404777527,
        0.5266301035881042,
        0.5082603096961975,
        0.48560771346092224,
        0.47118064761161804,
        0.47804251313209534,
        0.49221980571746826,
        0.526176929473877,
        0.5321767926216125,
        0.4802341163158417,
        0.46334728598594666,
        0.47187182307243347,
        0.4919643700122833,
        0.511021614074707,
        0.526333749294281,
        0.5386058688163757,
        0.5459840297698975,
        0.5487992167472839,
        0.5497859120368958,
        0.5509548187255859,
        0.5508934855461121,
        0.5489293336868286,
        0.5466881394386292,
        0.5469348430633545,
        0.5455366373062134,
        0.5451614856719971,
        0.5434502363204956,
        0.5398467779159546,
        0.5359405875205994,
        0.5343782901763916,
        0.5329046845436096,
        0.531769335269928,
        0.5312296748161316,
        0.5315180420875549,
        0.5328062176704407,
        0.5335261225700378,
        0.5342914462089539,
        0.5351020693778992,
        0.5360537171363831,
        0.5367316603660583,
        0.5375946164131165
    ],