{
    "hyperparameters": {
        "activation": "tanh",
        "dropout_rate": 0.5660907023132,
        "hidden_units": 51,
        "learning_rate": 0.0004276739217,
        "num_layers": 1,
        "weight_decay": 0.0099361731695
    },
    "dataset_stats": {
        "name": "Beef",
        "train_size": 44,
        "val_size": 11,
        "input_shape": [
            470,
            1
        ],
        "num_classes": 5
    },
    "epochs": 54,
    "train_loss": [
        1.6238651275634766,
        1.398806095123291,
        1.3197133541107178,
        1.2212456464767456,
        1.1794813871383667,
        1.101784586906433,
        1.035104513168335,
        1.0397021770477295,
        1.0150978565216064,
        1.023788571357727,
        0.990122377872467,
        0.8951797485351562,
        0.9864952564239502,
        0.9307608008384705,
        0.8691409826278687,
        0.9148136377334595,
        1.0401451587677002,
        0.9856905341148376,
        0.9212797284126282,
        0.9169583916664124,
        0.8687680959701538,
        0.8534030914306641,
        0.8333135843276978,
        0.8276063799858093,
        0.8342600464820862,
        0.8391475081443787,
        0.7570546865463257,
        0.7373183965682983,
        0.7681372165679932,
        0.8937839865684509,
        0.7286320328712463,
        0.7494435906410217,
        0.7893064022064209,
        0.8376501202583313,
        0.9335604310035706,
        0.783013105392456,
        0.7557511925697327,
        0.6824527382850647,
        0.7417371869087219,
        0.6800249218940735,
        0.6553162932395935,
        0.7471168041229248,
        0.8039857745170593,
        0.7164082527160645,
        0.6584872603416443,
        0.7074925899505615,
        0.7267350554466248,
        0.6363031268119812,
        0.5926902294158936,
        0.6574081778526306,
        0.5777390003204346,
        0.6361103057861328,
        0.6935109496116638,
        0.6634874939918518
    ],
    "val_loss": [
        1.5813246965408325,
        1.5650668144226074,
        1.564738392829895,
        1.551841378211975,
        1.528947114944458,
        1.5065639019012451,
        1.4869599342346191,
        1.4891952276229858,
        1.4909281730651855,
        1.4585541486740112,
        1.4710270166397095,
        1.4764686822891235,
        1.4635491371154785,
        1.4650169610977173,
        1.4364975690841675,
        1.4132567644119263,
        1.4254388809204102,
        1.4310630559921265,
        1.433817982673645,
        1.4199333190917969,
        1.3945527076721191,
        1.3743609189987183,
        1.3448914289474487,
        1.3380992412567139,
        1.326147437095642,
        1.358363389968872,
        1.3658584356307983,
        1.3754020929336548,
        1.3820996284484863,
        1.387713074684143,
        1.4050267934799194,
        1.4251922369003296,
        1.441386103630066,
        1.4450767040252686,
        1.489691972732544,
        1.5590003728866577,
        1.5895698070526123,
        1.574317455291748,
        1.5750956535339355,
        1.564590573310852,
        1.558388113975525,
        1.5511306524276733,
        1.5415650606155396,
        1.5689144134521484,
        1.5912489891052246,
        1.601784110069275,
        1.6027213335037231,
        1.562239170074463,
        1.5693023204803467,
        1.5887335538864136,
        1.5936585664749146,
        1.622393012046814,
        1.6563141345977783,
        1.7447658777236938,
        1.8339084386825562
    ],
    "train_accuracy": [
        0.2954545319080353,
        0.47727271914482117,
        0.5,
        0.4545454680919647,
        0.5681818127632141,
        0.5909090638160706,
        0.5909090638160706,
        0.6136363744735718,
        0.6818181872367859,
        0.6818181872367859,
        0.5909090638160706,
        0.6818181872367859,
        0.6363636255264282,
        0.5909090638160706,
        0.7272727489471436,
        0.6818181872367859,
        0.5909090638160706,
        0.5681818127632141,
        0.6590909361839294,
        0.6363636255264282,
        0.7045454382896423,
        0.6818181872367859,
        0.7954545617103577,
        0.6818181872367859,
        0.6590909361839294,
        0.6590909361839294,
        0.8181818127632141,
        0.75,
        0.7045454382896423,
        0.6136363744735718,
        0.7727272510528564,
        0.7727272510528564,
        0.6818181872367859,
        0.6818181872367859,
        0.5909090638160706,
        0.75,
        0.6818181872367859,
        0.7727272510528564,
        0.6818181872367859,
        0.7727272510528564,
        0.8181818127632141,
        0.7272727489471436,
        0.7045454382896423,
        0.7954545617103577,
        0.7954545617103577,
        0.75,
        0.7727272510528564,
        0.8181818127632141,
        0.8409090638160706,
        0.7272727489471436,
        0.8636363744735718,
        0.75,
        0.8181818127632141,
        0.8181818127632141
    ],
    "val_accuracy": [
        0.1818181872367859,
        0.3636363744735718,
        0.3636363744735718,
        0.3636363744735718,
        0.3636363744735718,
        0.3636363744735718,
        0.3636363744735718,
        0.3636363744735718,
        0.3636363744735718,
        0.4545454680919647,
        0.4545454680919647,
        0.4545454680919647,
        0.4545454680919647,
        0.4545454680919647,
        0.4545454680919647,
        0.4545454680919647,
        0.4545454680919647,
        0.4545454680919647,
        0.4545454680919647,
        0.4545454680919647,
        0.4545454680919647,
        0.4545454680919647,
        0.4545454680919647,
        0.4545454680919647,
        0.5454545617103577,
        0.5454545617103577,
        0.5454545617103577,
        0.5454545617103577,
        0.5454545617103577,
        0.5454545617103577,
        0.5454545617103577,
        0.5454545617103577,
        0.5454545617103577,
        0.5454545617103577,
        0.5454545617103577,
        0.5454545617103577,
        0.4545454680919647,
        0.4545454680919647,
        0.4545454680919647,
        0.4545454680919647,
        0.4545454680919647,
        0.4545454680919647,
        0.4545454680919647,
        0.4545454680919647,
        0.4545454680919647,
        0.3636363744735718,
        0.4545454680919647,
        0.4545454680919647,
        0.4545454680919647,
        0.4545454680919647,
        0.4545454680919647,
        0.4545454680919647,
        0.4545454680919647,
        0.5454545617103577,
        0.6363636255264282
    ],