{
    "hyperparameters": {
        "activation": "gelu",
        "dropout_rate": 0.0006813406218,
        "ff_dim": 655,
        "hidden_units": 423,
        "learning_rate": 0.0001494707036,
        "num_heads": 7,
        "num_layers": 2,
        "pooling": "max",
        "weight_decay": 7.5563452e-05
    },
    "dataset_stats": {
        "name": "Adiac",
        "train_size": 312,
        "val_size": 78,
        "input_shape": [
            176,
            1
        ],
        "num_classes": 37
    },
    "epochs": 50,
    "train_loss": [
        3.7051923274993896,
        3.4485881328582764,
        3.376081705093384,
        2.9056403636932373,
        2.6814792156219482,
        2.608342409133911,
        2.595186948776245,
        2.1675007343292236,
        1.7973829507827759,
        1.5119096040725708,
        1.2248681783676147,
        1.3368412256240845,
        1.2826604843139648,
        0.9595465064048767,
        0.7060369849205017,
        0.8621492385864258,
        0.5533577799797058,
        0.5457205772399902,
        0.3951950967311859,
        0.6664062142372131,
        0.26283642649650574,
        0.6413953304290771,
        0.40676620602607727,
        0.2807649075984955,
        0.27550795674324036,
        0.3190552890300751,
        0.3029506504535675,
        0.12598735094070435,
        0.10441594570875168,
        0.13449464738368988,
        0.11362317949533463,
        0.07822396606206894,
        0.0601767897605896,
        0.04122447967529297,
        0.04003940895199776,
        0.04852767288684845,
        0.040328498929739,
        0.036478687077760696,
        0.02108761854469776,
        0.020762188360095024,
        0.023308761417865753,
        0.022717922925949097,
        0.022602446377277374,
        0.02062712050974369,
        0.02037692256271839,
        0.02011953480541706,
        0.01485789567232132,
        0.015695614740252495,
        0.012993990443646908,
        0.011454292573034763
    ],
    "val_loss": [
        4.510908126831055,
        3.587144613265991,
        3.472625732421875,
        3.2281992435455322,
        2.9759433269500732,
        2.8036391735076904,
        2.512899875640869,
        2.5142440795898438,
        2.2012805938720703,
        2.1939592361450195,
        2.0670626163482666,
        2.017854928970337,
        1.931589126586914,
        2.0346617698669434,
        1.751843810081482,
        1.8366488218307495,
        1.6362097263336182,
        2.0352890491485596,
        1.6034109592437744,
        1.8123806715011597,
        1.5764280557632446,
        1.8408864736557007,
        1.7969598770141602,
        1.7875808477401733,
        1.8872089385986328,
        1.8809276819229126,
        1.8862143754959106,
        1.7125457525253296,
        1.734897494316101,
        1.8497216701507568,
        1.7345199584960938,
        1.834101915359497,
        1.7691619396209717,
        1.7693994045257568,
        1.787095069885254,
        1.82418692111969,
        1.76795494556427,
        1.8169152736663818,
        1.8089996576309204,
        1.7782052755355835,
        1.8338478803634644,
        1.774294376373291,
        1.8106558322906494,
        1.803713083267212,
        1.84674870967865,
        1.8148654699325562,
        1.7887766361236572,
        1.8174272775650024,
        1.8015191555023193,
        1.8287783861160278,
        1.8264321088790894
    ],
    "train_accuracy": [
        0.0416666679084301,
        0.0,
        0.2083333283662796,
        0.2083333283662796,
        0.2916666567325592,
        0.25,
        0.1666666716337204,
        0.3333333432674408,
        0.5,
        0.4583333432674408,
        0.8333333134651184,
        0.5,
        0.5833333134651184,
        0.7916666865348816,
        0.8333333134651184,
        0.7916666865348816,
        0.9166666865348816,
        0.9166666865348816,
        1.0,
        0.7916666865348816,
        0.9583333134651184,
        0.8333333134651184,
        0.9166666865348816,
        0.9583333134651184,
        1.0,
        0.9583333134651184,
        0.9583333134651184,
        1.0,
        1.0,
        1.0,
        1.0,
        0.9583333134651184,
        1.0,
        1.0,
        1.0,
        1.0,
        1.0,
        1.0,
        1.0,
        1.0,
        1.0,
        1.0,
        1.0,
        1.0,
        1.0,
        1.0,
        1.0,
        1.0,
        1.0,
        1.0
    ],
    "val_accuracy": [
        0.046875,
        0.03846153989434242,
        0.07692307978868484,
        0.1666666716337204,
        0.1794871836900711,
        0.1794871836900711,
        0.29487180709838867,
        0.26923078298568726,
        0.43589743971824646,
        0.26923078298568726,
        0.38461539149284363,
        0.41025641560554504,
        0.38461539149284363,
        0.38461539149284363,
        0.4743589758872986,
        0.44871795177459717,
        0.4743589758872986,
        0.38461539149284363,
        0.5128205418586731,
        0.5,
        0.44871795177459717,
        0.44871795177459717,
        0.4743589758872986,
        0.42307692766189575,
        0.4871794879436493,
        0.44871795177459717,
        0.42307692766189575,
        0.4615384638309479,
        0.44871795177459717,
        0.44871795177459717,
        0.43589743971824646,
        0.44871795177459717,
        0.43589743971824646,
        0.4871794879436493,
        0.4615384638309479,
        0.44871795177459717,
        0.5,
        0.4615384638309479,
        0.4615384638309479,
        0.4615384638309479,
        0.4615384638309479,
        0.4743589758872986,
        0.4615384638309479,
        0.4615384638309479,
        0.4615384638309479,
        0.4615384638309479,
        0.4743589758872986,
        0.4743589758872986,
        0.4615384638309479,
        0.4743589758872986,
        0.4871794879436493
    ],
    "epoch_times": [
        9.158528804779053,
        7.564010381698608,
        7.675915002822876,
        7.170429229736328,
        7.2443132400512695,
        7.249901533126831,
        7.752222299575806,
        7.145211935043335,
        6.869843006134033,
        7.691150426864624,
        7.7387189865112305,
        7.26641583442688,
        7.158499479293823,
        7.251666069030762,
        7.106847524642944,
        7.930725574493408,
        7.287204027175903,
        7.568083763122559,
        6.931652784347534,
        7.034469842910767,
        6.938918352127075,
        7.302331447601318,
        7.5133445262908936,
        7.532494306564331,
        6.845707654953003,
        6.943227291107178,
        7.256100654602051,
        6.936185836791992,
        7.170673608779907,
        6.862934827804565,
        7.72098445892334,
        6.762131452560425,
        7.38219428062439,
        7.041566848754883,
        7.468730688095093,
        7.279269456863403,
        7.449048280715942,
        7.45231819152832,
        7.088820219039917,
        6.634353876113892,
        7.278510570526123,
        7.078734636306763,
        7.125021934509277,
        6.842253923416138,
        7.454366683959961,
        7.877546310424805,
        7.6703808307647705,
        7.378635406494141,
        7.3931684494018555,
        7.24697208404541
    ]
}