{
    "hyperparameters": {
        "activation": "gelu",
        "dropout_rate": 0.1161541621413,
        "hidden_units": 16,
        "learning_rate": 0.0141387289096,
        "num_layers": 4,
        "weight_decay": 0.0008062542693
    },
    "dataset_stats": {
        "name": "ChlorineConcentration",
        "train_size": 374,
        "val_size": 93,
        "input_shape": [
            166,
            1
        ],
        "num_classes": 3
    },
    "epochs": 98,
    "train_loss": [
        1.105158805847168,
        1.0272682905197144,
        0.9861252903938293,
        0.9711557626724243,
        0.9908897876739502,
        0.9796877503395081,
        0.9768403172492981,
        0.9967681765556335,
        0.9893014430999756,
        0.9885478019714355,
        0.9857006669044495,
        0.9666993618011475,
        0.9688668251037598,
        0.9680076241493225,
        0.9661619067192078,
        0.9517250061035156,
        0.9482109546661377,
        0.9676616191864014,
        0.9610441327095032,
        0.9568191766738892,
        0.9322494268417358,
        0.9530172944068909,
        0.9404540657997131,
        0.9486234188079834,
        0.923496663570404,
        0.9272173643112183,
        0.9143187403678894,
        0.93765789270401,
        0.9226173162460327,
        0.9285790920257568,
        0.8512246608734131,
        0.8751815557479858,
        0.8623722791671753,
        0.851869523525238,
        0.901720404624939,
        0.8503047227859497,
        0.9029941558837891,
        0.8508033156394958,
        0.8584955334663391,
        0.8159213066101074,
        0.8615689277648926,
        0.7973710894584656,
        0.814110279083252,
        0.7708771824836731,
        0.7782021760940552,
        0.7843142151832581,
        0.8032798767089844,
        0.7924298048019409,
        0.7904066443443298,
        0.7861743569374084,
        0.7764776945114136,
        0.7814955115318298,
        0.7665812373161316,
        0.7551214694976807,
        0.7851612567901611,
        0.7124316096305847,
        0.7880451679229736,
        0.7917223572731018,
        0.7621251344680786,
        0.7912148833274841,
        0.812082052230835,
        0.8079156875610352,
        0.7859015464782715,
        0.7564257383346558,
        0.7619760036468506,
        0.8313277363777161,
        0.7469303607940674,
        0.7050951719284058,
        0.6884064078330994,
        0.7401886582374573,
        0.7622814774513245,
        0.7257828116416931,
        0.7431448101997375,
        0.7326273322105408,
        0.7253150343894958,
        0.7207084894180298,
        0.671657919883728,
        0.7392897009849548,
        0.7203412652015686,
        0.7244224548339844,
        0.6894072890281677,
        0.6815364956855774,
        0.750532329082489,
        0.7703782320022583,
        0.7496294379234314,
        0.7442705035209656,
        0.7770162224769592,
        0.7134623527526855,
        0.6902140974998474,
        0.7026105523109436,
        0.6812629699707031,
        0.7721004486083984,
        0.6937938928604126,
        0.767073929309845,
        0.7409497499465942,
        0.6965645551681519,
        0.6608886122703552,
        0.7273247241973877
    ],
    "val_loss": [
        1.0288255214691162,
        0.9620722532272339,
        0.9630271196365356,
        0.9532052278518677,
        0.9685322642326355,
        0.9623655676841736,
        0.9499431848526001,
        0.9511760473251343,
        0.9800853133201599,
        0.9595761895179749,
        0.9448679685592651,
        0.9505667090415955,
        0.9527696371078491,
        0.9403394460678101,
        0.936930775642395,
        0.9490785598754883,
        0.9389057755470276,
        0.9229706525802612,
        1.0436103343963623,
        0.9394679069519043,
        0.9424139857292175,
        0.9791423678398132,
        0.9454029202461243,
        0.8811343908309937,
        0.9637365937232971,
        0.984368622303009,
        0.8834736347198486,
        1.0350677967071533,
        0.8969935178756714,
        0.9483130574226379,
        0.8529617190361023,
        1.1680041551589966,
        0.835826575756073,
        0.8979374170303345,
        0.9895117878913879,
        0.8627356290817261,
        0.857904851436615,
        0.8690258264541626,
        0.8903111219406128,
        0.8489142656326294,
        0.8395221829414368,
        0.8803222179412842,
        0.8403237462043762,
        0.8347054123878479,
        0.9971940517425537,
        0.8337293267250061,
        0.7566540837287903,
        0.8192445635795593,
        0.7973762154579163,
        0.8296387195587158,
        0.8569324612617493,
        0.8304654955863953,
        0.9819780588150024,
        0.8664677143096924,
        0.8835035562515259,
        0.8408525586128235,
        0.8768731951713562,
        0.951694667339325,
        0.7759351134300232,
        0.9184142351150513,
        1.0152289867401123,
        0.895250141620636,
        0.8168105483055115,
        0.857513427734375,
        0.8107926845550537,
        1.4088801145553589,
        0.8501092791557312,
        0.8424497246742249,
        0.7275938391685486,
        0.83610600233078,
        0.865750789642334,
        0.8067817091941833,
        1.0154227018356323,
        0.8423217535018921,
        0.7458325624465942,
        0.8965291380882263,
        0.9208544492721558,
        0.9463241696357727,
        1.2264676094055176,
        0.9561823606491089,
        0.8203768134117126,
        0.8316602110862732,
        0.7790213823318481,
        1.3068809509277344,
        0.8297542333602905,
        0.8108565807342529,
        0.8312210440635681,
        0.8258453607559204,
        0.7992616295814514,
        0.8519805669784546,
        0.8284757137298584,
        0.9163691997528076,
        0.879582405090332,
        0.8653041124343872,
        1.2235690355300903,
        0.9001693725585938,
        0.7945499420166016,
        1.1976187229156494,
        0.8701800107955933
    ],