{
    "hyperparameters": {
        "activation": "relu",
        "dropout_rate": 0.0345486166769,
        "ff_dim": 269,
        "hidden_units": 212,
        "learning_rate": 0.0008103677994,
        "num_heads": 6,
        "num_layers": 3,
        "pooling": "max",
        "weight_decay": 2.71456542e-05
    },
    "dataset_stats": {
        "name": "BirdChicken",
        "train_size": 32,
        "val_size": 8,
        "input_shape": [
            512,
            1
        ],
        "num_classes": 2
    },
    "epochs": 36,
    "train_loss": [
        0.7658417820930481,
        4.128812789916992,
        1.904171109199524,
        0.842163622379303,
        0.6207733750343323,
        0.9223949313163757,
        0.729216992855072,
        0.7137774229049683,
        0.611286461353302,
        0.7163986563682556,
        0.6319687366485596,
        0.6273242831230164,
        0.5887169241905212,
        0.5340656042098999,
        0.5821016430854797,
        0.5479031801223755,
        0.509196400642395,
        0.5475618839263916,
        0.46369174122810364,
        0.45355430245399475,
        0.440839558839798,
        0.41206878423690796,
        0.3949737846851349,
        0.4112154245376587,
        0.43769586086273193,
        0.4175361096858978,
        0.3306453824043274,
        0.31627950072288513,
        0.362457811832428,
        0.3329700827598572,
        0.32625555992126465,
        0.31831157207489014,
        0.318362295627594,
        0.3222423791885376,
        0.32786107063293457,
        0.3296566307544708
    ],
    "val_loss": [
        1.0144063234329224,
        3.2357587814331055,
        1.4928746223449707,
        1.0897507667541504,
        0.889899492263794,
        0.6861333847045898,
        0.6638236045837402,
        0.9198048114776611,
        0.9586470127105713,
        0.7221643328666687,
        0.7295068502426147,
        0.8661617636680603,
        0.8476710319519043,
        0.8372315764427185,
        0.7978971004486084,
        0.8214673399925232,
        0.8858550190925598,
        0.960364818572998,
        0.9514300227165222,
        0.9549330472946167,
        0.9914001226425171,
        1.0505156517028809,
        1.0804282426834106,
        1.1114774942398071,
        1.1680635213851929,
        1.1937144994735718,
        1.2152949571609497,
        1.2463018894195557,
        1.2935203313827515,
        1.3376774787902832,
        1.3898217678070068,
        1.4057605266571045,
        1.412118911743164,
        1.41737961769104,
        1.4233684539794922,
        1.4329816102981567,
        1.4489505290985107
    ],
    "train_accuracy": [
        0.5625,
        0.46875,
        0.46875,
        0.53125,
        0.5625,
        0.4375,
        0.5,
        0.59375,
        0.5625,
        0.53125,
        0.625,
        0.71875,
        0.75,
        0.78125,
        0.71875,
        0.65625,
        0.78125,
        0.71875,
        0.875,
        0.75,
        0.8125,
        0.8125,
        0.90625,
        0.8125,
        0.8125,
        0.90625,
        0.90625,
        0.90625,
        0.875,
        0.84375,
        0.90625,
        0.875,
        0.9375,
        0.90625,
        0.84375,
        0.84375
    ],
    "val_accuracy": [
        0.25,
        0.625,
        0.625,
        0.375,
        0.375,
        0.625,
        0.625,
        0.375,
        0.375,
        0.375,
        0.375,
        0.375,
        0.25,
        0.25,
        0.5,
        0.5,
        0.25,
        0.25,
        0.25,
        0.25,
        0.25,
        0.25,
        0.25,
        0.25,
        0.25,
        0.25,
        0.25,
        0.125,
        0.125,
        0.125,
        0.25,
        0.125,
        0.125,
        0.125,
        0.125,
        0.125,
        0.125
    ],
    "epoch_times": [
        0.18612980842590332,
        0.06043720245361328,
        0.05959796905517578,
        0.05881977081298828,
        0.059633731842041016,
        0.05941128730773926,
        0.05843520164489746,
        0.05841851234436035,
        0.059509992599487305,
        0.05992627143859863,
        0.0599365234375,
        0.05943775177001953,
        0.059490203857421875,
        0.05935811996459961,
        0.059946298599243164,
        0.0590817928314209,
        0.05951666831970215,
        0.059583425521850586,
        0.059857845306396484,
        0.060695648193359375,
        0.06033897399902344,
        0.060658931732177734,
        0.05915498733520508,
        0.05809211730957031,
        0.05889391899108887,
        0.05872297286987305,
        0.06038093566894531,
        0.05897402763366699,
        0.05816149711608887,
        0.05759477615356445,
        0.058271169662475586,
        0.057373762130737305,
        0.05879926681518555,
        0.06024599075317383,
        0.06061720848083496,
        0.06230020523071289
    ]
}