{
    "hyperparameters": {
        "activation": "tanh",
        "dropout_rate": 0.5445570676935,
        "hidden_units": 62,
        "learning_rate": 0.0136820190846,
        "num_layers": 1,
        "weight_decay": 0.0004185799218
    },
    "dataset_stats": {
        "name": "ChlorineConcentration",
        "train_size": 374,
        "val_size": 93,
        "input_shape": [
            166,
            1
        ],
        "num_classes": 3
    },
    "epochs": 90,
    "train_loss": [
        1.1882092952728271,
        1.0474581718444824,
        1.0081788301467896,
        0.9640845060348511,
        0.9810981154441833,
        0.9818933010101318,
        0.9734365940093994,
        0.957227885723114,
        0.9994711875915527,
        0.9405333399772644,
        0.9482443928718567,
        0.9636160135269165,
        0.9559202194213867,
        0.9422851204872131,
        0.9582504630088806,
        0.9155399799346924,
        0.9000392556190491,
        0.8961454033851624,
        0.9155645370483398,
        0.9158158898353577,
        0.8819064497947693,
        0.9258317351341248,
        0.881227433681488,
        0.9081562161445618,
        0.9195128083229065,
        0.894584059715271,
        0.8741937279701233,
        0.8465998768806458,
        0.8366540670394897,
        0.8194436430931091,
        0.8897269368171692,
        0.8647140860557556,
        0.8974301218986511,
        0.818925678730011,
        0.8335474133491516,
        0.8340683579444885,
        0.8541450500488281,
        0.8683224320411682,
        0.8158712387084961,
        0.8951575756072998,
        0.8843591213226318,
        0.8909695744514465,
        0.8899416327476501,
        0.8677928447723389,
        0.8512206077575684,
        0.8732536435127258,
        0.8539592027664185,
        0.77778160572052,
        0.7976478934288025,
        0.8357812166213989,
        0.8612765669822693,
        0.8338701128959656,
        0.8722708821296692,
        0.8516096472740173,
        0.8811563849449158,
        0.7989715933799744,
        0.8389100432395935,
        0.8585237860679626,
        0.8140714168548584,
        0.8112485408782959,
        0.8322737812995911,
        0.8397952914237976,
        0.8057735562324524,
        0.8004140853881836,
        0.8500741720199585,
        0.8724022507667542,
        0.8382168412208557,
        0.7943006753921509,
        0.8302553296089172,
        0.796141505241394,
        0.8530285954475403,
        0.8460344672203064,
        0.8092474937438965,
        0.7601447105407715,
        0.7596284747123718,
        0.8691405653953552,
        0.8852560520172119,
        0.8383771181106567,
        0.8169941902160645,
        0.8198456764221191,
        0.8113222122192383,
        0.8479464650154114,
        0.8420031666755676,
        0.8383646011352539,
        0.7840096950531006,
        0.7597496509552002,
        0.8429102897644043,
        0.836319625377655,
        0.7613179683685303,
        0.782149612903595
    ],
    "val_loss": [
        1.071825623512268,
        1.1195685863494873,
        1.0925060510635376,
        1.06449294090271,
        1.028510332107544,
        1.064743161201477,
        1.0106725692749023,
        0.9945668578147888,
        1.0848307609558105,
        1.0786731243133545,
        1.164258599281311,
        1.2480289936065674,
        1.2315070629119873,
        1.171229600906372,
        1.0446629524230957,
        1.0526248216629028,
        0.995112419128418,
        0.9625282883644104,
        0.9648754000663757,
        0.9329871535301208,
        0.9659024477005005,
        0.9770892858505249,
        0.9389687776565552,
        0.9570358991622925,
        0.946391224861145,
        0.9678900837898254,
        0.9344006776809692,
        1.0094987154006958,
        1.0340324640274048,
        0.9343497157096863,
        1.018965244293213,
        0.9928520917892456,
        0.8809738159179688,
        0.9266917109489441,
        0.9461805820465088,
        0.9316396117210388,
        1.0101912021636963,
        0.9732956290245056,
        0.9519686102867126,
        0.8846026062965393,
        0.9323650002479553,
        0.9502687454223633,
        0.9509078860282898,
        0.9233373999595642,
        0.9207969307899475,
        0.9279806613922119,
        0.9172996878623962,
        0.9201945662498474,
        0.9320874214172363,
        0.9270663261413574,
        1.005756139755249,
        0.9235741496086121,
        0.9613871574401855,
        0.9864720106124878,
        0.9123803973197937,
        0.8928686380386353,
        0.8990435600280762,
        0.9585161805152893,
        0.9215673804283142,
        0.8971933126449585,
        0.8799892067909241,
        0.941971480846405,
        0.9182323217391968,
        0.942421555519104,
        0.9775844812393188,
        0.8815752267837524,
        0.9435529708862305,
        0.8883988857269287,
        0.9934577345848083,
        0.9132882356643677,
        0.9272162318229675,
        0.9348061680793762,
        0.9391148090362549,
        0.8821885585784912,
        0.9200654625892639,
        1.1243259906768799,
        0.961722731590271,
        0.9091709852218628,
        0.894421398639679,
        0.906661331653595,
        0.9902151226997375,
        1.1807941198349,
        1.0148353576660156,
        1.1128122806549072,
        0.9292009472846985,
        0.9080053567886353,
        0.9619818925857544,
        0.9322370886802673,
        0.9637782573699951,
        0.9095821380615234,
        1.016556978225708
    ],