{
    "hyperparameters": {
        "activation": "gelu",
        "dropout_rate": 0.1630504700718,
        "kernel_size": 3,
        "learning_rate": 0.0019638118283,
        "num_filters": 124,
        "num_layers": 1,
        "pooling": "max",
        "pooling_size": 2
    },
    "dataset_stats": {
        "name": "BeetleFly",
        "train_size": 32,
        "val_size": 8,
        "input_shape": [
            1,
            512
        ],
        "num_classes": 2
    },
    "epochs": 32,
    "train_loss": [
        0.8307848572731018,
        0.3726530969142914,
        0.2435305267572403,
        0.19039779901504517,
        0.1742437779903412,
        0.12098976969718933,
        0.11423192918300629,
        0.09007493406534195,
        0.07586759328842163,
        0.07716669887304306,
        0.06404329836368561,
        0.06180862337350845,
        0.05363265424966812,
        0.03773437812924385,
        0.03490742668509483,
        0.03227347135543823,
        0.02872820943593979,
        0.024287285283207893,
        0.021686138585209846,
        0.016849976032972336,
        0.013508040457963943,
        0.01254680659621954,
        0.011030126363039017,
        0.011432638391852379,
        0.008155216462910175,
        0.01136383879929781,
        0.010227654129266739,
        0.0077232299372553825,
        0.006776392459869385,
        0.005936672445386648,
        0.004400323145091534,
        0.006597517058253288
    ],
    "val_loss": [
        0.7180447578430176,
        0.5674294829368591,
        0.5308092832565308,
        0.5500069260597229,
        0.6061937808990479,
        0.6333504319190979,
        0.6794081330299377,
        0.7355619072914124,
        0.7987495064735413,
        0.8499312996864319,
        0.8822609782218933,
        0.9075524806976318,
        0.9338774681091309,
        0.9602169394493103,
        0.990629255771637,
        1.019967794418335,
        1.04062020778656,
        1.0575278997421265,
        1.0691170692443848,
        1.08066987991333,
        1.0923385620117188,
        1.106609582901001,
        1.123382806777954,
        1.1410963535308838,
        1.1637194156646729,
        1.1892482042312622,
        1.2196036577224731,
        1.255083680152893,
        1.2924097776412964,
        1.3297051191329956,
        1.366788625717163,
        1.4045722484588623,
        1.4502376317977905
    ],
    "train_accuracy": [
        0.46875,
        0.8125,
        0.9375,
        0.96875,
        0.9375,
        1.0,
        1.0,
        1.0,
        1.0,
        1.0,
        1.0,
        1.0,
        1.0,
        1.0,
        1.0,
        1.0,
        1.0,
        1.0,
        1.0,
        1.0,
        1.0,
        1.0,
        1.0,
        1.0,
        1.0,
        1.0,
        1.0,
        1.0,
        1.0,
        1.0,
        1.0,
        1.0
    ],
    "val_accuracy": [
        0.5,
        0.625,
        0.75,
        0.625,
        0.625,
        0.625,
        0.625,
        0.625,
        0.625,
        0.625,
        0.625,
        0.75,
        0.75,
        0.75,
        0.625,
        0.625,
        0.625,
        0.625,
        0.625,
        0.625,
        0.625,
        0.625,
        0.625,
        0.625,
        0.625,
        0.625,
        0.625,
        0.625,
        0.625,
        0.625,
        0.625,
        0.625,
        0.625
    ],
    "epoch_times": [
        0.2825312614440918,
        0.03456377983093262,
        0.016236066818237305,
        0.014907598495483398,
        0.015259981155395508,
        0.014831066131591797,
        0.013421773910522461,
        0.014119148254394531,
        0.016031980514526367,
        0.013432979583740234,
        0.012740135192871094,
        0.013887405395507812,
        0.01372528076171875,
        0.013816356658935547,
        0.014081478118896484,
        0.013179540634155273,
        0.013317108154296875,
        0.015368223190307617,
        0.013562440872192383,
        0.013056516647338867,
        0.01253056526184082,
        0.012999534606933594,
        0.014061450958251953,
        0.013364791870117188,
        0.012593507766723633,
        0.012182235717773438,
        0.021469831466674805,
        0.014044046401977539,
        0.012478828430175781,
        0.012897253036499023,
        0.013189554214477539,
        0.014046907424926758
    ]
}