{
    "hyperparameters": {
        "activation": "elu",
        "dropout_rate": 0.4995202576621,
        "kernel_size": 4,
        "learning_rate": 0.0002563920173,
        "num_filters": 139,
        "num_layers": 2,
        "pooling": "max",
        "pooling_size": 1
    },
    "dataset_stats": {
        "name": "Car",
        "train_size": 96,
        "val_size": 24,
        "input_shape": [
            1,
            577
        ],
        "num_classes": 4
    },
    "epochs": 50,
    "train_loss": [
        1.690760612487793,
        1.5730050802230835,
        1.4595389366149902,
        1.2966948747634888,
        1.4206647872924805,
        1.3020776510238647,
        1.389683723449707,
        1.2530351877212524,
        1.2885098457336426,
        1.2731655836105347,
        1.2306100130081177,
        1.2155557870864868,
        1.2002314329147339,
        1.3262704610824585,
        1.1948251724243164,
        1.0642337799072266,
        1.1602835655212402,
        1.1893776655197144,
        1.0892478227615356,
        1.11400306224823,
        1.1560343503952026,
        1.0530235767364502,
        1.0059911012649536,
        1.1028717756271362,
        1.0057752132415771,
        1.09799063205719,
        0.9381161332130432,
        0.9646849632263184,
        0.9517049789428711,
        1.0028213262557983,
        0.9441807866096497,
        0.9436445236206055,
        0.9670447707176208,
        1.0383704900741577,
        0.9799056649208069,
        0.8732187151908875,
        0.9091504216194153,
        0.8016919493675232,
        0.8910549283027649,
        0.845072329044342,
        0.8285588622093201,
        0.8688557744026184,
        0.8404027819633484,
        0.8871548771858215,
        0.8631849884986877,
        0.7467090487480164,
        0.7915565371513367,
        0.7732805609703064,
        0.7129957675933838,
        0.7232105135917664
    ],
    "val_loss": [
        1.3836342096328735,
        1.3795324563980103,
        1.3880375623703003,
        1.3793562650680542,
        1.3626188039779663,
        1.327789306640625,
        1.3062037229537964,
        1.305195689201355,
        1.3184415102005005,
        1.3225371837615967,
        1.3008629083633423,
        1.2846015691757202,
        1.2787022590637207,
        1.269331455230713,
        1.2875655889511108,
        1.2990754842758179,
        1.3006278276443481,
        1.2937971353530884,
        1.275372862815857,
        1.2649179697036743,
        1.2552036046981812,
        1.2873979806900024,
        1.3266178369522095,
        1.350369930267334,
        1.3606276512145996,
        1.382460594177246,
        1.3505125045776367,
        1.3376578092575073,
        1.301655650138855,
        1.2815381288528442,
        1.3314056396484375,
        1.411755919456482,
        1.4301737546920776,
        1.3831257820129395,
        1.339996337890625,
        1.3820327520370483,
        1.5054641962051392,
        1.5814565420150757,
        1.5564996004104614,
        1.5041828155517578,
        1.4793891906738281,
        1.4766840934753418,
        1.4223920106887817,
        1.3914923667907715,
        1.3903027772903442,
        1.3966517448425293,
        1.382907748222351,
        1.3655157089233398,
        1.3794642686843872,
        1.495162010192871,
        1.4946856498718262
    ],
    "train_accuracy": [
        0.21875,
        0.2708333432674408,
        0.3020833432674408,
        0.4270833432674408,
        0.3125,
        0.34375,
        0.4166666567325592,
        0.4270833432674408,
        0.4791666567325592,
        0.375,
        0.4479166567325592,
        0.46875,
        0.4791666567325592,
        0.40625,
        0.53125,
        0.5625,
        0.5104166865348816,
        0.4895833432674408,
        0.5520833134651184,
        0.5104166865348816,
        0.5104166865348816,
        0.5416666865348816,
        0.5625,
        0.4791666567325592,
        0.5729166865348816,
        0.5208333134651184,
        0.6458333134651184,
        0.6458333134651184,
        0.6354166865348816,
        0.6145833134651184,
        0.5729166865348816,
        0.6041666865348816,
        0.6354166865348816,
        0.5104166865348816,
        0.5833333134651184,
        0.625,
        0.65625,
        0.6979166865348816,
        0.6875,
        0.7083333134651184,
        0.6354166865348816,
        0.6666666865348816,
        0.6770833134651184,
        0.6770833134651184,
        0.65625,
        0.7395833134651184,
        0.6458333134651184,
        0.6770833134651184,
        0.7291666865348816,
        0.78125
    ],
    "val_accuracy": [
        0.25,
        0.25,
        0.1666666716337204,
        0.25,
        0.4166666567325592,
        0.5416666865348816,
        0.4166666567325592,
        0.4583333432674408,
        0.2916666865348816,
        0.3333333432674408,
        0.3333333432674408,
        0.3333333432674408,
        0.3333333432674408,
        0.375,
        0.4166666567325592,
        0.4166666567325592,
        0.4166666567325592,
        0.4583333432674408,
        0.4166666567325592,
        0.4583333432674408,
        0.4166666567325592,
        0.4166666567325592,
        0.4166666567325592,
        0.4166666567325592,
        0.4166666567325592,
        0.4166666567325592,
        0.5,
        0.5,
        0.5416666865348816,
        0.4583333432674408,
        0.5,
        0.5,
        0.4583333432674408,
        0.4583333432674408,
        0.375,
        0.4583333432674408,
        0.5,
        0.4583333432674408,
        0.5,
        0.5,
        0.5416666865348816,
        0.5416666865348816,
        0.5416666865348816,
        0.5416666865348816,
        0.5416666865348816,
        0.5833333730697632,
        0.5416666865348816,
        0.5,
        0.5,
        0.4583333432674408,
        0.5
    ],
    "epoch_times": [
        0.1450822353363037,
        0.024022579193115234,
        0.040555477142333984,
        0.02333855628967285,
        0.025480270385742188,
        0.02311229705810547,
        0.023469209671020508,
        0.022397279739379883,
        0.022364377975463867,
        0.022346019744873047,
        0.02173614501953125,
        0.027070045471191406,
        0.026206493377685547,
        0.021634578704833984,
        0.020488739013671875,
        0.021106243133544922,
        0.019269704818725586,
        0.01976490020751953,
        0.02197551727294922,
        0.02011394500732422,
        0.020743846893310547,
        0.02016615867614746,
        0.01900625228881836,
        0.01915574073791504,
        0.023789167404174805,
        0.02164435386657715,
        0.0194852352142334,
        0.019514799118041992,
        0.019232511520385742,
        0.018720626831054688,
        0.02025151252746582,
        0.01934647560119629,
        0.01910400390625,
        0.01860332489013672,
        0.018808603286743164,
        0.02104783058166504,
        0.026291608810424805,
        0.022286176681518555,
        0.021079301834106445,
        0.019420862197875977,
        0.020094633102416992,
        0.021048545837402344,
        0.02095484733581543,
        0.024273395538330078,
        0.019955158233642578,
        0.019653797149658203,
        0.01894974708557129,
        0.019272804260253906,
        0.01909351348876953,
        0.01896190643310547
    ]
}