{
    "hyperparameters": {
        "activation": "tanh",
        "dropout_rate": 0.1704443501474,
        "hidden_units": 47,
        "learning_rate": 0.0725089943776,
        "num_layers": 2,
        "weight_decay": 0.0068265513536
    },
    "dataset_stats": {
        "name": "BeetleFly",
        "train_size": 36,
        "val_size": 9,
        "input_shape": [
            512,
            1
        ],
        "num_classes": 2
    },
    "epochs": 37,
    "train_loss": [
        0.8038455247879028,
        1.3597573041915894,
        0.6304993033409119,
        0.21284346282482147,
        0.390532910823822,
        0.26891645789146423,
        0.11401453614234924,
        0.21316203474998474,
        0.3205484449863434,
        0.0808195024728775,
        0.08129723370075226,
        0.07594388723373413,
        0.13393783569335938,
        0.1350511759519577,
        0.14495961368083954,
        0.19351264834403992,
        0.0826740562915802,
        0.4769938886165619,
        0.16923242807388306,
        0.23867808282375336,
        0.47607505321502686,
        0.7603991031646729,
        0.44595029950141907,
        0.38336309790611267,
        0.34172582626342773,
        0.27218326926231384,
        0.5941295623779297,
        0.5623592734336853,
        0.38380470871925354,
        0.1784925013780594,
        0.25965815782546997,
        0.14286909997463226,
        0.3191266357898712,
        0.17903798818588257,
        0.14833039045333862,
        0.09482746571302414,
        0.12826964259147644
    ],
    "val_loss": [
        0.7069815397262573,
        5.983118057250977,
        1.0689016580581665,
        1.4565776586532593,
        1.3010435104370117,
        0.96949702501297,
        0.6571712493896484,
        0.47731637954711914,
        0.6213142275810242,
        1.1335011720657349,
        1.1831506490707397,
        1.2037014961242676,
        1.0848942995071411,
        0.9327659606933594,
        0.9953016638755798,
        1.0900523662567139,
        1.5231871604919434,
        1.828277587890625,
        1.7226881980895996,
        1.2487149238586426,
        0.8844492435455322,
        0.6178292036056519,
        0.6116297245025635,
        0.8933598399162292,
        1.3837732076644897,
        1.3745415210723877,
        1.5700997114181519,
        1.6341809034347534,
        1.479577898979187,
        1.2685078382492065,
        1.1348994970321655,
        0.9541924595832825,
        0.7250925898551941,
        0.6575453877449036,
        0.7037752866744995,
        0.9594218134880066,
        1.3273968696594238,
        1.5456076860427856
    ],
    "train_accuracy": [
        0.5,
        0.6111111044883728,
        0.75,
        0.9166666865348816,
        0.8611111044883728,
        0.9166666865348816,
        0.9722222089767456,
        0.8888888955116272,
        0.8888888955116272,
        0.9722222089767456,
        0.9444444179534912,
        0.9722222089767456,
        0.9444444179534912,
        0.9722222089767456,
        0.9444444179534912,
        0.9444444179534912,
        0.9444444179534912,
        0.9444444179534912,
        0.9722222089767456,
        0.9166666865348816,
        0.7777777910232544,
        0.7222222089767456,
        0.8055555820465088,
        0.8333333134651184,
        0.8333333134651184,
        0.8611111044883728,
        0.8333333134651184,
        0.8333333134651184,
        0.8333333134651184,
        0.9166666865348816,
        0.9444444179534912,
        0.9722222089767456,
        0.9166666865348816,
        0.9722222089767456,
        1.0,
        0.9722222089767456,
        0.9444444179534912
    ],
    "val_accuracy": [
        0.4444444477558136,
        0.6666666865348816,
        0.6666666865348816,
        0.6666666865348816,
        0.6666666865348816,
        0.6666666865348816,
        0.7777777910232544,
        0.7777777910232544,
        0.7777777910232544,
        0.6666666865348816,
        0.6666666865348816,
        0.6666666865348816,
        0.6666666865348816,
        0.6666666865348816,
        0.6666666865348816,
        0.6666666865348816,
        0.6666666865348816,
        0.6666666865348816,
        0.6666666865348816,
        0.6666666865348816,
        0.6666666865348816,
        0.7777777910232544,
        0.6666666865348816,
        0.5555555820465088,
        0.5555555820465088,
        0.5555555820465088,
        0.4444444477558136,
        0.5555555820465088,
        0.5555555820465088,
        0.5555555820465088,
        0.6666666865348816,
        0.6666666865348816,
        0.6666666865348816,
        0.6666666865348816,
        0.6666666865348816,
        0.6666666865348816,
        0.6666666865348816,
        0.6666666865348816
    ],
    "epoch_times": [
        0.014893293380737305,
        0.01467275619506836,
        0.014052391052246094,
        0.01397562026977539,
        0.01351022720336914,
        0.013144493103027344,
        0.013072729110717773,
        0.013338327407836914,
        0.013046741485595703,
        0.01290273666381836,
        0.012941598892211914,
        0.01293635368347168,
        0.013065338134765625,
        0.012871980667114258,
        0.01293635368347168,
        0.012878894805908203,
        0.01291513442993164,
        0.013056039810180664,
        0.01302027702331543,
        0.012967586517333984,
        0.013311624526977539,
        0.012964963912963867,
        0.013100147247314453,
        0.012801408767700195,
        0.012931108474731445,
        0.013451576232910156,
        0.012888669967651367,
        0.012894392013549805,
        0.012022972106933594,
        0.01219797134399414,
        0.014011859893798828,
        0.013997316360473633,
        0.013906717300415039,
        0.013708829879760742,
        0.013108015060424805,
        0.013486385345458984,
        0.013455867767333984
    ]
}