{
    "hyperparameters": {
        "bidirectional": false,
        "dropout_rate": 0.1100660830926,
        "hidden_units": 106,
        "learning_rate": 0.0005941046878,
        "num_layers": 1,
        "output_activation": "tanh",
        "weight_decay": 9.50551185e-05
    },
    "dataset_stats": {
        "name": "ArrowHead",
        "train_size": 58,
        "val_size": 14,
        "input_shape": [
            251,
            1
        ],
        "num_classes": 3
    },
    "epochs": 53,
    "train_loss": [
        1.1771115064620972,
        1.0535279512405396,
        0.929094135761261,
        0.8317606449127197,
        0.7221511602401733,
        0.642483115196228,
        0.5592371821403503,
        0.5078346133232117,
        0.4569685161113739,
        0.42181330919265747,
        0.39243635535240173,
        0.394809365272522,
        0.3664223253726959,
        0.3551010489463806,
        0.36482203006744385,
        0.3319947421550751,
        0.3425653576850891,
        0.33743199706077576,
        0.3245156705379486,
        0.3225519061088562,
        0.3218354880809784,
        0.31928685307502747,
        0.31403473019599915,
        0.3156072497367859,
        0.3127320408821106,
        0.30912455916404724,
        0.3090955913066864,
        0.30724871158599854,
        0.30509212613105774,
        0.30365753173828125,
        0.30517834424972534,
        0.30244067311286926,
        0.30043697357177734,
        0.3010699450969696,
        0.2999526858329773,
        0.3015621304512024,
        0.299667090177536,
        0.30034783482551575,
        0.29894256591796875,
        0.2984869182109833,
        0.2986700236797333,
        0.2978632152080536,
        0.299522340297699,
        0.29926997423171997,
        0.2983674108982086,
        0.2977311313152313,
        0.29818305373191833,
        0.30010122060775757,
        0.2983483374118805,
        0.29848578572273254,
        0.2988283634185791,
        0.2983839809894562,
        0.29907551407814026
    ],
    "val_loss": [
        1.0788789987564087,
        1.0921272039413452,
        1.071191430091858,
        1.0472174882888794,
        1.0222289562225342,
        0.9279140830039978,
        0.896206796169281,
        1.0256210565567017,
        0.9813506007194519,
        0.9161431193351746,
        0.9677425622940063,
        0.9902179837226868,
        0.994693398475647,
        0.992017388343811,
        1.0613601207733154,
        0.9853309988975525,
        0.996512234210968,
        0.9983385801315308,
        0.9785899519920349,
        0.9521408081054688,
        0.9262436628341675,
        0.9080848693847656,
        0.8956725001335144,
        0.8892269134521484,
        0.893615186214447,
        0.8996099233627319,
        0.9194091558456421,
        0.9461227655410767,
        0.972248911857605,
        0.9689686894416809,
        0.9585332274436951,
        0.9445633888244629,
        0.9271785616874695,
        0.9100430607795715,
        0.9020472168922424,
        0.9094114303588867,
        0.9118124842643738,
        0.9107776880264282,
        0.9088910222053528,
        0.9070931673049927,
        0.9040319323539734,
        0.9032420516014099,
        0.9038994908332825,
        0.9046664237976074,
        0.906421959400177,
        0.9091311693191528,
        0.9107719659805298,
        0.9122158885002136,
        0.9138326644897461,
        0.9157220125198364,
        0.9171488881111145,
        0.918302059173584,
        0.9195555448532104,
        0.9206537008285522
    ],
    "train_accuracy": [
        0.13793103396892548,
        0.4655172526836395,
        0.7931034564971924,
        0.8448275923728943,
        0.8793103694915771,
        0.931034505367279,
        0.8793103694915771,
        0.8965517282485962,
        0.9655172228813171,
        0.9482758641242981,
        0.9655172228813171,
        0.9482758641242981,
        0.982758641242981,
        0.982758641242981,
        0.9655172228813171,
        0.982758641242981,
        0.982758641242981,
        0.982758641242981,
        0.982758641242981,
        0.982758641242981,
        0.982758641242981,
        0.982758641242981,
        1.0,
        1.0,
        1.0,
        1.0,
        1.0,
        1.0,
        1.0,
        1.0,
        1.0,
        1.0,
        1.0,
        1.0,
        1.0,
        1.0,
        1.0,
        1.0,
        1.0,
        1.0,
        1.0,
        1.0,
        1.0,
        1.0,
        1.0,
        1.0,
        1.0,
        1.0,
        1.0,
        1.0,
        1.0,
        1.0,
        1.0
    ],
    "val_accuracy": [
        0.5714285969734192,
        0.3571428656578064,
        0.4285714328289032,
        0.5,
        0.5714285969734192,
        0.7142857313156128,
        0.7142857313156128,
        0.5714285969734192,
        0.7142857313156128,
        0.7142857313156128,
        0.7142857313156128,
        0.7857142686843872,
        0.7857142686843872,
        0.7857142686843872,
        0.7142857313156128,
        0.7857142686843872,
        0.7857142686843872,
        0.7857142686843872,
        0.7857142686843872,
        0.7857142686843872,
        0.7857142686843872,
        0.7857142686843872,
        0.8571428656578064,
        0.8571428656578064,
        0.8571428656578064,
        0.8571428656578064,
        0.7142857313156128,
        0.7142857313156128,
        0.7142857313156128,
        0.7142857313156128,
        0.7142857313156128,
        0.7142857313156128,
        0.7142857313156128,
        0.7142857313156128,
        0.7142857313156128,
        0.7142857313156128,
        0.7142857313156128,
        0.7142857313156128,
        0.7142857313156128,
        0.7142857313156128,
        0.7142857313156128,
        0.7142857313156128,
        0.7142857313156128,
        0.7142857313156128,
        0.7142857313156128,
        0.7142857313156128,
        0.7142857313156128,
        0.7142857313156128,
        0.7142857313156128,
        0.7142857313156128,
        0.7142857313156128,
        0.7142857313156128,
        0.7142857313156128,
        0.7142857313156128
    ],
    "epoch_times": [
        2.3088085651397705,
        1.5003302097320557,
        1.7938125133514404,
        1.423152208328247,
        1.1075782775878906,
        1.2174479961395264,
        1.4051048755645752,
        1.0006515979766846,
        1.3064212799072266,
        1.316401720046997,
        1.203366994857788,
        1.0994386672973633,
        1.401473045349121,
        1.432931900024414,
        1.4961190223693848,
        1.2015609741210938,
        1.2114052772521973,
        1.4976818561553955,
        1.0918378829956055,
        1.1979546546936035,
        1.210153579711914,
        1.2064018249511719,
        1.2261624336242676,
        1.0093626976013184,
        1.1002223491668701,
        1.1955418586730957,
        1.3237721920013428,
        1.1041884422302246,
        1.0035221576690674,
        1.1318793296813965,
        1.2115809917449951,
        1.1063580513000488,
        1.2025611400604248,
        1.2213470935821533,
        1.2887425422668457,
        1.0926861763000488,
        1.4886679649353027,
        1.299569845199585,
        1.1100258827209473,
        0.9959359169006348,
        1.1131305694580078,
        1.082641839981079,
        1.102541446685791,
        1.2090778350830078,
        0.9329345226287842,
        2.2065391540527344,
        3.5828659534454346,
        1.7989506721496582,
        1.5310113430023193,
        2.0081887245178223,
        2.7036800384521484,
        3.5087904930114746,
        4.001006126403809
    ]
}