{
    "hyperparameters": {
        "bidirectional": false,
        "dropout_rate": 0.1100660830926,
        "hidden_units": 106,
        "learning_rate": 0.0005941046878,
        "num_layers": 1,
        "output_activation": "tanh",
        "weight_decay": 9.50551185e-05
    },
    "dataset_stats": {
        "name": "BeetleFly",
        "train_size": 32,
        "val_size": 8,
        "input_shape": [
            512,
            1
        ],
        "num_classes": 2
    },
    "epochs": 120,
    "train_loss": [
        0.6975597143173218,
        0.628449559211731,
        0.5813406705856323,
        0.5396313071250916,
        0.5110102891921997,
        0.4687075614929199,
        0.43446803092956543,
        0.39994168281555176,
        0.37268102169036865,
        0.3460102081298828,
        0.31833451986312866,
        0.30415263772010803,
        0.28834956884384155,
        0.26771116256713867,
        0.26448631286621094,
        0.2537497282028198,
        0.24607636034488678,
        0.24263961613178253,
        0.2378723919391632,
        0.23053336143493652,
        0.2258814573287964,
        0.2241186499595642,
        0.22224634885787964,
        0.21633391082286835,
        0.21706141531467438,
        0.21416160464286804,
        0.21011559665203094,
        0.2107502669095993,
        0.2091015875339508,
        0.20869818329811096,
        0.20882673561573029,
        0.20338153839111328,
        0.3732512593269348,
        0.22267106175422668,
        0.2100645750761032,
        0.20659847557544708,
        0.20266640186309814,
        0.20379087328910828,
        0.2042718380689621,
        0.2035856693983078,
        0.20227289199829102,
        0.20237484574317932,
        0.20383448898792267,
        0.2033092975616455,
        0.20206770300865173,
        0.20255115628242493,
        0.20235443115234375,
        0.20269764959812164,
        0.20201414823532104,
        0.20093581080436707,
        0.20154178142547607,
        0.20130674540996552,
        0.20091602206230164,
        0.20128831267356873,
        0.20210033655166626,
        0.20049899816513062,
        0.19975121319293976,
        0.20177879929542542,
        0.20137298107147217,
        0.20170468091964722,
        0.2019382119178772,
        0.2006630003452301,
        0.20047590136528015,
        0.20045925676822662,
        0.2004128396511078,
        0.20031686127185822,
        0.19994312524795532,
        0.19988751411437988,
        0.20020124316215515,
        0.20019076764583588,
        0.1999550759792328,
        0.19989994168281555,
        0.20040635764598846,
        0.19968581199645996,
        0.20025816559791565,
        0.20064851641654968,
        0.201761394739151,
        0.20063841342926025,
        0.20068328082561493,
        0.20024007558822632,
        0.2004448026418686,
        0.2009303867816925,
        0.20013189315795898,
        0.20138919353485107,
        0.20062002539634705,
        0.20037010312080383,
        0.20017166435718536,
        0.20022475719451904,
        0.2004389762878418,
        0.1998223066329956,
        0.20003291964530945,
        0.20018991827964783,
        0.20102836191654205,
        0.20005987584590912,
        0.20058965682983398,
        0.20010638236999512,
        0.19991622865200043,
        0.19982431828975677,
        0.20005929470062256,
        0.19991257786750793,
        0.20019690692424774,
        0.19992318749427795,
        0.2001350224018097,
        0.19991761445999146,
        0.20011726021766663,
        0.20001134276390076,
        0.20070728659629822,
        0.200564906001091,
        0.1999911665916443,
        0.2006857991218567,
        0.20029735565185547,
        0.19986692070960999,
        0.1995503008365631,
        0.2004653364419937,
        0.19978031516075134,
        0.2000044584274292,
        0.20005770027637482,
        0.20022571086883545,
        0.19992078840732574,
        0.19963926076889038
    ],
    "val_loss": [
        0.7253052592277527,
        0.6843520402908325,
        0.6717166304588318,
        0.6531867384910583,
        0.6232969164848328,
        0.5896422266960144,
        0.5689964294433594,
        0.5389953255653381,
        0.4855881929397583,
        0.4564096927642822,
        0.4184921383857727,
        0.4083142876625061,
        0.38504859805107117,
        0.34566500782966614,
        0.34112879633903503,
        0.31951791048049927,
        0.29966646432876587,
        0.282292902469635,
        0.2848253548145294,
        0.27534762024879456,
        0.2598925232887268,
        0.2506726086139679,
        0.25534796714782715,
        0.22283807396888733,
        0.23714673519134521,
        0.22277775406837463,
        0.20537269115447998,
        0.20831748843193054,
        0.20502668619155884,
        0.2031095325946808,
        0.20611222088336945,
        0.20607492327690125,
        0.2105066180229187,
        0.2176334410905838,
        0.22056858241558075,
        0.20832191407680511,
        0.2047688066959381,
        0.2030588984489441,
        0.20281611382961273,
        0.20280537009239197,
        0.20173999667167664,
        0.20050789415836334,
        0.20103023946285248,
        0.20304319262504578,
        0.2005307674407959,
        0.2012629210948944,
        0.20142103731632233,
        0.20129436254501343,
        0.20118379592895508,
        0.2010701298713684,
        0.20099255442619324,
        0.2009299397468567,
        0.20087485015392303,
        0.20079240202903748,
        0.20075024664402008,
        0.20067942142486572,
        0.20060250163078308,
        0.20052339136600494,
        0.20042939484119415,
        0.20030638575553894,
        0.20016805827617645,
        0.20002490282058716,
        0.19986380636692047,
        0.1997072994709015,
        0.19956952333450317,
        0.19945472478866577,
        0.1993594914674759,
        0.19927914440631866,
        0.1992146372795105,
        0.1991705596446991,
        0.1991460919380188,
        0.19913677871227264,
        0.19911864399909973,
        0.19913263618946075,
        0.19917581975460052,
        0.19923554360866547,
        0.19925373792648315,
        0.19926589727401733,
        0.1992557793855667,
        0.19921430945396423,
        0.19915033876895905,
        0.1990860253572464,
        0.19902610778808594,
        0.19897398352622986,
        0.1989315301179886,
        0.19889983534812927,
        0.19887013733386993,
        0.19884856045246124,
        0.1988430619239807,
        0.1988353431224823,
        0.19883331656455994,
        0.19884046912193298,
        0.19884514808654785,
        0.19884872436523438,
        0.19885042309761047,
        0.19885224103927612,
        0.19884748756885529,
        0.1988481879234314,
        0.19884957373142242,
        0.1988547146320343,
        0.19885963201522827,
        0.19886428117752075,
        0.19886665046215057,
        0.19887162744998932,
        0.1988755464553833,
        0.19887778162956238,
        0.19887864589691162,
        0.19887840747833252,
        0.19887709617614746,
        0.1988760381937027,
        0.1988767385482788,
        0.19887614250183105,
        0.19887568056583405,
        0.19887541234493256,
        0.19887486100196838,
        0.19887365400791168,
        0.19887271523475647,
        0.19887098670005798,
        0.1988704949617386,
        0.19887013733386993,
        0.19887015223503113
    ],