{
    "hyperparameters": {
        "bidirectional": true,
        "dropout_rate": 0.2970316411848,
        "hidden_units": 185,
        "learning_rate": 0.00014344541,
        "num_layers": 3,
        "output_activation": "relu",
        "weight_decay": 4.86922021e-05
    },
    "dataset_stats": {
        "name": "BeetleFly",
        "train_size": 32,
        "val_size": 8,
        "input_shape": [
            512,
            1
        ],
        "num_classes": 2
    },
    "epochs": 50,
    "train_loss": [
        0.6717026233673096,
        0.5839420557022095,
        0.5272492170333862,
        0.44191664457321167,
        0.4160597622394562,
        0.3860836625099182,
        0.3411918580532074,
        0.31064122915267944,
        0.30199170112609863,
        0.27977097034454346,
        0.2523699998855591,
        0.25006479024887085,
        0.23047038912773132,
        0.23158732056617737,
        0.21452757716178894,
        0.208512082695961,
        0.20727849006652832,
        0.20702770352363586,
        0.20381830632686615,
        0.2020948827266693,
        0.20201188325881958,
        0.2019825428724289,
        0.2026837319135666,
        0.20466655492782593,
        0.20337624847888947,
        0.20259834825992584,
        0.2038494348526001,
        0.20467281341552734,
        0.20315709710121155,
        0.2028421312570572,
        0.20343017578125,
        0.20394107699394226,
        0.20329946279525757,
        0.20347672700881958,
        0.2035873979330063,
        0.20351214706897736,
        0.20324201881885529,
        0.2013256698846817,
        0.2025270164012909,
        0.20252001285552979,
        0.20282956957817078,
        0.20159266889095306,
        0.2016090601682663,
        0.2011367678642273,
        0.20311397314071655,
        0.20139490067958832,
        0.20188578963279724,
        0.20151817798614502,
        0.20209413766860962,
        0.20061835646629333
    ],
    "val_loss": [
        0.6878436803817749,
        0.63096684217453,
        0.5831323862075806,
        0.5577700138092041,
        0.5096745491027832,
        0.46293097734451294,
        0.4318042993545532,
        0.39597317576408386,
        0.3586799204349518,
        0.32441002130508423,
        0.29447415471076965,
        0.2692291736602783,
        0.2513287365436554,
        0.23418262600898743,
        0.21974828839302063,
        0.21078729629516602,
        0.20515429973602295,
        0.20179720222949982,
        0.20007386803627014,
        0.19940292835235596,
        0.1993851661682129,
        0.20002847909927368,
        0.2007106989622116,
        0.20125466585159302,
        0.20159390568733215,
        0.20188754796981812,
        0.2019738405942917,
        0.2020203024148941,
        0.2021341621875763,
        0.2021554559469223,
        0.20211994647979736,
        0.20208525657653809,
        0.20195873081684113,
        0.20178773999214172,
        0.20157772302627563,
        0.2013428658246994,
        0.20105582475662231,
        0.20066945254802704,
        0.20047132670879364,
        0.20026536285877228,
        0.20011690258979797,
        0.20000261068344116,
        0.19991430640220642,
        0.19985727965831757,
        0.1998579055070877,
        0.19985175132751465,
        0.19986779987812042,
        0.1998981237411499,
        0.19996428489685059,
        0.1999218910932541,
        0.19991421699523926
    ],
    "train_accuracy": [
        0.625,
        0.625,
        0.84375,
        0.9375,
        0.90625,
        0.96875,
        1.0,
        1.0,
        1.0,
        1.0,
        1.0,
        1.0,
        1.0,
        1.0,
        1.0,
        1.0,
        1.0,
        1.0,
        1.0,
        1.0,
        1.0,
        1.0,
        1.0,
        1.0,
        1.0,
        1.0,
        1.0,
        1.0,
        1.0,
        1.0,
        1.0,
        1.0,
        1.0,
        1.0,
        1.0,
        1.0,
        1.0,
        1.0,
        1.0,
        1.0,
        1.0,
        1.0,
        1.0,
        1.0,
        1.0,
        1.0,
        1.0,
        1.0,
        1.0,
        1.0
    ],
    "val_accuracy": [
        0.5,
        0.5,
        0.75,
        0.75,
        0.75,
        0.875,
        1.0,
        1.0,
        1.0,
        1.0,
        1.0,
        1.0,
        1.0,
        1.0,
        1.0,
        1.0,
        1.0,
        1.0,
        1.0,
        1.0,
        1.0,
        1.0,
        1.0,
        1.0,
        1.0,
        1.0,
        1.0,
        1.0,
        1.0,
        1.0,
        1.0,
        1.0,
        1.0,
        1.0,
        1.0,
        1.0,
        1.0,
        1.0,
        1.0,
        1.0,
        1.0,
        1.0,
        1.0,
        1.0,
        1.0,
        1.0,
        1.0,
        1.0,
        1.0,
        1.0,
        1.0
    ],
    "epoch_times": [
        14.648627042770386,
        11.953278303146362,
        15.316091299057007,
        11.126936912536621,
        9.722084283828735,
        8.144907236099243,
        8.160068035125732,
        9.025957345962524,
        8.921408891677856,
        9.121537685394287,
        9.802548170089722,
        10.63834261894226,
        9.110397338867188,
        9.506978750228882,
        8.450365781784058,
        9.703044176101685,
        10.026634693145752,
        15.221390962600708,
        11.83163046836853,
        9.235663414001465,
        9.712393283843994,
        10.118823051452637,
        10.717754602432251,
        10.124964237213135,
        9.721919059753418,
        9.5110924243927,
        10.554998397827148,
        12.421816110610962,
        10.529096841812134,
        10.863779783248901,
        9.322202920913696,
        9.926363468170166,
        11.92777943611145,
        11.740232706069946,
        12.112773656845093,
        9.59175181388855,
        7.9845147132873535,
        7.75034236907959,
        8.947028636932373,
        9.812408208847046,
        8.352051496505737,
        9.040529012680054,
        9.418830633163452,
        8.851024150848389,
        8.915545463562012,
        9.364688396453857,
        8.916982889175415,
        9.032990217208862,
        9.44185185432434,
        8.920687675476074
    ]
}