{
    "hyperparameters": {
        "bidirectional": true,
        "dropout_rate": 0.1170131477704,
        "hidden_units": 93,
        "learning_rate": 0.000161264925,
        "num_layers": 3,
        "output_activation": "gelu",
        "weight_decay": 5.25449481e-05
    },
    "dataset_stats": {
        "name": "classification_ozone",
        "train_size": 85,
        "val_size": 21,
        "input_shape": [
            1201,
            1
        ],
        "num_classes": 2
    },
    "epochs": 55,
    "train_loss": [
        0.7197365164756775,
        0.7072327733039856,
        0.6925013661384583,
        0.6890581250190735,
        0.6830447316169739,
        0.6836211085319519,
        0.6734483242034912,
        0.6904311180114746,
        0.6547924876213074,
        0.6644260287284851,
        0.6619170904159546,
        0.6564562320709229,
        0.6605392098426819,
        0.6719123125076294,
        0.6622616052627563,
        0.6554457545280457,
        0.6423254013061523,
        0.6517089605331421,
        0.6446873545646667,
        0.6532326936721802,
        0.6509585380554199,
        0.634663999080658,
        0.6440327167510986,
        0.6533082127571106,
        0.6468731760978699,
        0.6369948387145996,
        0.6314632892608643,
        0.6417616605758667,
        0.6475043892860413,
        0.6470621824264526,
        0.6327769756317139,
        0.6430981159210205,
        0.6351238489151001,
        0.6313057541847229,
        0.6278796195983887,
        0.6498526334762573,
        0.6415320634841919,
        0.6334664225578308,
        0.6320424675941467,
        0.6296351552009583,
        0.6278370022773743,
        0.6395336389541626,
        0.632558286190033,
        0.6288803815841675,
        0.6408002972602844,
        0.633466362953186,
        0.6280581951141357,
        0.6332970261573792,
        0.6483327746391296,
        0.6429779529571533,
        0.633996844291687,
        0.6270915865898132,
        0.6378829479217529,
        0.6416799426078796,
        0.639063835144043
    ],
    "val_loss": [
        0.6919193863868713,
        0.71803218126297,
        0.6772283911705017,
        0.679632842540741,
        0.6797581911087036,
        0.6869410276412964,
        0.6876720190048218,
        0.6835774779319763,
        0.6854736804962158,
        0.6822320222854614,
        0.6808949708938599,
        0.6788724064826965,
        0.6789335608482361,
        0.6904208660125732,
        0.691564679145813,
        0.6901568174362183,
        0.6896436810493469,
        0.6901272535324097,
        0.6856083869934082,
        0.6776660680770874,
        0.670014500617981,
        0.6578752994537354,
        0.6507912874221802,
        0.6418753862380981,
        0.6335451006889343,
        0.6298025250434875,
        0.6338847875595093,
        0.6392397284507751,
        0.6441801190376282,
        0.6470884680747986,
        0.6522520184516907,
        0.6545817852020264,
        0.6554200053215027,
        0.6520289778709412,
        0.6486698985099792,
        0.6441598534584045,
        0.6406649351119995,
        0.6380847096443176,
        0.6365395188331604,
        0.63566654920578,
        0.6355248689651489,
        0.6368879675865173,
        0.6376804113388062,
        0.6393104791641235,
        0.6397488713264465,
        0.6402649879455566,
        0.6410368084907532,
        0.6416947245597839,
        0.6415826082229614,
        0.6412129402160645,
        0.6411339044570923,
        0.6410273909568787,
        0.6410039067268372,
        0.6411852836608887,
        0.6412670612335205,
        0.6412113904953003
    ],
    "train_accuracy": [
        0.4588235318660736,
        0.47058823704719543,
        0.48235294222831726,
        0.5411764979362488,
        0.5764706134796143,
        0.5882353186607361,
        0.6117647290229797,
        0.5058823823928833,
        0.6235294342041016,
        0.5882353186607361,
        0.6352941393852234,
        0.6000000238418579,
        0.6117647290229797,
        0.5882353186607361,
        0.5882353186607361,
        0.5882353186607361,
        0.6352941393852234,
        0.6352941393852234,
        0.6352941393852234,
        0.6117647290229797,
        0.6117647290229797,
        0.658823549747467,
        0.6000000238418579,
        0.6235294342041016,
        0.5764706134796143,
        0.658823549747467,
        0.6117647290229797,
        0.6235294342041016,
        0.658823549747467,
        0.6352941393852234,
        0.658823549747467,
        0.6235294342041016,
        0.658823549747467,
        0.6000000238418579,
        0.6352941393852234,
        0.6000000238418579,
        0.5882353186607361,
        0.6352941393852234,
        0.6823529601097107,
        0.6352941393852234,
        0.6705882549285889,
        0.6117647290229797,
        0.6470588445663452,
        0.6941176652908325,
        0.6117647290229797,
        0.658823549747467,
        0.6117647290229797,
        0.658823549747467,
        0.6000000238418579,
        0.6000000238418579,
        0.6235294342041016,
        0.6470588445663452,
        0.6352941393852234,
        0.6000000238418579,
        0.658823549747467
    ],
    "val_accuracy": [
        0.4761904776096344,
        0.3333333432674408,
        0.6666666865348816,
        0.6190476417541504,
        0.4761904776096344,
        0.523809552192688,
        0.4761904776096344,
        0.4761904776096344,
        0.4761904776096344,
        0.4761904776096344,
        0.4761904776096344,
        0.4761904776096344,
        0.4761904776096344,
        0.4761904776096344,
        0.4761904776096344,
        0.4761904776096344,
        0.4761904776096344,
        0.523809552192688,
        0.4285714328289032,
        0.4285714328289032,
        0.4761904776096344,
        0.4285714328289032,
        0.5714285969734192,
        0.6190476417541504,
        0.6190476417541504,
        0.6190476417541504,
        0.5714285969734192,
        0.5714285969734192,
        0.523809552192688,
        0.523809552192688,
        0.380952388048172,
        0.380952388048172,
        0.380952388048172,
        0.4285714328289032,
        0.4285714328289032,
        0.523809552192688,
        0.5714285969734192,
        0.5714285969734192,
        0.5714285969734192,
        0.5714285969734192,
        0.5714285969734192,
        0.5714285969734192,
        0.5714285969734192,
        0.5714285969734192,
        0.5714285969734192,
        0.5714285969734192,
        0.5714285969734192,
        0.523809552192688,
        0.523809552192688,
        0.523809552192688,
        0.523809552192688,
        0.5714285969734192,
        0.5714285969734192,
        0.5714285969734192,
        0.5714285969734192,
        0.5714285969734192
    ],