{
    "hyperparameters": {
        "activation": "gelu",
        "dropout_rate": 0.4107044549974,
        "hidden_units": 24,
        "learning_rate": 0.0533449574993,
        "num_layers": 2,
        "weight_decay": 0.0046369784547
    },
    "dataset_stats": {
        "name": "Car",
        "train_size": 68,
        "val_size": 17,
        "input_shape": [
            577,
            1
        ],
        "num_classes": 4
    },
    "epochs": 42,
    "train_loss": [
        1.5560646057128906,
        1.3772350549697876,
        1.3586277961730957,
        1.4115642309188843,
        1.3107895851135254,
        1.4316534996032715,
        1.3294193744659424,
        1.2859587669372559,
        1.3171930313110352,
        1.300254225730896,
        1.1648039817810059,
        1.2960346937179565,
        1.2598627805709839,
        1.4083501100540161,
        1.2229416370391846,
        1.1790016889572144,
        1.2943681478500366,
        1.2446112632751465,
        1.3117965459823608,
        1.1867681741714478,
        1.2099218368530273,
        1.199143409729004,
        1.3354496955871582,
        1.2249608039855957,
        1.2594258785247803,
        1.2314165830612183,
        1.1971607208251953,
        1.2342684268951416,
        1.3161290884017944,
        1.1540472507476807,
        1.287616491317749,
        1.2506650686264038,
        1.286845326423645,
        1.2568554878234863,
        1.1908880472183228,
        1.1515130996704102,
        1.234474778175354,
        1.252258062362671,
        1.2335618734359741,
        1.2609357833862305,
        1.2495179176330566,
        1.2876935005187988
    ],
    "val_loss": [
        1.3729441165924072,
        2.38700270652771,
        2.4964070320129395,
        2.1090478897094727,
        2.1116840839385986,
        2.2228338718414307,
        2.201845407485962,
        1.9892033338546753,
        1.6819989681243896,
        1.4577550888061523,
        1.3890267610549927,
        1.2979387044906616,
        1.2452040910720825,
        1.3765952587127686,
        1.436732292175293,
        1.4952296018600464,
        1.4791479110717773,
        1.4407932758331299,
        1.4725255966186523,
        1.4747798442840576,
        1.5049750804901123,
        1.4567629098892212,
        1.4052200317382812,
        1.3712656497955322,
        1.408331274986267,
        1.4132908582687378,
        1.3092705011367798,
        1.2660608291625977,
        1.2540345191955566,
        1.3009001016616821,
        1.8176594972610474,
        1.7453738451004028,
        1.8731433153152466,
        1.7442371845245361,
        1.5921214818954468,
        1.4201120138168335,
        2.1803128719329834,
        2.2329094409942627,
        1.8250213861465454,
        1.8157347440719604,
        1.6583713293075562,
        1.4909065961837769,
        1.4700171947479248
    ],
    "train_accuracy": [
        0.27941176295280457,
        0.3529411852359772,
        0.47058823704719543,
        0.2647058963775635,
        0.47058823704719543,
        0.3382352888584137,
        0.4852941036224365,
        0.3970588147640228,
        0.4264705777168274,
        0.45588234066963196,
        0.5882353186607361,
        0.45588234066963196,
        0.4264705777168274,
        0.3382352888584137,
        0.47058823704719543,
        0.4264705777168274,
        0.3970588147640228,
        0.38235294818878174,
        0.36764705181121826,
        0.36764705181121826,
        0.4264705777168274,
        0.45588234066963196,
        0.3382352888584137,
        0.4117647111415863,
        0.4117647111415863,
        0.38235294818878174,
        0.5,
        0.3970588147640228,
        0.3529411852359772,
        0.4117647111415863,
        0.4117647111415863,
        0.4117647111415863,
        0.47058823704719543,
        0.45588234066963196,
        0.5147058963775635,
        0.5147058963775635,
        0.4117647111415863,
        0.3970588147640228,
        0.4264705777168274,
        0.36764705181121826,
        0.36764705181121826,
        0.27941176295280457
    ],
    "val_accuracy": [
        0.29411765933036804,
        0.23529411852359772,
        0.23529411852359772,
        0.3529411852359772,
        0.29411765933036804,
        0.3529411852359772,
        0.23529411852359772,
        0.29411765933036804,
        0.29411765933036804,
        0.3529411852359772,
        0.47058823704719543,
        0.4117647111415863,
        0.4117647111415863,
        0.4117647111415863,
        0.3529411852359772,
        0.29411765933036804,
        0.29411765933036804,
        0.29411765933036804,
        0.29411765933036804,
        0.3529411852359772,
        0.29411765933036804,
        0.29411765933036804,
        0.4117647111415863,
        0.4117647111415863,
        0.4117647111415863,
        0.3529411852359772,
        0.29411765933036804,
        0.29411765933036804,
        0.4117647111415863,
        0.4117647111415863,
        0.1764705926179886,
        0.1764705926179886,
        0.05882352963089943,
        0.23529411852359772,
        0.23529411852359772,
        0.3529411852359772,
        0.23529411852359772,
        0.23529411852359772,
        0.23529411852359772,
        0.23529411852359772,
        0.29411765933036804,
        0.23529411852359772,
        0.1764705926179886
    ],
    "epoch_times": [
        0.0562748908996582,
        0.02878403663635254,
        0.028187274932861328,
        0.02774786949157715,
        0.028280019760131836,
        0.028671979904174805,
        0.02845907211303711,
        0.028278112411499023,
        0.028221845626831055,
        0.02880692481994629,
        0.028682947158813477,
        0.028542041778564453,
        0.02828502655029297,
        0.028304100036621094,
        0.028179168701171875,
        0.028191089630126953,
        0.028247833251953125,
        0.028472185134887695,
        0.028223037719726562,
        0.028049945831298828,
        0.02864527702331543,
        0.028219938278198242,
        0.028489112854003906,
        0.028250932693481445,
        0.028398752212524414,
        0.028319120407104492,
        0.02791619300842285,
        0.02813887596130371,
        0.02821516990661621,
        0.028388023376464844,
        0.027909040451049805,
        0.02783823013305664,
        0.02796006202697754,
        0.02794480323791504,
        0.028178930282592773,
        0.02778482437133789,
        0.028148889541625977,
        0.028005123138427734,
        0.027809858322143555,
        0.02773594856262207,
        0.0312039852142334,
        0.028610944747924805
    ]
}