{
    "hyperparameters": {
        "bidirectional": true,
        "dropout_rate": 0.2388809549696,
        "hidden_units": 143,
        "learning_rate": 0.0002987720397,
        "num_layers": 1,
        "output_activation": "relu",
        "weight_decay": 1.65526988e-05
    },
    "dataset_stats": {
        "name": "ChlorineConcentration",
        "train_size": 374,
        "val_size": 93,
        "input_shape": [
            166,
            1
        ],
        "num_classes": 3
    },
    "epochs": 54,
    "train_loss": [
        1.0540499687194824,
        1.014153003692627,
        1.0021870136260986,
        0.995424747467041,
        0.9890138506889343,
        0.9871113896369934,
        0.9793168306350708,
        0.9755534529685974,
        0.9757758975028992,
        0.9711575508117676,
        0.9771264791488647,
        0.9663443565368652,
        0.9623076319694519,
        0.9694280028343201,
        0.9566971659660339,
        0.9628397822380066,
        0.9682519435882568,
        0.951286792755127,
        0.9480961561203003,
        0.9400491714477539,
        0.9464229941368103,
        0.9346517324447632,
        0.9347230792045593,
        0.9321117997169495,
        0.9301564693450928,
        0.9205551743507385,
        0.9206262826919556,
        0.9222648739814758,
        0.9231885075569153,
        0.9162996411323547,
        0.908046305179596,
        0.9020338654518127,
        0.9045649766921997,
        0.9031897783279419,
        0.8979516625404358,
        0.8958923816680908,
        0.8939152956008911,
        0.8853594660758972,
        0.8868507742881775,
        0.8815164566040039,
        0.8883196115493774,
        0.8885608911514282,
        0.8833125233650208,
        0.8840603828430176,
        0.8855416178703308,
        0.8807470798492432,
        0.8725749254226685,
        0.8758809566497803,
        0.8773447275161743,
        0.871232807636261,
        0.8758227229118347,
        0.8756377696990967,
        0.879916250705719,
        0.8738662600517273
    ],
    "val_loss": [
        1.1278812885284424,
        0.9709804654121399,
        0.9797347784042358,
        0.967938244342804,
        0.9719721674919128,
        0.9625675082206726,
        0.9607171416282654,
        0.9546507000923157,
        0.9628052115440369,
        0.9585170149803162,
        0.9617765545845032,
        0.9496246576309204,
        0.9627275466918945,
        0.9495556950569153,
        0.9523525238037109,
        0.9568241834640503,
        0.9588492512702942,
        0.9612372517585754,
        0.9585835337638855,
        0.9571674466133118,
        0.9468451142311096,
        0.9528915882110596,
        0.9495255947113037,
        0.9507757425308228,
        0.9422653317451477,
        0.9469842314720154,
        0.9536918997764587,
        0.9499622583389282,
        0.9458850622177124,
        0.9557750821113586,
        0.9487842917442322,
        0.9482445120811462,
        0.9472708702087402,
        0.9522050619125366,
        0.9441837668418884,
        0.9443864822387695,
        0.948097825050354,
        0.9486438632011414,
        0.9492911100387573,
        0.9464000463485718,
        0.9466705322265625,
        0.9477721452713013,
        0.9469743967056274,
        0.9451858401298523,
        0.945424497127533,
        0.9458895325660706,
        0.9452211260795593,
        0.9458929300308228,
        0.9453989863395691,
        0.9454169273376465,
        0.9445522427558899,
        0.9448468685150146,
        0.9448481798171997,
        0.9462993741035461,
        0.9454009532928467
    ],
    "train_accuracy": [
        0.5213903784751892,
        0.5614973306655884,
        0.5748662948608398,
        0.5775400996208191,
        0.5802139043807983,
        0.5775400996208191,
        0.5802139043807983,
        0.5828877091407776,
        0.5855615139007568,
        0.5882353186607361,
        0.5935828685760498,
        0.596256673336029,
        0.5935828685760498,
        0.5882353186607361,
        0.5909090638160706,
        0.5935828685760498,
        0.5909090638160706,
        0.5935828685760498,
        0.5989304780960083,
        0.606951892375946,
        0.6042780876159668,
        0.6016042828559875,
        0.5989304780960083,
        0.606951892375946,
        0.6016042828559875,
        0.614973247051239,
        0.6176470518112183,
        0.6096256971359253,
        0.6229946613311768,
        0.6390374302864075,
        0.6229946613311768,
        0.6203208565711975,
        0.6229946613311768,
        0.614973247051239,
        0.6042780876159668,
        0.6310160160064697,
        0.6283422708511353,
        0.6283422708511353,
        0.633689820766449,
        0.6417112350463867,
        0.6283422708511353,
        0.6176470518112183,
        0.6390374302864075,
        0.633689820766449,
        0.6283422708511353,
        0.633689820766449,
        0.6310160160064697,
        0.6417112350463867,
        0.6203208565711975,
        0.6363636255264282,
        0.6363636255264282,
        0.6470588445663452,
        0.6470588445663452,
        0.6577540040016174
    ],
    "val_accuracy": [
        0.1875,
        0.602150559425354,
        0.602150559425354,
        0.602150559425354,
        0.602150559425354,
        0.602150559425354,
        0.602150559425354,
        0.602150559425354,
        0.602150559425354,
        0.602150559425354,
        0.602150559425354,
        0.6129032373428345,
        0.6129032373428345,
        0.6236559152603149,
        0.6129032373428345,
        0.6129032373428345,
        0.6129032373428345,
        0.6451612710952759,
        0.6129032373428345,
        0.6236559152603149,
        0.6236559152603149,
        0.6236559152603149,
        0.6236559152603149,
        0.6236559152603149,
        0.6129032373428345,
        0.6236559152603149,
        0.6451612710952759,
        0.6236559152603149,
        0.6236559152603149,
        0.6236559152603149,
        0.6344085931777954,
        0.6236559152603149,
        0.6344085931777954,
        0.6129032373428345,
        0.6129032373428345,
        0.6129032373428345,
        0.6129032373428345,
        0.6344085931777954,
        0.6344085931777954,
        0.6236559152603149,
        0.6344085931777954,
        0.6236559152603149,
        0.6236559152603149,
        0.6129032373428345,
        0.6451612710952759,
        0.6344085931777954,
        0.602150559425354,
        0.6236559152603149,
        0.6344085931777954,
        0.6236559152603149,
        0.6236559152603149,
        0.6129032373428345,
        0.6236559152603149,
        0.6451612710952759,
        0.6451612710952759
    ],