{
    "hyperparameters": {
        "activation": "sigmoid",
        "dropout_rate": 0.4236197382293,
        "kernel_size": 3,
        "learning_rate": 0.0038542687994,
        "num_filters": 117,
        "num_layers": 1,
        "pooling": "max",
        "pooling_size": 1
    },
    "dataset_stats": {
        "name": "FiftyWords",
        "train_size": 720,
        "val_size": 180,
        "input_shape": [
            1,
            270
        ],
        "num_classes": 50
    },
    "epochs": 42,
    "train_loss": [
        3.709820508956909,
        3.0713138580322266,
        2.85247540473938,
        2.7665414810180664,
        2.6118078231811523,
        2.549999713897705,
        2.4821882247924805,
        2.4202682971954346,
        2.275775671005249,
        2.2530200481414795,
        2.1759450435638428,
        2.1134414672851562,
        2.0640108585357666,
        2.002371311187744,
        2.025355577468872,
        1.9710813760757446,
        1.9104268550872803,
        1.8207539319992065,
        1.8160721063613892,
        1.7329427003860474,
        1.7502633333206177,
        1.7625792026519775,
        1.7374316453933716,
        1.6306283473968506,
        1.5957361459732056,
        1.6270501613616943,
        1.49282705783844,
        1.64548921585083,
        1.504578948020935,
        1.5058332681655884,
        1.509517788887024,
        1.437479019165039,
        1.415961742401123,
        1.3965121507644653,
        1.3474912643432617,
        1.3432416915893555,
        1.3407343626022339,
        1.361956238746643,
        1.3381140232086182,
        1.3244874477386475,
        1.3584283590316772,
        1.246665120124817
    ],
    "val_loss": [
        3.895474433898926,
        3.3949625492095947,
        3.2528796195983887,
        3.2228214740753174,
        3.1691973209381104,
        3.1379127502441406,
        3.1395013332366943,
        3.1000866889953613,
        3.1126341819763184,
        3.059145212173462,
        3.084700584411621,
        3.0495235919952393,
        3.03265380859375,
        3.0923712253570557,
        3.0580594539642334,
        3.1282405853271484,
        3.106511354446411,
        3.1227779388427734,
        3.229771137237549,
        3.1676175594329834,
        3.1858880519866943,
        3.201791763305664,
        3.1407511234283447,
        3.212872266769409,
        3.2177720069885254,
        3.271737575531006,
        3.21832013130188,
        3.188227653503418,
        3.2591848373413086,
        3.3396694660186768,
        3.323080062866211,
        3.300732374191284,
        3.3329877853393555,
        3.335009813308716,
        3.3652188777923584,
        3.485974073410034,
        3.4866044521331787,
        3.4239134788513184,
        3.517951726913452,
        3.4691758155822754,
        3.4952354431152344,
        3.5351452827453613,
        3.488847255706787
    ],
    "train_accuracy": [
        0.1527777761220932,
        0.2527777850627899,
        0.2888889014720917,
        0.3291666805744171,
        0.3444444537162781,
        0.3583333194255829,
        0.36666667461395264,
        0.375,
        0.40138888359069824,
        0.4194444417953491,
        0.42500001192092896,
        0.4208333194255829,
        0.4486111104488373,
        0.4680555462837219,
        0.4513888955116272,
        0.4652777910232544,
        0.47777777910232544,
        0.5041666626930237,
        0.5041666626930237,
        0.5249999761581421,
        0.4972222149372101,
        0.5069444179534912,
        0.5041666626930237,
        0.5388888716697693,
        0.5555555820465088,
        0.5402777791023254,
        0.5944444537162781,
        0.5375000238418579,
        0.5888888835906982,
        0.5708333253860474,
        0.5805555582046509,
        0.5930555462837219,
        0.5944444537162781,
        0.6083333492279053,
        0.612500011920929,
        0.6069444417953491,
        0.5972222089767456,
        0.6194444298744202,
        0.637499988079071,
        0.6111111044883728,
        0.5791666507720947,
        0.6499999761581421
    ],
    "val_accuracy": [
        0.03125,
        0.16111111640930176,
        0.22777777910232544,
        0.22777777910232544,
        0.24444444477558136,
        0.2666666805744171,
        0.25555557012557983,
        0.2944444417953491,
        0.2611111104488373,
        0.2777777910232544,
        0.28333333134651184,
        0.30000001192092896,
        0.2888889014720917,
        0.2777777910232544,
        0.30000001192092896,
        0.27222222089767456,
        0.2888889014720917,
        0.3055555522441864,
        0.27222222089767456,
        0.30000001192092896,
        0.31111112236976624,
        0.2944444417953491,
        0.2777777910232544,
        0.31111112236976624,
        0.2944444417953491,
        0.3055555522441864,
        0.3222222328186035,
        0.28333333134651184,
        0.2944444417953491,
        0.3055555522441864,
        0.31111112236976624,
        0.30000001192092896,
        0.3055555522441864,
        0.31111112236976624,
        0.2944444417953491,
        0.30000001192092896,
        0.30000001192092896,
        0.2944444417953491,
        0.31111112236976624,
        0.30000001192092896,
        0.3055555522441864,
        0.28333333134651184,
        0.3222222328186035
    ],
    "epoch_times": [
        0.22454333305358887,
        0.11713552474975586,
        0.1151118278503418,
        0.11129045486450195,
        0.11446046829223633,
        0.11044502258300781,
        0.10947632789611816,
        0.10755610466003418,
        0.1074833869934082,
        0.10829877853393555,
        0.10786247253417969,
        0.1074683666229248,
        0.10796546936035156,
        0.10843634605407715,
        0.10950803756713867,
        0.10806846618652344,
        0.10792994499206543,
        0.10771799087524414,
        0.10721516609191895,
        0.10669541358947754,
        0.1074521541595459,
        0.10617566108703613,
        0.10814499855041504,
        0.11061549186706543,
        0.10720539093017578,
        0.10745429992675781,
        0.10698127746582031,
        0.10502886772155762,
        0.1094369888305664,
        0.10592937469482422,
        0.10939502716064453,
        0.11014199256896973,
        0.11155033111572266,
        0.11334514617919922,
        0.11164307594299316,
        0.10590195655822754,
        0.11280179023742676,
        0.10848259925842285,
        0.10893726348876953,
        0.10755777359008789,
        0.10706114768981934,
        0.10753059387207031
    ]
}