{
    "hyperparameters": {
        "activation": "elu",
        "dropout_rate": 0.0437363810925,
        "kernel_size": 4,
        "learning_rate": 0.0003864861313,
        "num_filters": 66,
        "num_layers": 3,
        "pooling": "average",
        "pooling_size": 1
    },
    "dataset_stats": {
        "name": "CBF",
        "train_size": 48,
        "val_size": 12,
        "input_shape": [
            1,
            128
        ],
        "num_classes": 3
    },
    "epochs": 47,
    "train_loss": [
        1.2357698678970337,
        0.8317630290985107,
        0.7363674640655518,
        0.6566178202629089,
        0.64878249168396,
        0.5643458962440491,
        0.5303401350975037,
        0.44949984550476074,
        0.45858874917030334,
        0.3947722017765045,
        0.36623382568359375,
        0.33222857117652893,
        0.2977384626865387,
        0.27707526087760925,
        0.24662859737873077,
        0.25235089659690857,
        0.22353190183639526,
        0.19993621110916138,
        0.1988242119550705,
        0.1761016845703125,
        0.14456452429294586,
        0.15352104604244232,
        0.15320180356502533,
        0.10376665741205215,
        0.09399977326393127,
        0.10392401367425919,
        0.07933644205331802,
        0.10858944058418274,
        0.06158697232604027,
        0.06755683571100235,
        0.07012364268302917,
        0.07551948726177216,
        0.04332573711872101,
        0.042202312499284744,
        0.04385600984096527,
        0.03831612691283226,
        0.05663755536079407,
        0.03407635912299156,
        0.027043500915169716,
        0.03243988752365112,
        0.040965866297483444,
        0.023819604888558388,
        0.019018523395061493,
        0.022193321958184242,
        0.017852915450930595,
        0.019559403881430626,
        0.01594054512679577
    ],
    "val_loss": [
        1.0933841466903687,
        1.0639034509658813,
        1.034438133239746,
        1.008752465248108,
        0.9854269027709961,
        0.9728336930274963,
        0.9666325449943542,
        0.970026433467865,
        0.9692225456237793,
        0.9511885643005371,
        0.9214492440223694,
        0.8906039595603943,
        0.8757060170173645,
        0.8571440577507019,
        0.8414905071258545,
        0.8310268521308899,
        0.829929530620575,
        0.8139064908027649,
        0.8280391097068787,
        0.8669945597648621,
        0.9001864790916443,
        0.922198474407196,
        1.01348078250885,
        1.167109489440918,
        1.3645704984664917,
        1.4678435325622559,
        1.4957164525985718,
        1.3998523950576782,
        1.3485268354415894,
        1.3321164846420288,
        1.4154430627822876,
        1.5967521667480469,
        1.71246337890625,
        1.721717357635498,
        1.7166029214859009,
        1.7527470588684082,
        1.786351203918457,
        1.9012585878372192,
        2.033635377883911,
        2.133910894393921,
        2.158829689025879,
        2.112839698791504,
        2.096912384033203,
        2.107511520385742,
        2.1863677501678467,
        2.2236034870147705,
        2.278193235397339,
        2.33073353767395
    ],
    "train_accuracy": [
        0.3541666567325592,
        0.6458333134651184,
        0.6875,
        0.7291666865348816,
        0.75,
        0.7916666865348816,
        0.8125,
        0.8541666865348816,
        0.8541666865348816,
        0.9166666865348816,
        0.9375,
        0.9166666865348816,
        0.9166666865348816,
        0.9166666865348816,
        0.9583333134651184,
        0.9583333134651184,
        0.9583333134651184,
        0.9166666865348816,
        0.9583333134651184,
        0.9791666865348816,
        0.9583333134651184,
        0.9791666865348816,
        0.9583333134651184,
        0.9791666865348816,
        0.9791666865348816,
        1.0,
        1.0,
        1.0,
        1.0,
        0.9791666865348816,
        0.9791666865348816,
        0.9791666865348816,
        1.0,
        1.0,
        1.0,
        1.0,
        1.0,
        1.0,
        1.0,
        1.0,
        1.0,
        1.0,
        1.0,
        1.0,
        1.0,
        1.0,
        1.0
    ],
    "val_accuracy": [
        0.4166666567325592,
        0.5833333730697632,
        0.5833333730697632,
        0.6666666865348816,
        0.6666666865348816,
        0.75,
        0.6666666865348816,
        0.6666666865348816,
        0.5833333730697632,
        0.5,
        0.5,
        0.3333333432674408,
        0.4166666567325592,
        0.4166666567325592,
        0.3333333432674408,
        0.4166666567325592,
        0.5,
        0.5,
        0.4166666567325592,
        0.5,
        0.5,
        0.5,
        0.4166666567325592,
        0.4166666567325592,
        0.4166666567325592,
        0.4166666567325592,
        0.4166666567325592,
        0.4166666567325592,
        0.4166666567325592,
        0.3333333432674408,
        0.4166666567325592,
        0.4166666567325592,
        0.4166666567325592,
        0.5,
        0.4166666567325592,
        0.3333333432674408,
        0.3333333432674408,
        0.3333333432674408,
        0.4166666567325592,
        0.4166666567325592,
        0.4166666567325592,
        0.3333333432674408,
        0.3333333432674408,
        0.3333333432674408,
        0.3333333432674408,
        0.3333333432674408,
        0.3333333432674408,
        0.3333333432674408
    ],
    "epoch_times": [
        0.18775224685668945,
        0.0530247688293457,
        0.031900882720947266,
        0.03074789047241211,
        0.030932188034057617,
        0.032073259353637695,
        0.0323333740234375,
        0.031084775924682617,
        0.031984567642211914,
        0.03187084197998047,
        0.03239178657531738,
        0.031766414642333984,
        0.0321040153503418,
        0.03241372108459473,
        0.03261280059814453,
        0.03220105171203613,
        0.0320439338684082,
        0.03186297416687012,
        0.032065629959106445,
        0.03509688377380371,
        0.03348207473754883,
        0.035187482833862305,
        0.031928062438964844,
        0.03146028518676758,
        0.03206992149353027,
        0.03184795379638672,
        0.031192302703857422,
        0.03073287010192871,
        0.03473091125488281,
        0.03257155418395996,
        0.031343936920166016,
        0.033118486404418945,
        0.03372454643249512,
        0.034323930740356445,
        0.033434152603149414,
        0.03385162353515625,
        0.03191328048706055,
        0.029127120971679688,
        0.028146028518676758,
        0.03219151496887207,
        0.03081202507019043,
        0.03309130668640137,
        0.03237414360046387,
        0.03213024139404297,
        0.031470537185668945,
        0.03201007843017578,
        0.030933141708374023
    ]
}