{
    "hyperparameters": {
        "bidirectional": true,
        "dropout_rate": 0.2959723417575,
        "hidden_units": 91,
        "learning_rate": 0.00305357119,
        "num_layers": 2,
        "output_activation": "relu",
        "weight_decay": 0.0008375852779
    },
    "dataset_stats": {
        "name": "BeetleFly",
        "train_size": 36,
        "val_size": 9,
        "input_shape": [
            512,
            1
        ],
        "num_classes": 2
    },
    "epochs": 33,
    "train_loss": [
        0.8926255702972412,
        1.1980221271514893,
        0.8444570302963257,
        0.7352192401885986,
        0.6095956563949585,
        0.48497506976127625,
        0.39943599700927734,
        0.5352393388748169,
        0.41444090008735657,
        0.514762818813324,
        0.5209585428237915,
        0.2797083556652069,
        0.3926541209220886,
        0.4118470549583435,
        0.4156390130519867,
        0.4311038553714752,
        0.7195166945457458,
        0.43432921171188354,
        0.2541436553001404,
        0.34381353855133057,
        0.369709849357605,
        0.5465781092643738,
        0.4381263256072998,
        0.4795111417770386,
        0.4029090702533722,
        0.5726067423820496,
        0.613577127456665,
        0.5115965008735657,
        0.39885392785072327,
        0.35957199335098267,
        0.3012700378894806,
        0.38074374198913574,
        0.2552710771560669
    ],
    "val_loss": [
        0.773735761642456,
        1.1792205572128296,
        1.1803393363952637,
        0.8992003202438354,
        0.9446693062782288,
        0.9981572031974792,
        1.0285240411758423,
        1.169625163078308,
        1.2839739322662354,
        1.1508902311325073,
        1.073601245880127,
        1.0356820821762085,
        0.9975825548171997,
        0.994055986404419,
        1.0072674751281738,
        1.030808687210083,
        1.0607943534851074,
        1.0987056493759155,
        1.1441600322723389,
        1.1782853603363037,
        1.195953607559204,
        1.2074946165084839,
        1.207908034324646,
        1.2040886878967285,
        1.1963069438934326,
        1.1850311756134033,
        1.1746582984924316,
        1.1601612567901611,
        1.1538100242614746,
        1.1489548683166504,
        1.1457247734069824,
        1.142685055732727,
        1.141030192375183,
        1.1422605514526367
    ],
    "train_accuracy": [
        0.4444444477558136,
        0.7222222089767456,
        0.6666666865348816,
        0.6666666865348816,
        0.8333333134651184,
        0.7222222089767456,
        0.8333333134651184,
        0.8333333134651184,
        0.8333333134651184,
        0.8333333134651184,
        0.8888888955116272,
        0.8888888955116272,
        0.8888888955116272,
        0.8888888955116272,
        0.8333333134651184,
        0.8888888955116272,
        0.7222222089767456,
        0.8333333134651184,
        0.8888888955116272,
        0.8888888955116272,
        0.8888888955116272,
        0.8333333134651184,
        0.8333333134651184,
        0.8333333134651184,
        0.8888888955116272,
        0.7777777910232544,
        0.7222222089767456,
        0.8333333134651184,
        0.7777777910232544,
        0.8888888955116272,
        0.8888888955116272,
        0.8888888955116272,
        0.8888888955116272
    ],
    "val_accuracy": [
        0.3333333432674408,
        0.6666666865348816,
        0.4444444477558136,
        0.6666666865348816,
        0.5555555820465088,
        0.4444444477558136,
        0.5555555820465088,
        0.6666666865348816,
        0.6666666865348816,
        0.6666666865348816,
        0.6666666865348816,
        0.5555555820465088,
        0.5555555820465088,
        0.5555555820465088,
        0.5555555820465088,
        0.5555555820465088,
        0.5555555820465088,
        0.5555555820465088,
        0.5555555820465088,
        0.5555555820465088,
        0.5555555820465088,
        0.5555555820465088,
        0.5555555820465088,
        0.5555555820465088,
        0.5555555820465088,
        0.5555555820465088,
        0.5555555820465088,
        0.5555555820465088,
        0.5555555820465088,
        0.5555555820465088,
        0.5555555820465088,
        0.5555555820465088,
        0.5555555820465088,
        0.5555555820465088
    ],
    "epoch_times": [
        0.2690753936767578,
        0.39107584953308105,
        0.4204559326171875,
        0.44727563858032227,
        0.4251585006713867,
        0.4318726062774658,
        0.5096373558044434,
        0.46910738945007324,
        0.4182159900665283,
        0.40238285064697266,
        0.4900221824645996,
        0.42839646339416504,
        0.429431676864624,
        0.4251430034637451,
        0.45679306983947754,
        0.5227131843566895,
        0.38648200035095215,
        0.44301319122314453,
        0.4126119613647461,
        0.38557934761047363,
        0.3830399513244629,
        0.42594051361083984,
        0.4149019718170166,
        0.45328664779663086,
        0.3833644390106201,
        0.3737363815307617,
        0.5173354148864746,
        0.4041774272918701,
        0.43300342559814453,
        0.4851200580596924,
        0.4650611877441406,
        0.4348289966583252,
        0.3820655345916748
    ]
}