{
    "hyperparameters": {
        "bidirectional": false,
        "dropout_rate": 0.0387012631228,
        "hidden_units": 98,
        "learning_rate": 0.007062145844,
        "num_layers": 1,
        "output_activation": "tanh",
        "weight_decay": 0.0004164898957
    },
    "dataset_stats": {
        "name": "Adiac",
        "train_size": 340,
        "val_size": 50,
        "input_shape": [
            176,
            1
        ],
        "num_classes": 37
    },
    "epochs": 52,
    "train_loss": [
        3.2596378326416016,
        3.000612735748291,
        2.7424914836883545,
        2.3569068908691406,
        2.539419412612915,
        2.0540738105773926,
        1.7391386032104492,
        1.3485548496246338,
        1.308607816696167,
        1.629072904586792,
        1.522727370262146,
        1.362486720085144,
        1.7483158111572266,
        1.0463863611221313,
        1.3921595811843872,
        1.045946478843689,
        0.8610690832138062,
        1.2184804677963257,
        0.7701502442359924,
        0.98736172914505,
        0.9259344935417175,
        0.835496723651886,
        1.0200968980789185,
        0.5707949995994568,
        0.6233577132225037,
        0.4194314479827881,
        0.7367514371871948,
        0.7121874690055847,
        0.8064395189285278,
        0.6159774661064148,
        0.6676465272903442,
        0.7219861745834351,
        0.6689389944076538,
        0.6622841954231262,
        0.6342940926551819,
        0.6530144810676575,
        0.36883434653282166,
        0.3866511881351471,
        0.46549516916275024,
        0.6186685562133789,
        0.3876660168170929,
        0.4210278391838074,
        0.5348857641220093,
        0.38693517446517944,
        0.5461270213127136,
        0.4776082932949066,
        0.3615955710411072,
        0.5029476881027222,
        0.500983715057373,
        0.4907934069633484,
        0.40591779351234436,
        0.3366577923297882
    ],
    "val_loss": [
        3.668613910675049,
        3.1381964683532715,
        3.0481185913085938,
        2.86030650138855,
        2.56063175201416,
        2.537888526916504,
        2.279921770095825,
        2.1234450340270996,
        1.9575101137161255,
        1.916732668876648,
        1.794317603111267,
        1.7354953289031982,
        1.7838619947433472,
        1.7404274940490723,
        1.6903979778289795,
        1.6802575588226318,
        1.6587530374526978,
        1.715742588043213,
        1.574906349182129,
        1.6370846033096313,
        1.9367786645889282,
        1.5711922645568848,
        1.5639235973358154,
        1.8221993446350098,
        1.6342273950576782,
        1.6381804943084717,
        1.7901006937026978,
        1.7720937728881836,
        1.6716253757476807,
        1.7185040712356567,
        1.636012315750122,
        1.7035614252090454,
        1.5754622220993042,
        1.7865139245986938,
        1.6125837564468384,
        1.716164231300354,
        1.629974365234375,
        1.677504062652588,
        1.6052117347717285,
        1.6691192388534546,
        1.592374563217163,
        1.6456973552703857,
        1.6539099216461182,
        1.602962851524353,
        1.652156949043274,
        1.6168861389160156,
        1.6261285543441772,
        1.6217601299285889,
        1.6262390613555908,
        1.647493600845337,
        1.6424788236618042,
        1.6265084743499756,
        1.6484801769256592
    ],
    "train_accuracy": [
        0.05000000074505806,
        0.10000000149011612,
        0.20000000298023224,
        0.15000000596046448,
        0.20000000298023224,
        0.3499999940395355,
        0.5,
        0.6000000238418579,
        0.550000011920929,
        0.45000001788139343,
        0.5,
        0.6000000238418579,
        0.4000000059604645,
        0.6500000357627869,
        0.5,
        0.6000000238418579,
        0.800000011920929,
        0.6500000357627869,
        0.699999988079071,
        0.6000000238418579,
        0.75,
        0.75,
        0.75,
        0.800000011920929,
        0.800000011920929,
        0.9000000357627869,
        0.800000011920929,
        0.800000011920929,
        0.699999988079071,
        0.75,
        0.75,
        0.800000011920929,
        0.8500000238418579,
        0.75,
        0.800000011920929,
        0.75,
        0.8500000238418579,
        0.9000000357627869,
        0.800000011920929,
        0.8500000238418579,
        0.9000000357627869,
        0.8500000238418579,
        0.75,
        0.949999988079071,
        0.800000011920929,
        0.949999988079071,
        0.9000000357627869,
        0.8500000238418579,
        0.75,
        0.9000000357627869,
        0.8500000238418579,
        0.949999988079071
    ],
    "val_accuracy": [
        0.07999999821186066,
        0.18000000715255737,
        0.20000000298023224,
        0.2199999988079071,
        0.3400000035762787,
        0.2800000011920929,
        0.3799999952316284,
        0.41999998688697815,
        0.46000000834465027,
        0.4399999976158142,
        0.5400000214576721,
        0.5400000214576721,
        0.6000000238418579,
        0.5600000023841858,
        0.6399999856948853,
        0.5400000214576721,
        0.5600000023841858,
        0.6200000047683716,
        0.6399999856948853,
        0.6200000047683716,
        0.47999998927116394,
        0.5799999833106995,
        0.6000000238418579,
        0.5,
        0.5799999833106995,
        0.5400000214576721,
        0.6000000238418579,
        0.5600000023841858,
        0.5400000214576721,
        0.6200000047683716,
        0.6200000047683716,
        0.6000000238418579,
        0.6000000238418579,
        0.5799999833106995,
        0.6000000238418579,
        0.6000000238418579,
        0.6200000047683716,
        0.6200000047683716,
        0.6200000047683716,
        0.6200000047683716,
        0.6200000047683716,
        0.6200000047683716,
        0.6200000047683716,
        0.6200000047683716,
        0.6200000047683716,
        0.6200000047683716,
        0.6200000047683716,
        0.6200000047683716,
        0.6200000047683716,
        0.6200000047683716,
        0.6200000047683716,
        0.6200000047683716,
        0.6200000047683716
    ],
    "epoch_times": [
        0.48053765296936035,
        0.8677337169647217,
        1.0851998329162598,
        0.812537670135498,
        0.7706751823425293,
        0.7831418514251709,
        0.8113043308258057,
        0.9329671859741211,
        1.1815223693847656,
        1.2158472537994385,
        1.1036744117736816,
        1.0926649570465088,
        1.2567172050476074,
        1.2295548915863037,
        1.1812140941619873,
        1.125652551651001,
        1.120788335800171,
        1.2756001949310303,
        1.2210643291473389,
        1.0581293106079102,
        1.0176033973693848,
        1.1185152530670166,
        1.006122350692749,
        1.146012783050537,
        1.0027227401733398,
        1.2213823795318604,
        1.11806321144104,
        1.0991389751434326,
        1.1535937786102295,
        0.9496734142303467,
        0.7753920555114746,
        0.8157920837402344,
        1.0012454986572266,
        1.075443983078003,
        1.1856598854064941,
        1.1193442344665527,
        1.1951031684875488,
        1.202106237411499,
        0.8481752872467041,
        0.6573278903961182,
        0.8972456455230713,
        0.7793538570404053,
        0.6806726455688477,
        1.1988775730133057,
        1.1489064693450928,
        1.2792744636535645,
        1.1349608898162842,
        1.030517816543579,
        1.2494430541992188,
        1.2071137428283691,
        1.1808221340179443,
        1.0738732814788818
    ]
}