{
    "hyperparameters": {
        "bidirectional": true,
        "dropout_rate": 0.0254827121814,
        "hidden_units": 203,
        "learning_rate": 0.0002776458747,
        "num_layers": 1,
        "output_activation": "gelu",
        "weight_decay": 0.0007399930712
    },
    "dataset_stats": {
        "name": "BeetleFly",
        "train_size": 36,
        "val_size": 9,
        "input_shape": [
            512,
            1
        ],
        "num_classes": 2
    },
    "epochs": 44,
    "train_loss": [
        2.2810404300689697,
        1.361553430557251,
        0.7699179649353027,
        0.4504186809062958,
        0.3815440237522125,
        0.4911732077598572,
        0.8933136463165283,
        0.42594119906425476,
        0.30334362387657166,
        0.47468408942222595,
        0.38061144948005676,
        0.37058866024017334,
        0.36749011278152466,
        0.4240506589412689,
        0.3608420789241791,
        0.35845091938972473,
        0.3902053236961365,
        0.3116304576396942,
        0.4549401104450226,
        0.45210206508636475,
        0.35427069664001465,
        0.5119562149047852,
        0.46644464135169983,
        0.47100359201431274,
        0.327755868434906,
        0.497024267911911,
        0.6109004020690918,
        0.45813873410224915,
        0.4013928174972534,
        0.3941953480243683,
        0.22838722169399261,
        0.39830219745635986,
        0.4228051006793976,
        0.26624596118927,
        0.1834833174943924,
        0.3649083375930786,
        0.3786376416683197,
        0.30297622084617615,
        0.48499324917793274,
        0.3670596778392792,
        0.42054879665374756,
        0.29217270016670227,
        0.47121191024780273,
        0.4520750045776367
    ],
    "val_loss": [
        1.6075462102890015,
        1.1021249294281006,
        0.743575930595398,
        0.6669192910194397,
        0.7340558171272278,
        0.7625481486320496,
        0.7670984268188477,
        0.7591762542724609,
        0.743558406829834,
        0.7190674543380737,
        0.7045971751213074,
        0.6826608180999756,
        0.6584275960922241,
        0.6347693800926208,
        0.6222125291824341,
        0.6225945949554443,
        0.6305234432220459,
        0.65106201171875,
        0.6891278624534607,
        0.7111008763313293,
        0.7174701690673828,
        0.7136532068252563,
        0.7038317322731018,
        0.6930761933326721,
        0.6802478432655334,
        0.670850932598114,
        0.6642598509788513,
        0.6640374660491943,
        0.665788471698761,
        0.6700326800346375,
        0.6731236577033997,
        0.6760008335113525,
        0.6784921884536743,
        0.6791152358055115,
        0.6789627075195312,
        0.6780400276184082,
        0.6765964031219482,
        0.6754844784736633,
        0.6745692491531372,
        0.6740511059761047,
        0.6733153462409973,
        0.6727790832519531,
        0.6718654632568359,
        0.6706312894821167,
        0.6700424551963806
    ],
    "train_accuracy": [
        0.3333333432674408,
        0.3333333432674408,
        0.2777777910232544,
        0.8333333134651184,
        0.8888888955116272,
        0.7222222089767456,
        0.6666666865348816,
        0.7777777910232544,
        0.8888888955116272,
        0.8888888955116272,
        0.8333333134651184,
        0.8888888955116272,
        0.8888888955116272,
        0.8333333134651184,
        0.944444477558136,
        0.944444477558136,
        0.8888888955116272,
        0.8888888955116272,
        0.8333333134651184,
        0.8333333134651184,
        0.8333333134651184,
        0.7777777910232544,
        0.7777777910232544,
        0.7777777910232544,
        0.8888888955116272,
        0.8333333134651184,
        0.7222222089767456,
        0.8333333134651184,
        0.8333333134651184,
        0.8888888955116272,
        1.0,
        0.8888888955116272,
        0.8888888955116272,
        0.8333333134651184,
        0.944444477558136,
        0.8333333134651184,
        0.8888888955116272,
        0.944444477558136,
        0.8333333134651184,
        0.8333333134651184,
        0.8333333134651184,
        0.8888888955116272,
        0.7777777910232544,
        0.8333333134651184
    ],
    "val_accuracy": [
        0.5555555820465088,
        0.5555555820465088,
        0.5555555820465088,
        0.6666666865348816,
        0.7777777910232544,
        0.7777777910232544,
        0.7777777910232544,
        0.7777777910232544,
        0.6666666865348816,
        0.6666666865348816,
        0.5555555820465088,
        0.5555555820465088,
        0.5555555820465088,
        0.6666666865348816,
        0.6666666865348816,
        0.6666666865348816,
        0.6666666865348816,
        0.5555555820465088,
        0.5555555820465088,
        0.5555555820465088,
        0.5555555820465088,
        0.5555555820465088,
        0.5555555820465088,
        0.5555555820465088,
        0.6666666865348816,
        0.6666666865348816,
        0.6666666865348816,
        0.5555555820465088,
        0.5555555820465088,
        0.5555555820465088,
        0.5555555820465088,
        0.5555555820465088,
        0.5555555820465088,
        0.5555555820465088,
        0.5555555820465088,
        0.5555555820465088,
        0.5555555820465088,
        0.5555555820465088,
        0.5555555820465088,
        0.5555555820465088,
        0.5555555820465088,
        0.5555555820465088,
        0.5555555820465088,
        0.5555555820465088,
        0.5555555820465088
    ],
    "epoch_times": [
        0.5331025123596191,
        0.8941478729248047,
        0.9987657070159912,
        1.034517765045166,
        0.9660518169403076,
        1.0000662803649902,
        1.2972009181976318,
        1.386018991470337,
        0.9519681930541992,
        0.9925107955932617,
        1.0604376792907715,
        1.065843105316162,
        1.1288325786590576,
        0.938065767288208,
        1.066338300704956,
        1.141388177871704,
        1.083287000656128,
        0.9780488014221191,
        0.9957494735717773,
        1.1366372108459473,
        1.0517444610595703,
        1.1266708374023438,
        0.9962098598480225,
        1.0984318256378174,
        1.1360056400299072,
        1.0246922969818115,
        1.0116615295410156,
        0.9921524524688721,
        1.0694994926452637,
        1.0423290729522705,
        0.9074811935424805,
        1.0132813453674316,
        0.9744348526000977,
        1.0456879138946533,
        0.9978747367858887,
        1.0621192455291748,
        1.0683012008666992,
        1.0249733924865723,
        1.0739190578460693,
        0.9478292465209961,
        0.9990065097808838,
        1.0553114414215088,
        1.0105245113372803,
        1.002819538116455
    ]
}