{
    "hyperparameters": {
        "activation": "sigmoid",
        "dropout_rate": 0.3796743974782,
        "kernel_size": 3,
        "learning_rate": 0.0001959140091,
        "num_filters": 76,
        "num_layers": 1,
        "pooling": "max",
        "pooling_size": 2
    },
    "dataset_stats": {
        "name": "BirdChicken",
        "train_size": 32,
        "val_size": 8,
        "input_shape": [
            1,
            512
        ],
        "num_classes": 2
    },
    "epochs": 31,
    "train_loss": [
        0.7110723853111267,
        0.637688934803009,
        0.5163263082504272,
        0.5404123663902283,
        0.5560434460639954,
        0.5512518882751465,
        0.44605880975723267,
        0.445798397064209,
        0.4383018910884857,
        0.43973201513290405,
        0.3819081485271454,
        0.4123384356498718,
        0.39930760860443115,
        0.3847160339355469,
        0.3569452166557312,
        0.3750845491886139,
        0.37674087285995483,
        0.34755802154541016,
        0.40820568799972534,
        0.3275294601917267,
        0.363791286945343,
        0.3480675518512726,
        0.30887851119041443,
        0.33459562063217163,
        0.3301357626914978,
        0.33157098293304443,
        0.32841813564300537,
        0.3519020676612854,
        0.24228693544864655,
        0.3072224259376526,
        0.29240140318870544
    ],
    "val_loss": [
        0.6536615490913391,
        0.6602671146392822,
        0.6645958423614502,
        0.669096052646637,
        0.6738156080245972,
        0.6785221099853516,
        0.6839621663093567,
        0.6904228925704956,
        0.6964240670204163,
        0.7034794092178345,
        0.7103407382965088,
        0.7177191972732544,
        0.7247796058654785,
        0.7319262027740479,
        0.7394225597381592,
        0.7473785877227783,
        0.7552148103713989,
        0.7629809379577637,
        0.7717747688293457,
        0.7812161445617676,
        0.791785478591919,
        0.8041455745697021,
        0.8190068602561951,
        0.8352842926979065,
        0.8528270125389099,
        0.872409999370575,
        0.8952784538269043,
        0.9200035929679871,
        0.9477461576461792,
        0.9764400720596313,
        1.0068676471710205,
        1.0401928424835205
    ],
    "train_accuracy": [
        0.59375,
        0.65625,
        0.8125,
        0.65625,
        0.71875,
        0.65625,
        0.71875,
        0.75,
        0.71875,
        0.75,
        0.8125,
        0.78125,
        0.78125,
        0.78125,
        0.84375,
        0.78125,
        0.84375,
        0.8125,
        0.75,
        0.8125,
        0.8125,
        0.78125,
        0.84375,
        0.875,
        0.78125,
        0.8125,
        0.8125,
        0.84375,
        0.90625,
        0.84375,
        0.84375
    ],
    "val_accuracy": [
        0.625,
        0.625,
        0.625,
        0.625,
        0.625,
        0.625,
        0.625,
        0.625,
        0.375,
        0.375,
        0.375,
        0.375,
        0.375,
        0.375,
        0.375,
        0.375,
        0.5,
        0.5,
        0.5,
        0.375,
        0.375,
        0.375,
        0.375,
        0.25,
        0.25,
        0.25,
        0.25,
        0.25,
        0.25,
        0.25,
        0.25,
        0.25
    ],
    "epoch_times": [
        2.484442949295044,
        0.027508020401000977,
        0.01996779441833496,
        0.019240140914916992,
        0.02200603485107422,
        0.01572108268737793,
        0.01640915870666504,
        0.018419981002807617,
        0.01687026023864746,
        0.0171048641204834,
        0.0167849063873291,
        0.016607046127319336,
        0.014772891998291016,
        0.016438961029052734,
        0.01641392707824707,
        0.01764702796936035,
        0.01790618896484375,
        0.01646876335144043,
        0.017818212509155273,
        0.01749897003173828,
        0.018368005752563477,
        0.016483068466186523,
        0.017128944396972656,
        0.016378164291381836,
        0.01640009880065918,
        0.01797008514404297,
        0.01763606071472168,
        0.01632213592529297,
        0.016010046005249023,
        0.01766490936279297,
        0.016812801361083984
    ]
}