{
    "hyperparameters": {
        "activation": "relu",
        "dropout_rate": 0.3518201488989,
        "hidden_units": 43,
        "learning_rate": 0.0001861065929,
        "num_layers": 2,
        "weight_decay": 0.0087798201404
    },
    "dataset_stats": {
        "name": "Car",
        "train_size": 68,
        "val_size": 17,
        "input_shape": [
            577,
            1
        ],
        "num_classes": 4
    },
    "epochs": 130,
    "train_loss": [
        1.4352352619171143,
        1.4373568296432495,
        1.4677653312683105,
        1.3626588582992554,
        1.3845577239990234,
        1.37669837474823,
        1.4030473232269287,
        1.3385422229766846,
        1.2757614850997925,
        1.2990961074829102,
        1.3471862077713013,
        1.3765395879745483,
        1.2854465246200562,
        1.2410001754760742,
        1.2199676036834717,
        1.268410563468933,
        1.1505779027938843,
        1.1993019580841064,
        1.229215383529663,
        1.3570351600646973,
        1.227720022201538,
        1.2240533828735352,
        1.1831371784210205,
        1.2556688785552979,
        1.2299805879592896,
        1.2343544960021973,
        1.2026445865631104,
        1.1090871095657349,
        1.1928808689117432,
        1.1834865808486938,
        1.1847022771835327,
        1.2618602514266968,
        1.2458841800689697,
        1.1965972185134888,
        1.1396574974060059,
        1.1839382648468018,
        1.1450554132461548,
        1.2099286317825317,
        1.1947780847549438,
        1.1347856521606445,
        1.2963225841522217,
        1.2405831813812256,
        1.1455411911010742,
        1.1791738271713257,
        1.1035419702529907,
        1.0741703510284424,
        1.1454700231552124,
        1.1474305391311646,
        1.0592262744903564,
        1.1550683975219727,
        1.1173028945922852,
        1.0637723207473755,
        1.1452358961105347,
        1.1321640014648438,
        1.2038183212280273,
        1.0966609716415405,
        1.107325553894043,
        1.2381219863891602,
        1.1778942346572876,
        1.142857313156128,
        1.1016188859939575,
        1.1569548845291138,
        1.0931013822555542,
        1.1176762580871582,
        1.1716526746749878,
        1.1298555135726929,
        1.043717384338379,
        0.9986547827720642,
        1.1097090244293213,
        1.1092511415481567,
        1.099158525466919,
        1.1201105117797852,
        1.0850114822387695,
        1.027876853942871,
        1.0827674865722656,
        1.022930383682251,
        0.9946005344390869,
        1.1107635498046875,
        1.1182446479797363,
        1.1177746057510376,
        1.030809760093689,
        1.1098414659500122,
        1.0808700323104858,
        1.1165481805801392,
        1.0132567882537842,
        1.01278817653656,
        1.0617581605911255,
        1.0588544607162476,
        0.9862435460090637,
        1.0808857679367065,
        1.043303370475769,
        0.9855131506919861,
        0.9572597742080688,
        0.9426019191741943,
        1.0491557121276855,
        1.0486985445022583,
        0.992645263671875,
        1.003252625465393,
        0.9964122772216797,
        0.9696787595748901,
        1.0541399717330933,
        0.9810382723808289,
        0.9087849855422974,
        1.0238488912582397,
        0.9626724123954773,
        1.0040946006774902,
        1.0946662425994873,
        0.9662354588508606,
        0.9940195679664612,
        1.0140630006790161,
        1.0398399829864502,
        0.9920974969863892,
        1.0037482976913452,
        0.9262531995773315,
        0.9537264704704285,
        0.8715254664421082,
        0.9521381258964539,
        0.9900718927383423,
        0.9042164087295532,
        1.1244943141937256,
        1.0052366256713867,
        0.9249414801597595,
        1.0806822776794434,
        0.8483618497848511,
        0.9953681826591492,
        0.9929019808769226,
        0.9232791066169739,
        0.8648759722709656,
        0.9622982144355774,
        0.9212071299552917
    ],
    "val_loss": [
        1.403917670249939,
        1.3970348834991455,
        1.3941287994384766,
        1.39542555809021,
        1.3972729444503784,
        1.3920106887817383,
        1.3782087564468384,
        1.357195496559143,
        1.3482650518417358,
        1.3451259136199951,
        1.332772970199585,
        1.3328602313995361,
        1.3329358100891113,
        1.3276824951171875,
        1.3326852321624756,
        1.316428542137146,
        1.3271636962890625,
        1.3320411443710327,
        1.3551441431045532,
        1.3422571420669556,
        1.3508672714233398,
        1.3753507137298584,
        1.370955467224121,
        1.360422134399414,
        1.356139063835144,
        1.3315327167510986,
        1.3172494173049927,
        1.299834966659546,
        1.300841212272644,
        1.3044490814208984,
        1.2878098487854004,
        1.2766218185424805,
        1.2788095474243164,
        1.2615848779678345,
        1.252138376235962,
        1.2554564476013184,
        1.2517870664596558,
        1.2490185499191284,
        1.2606902122497559,
        1.297307014465332,
        1.286116123199463,
        1.245247721672058,
        1.234623908996582,
        1.2301411628723145,
        1.2560667991638184,
        1.2516376972198486,
        1.2799787521362305,
        1.2692350149154663,
        1.251369595527649,
        1.2573271989822388,
        1.2382065057754517,
        1.2086442708969116,
        1.1923835277557373,
        1.1883341073989868,
        1.1977590322494507,
        1.199466586112976,
        1.2228432893753052,
        1.2367452383041382,
        1.240867018699646,
        1.2274304628372192,
        1.1789846420288086,
        1.1702797412872314,
        1.1508370637893677,
        1.1480752229690552,
        1.1274404525756836,
        1.1307790279388428,
        1.1569150686264038,
        1.1516146659851074,
        1.1465164422988892,
        1.159602403640747,
        1.168385624885559,
        1.1673879623413086,
        1.1891629695892334,
        1.167407751083374,
        1.163866639137268,
        1.1527531147003174,
        1.1355736255645752,
        1.1571176052093506,
        1.1602565050125122,
        1.1579269170761108,
        1.1632797718048096,
        1.1707615852355957,
        1.166440725326538,
        1.1792465448379517,
        1.1760051250457764,
        1.1667321920394897,
        1.151406168937683,
        1.1554170846939087,
        1.1657580137252808,
        1.164183497428894,
        1.1438710689544678,
        1.1258691549301147,
        1.1331249475479126,
        1.1722527742385864,
        1.143811583518982,
        1.1649720668792725,
        1.1838746070861816,
        1.199047327041626,
        1.1902037858963013,
        1.1181846857070923,
        1.0572535991668701,
        1.0700305700302124,
        1.0662974119186401,
        1.0847910642623901,
        1.0856775045394897,
        1.1041760444641113,
        1.0962187051773071,
        1.0914051532745361,
        1.1095942258834839,
        1.129225492477417,
        1.1447261571884155,
        1.1405705213546753,
        1.1515851020812988,
        1.1647099256515503,
        1.1496046781539917,
        1.136816143989563,
        1.1204533576965332,
        1.106946349143982,
        1.1176618337631226,
        1.1206283569335938,
        1.1423404216766357,
        1.1771222352981567,
        1.2141391038894653,
        1.206396222114563,
        1.2242218255996704,
        1.240311861038208,
        1.257157802581787,
        1.255223274230957,
        1.2597179412841797,
        1.2624982595443726,
        1.2129648923873901
    ],