{
    "hyperparameters": {
        "activation": "relu",
        "dropout_rate": 0.3518201488989,
        "hidden_units": 43,
        "learning_rate": 0.0001861065929,
        "num_layers": 2,
        "weight_decay": 0.0087798201404
    },
    "dataset_stats": {
        "name": "Car",
        "train_size": 68,
        "val_size": 17,
        "input_shape": [
            577,
            1
        ],
        "num_classes": 4
    },
    "epochs": 35,
    "train_loss": [
        1.5779566764831543,
        1.4903178215026855,
        1.4078277349472046,
        1.3773775100708008,
        1.3215792179107666,
        1.3356001377105713,
        1.2840735912322998,
        1.1876795291900635,
        1.2944421768188477,
        1.3641036748886108,
        1.3940826654434204,
        1.269973874092102,
        1.2765623331069946,
        1.355405569076538,
        1.249334692955017,
        1.2418630123138428,
        1.1789686679840088,
        1.1554545164108276,
        1.2622426748275757,
        1.2915295362472534,
        1.1798112392425537,
        1.279650330543518,
        1.1812748908996582,
        1.1948195695877075,
        1.138001561164856,
        1.0124250650405884,
        1.0667756795883179,
        1.2493857145309448,
        1.1904411315917969,
        1.1275577545166016,
        1.1058193445205688,
        1.0713516473770142,
        1.1015652418136597,
        1.110825777053833,
        1.0781382322311401
    ],
    "val_loss": [
        1.4839768409729004,
        1.4832439422607422,
        1.4703274965286255,
        1.4644970893859863,
        1.4545505046844482,
        1.4525867700576782,
        1.464604377746582,
        1.4657481908798218,
        1.4529832601547241,
        1.4602069854736328,
        1.4808375835418701,
        1.490837574005127,
        1.4940952062606812,
        1.52744460105896,
        1.5498743057250977,
        1.5709360837936401,
        1.600000023841858,
        1.5877282619476318,
        1.5681803226470947,
        1.5678232908248901,
        1.5667952299118042,
        1.5345327854156494,
        1.5033791065216064,
        1.4832297563552856,
        1.468371868133545,
        1.47239351272583,
        1.472217321395874,
        1.4669523239135742,
        1.4802546501159668,
        1.544547438621521,
        1.5597102642059326,
        1.5741301774978638,
        1.5476136207580566,
        1.5443207025527954,
        1.557435393333435,
        1.574350118637085
    ],
    "train_accuracy": [
        0.3235294222831726,
        0.30882352590560913,
        0.3235294222831726,
        0.30882352590560913,
        0.3970588147640228,
        0.36764705181121826,
        0.45588234066963196,
        0.5147058963775635,
        0.3382352888584137,
        0.4117647111415863,
        0.36764705181121826,
        0.3970588147640228,
        0.47058823704719543,
        0.38235294818878174,
        0.36764705181121826,
        0.4264705777168274,
        0.47058823704719543,
        0.5441176295280457,
        0.44117647409439087,
        0.44117647409439087,
        0.4264705777168274,
        0.45588234066963196,
        0.47058823704719543,
        0.4852941036224365,
        0.47058823704719543,
        0.6029411554336548,
        0.5735294222831726,
        0.4117647111415863,
        0.45588234066963196,
        0.4264705777168274,
        0.5441176295280457,
        0.5882353186607361,
        0.6029411554336548,
        0.5588235259056091,
        0.6323529481887817
    ],
    "val_accuracy": [
        0.0,
        0.0,
        0.0,
        0.0,
        0.0,
        0.05882352963089943,
        0.05882352963089943,
        0.05882352963089943,
        0.05882352963089943,
        0.05882352963089943,
        0.05882352963089943,
        0.11764705926179886,
        0.1764705926179886,
        0.1764705926179886,
        0.1764705926179886,
        0.1764705926179886,
        0.11764705926179886,
        0.11764705926179886,
        0.11764705926179886,
        0.11764705926179886,
        0.1764705926179886,
        0.29411765933036804,
        0.29411765933036804,
        0.47058823704719543,
        0.4117647111415863,
        0.4117647111415863,
        0.4117647111415863,
        0.4117647111415863,
        0.4117647111415863,
        0.3529411852359772,
        0.1764705926179886,
        0.1764705926179886,
        0.1764705926179886,
        0.23529411852359772,
        0.23529411852359772,
        0.23529411852359772
    ],
    "epoch_times": [
        0.09411311149597168,
        0.09277915954589844,
        0.017908096313476562,
        0.017865657806396484,
        0.018021345138549805,
        0.0171966552734375,
        0.016889333724975586,
        0.016497373580932617,
        0.017313718795776367,
        0.016242027282714844,
        0.016278743743896484,
        0.01708364486694336,
        0.01714015007019043,
        0.017375469207763672,
        0.01723933219909668,
        0.016855239868164062,
        0.01779007911682129,
        0.01778244972229004,
        0.017722606658935547,
        0.01785588264465332,
        0.017658233642578125,
        0.018290042877197266,
        0.018444299697875977,
        0.01800251007080078,
        0.017527103424072266,
        0.017840147018432617,
        0.017525672912597656,
        0.017883777618408203,
        0.018390893936157227,
        0.017308712005615234,
        0.017838239669799805,
        0.01752328872680664,
        0.01804637908935547,
        0.017728567123413086,
        0.0180056095123291
    ]
}