{
    "hyperparameters": {
        "activation": "gelu",
        "dropout_rate": 0.2249691004691,
        "ff_dim": 443,
        "hidden_units": 70,
        "learning_rate": 0.0001979197055,
        "num_heads": 4,
        "num_layers": 3,
        "pooling": "mean",
        "weight_decay": 8.82632161e-05
    },
    "dataset_stats": {
        "name": "BirdChicken",
        "train_size": 32,
        "val_size": 8,
        "input_shape": [
            512,
            1
        ],
        "num_classes": 2
    },
    "epochs": 40,
    "train_loss": [
        0.9458631277084351,
        0.9919469356536865,
        0.9844608902931213,
        0.7189760804176331,
        0.7979342937469482,
        0.7252869009971619,
        0.7075507044792175,
        0.7168346643447876,
        0.6782709360122681,
        0.7046490907669067,
        0.7266924977302551,
        0.6927191019058228,
        0.601183295249939,
        0.7119958400726318,
        0.6124609708786011,
        0.6452280282974243,
        0.645728349685669,
        0.7468228936195374,
        0.7236135005950928,
        0.6995716691017151,
        0.6435550451278687,
        0.6880919337272644,
        0.6378796100616455,
        0.5888373851776123,
        0.5690852999687195,
        0.6192798614501953,
        0.618614912033081,
        0.731269121170044,
        0.6841200590133667,
        0.5209203362464905,
        0.6561712026596069,
        0.6637954115867615,
        0.6540970802307129,
        0.7102188467979431,
        0.6569353342056274,
        0.6218852400779724,
        0.61962890625,
        0.5968267917633057,
        0.6611899733543396,
        0.7062833309173584
    ],
    "val_loss": [
        1.1808559894561768,
        0.6935268640518188,
        0.6791920065879822,
        0.6591315865516663,
        0.6543469429016113,
        0.6519378423690796,
        0.6733311414718628,
        0.6824204921722412,
        0.671617865562439,
        0.6434947848320007,
        0.6264869570732117,
        0.6372343897819519,
        0.6454620361328125,
        0.641769289970398,
        0.62959223985672,
        0.6300915479660034,
        0.6448866128921509,
        0.6620134115219116,
        0.6762681603431702,
        0.6780850887298584,
        0.6704409718513489,
        0.6562433838844299,
        0.6416748762130737,
        0.6370999217033386,
        0.6355484127998352,
        0.6361046433448792,
        0.637152373790741,
        0.6387072205543518,
        0.6403388977050781,
        0.6412923336029053,
        0.6419413089752197,
        0.6424359083175659,
        0.6430675983428955,
        0.6441768407821655,
        0.6454327702522278,
        0.6456355452537537,
        0.645679771900177,
        0.6452904939651489,
        0.6444534063339233,
        0.6435946226119995,
        0.6428996324539185
    ],
    "train_accuracy": [
        0.5625,
        0.40625,
        0.3125,
        0.65625,
        0.4375,
        0.46875,
        0.59375,
        0.5625,
        0.5625,
        0.53125,
        0.46875,
        0.5625,
        0.625,
        0.40625,
        0.59375,
        0.59375,
        0.625,
        0.5625,
        0.46875,
        0.5,
        0.5,
        0.53125,
        0.59375,
        0.75,
        0.6875,
        0.6875,
        0.625,
        0.5,
        0.625,
        0.84375,
        0.53125,
        0.625,
        0.65625,
        0.5625,
        0.5625,
        0.71875,
        0.75,
        0.625,
        0.5625,
        0.53125
    ],
    "val_accuracy": [
        0.375,
        0.625,
        0.625,
        0.625,
        0.75,
        0.625,
        0.5,
        0.5,
        0.5,
        0.625,
        0.75,
        0.75,
        0.75,
        0.75,
        0.75,
        0.75,
        0.625,
        0.375,
        0.5,
        0.5,
        0.375,
        0.625,
        0.625,
        0.75,
        0.75,
        0.625,
        0.625,
        0.625,
        0.625,
        0.625,
        0.625,
        0.625,
        0.625,
        0.625,
        0.625,
        0.625,
        0.625,
        0.625,
        0.625,
        0.625,
        0.625
    ],
    "epoch_times": [
        0.11435365676879883,
        0.06335091590881348,
        0.04379081726074219,
        0.0442655086517334,
        0.489361047744751,
        0.04328036308288574,
        0.04367804527282715,
        0.044393062591552734,
        0.04296994209289551,
        0.04279661178588867,
        0.0414881706237793,
        0.040520429611206055,
        0.04081988334655762,
        0.04008746147155762,
        0.03972506523132324,
        0.04007244110107422,
        0.044086456298828125,
        0.04362201690673828,
        0.04276418685913086,
        0.044031620025634766,
        0.03983664512634277,
        0.03875899314880371,
        0.039788246154785156,
        0.03907895088195801,
        0.039069414138793945,
        0.037035226821899414,
        0.03940105438232422,
        0.04404449462890625,
        0.03863167762756348,
        0.03881573677062988,
        0.03800320625305176,
        0.038092851638793945,
        0.03779292106628418,
        0.0363466739654541,
        0.03644704818725586,
        0.03541707992553711,
        0.03673839569091797,
        0.0342864990234375,
        0.03909134864807129,
        0.03559422492980957
    ]
}