{
    "hyperparameters": {
        "bidirectional": false,
        "dropout_rate": 0.3771618826283,
        "hidden_units": 76,
        "learning_rate": 1.33241227e-05,
        "num_layers": 5,
        "output_activation": "elu",
        "weight_decay": 0.0003191405275
    },
    "dataset_stats": {
        "name": "BeetleFly",
        "train_size": 36,
        "val_size": 9,
        "input_shape": [
            512,
            1
        ],
        "num_classes": 2
    },
    "epochs": 101,
    "train_loss": [
        1.0788365602493286,
        1.1072710752487183,
        1.1185541152954102,
        1.0548080205917358,
        0.8064901828765869,
        0.9957697987556458,
        0.6761775016784668,
        1.151780128479004,
        0.7797303199768066,
        0.7343520522117615,
        0.9161350727081299,
        0.8310061693191528,
        0.6361421942710876,
        0.6354478001594543,
        0.9391058683395386,
        0.6505419015884399,
        0.850938618183136,
        0.8978207111358643,
        0.6897799968719482,
        0.9086132049560547,
        0.7392380833625793,
        1.174798607826233,
        0.5746920108795166,
        0.9812095165252686,
        0.5806741714477539,
        0.6665967106819153,
        0.5468934774398804,
        0.5758211016654968,
        0.7447710037231445,
        0.5474273562431335,
        0.7392869591712952,
        0.7567789554595947,
        0.8322601318359375,
        0.7639191150665283,
        0.5173889398574829,
        0.6076986789703369,
        0.4897688627243042,
        0.5218763947486877,
        0.7587538361549377,
        0.30881091952323914,
        0.6171185374259949,
        0.8171985149383545,
        0.4233395755290985,
        0.6786419153213501,
        0.6127291321754456,
        0.9370001554489136,
        0.8116538524627686,
        0.7680099010467529,
        0.5200192928314209,
        0.5459482073783875,
        0.7444937229156494,
        0.6648815870285034,
        0.7756775617599487,
        0.320738285779953,
        0.5274170637130737,
        0.4143422544002533,
        0.5926485061645508,
        0.34777534008026123,
        0.6557578444480896,
        0.6391095519065857,
        0.6258235573768616,
        0.6982618570327759,
        0.6510934829711914,
        0.7484670281410217,
        0.35213732719421387,
        0.5013726353645325,
        0.6130778789520264,
        0.49466779828071594,
        0.5328017473220825,
        0.564886748790741,
        0.7824308276176453,
        0.555418074131012,
        0.5590282678604126,
        0.47212281823158264,
        0.6998426914215088,
        0.4679216146469116,
        0.5382475256919861,
        0.6631684303283691,
        0.5589967966079712,
        0.3918384909629822,
        0.7289614081382751,
        0.527767539024353,
        0.6006782650947571,
        0.3517657518386841,
        0.5940640568733215,
        0.4577793478965759,
        0.6506803035736084,
        0.5661512017250061,
        0.5814265012741089,
        0.8279468417167664,
        0.3920459747314453,
        0.6801197528839111,
        0.5849636793136597,
        0.7105214595794678,
        0.5296700596809387,
        0.6070133447647095,
        0.856497049331665,
        0.5349896550178528,
        0.6393939256668091,
        0.5989447832107544,
        0.5761479139328003
    ],
    "val_loss": [
        0.9202815294265747,
        0.8960250020027161,
        0.8752000331878662,
        0.8555841445922852,
        0.8373010754585266,
        0.8204395771026611,
        0.8041136264801025,
        0.7902801632881165,
        0.7786397933959961,
        0.7681710720062256,
        0.7582373023033142,
        0.7492027878761292,
        0.7404137849807739,
        0.7330770492553711,
        0.7240822911262512,
        0.7154547572135925,
        0.7074123024940491,
        0.7002349495887756,
        0.6939546465873718,
        0.6881585717201233,
        0.6830634474754333,
        0.6776155829429626,
        0.6718690395355225,
        0.6665948033332825,
        0.6618106961250305,
        0.6562998294830322,
        0.6511431336402893,
        0.6451587677001953,
        0.63945472240448,
        0.6341173648834229,
        0.6286956071853638,
        0.6240916848182678,
        0.6189162731170654,
        0.6135761737823486,
        0.6094217896461487,
        0.6060067415237427,
        0.6039971113204956,
        0.6022107005119324,
        0.6017009615898132,
        0.6010273098945618,
        0.5998203754425049,
        0.5982297658920288,
        0.5959688425064087,
        0.5928134918212891,
        0.5888190865516663,
        0.585629403591156,
        0.5824080109596252,
        0.5792733430862427,
        0.5765445828437805,
        0.5742347240447998,
        0.5726654529571533,
        0.571245014667511,
        0.569432258605957,
        0.567094087600708,
        0.564338743686676,
        0.5621097087860107,
        0.5594964623451233,
        0.5565383434295654,
        0.55262690782547,
        0.5491450428962708,
        0.5455413460731506,
        0.5429491400718689,
        0.5401694774627686,
        0.5384653806686401,
        0.5372558236122131,
        0.5365044474601746,
        0.5359328389167786,
        0.5351244211196899,
        0.5343416333198547,
        0.5333442687988281,
        0.5321659445762634,
        0.5311105251312256,
        0.5313857197761536,
        0.5317012667655945,
        0.53236985206604,
        0.5329480171203613,
        0.5340588688850403,
        0.535037100315094,
        0.5357362627983093,
        0.5366494059562683,
        0.5372844338417053,
        0.5374378561973572,
        0.5373018980026245,
        0.5364603996276855,
        0.5361154675483704,
        0.5355603694915771,
        0.5351971387863159,
        0.5349317789077759,
        0.5349565148353577,
        0.5349204540252686,
        0.5349755883216858,
        0.5350274443626404,
        0.5350461006164551,
        0.5353099703788757,
        0.5355150103569031,
        0.535843014717102,
        0.5359259843826294,
        0.5360187888145447,
        0.5361862778663635,
        0.5362815260887146,
        0.5364967584609985,
        0.5365467071533203
    ],