{
    "hyperparameters": {
        "activation": "relu",
        "dropout_rate": 0.2406172864234,
        "hidden_units": 19,
        "learning_rate": 0.0001469393561,
        "num_layers": 3,
        "weight_decay": 0.0007655115094
    },
    "dataset_stats": {
        "name": "classification_ozone",
        "train_size": 85,
        "val_size": 21,
        "input_shape": [
            1201,
            1
        ],
        "num_classes": 2
    },
    "epochs": 127,
    "train_loss": [
        0.7282311320304871,
        0.8463299870491028,
        0.7963047027587891,
        0.7101296782493591,
        0.7157277464866638,
        0.749939501285553,
        0.7302282452583313,
        0.8128752708435059,
        0.7294163703918457,
        0.72441166639328,
        0.7165217995643616,
        0.7721618413925171,
        0.724773108959198,
        0.6813628077507019,
        0.7388008832931519,
        0.7894086837768555,
        0.7227649688720703,
        0.7395087480545044,
        0.7158854603767395,
        0.6894230842590332,
        0.6787431836128235,
        0.5974407196044922,
        0.6991795897483826,
        0.8854379057884216,
        0.7212568521499634,
        0.6963791847229004,
        0.7781530022621155,
        0.6873617768287659,
        0.6592541933059692,
        0.6643474698066711,
        0.6673368215560913,
        0.6805195808410645,
        0.7773618102073669,
        0.6774396896362305,
        0.6457400321960449,
        0.7321432828903198,
        0.6576666235923767,
        0.6806321740150452,
        0.6576833724975586,
        0.6368268728256226,
        0.7270424365997314,
        0.6928127408027649,
        0.7214294075965881,
        0.6961069703102112,
        0.7331825494766235,
        0.6465343236923218,
        0.6286264657974243,
        0.6633508801460266,
        0.704002320766449,
        0.7122420072555542,
        0.6605879664421082,
        0.636267900466919,
        0.7051180601119995,
        0.6085093021392822,
        0.5723080635070801,
        0.6208364367485046,
        0.6289053559303284,
        0.6416733860969543,
        0.6289761662483215,
        0.664043128490448,
        0.6547418236732483,
        0.6399585604667664,
        0.5989560484886169,
        0.677827000617981,
        0.6368079781532288,
        0.676887035369873,
        0.7441727519035339,
        0.6321806311607361,
        0.6449304819107056,
        0.6492599844932556,
        0.6763088703155518,
        0.7081927061080933,
        0.6054028272628784,
        0.6681444048881531,
        0.6208258867263794,
        0.6335770487785339,
        0.6351384520530701,
        0.6728881597518921,
        0.6552529335021973,
        0.7019574046134949,
        0.6640124320983887,
        0.6702088117599487,
        0.681374728679657,
        0.6539495587348938,
        0.6156973242759705,
        0.6258535981178284,
        0.6421011686325073,
        0.7163295745849609,
        0.6241309642791748,
        0.7375078797340393,
        0.6290885210037231,
        0.6836122274398804,
        0.7179895043373108,
        0.6229403614997864,
        0.6406899094581604,
        0.6976900100708008,
        0.6740633249282837,
        0.625122606754303,
        0.6063638925552368,
        0.6724888682365417,
        0.6469767689704895,
        0.612713634967804,
        0.6887510418891907,
        0.6659603118896484,
        0.6762734055519104,
        0.6457356810569763,
        0.5858404040336609,
        0.6494192481040955,
        0.6808808445930481,
        0.673058032989502,
        0.6323779225349426,
        0.6757256388664246,
        0.6960652470588684,
        0.5709347724914551,
        0.6049782037734985,
        0.7055356502532959,
        0.6668198108673096,
        0.7040643692016602,
        0.6618114113807678,
        0.6512417793273926,
        0.6797099113464355,
        0.6896935701370239,
        0.6495469212532043,
        0.6496255993843079,
        0.6482293009757996,
        0.6327413320541382,
        0.5952780246734619
    ],
    "val_loss": [
        0.7613114714622498,
        0.7094771265983582,
        0.7087391018867493,
        0.7194151878356934,
        0.7305216789245605,
        0.741317868232727,
        0.753700315952301,
        0.7605717778205872,
        0.7693745493888855,
        0.7839175462722778,
        0.8099568486213684,
        0.8210844993591309,
        0.7932354211807251,
        0.773726761341095,
        0.7675425410270691,
        0.7714190483093262,
        0.7867178320884705,
        0.7918545007705688,
        0.786594033241272,
        0.7849181294441223,
        0.780642032623291,
        0.7770554423332214,
        0.7764174342155457,
        0.7805640697479248,
        0.7669973969459534,
        0.7565295100212097,
        0.7271424531936646,
        0.7230421304702759,
        0.7181723117828369,
        0.7374279499053955,
        0.6989253163337708,
        0.6869035363197327,
        0.6833163499832153,
        0.6872929334640503,
        0.6902308464050293,
        0.6830148100852966,
        0.6711222529411316,
        0.6563533544540405,
        0.6584985852241516,
        0.6767226457595825,
        0.6947469115257263,
        0.6947312355041504,
        0.7284458875656128,
        0.7015476226806641,
        0.7228129506111145,
        0.7220925092697144,
        0.7013490200042725,
        0.7029762268066406,
        0.7148798704147339,
        0.688249409198761,
        0.6930839419364929,
        0.704434871673584,
        0.6960405111312866,
        0.6835922598838806,
        0.6781617403030396,
        0.6824215054512024,
        0.6853628754615784,
        0.6732284426689148,
        0.6664142608642578,
        0.671941876411438,
        0.6919987201690674,
        0.6957491636276245,
        0.6757481098175049,
        0.6637691855430603,
        0.6442217826843262,
        0.6263462901115417,
        0.632277250289917,
        0.6257866621017456,
        0.6263054609298706,
        0.6214904189109802,
        0.6232123374938965,
        0.6412125825881958,
        0.6421660780906677,
        0.6475827097892761,
        0.6471168994903564,
        0.6533339023590088,
        0.676819384098053,
        0.6852080821990967,
        0.6741451025009155,
        0.6570420265197754,
        0.6581457853317261,
        0.6571136116981506,
        0.6601970195770264,
        0.6684668660163879,
        0.6643245220184326,
        0.651623010635376,
        0.6467940807342529,
        0.6591109037399292,
        0.6627474427223206,
        0.6575096845626831,
        0.6719401478767395,
        0.683975338935852,
        0.6500585675239563,
        0.6470272541046143,
        0.6424005031585693,
        0.6248123645782471,
        0.6200457811355591,
        0.6190659999847412,
        0.6311687231063843,
        0.6364343762397766,
        0.6264181137084961,
        0.6213347315788269,
        0.6333789825439453,
        0.6342563629150391,
        0.6341596245765686,
        0.6357062458992004,
        0.6283519864082336,
        0.6391783952713013,
        0.6425666213035583,
        0.6349703669548035,
        0.6314382553100586,
        0.6521382331848145,
        0.683565080165863,
        0.6772745847702026,
        0.6574869751930237,
        0.645165741443634,
        0.6363949179649353,
        0.6498697400093079,
        0.6537663340568542,
        0.662834644317627,
        0.6652666926383972,
        0.6678404808044434,
        0.6538962125778198,
        0.6504737138748169,
        0.6492713689804077,
        0.6464868783950806,
        0.6312829256057739,
        0.6242788434028625
    ],