{
    "hyperparameters": {
        "activation": "relu",
        "dropout_rate": 0.4828634018447,
        "kernel_size": 7,
        "learning_rate": 0.004118329187,
        "num_filters": 191,
        "num_layers": 4,
        "pooling": "average",
        "pooling_size": 1
    },
    "dataset_stats": {
        "name": "CBF",
        "train_size": 48,
        "val_size": 12,
        "input_shape": [
            1,
            128
        ],
        "num_classes": 3
    },
    "epochs": 79,
    "train_loss": [
        1.3763598203659058,
        1.0992481708526611,
        0.8943030834197998,
        0.7052311301231384,
        0.5272573232650757,
        0.5272855162620544,
        0.4472021162509918,
        0.7755939364433289,
        0.4692542850971222,
        0.48192015290260315,
        0.4207037389278412,
        0.4689716398715973,
        0.4446755349636078,
        0.4523427486419678,
        0.3547389507293701,
        0.33060088753700256,
        0.24773041903972626,
        0.3190714418888092,
        0.31741830706596375,
        0.25220543146133423,
        0.3219625651836395,
        0.40652310848236084,
        0.1371646374464035,
        0.25940582156181335,
        0.2746337354183197,
        0.20889240503311157,
        0.28374311327934265,
        0.18618087470531464,
        0.23877203464508057,
        0.19028989970684052,
        0.09723543375730515,
        0.278335303068161,
        0.09410744905471802,
        0.17288225889205933,
        0.09750773757696152,
        0.1370493620634079,
        0.3131856620311737,
        0.08436185866594315,
        0.09906517714262009,
        0.14638027548789978,
        0.2193542718887329,
        0.11056256294250488,
        0.14290906488895416,
        0.41023096442222595,
        0.18239201605319977,
        0.0816827192902565,
        0.3007759749889374,
        0.12240033596754074,
        0.27079305052757263,
        0.09765610098838806,
        0.1917373090982437,
        0.2636469304561615,
        0.3484508693218231,
        0.1947586089372635,
        0.12118839472532272,
        0.13422249257564545,
        0.40079259872436523,
        0.27671486139297485,
        0.18312640488147736,
        0.21534812450408936,
        0.17760008573532104,
        0.1123577356338501,
        0.2404753416776657,
        0.1832348108291626,
        0.21642565727233887,
        0.29346728324890137,
        0.12207403779029846,
        0.13594762980937958,
        0.22109176218509674,
        0.18843674659729004,
        0.08741506934165955,
        0.2580644190311432,
        0.18702447414398193,
        0.10140269249677658,
        0.25465822219848633,
        0.20672690868377686,
        0.12546193599700928,
        0.1631123572587967,
        0.12955515086650848
    ],
    "val_loss": [
        1.0998598337173462,
        1.0955935716629028,
        1.086772084236145,
        1.0639559030532837,
        0.9905974864959717,
        0.8644585609436035,
        0.7430886626243591,
        0.6759132742881775,
        0.6278672814369202,
        0.6458033323287964,
        0.738095223903656,
        0.8464223742485046,
        0.945711076259613,
        0.9065958857536316,
        0.7447351813316345,
        0.5983909964561462,
        0.5511953234672546,
        0.5674936175346375,
        0.48554253578186035,
        0.4676501452922821,
        0.38422060012817383,
        0.4368039071559906,
        0.3904522955417633,
        0.3639141023159027,
        0.38259485363960266,
        0.40927258133888245,
        0.48709240555763245,
        0.4413333237171173,
        0.44041967391967773,
        0.42221400141716003,
        0.43843722343444824,
        0.4446474611759186,
        0.4526044428348541,
        0.4164259731769562,
        0.41028258204460144,
        0.4018195867538452,
        0.3557910919189453,
        0.3216440975666046,
        0.2860093414783478,
        0.3049381673336029,
        0.30444058775901794,
        0.3156295418739319,
        0.36433684825897217,
        0.40747782588005066,
        0.4618544280529022,
        0.4516701400279999,
        0.45753657817840576,
        0.38014793395996094,
        0.1533680260181427,
        0.046880919486284256,
        0.07298525422811508,
        0.1434706747531891,
        0.2883452773094177,
        0.4029798209667206,
        0.6024360656738281,
        0.8635532855987549,
        0.9755079746246338,
        1.0291874408721924,
        1.1094383001327515,
        1.135817289352417,
        1.2132539749145508,
        1.1991900205612183,
        1.0861282348632812,
        0.9748644232749939,
        0.7893492579460144,
        0.6153796911239624,
        0.4472663402557373,
        0.30884113907814026,
        0.24152445793151855,
        0.20922750234603882,
        0.1852084845304489,
        0.1846761852502823,
        0.16160060465335846,
        0.16398979723453522,
        0.17822246253490448,
        0.24132095277309418,
        0.3231446444988251,
        0.37292763590812683,
        0.37966227531433105,
        0.4085114896297455
    ],
    "train_accuracy": [
        0.3125,
        0.5208333134651184,
        0.6041666865348816,
        0.7083333134651184,
        0.8541666865348816,
        0.7916666865348816,
        0.8125,
        0.6875,
        0.8541666865348816,
        0.8541666865348816,
        0.875,
        0.8333333134651184,
        0.8541666865348816,
        0.7916666865348816,
        0.9166666865348816,
        0.875,
        0.9166666865348816,
        0.8125,
        0.8541666865348816,
        0.9166666865348816,
        0.875,
        0.8541666865348816,
        0.9375,
        0.9166666865348816,
        0.9375,
        0.9166666865348816,
        0.9166666865348816,
        0.8958333134651184,
        0.9583333134651184,
        0.9375,
        0.9791666865348816,
        0.8333333134651184,
        0.9583333134651184,
        0.9583333134651184,
        0.9791666865348816,
        0.9583333134651184,
        0.875,
        0.9791666865348816,
        0.9583333134651184,
        0.9375,
        0.8958333134651184,
        0.9375,
        0.9166666865348816,
        0.8541666865348816,
        0.9166666865348816,
        0.9791666865348816,
        0.9375,
        0.9583333134651184,
        0.9166666865348816,
        0.9375,
        0.9375,
        0.9166666865348816,
        0.8958333134651184,
        0.9166666865348816,
        0.9166666865348816,
        0.9583333134651184,
        0.8541666865348816,
        0.9166666865348816,
        0.9375,
        0.9375,
        0.9375,
        0.9583333134651184,
        0.8958333134651184,
        0.8958333134651184,
        0.875,
        0.875,
        0.9166666865348816,
        0.9583333134651184,
        0.8958333134651184,
        0.9375,
        0.9791666865348816,
        0.875,
        0.8958333134651184,
        0.9791666865348816,
        0.9583333134651184,
        0.9166666865348816,
        0.9583333134651184,
        0.9375,
        0.9375
    ],