{
    "hyperparameters": {
        "activation": "relu",
        "dropout_rate": 0.3843219117842,
        "hidden_units": 62,
        "learning_rate": 0.0682979580032,
        "num_layers": 4,
        "weight_decay": 0.0016118818184
    },
    "dataset_stats": {
        "name": "FiftyWords",
        "train_size": 360,
        "val_size": 90,
        "input_shape": [
            270,
            1
        ],
        "num_classes": 50
    },
    "epochs": 64,
    "train_loss": [
        4.203096389770508,
        3.549382209777832,
        3.2004201412200928,
        3.118626594543457,
        2.9188737869262695,
        2.9528896808624268,
        2.7420520782470703,
        2.8911211490631104,
        2.897836208343506,
        3.012082815170288,
        2.816469669342041,
        2.9492688179016113,
        3.037027359008789,
        2.896196126937866,
        2.9052236080169678,
        2.930891275405884,
        2.798614263534546,
        2.8728928565979004,
        2.965867757797241,
        2.935508966445923,
        2.868856430053711,
        2.9980337619781494,
        2.9217708110809326,
        2.9109230041503906,
        2.8874166011810303,
        2.8601789474487305,
        2.9938879013061523,
        2.86077618598938,
        2.9418420791625977,
        2.7752599716186523,
        2.9916374683380127,
        2.996706247329712,
        3.024158477783203,
        2.8856801986694336,
        2.8545594215393066,
        2.9308078289031982,
        2.8930375576019287,
        3.0112931728363037,
        2.905665874481201,
        2.8701491355895996,
        2.912713050842285,
        2.9435832500457764,
        2.8607802391052246,
        2.9438281059265137,
        2.9252192974090576,
        2.905897617340088,
        2.917642593383789,
        2.867992401123047,
        2.9305803775787354,
        3.026869773864746,
        2.9206292629241943,
        3.0041558742523193,
        2.8744139671325684,
        2.865419626235962,
        3.151738405227661,
        2.9518771171569824,
        3.0572316646575928,
        2.9329047203063965,
        2.939762592315674,
        2.858536720275879,
        2.948723077774048,
        3.075878143310547,
        2.9571003913879395,
        3.0257976055145264
    ],
    "val_loss": [
        3.902318239212036,
        5.909503936767578,
        2.879225730895996,
        2.604257345199585,
        2.4210758209228516,
        2.499387264251709,
        2.5608060359954834,
        2.4499762058258057,
        2.4767534732818604,
        2.5021495819091797,
        2.4574317932128906,
        2.5837831497192383,
        2.5862951278686523,
        2.6438636779785156,
        2.3145992755889893,
        2.579071283340454,
        2.3452069759368896,
        2.5768394470214844,
        2.4807426929473877,
        2.5307178497314453,
        2.67336368560791,
        2.4755077362060547,
        2.392380475997925,
        2.6177561283111572,
        2.537276268005371,
        2.5183444023132324,
        2.470500946044922,
        2.5073297023773193,
        2.424394130706787,
        2.3653650283813477,
        2.4571611881256104,
        2.5981836318969727,
        2.718541145324707,
        2.419938087463379,
        2.284905433654785,
        2.5731682777404785,
        2.7243316173553467,
        2.535360336303711,
        2.5143983364105225,
        2.5621981620788574,
        2.6145219802856445,
        2.3536715507507324,
        2.4123313426971436,
        2.4688987731933594,
        2.3578991889953613,
        2.3128163814544678,
        2.5415384769439697,
        2.5373644828796387,
        2.4247193336486816,
        2.3666820526123047,
        2.372563362121582,
        2.5689618587493896,
        2.4722914695739746,
        2.444889545440674,
        2.698843002319336,
        2.42954421043396,
        2.526327610015869,
        2.6153249740600586,
        2.5744755268096924,
        2.5581552982330322,
        2.4848270416259766,
        2.452744483947754,
        2.610158681869507,
        2.5326991081237793,
        2.5516912937164307
    ],
    "train_accuracy": [
        0.10277777910232544,
        0.17222222685813904,
        0.21944443881511688,
        0.2805555462837219,
        0.25833332538604736,
        0.2638888955116272,
        0.3083333373069763,
        0.25833332538604736,
        0.24166665971279144,
        0.26944443583488464,
        0.2805555462837219,
        0.2361111044883728,
        0.23333333432674408,
        0.25,
        0.24444444477558136,
        0.23888888955116272,
        0.27222222089767456,
        0.2611111104488373,
        0.24166665971279144,
        0.2805555462837219,
        0.24166665971279144,
        0.24444444477558136,
        0.24444444477558136,
        0.24166665971279144,
        0.2611111104488373,
        0.24166665971279144,
        0.25,
        0.26944443583488464,
        0.24166665971279144,
        0.3027777671813965,
        0.24444444477558136,
        0.24166665971279144,
        0.22777777910232544,
        0.24722221493721008,
        0.24444444477558136,
        0.25555557012557983,
        0.21944443881511688,
        0.23888888955116272,
        0.25555557012557983,
        0.24444444477558136,
        0.26944443583488464,
        0.22499999403953552,
        0.2527777850627899,
        0.24166665971279144,
        0.27222222089767456,
        0.2222222238779068,
        0.23333333432674408,
        0.28333333134651184,
        0.23055554926395416,
        0.25,
        0.25555557012557983,
        0.21111111342906952,
        0.2611111104488373,
        0.20555555820465088,
        0.19722221791744232,
        0.21666666865348816,
        0.21666666865348816,
        0.2527777850627899,
        0.2083333283662796,
        0.25833332538604736,
        0.2527777850627899,
        0.21944443881511688,
        0.25,
        0.21944443881511688
    ],
    "val_accuracy": [
        0.046875,
        0.35555556416511536,
        0.3222222328186035,
        0.3333333432674408,
        0.3888888955116272,
        0.41111111640930176,
        0.4555555582046509,
        0.42222222685813904,
        0.3777777850627899,
        0.3777777850627899,
        0.4333333373069763,
        0.3444444537162781,
        0.3888888955116272,
        0.3777777850627899,
        0.4000000059604645,
        0.3777777850627899,
        0.4333333373069763,
        0.41111111640930176,
        0.47777777910232544,
        0.4000000059604645,
        0.3444444537162781,
        0.42222222685813904,
        0.4444444477558136,
        0.3333333432674408,
        0.3888888955116272,
        0.4444444477558136,
        0.3888888955116272,
        0.4555555582046509,
        0.4444444477558136,
        0.41111111640930176,
        0.4888888895511627,
        0.3444444537162781,
        0.35555556416511536,
        0.4555555582046509,
        0.4444444477558136,
        0.42222222685813904,
        0.3222222328186035,
        0.4333333373069763,
        0.41111111640930176,
        0.35555556416511536,
        0.4333333373069763,
        0.41111111640930176,
        0.4333333373069763,
        0.4000000059604645,
        0.4333333373069763,
        0.47777777910232544,
        0.46666666865348816,
        0.3888888955116272,
        0.46666666865348816,
        0.4444444477558136,
        0.4888888895511627,
        0.42222222685813904,
        0.41111111640930176,
        0.46666666865348816,
        0.3222222328186035,
        0.3777777850627899,
        0.3888888955116272,
        0.42222222685813904,
        0.3222222328186035,
        0.4333333373069763,
        0.4333333373069763,
        0.4333333373069763,
        0.4000000059604645,
        0.41111111640930176,
        0.36666667461395264
    ],