{
    "hyperparameters": {
        "bidirectional": false,
        "dropout_rate": 0.0528715209552,
        "hidden_units": 145,
        "learning_rate": 1.13222399e-05,
        "num_layers": 4,
        "output_activation": "tanh",
        "weight_decay": 0.0006936844711
    },
    "dataset_stats": {
        "name": "classification_ozone",
        "train_size": 85,
        "val_size": 21,
        "input_shape": [
            1201,
            1
        ],
        "num_classes": 2
    },
    "epochs": 70,
    "train_loss": [
        1.7338048219680786,
        2.059074640274048,
        1.5061575174331665,
        1.6859426498413086,
        1.1402406692504883,
        1.3356138467788696,
        1.2747900485992432,
        1.0226507186889648,
        0.9110901951789856,
        1.2337106466293335,
        0.9449499845504761,
        0.7110109925270081,
        0.9011507630348206,
        0.9151840209960938,
        0.6507145166397095,
        0.6637108325958252,
        0.7568685412406921,
        0.6747463941574097,
        0.6896735429763794,
        0.7523475289344788,
        0.7117400765419006,
        0.6868184208869934,
        0.7184909582138062,
        0.7320793867111206,
        0.6629325151443481,
        0.6808519959449768,
        0.6953368186950684,
        0.7455812692642212,
        0.7224454283714294,
        0.7101706266403198,
        0.6737567186355591,
        0.7178647518157959,
        0.6951822638511658,
        0.6844269633293152,
        0.6915700435638428,
        0.6791934967041016,
        0.6764161586761475,
        0.6792462468147278,
        0.7734764814376831,
        0.7636739611625671,
        0.7202956080436707,
        0.7093247175216675,
        0.7456949353218079,
        0.6892720460891724,
        0.7102042436599731,
        0.7278866767883301,
        0.7344726324081421,
        0.7157856822013855,
        0.7106782793998718,
        0.6637143492698669,
        0.6969893574714661,
        0.6821927428245544,
        0.7305323481559753,
        0.7178729176521301,
        0.6626025438308716,
        0.7165999412536621,
        0.7086224555969238,
        0.6902934312820435,
        0.6368025541305542,
        0.655035138130188,
        0.6544374823570251,
        0.7181194424629211,
        0.6933558583259583,
        0.6695771217346191,
        0.6410640478134155,
        0.6581863760948181,
        0.6568834185600281,
        0.7408364415168762,
        0.671882688999176,
        0.6563612818717957
    ],
    "val_loss": [
        1.8176627159118652,
        1.6614606380462646,
        1.521376609802246,
        1.3926805257797241,
        1.2701187133789062,
        1.1588528156280518,
        1.0602647066116333,
        0.9754596948623657,
        0.9050650596618652,
        0.8508083820343018,
        0.8111287355422974,
        0.7831949591636658,
        0.7637611627578735,
        0.749101996421814,
        0.7371576428413391,
        0.7284619212150574,
        0.7239364385604858,
        0.7208930253982544,
        0.7172968983650208,
        0.7136510014533997,
        0.7104931473731995,
        0.7096468806266785,
        0.710461437702179,
        0.7116639018058777,
        0.7125186920166016,
        0.7123301029205322,
        0.7108710408210754,
        0.710050106048584,
        0.7100058197975159,
        0.7096730470657349,
        0.7092474102973938,
        0.7085322737693787,
        0.7073596119880676,
        0.7061353325843811,
        0.7049941420555115,
        0.7037907838821411,
        0.7027654051780701,
        0.7017449140548706,
        0.7012485861778259,
        0.7008193135261536,
        0.7004924416542053,
        0.7003943920135498,
        0.7003536224365234,
        0.70035719871521,
        0.7004522681236267,
        0.7005715370178223,
        0.7006620168685913,
        0.7005603313446045,
        0.7006386518478394,
        0.700672447681427,
        0.7006972432136536,
        0.7007511854171753,
        0.7008534669876099,
        0.7010213136672974,
        0.7010188102722168,
        0.7010100483894348,
        0.7010067701339722,
        0.7010375261306763,
        0.7010180354118347,
        0.7009671330451965,
        0.7009567618370056,
        0.7009472250938416,
        0.7009454965591431,
        0.7009463906288147,
        0.7009316682815552,
        0.7009185552597046,
        0.7009205222129822,
        0.7009137272834778,
        0.7009243965148926,
        0.700931191444397,
        0.7009390592575073
    ],
    "train_accuracy": [
        0.523809552192688,
        0.3333333432674408,
        0.523809552192688,
        0.4285714328289032,
        0.523809552192688,
        0.380952388048172,
        0.380952388048172,
        0.523809552192688,
        0.523809552192688,
        0.3333333432674408,
        0.4285714328289032,
        0.5714285969734192,
        0.4761904776096344,
        0.4285714328289032,
        0.5714285969734192,
        0.6190476417541504,
        0.5714285969734192,
        0.6190476417541504,
        0.4761904776096344,
        0.4285714328289032,
        0.523809552192688,
        0.4285714328289032,
        0.4285714328289032,
        0.4761904776096344,
        0.523809552192688,
        0.523809552192688,
        0.523809552192688,
        0.380952388048172,
        0.4761904776096344,
        0.4761904776096344,
        0.523809552192688,
        0.4761904776096344,
        0.6190476417541504,
        0.4285714328289032,
        0.5714285969734192,
        0.7142857313156128,
        0.5714285969734192,
        0.5714285969734192,
        0.3333333432674408,
        0.380952388048172,
        0.4761904776096344,
        0.523809552192688,
        0.380952388048172,
        0.5714285969734192,
        0.523809552192688,
        0.380952388048172,
        0.380952388048172,
        0.523809552192688,
        0.523809552192688,
        0.523809552192688,
        0.5714285969734192,
        0.5714285969734192,
        0.523809552192688,
        0.3333333432674408,
        0.523809552192688,
        0.4285714328289032,
        0.4761904776096344,
        0.6190476417541504,
        0.6666666865348816,
        0.6190476417541504,
        0.6666666865348816,
        0.4285714328289032,
        0.523809552192688,
        0.523809552192688,
        0.6666666865348816,
        0.6190476417541504,
        0.5714285969734192,
        0.523809552192688,
        0.523809552192688,
        0.7142857313156128
    ],