{
    "hyperparameters": {
        "bidirectional": false,
        "dropout_rate": 0.0023960546205,
        "hidden_units": 253,
        "learning_rate": 0.0002756744013,
        "num_layers": 1,
        "output_activation": "tanh",
        "weight_decay": 2.00174414e-05
    },
    "dataset_stats": {
        "name": "Beef",
        "train_size": 48,
        "val_size": 12,
        "input_shape": [
            470,
            1
        ],
        "num_classes": 5
    },
    "epochs": 40,
    "train_loss": [
        1.6092262268066406,
        1.5095171928405762,
        1.447981357574463,
        1.3965812921524048,
        1.3305448293685913,
        1.2636052370071411,
        1.2157678604125977,
        1.128708839416504,
        1.2637299299240112,
        1.0990524291992188,
        1.0056796073913574,
        0.9717270731925964,
        0.9831054210662842,
        0.9272851347923279,
        0.934260368347168,
        0.8379517197608948,
        0.8667156100273132,
        0.8417649269104004,
        0.8591151833534241,
        0.8356550335884094,
        0.8455520272254944,
        0.8681168556213379,
        0.8685062527656555,
        0.8169775605201721,
        0.8001421093940735,
        0.7961521148681641,
        0.7645931243896484,
        0.7419312000274658,
        0.7827736735343933,
        0.7757976651191711,
        0.7322775721549988,
        0.7123778462409973,
        0.7054427266120911,
        0.7122171521186829,
        0.7037968635559082,
        0.6939991116523743,
        0.690421998500824,
        0.687794029712677,
        0.6818030476570129,
        0.6793784499168396
    ],
    "val_loss": [
        1.6468547582626343,
        1.5639820098876953,
        1.4989714622497559,
        1.362413763999939,
        1.3146530389785767,
        1.313107967376709,
        1.2332639694213867,
        1.2213704586029053,
        1.3316545486450195,
        1.2216813564300537,
        1.1237753629684448,
        1.1502890586853027,
        1.1535348892211914,
        1.2313172817230225,
        1.282420039176941,
        1.2105621099472046,
        1.2470977306365967,
        1.2581466436386108,
        1.2535673379898071,
        1.3150845766067505,
        1.348586082458496,
        1.3306536674499512,
        1.3399242162704468,
        1.3324100971221924,
        1.3596829175949097,
        1.3797563314437866,
        1.3814243078231812,
        1.3753701448440552,
        1.5166515111923218,
        1.5007959604263306,
        1.3951448202133179,
        1.3872147798538208,
        1.4008585214614868,
        1.4154276847839355,
        1.4130655527114868,
        1.409814715385437,
        1.4024192094802856,
        1.3946210145950317,
        1.3883919715881348,
        1.3837310075759888,
        1.3817309141159058
    ],
    "train_accuracy": [
        0.2708333432674408,
        0.3333333432674408,
        0.3958333432674408,
        0.3333333432674408,
        0.4791666567325592,
        0.5208333134651184,
        0.625,
        0.6458333134651184,
        0.4583333432674408,
        0.5833333134651184,
        0.625,
        0.625,
        0.6041666865348816,
        0.75,
        0.7083333134651184,
        0.7291666865348816,
        0.75,
        0.8541666865348816,
        0.75,
        0.7708333134651184,
        0.75,
        0.6875,
        0.7291666865348816,
        0.7083333134651184,
        0.8125,
        0.8333333134651184,
        0.8333333134651184,
        0.8541666865348816,
        0.8541666865348816,
        0.8333333134651184,
        0.8333333134651184,
        0.8958333134651184,
        0.9166666865348816,
        0.9166666865348816,
        0.9166666865348816,
        0.9166666865348816,
        0.8958333134651184,
        0.875,
        0.875,
        0.875
    ],
    "val_accuracy": [
        0.25,
        0.4166666567325592,
        0.4166666567325592,
        0.5833333730697632,
        0.5833333730697632,
        0.6666666865348816,
        0.5833333730697632,
        0.5833333730697632,
        0.4166666567325592,
        0.6666666865348816,
        0.6666666865348816,
        0.5833333730697632,
        0.75,
        0.5833333730697632,
        0.5833333730697632,
        0.5833333730697632,
        0.6666666865348816,
        0.6666666865348816,
        0.5833333730697632,
        0.5833333730697632,
        0.6666666865348816,
        0.5833333730697632,
        0.75,
        0.5833333730697632,
        0.5833333730697632,
        0.6666666865348816,
        0.6666666865348816,
        0.6666666865348816,
        0.5833333730697632,
        0.5833333730697632,
        0.5833333730697632,
        0.5833333730697632,
        0.6666666865348816,
        0.6666666865348816,
        0.6666666865348816,
        0.6666666865348816,
        0.6666666865348816,
        0.6666666865348816,
        0.6666666865348816,
        0.6666666865348816,
        0.6666666865348816
    ],
    "epoch_times": [
        0.4100799560546875,
        0.08766388893127441,
        0.09827303886413574,
        0.10886359214782715,
        0.12282466888427734,
        0.12284278869628906,
        0.11595463752746582,
        0.1251368522644043,
        0.11989951133728027,
        0.11528491973876953,
        0.12273311614990234,
        0.11825895309448242,
        0.11999940872192383,
        0.13208889961242676,
        0.13310718536376953,
        0.1305685043334961,
        0.11690139770507812,
        0.11254405975341797,
        0.10002684593200684,
        0.1090087890625,
        0.11601996421813965,
        0.12821245193481445,
        0.12508511543273926,
        0.12652230262756348,
        0.12200212478637695,
        0.13112711906433105,
        0.1279621124267578,
        0.12883687019348145,
        0.1302647590637207,
        0.14032220840454102,
        0.1318037509918213,
        0.135056734085083,
        0.12291431427001953,
        0.10854935646057129,
        0.12219715118408203,
        0.13867616653442383,
        0.12798285484313965,
        0.1276226043701172,
        0.12218809127807617,
        0.1031808853149414
    ]
}