{
    "hyperparameters": {
        "bidirectional": true,
        "dropout_rate": 0.2835332752206,
        "hidden_units": 53,
        "learning_rate": 0.0081972218815,
        "num_layers": 3,
        "output_activation": "gelu",
        "weight_decay": 0.0006715702476
    },
    "dataset_stats": {
        "name": "CinCECGTorso",
        "train_size": 52,
        "val_size": 13,
        "input_shape": [
            1639,
            1
        ],
        "num_classes": 4
    },
    "epochs": 39,
    "train_loss": [
        2.4467756748199463,
        3.6438262462615967,
        1.6825225353240967,
        1.7551101446151733,
        1.3612112998962402,
        1.3262385129928589,
        1.2340614795684814,
        1.1094439029693604,
        1.289705753326416,
        0.8849282264709473,
        1.0197809934616089,
        1.086162805557251,
        1.1866264343261719,
        0.9914963841438293,
        0.7875181436538696,
        0.9563825726509094,
        0.7121170163154602,
        1.0028856992721558,
        0.7313233613967896,
        0.6675635576248169,
        0.8783774375915527,
        0.7180414795875549,
        0.7626048922538757,
        0.6409973502159119,
        0.9211844205856323,
        0.72169029712677,
        0.7036332488059998,
        0.5966230034828186,
        0.7614396810531616,
        0.6227500438690186,
        0.7756975293159485,
        0.7617380023002625,
        0.6391307711601257,
        0.6437729597091675,
        0.7475325465202332,
        0.5723722577095032,
        0.6378269791603088,
        0.6865240335464478,
        0.5009706020355225
    ],
    "val_loss": [
        2.199615955352783,
        2.385664224624634,
        2.2002158164978027,
        2.0042054653167725,
        1.6067770719528198,
        1.543344259262085,
        1.6967761516571045,
        1.673051357269287,
        1.5164042711257935,
        1.503657579421997,
        1.6092383861541748,
        1.7042444944381714,
        1.778006672859192,
        1.8378263711929321,
        1.8101246356964111,
        1.781364917755127,
        1.8221657276153564,
        1.8776733875274658,
        1.8430036306381226,
        1.8138880729675293,
        1.8514615297317505,
        2.082181453704834,
        2.141815662384033,
        2.134284734725952,
        2.1288819313049316,
        2.1733522415161133,
        2.2716963291168213,
        2.3485846519470215,
        2.336656332015991,
        2.2896554470062256,
        2.247084379196167,
        2.2204484939575195,
        2.234326124191284,
        2.2772810459136963,
        2.308135509490967,
        2.341186285018921,
        2.382843494415283,
        2.3964405059814453,
        2.417922258377075,
        2.4330837726593018
    ],
    "train_accuracy": [
        0.15000000596046448,
        0.25,
        0.25,
        0.4000000059604645,
        0.4000000059604645,
        0.3499999940395355,
        0.4000000059604645,
        0.5,
        0.4000000059604645,
        0.550000011920929,
        0.699999988079071,
        0.45000001788139343,
        0.3499999940395355,
        0.6000000238418579,
        0.800000011920929,
        0.550000011920929,
        0.699999988079071,
        0.5,
        0.75,
        0.699999988079071,
        0.6500000357627869,
        0.6000000238418579,
        0.699999988079071,
        0.800000011920929,
        0.550000011920929,
        0.75,
        0.6500000357627869,
        0.699999988079071,
        0.550000011920929,
        0.699999988079071,
        0.6500000357627869,
        0.6000000238418579,
        0.699999988079071,
        0.75,
        0.6000000238418579,
        0.800000011920929,
        0.699999988079071,
        0.6000000238418579,
        0.800000011920929
    ],
    "val_accuracy": [
        0.3076923191547394,
        0.46153849363327026,
        0.23076924681663513,
        0.23076924681663513,
        0.3076923191547394,
        0.46153849363327026,
        0.3076923191547394,
        0.3076923191547394,
        0.38461539149284363,
        0.38461539149284363,
        0.46153849363327026,
        0.23076924681663513,
        0.38461539149284363,
        0.3076923191547394,
        0.38461539149284363,
        0.46153849363327026,
        0.38461539149284363,
        0.3076923191547394,
        0.23076924681663513,
        0.38461539149284363,
        0.46153849363327026,
        0.38461539149284363,
        0.38461539149284363,
        0.38461539149284363,
        0.38461539149284363,
        0.38461539149284363,
        0.38461539149284363,
        0.38461539149284363,
        0.38461539149284363,
        0.38461539149284363,
        0.38461539149284363,
        0.38461539149284363,
        0.38461539149284363,
        0.38461539149284363,
        0.38461539149284363,
        0.38461539149284363,
        0.38461539149284363,
        0.38461539149284363,
        0.38461539149284363,
        0.38461539149284363
    ],
    "epoch_times": [
        0.4186391830444336,
        0.7707724571228027,
        0.7736248970031738,
        0.768080472946167,
        0.6223177909851074,
        1.147951364517212,
        1.0993423461914062,
        1.0063819885253906,
        1.2346277236938477,
        0.9997599124908447,
        0.9719774723052979,
        1.0872371196746826,
        0.7867352962493896,
        0.9139952659606934,
        0.8787989616394043,
        1.2289307117462158,
        1.1408941745758057,
        1.0470986366271973,
        1.0657212734222412,
        1.02945876121521,
        0.9715228080749512,
        0.9378025531768799,
        1.0127942562103271,
        1.1409478187561035,
        1.1403424739837646,
        0.9800264835357666,
        1.03045654296875,
        1.0074691772460938,
        1.0047659873962402,
        0.7646584510803223,
        0.9071204662322998,
        0.9246928691864014,
        0.9585592746734619,
        1.021803617477417,
        1.001828670501709,
        0.9822771549224854,
        1.0175433158874512,
        1.065413236618042,
        0.7276930809020996
    ]
}