{
    "hyperparameters": {
        "activation": "gelu",
        "dropout_rate": 0.2010700786861,
        "ff_dim": 525,
        "hidden_units": 133,
        "learning_rate": 6.61386273e-05,
        "num_heads": 6,
        "num_layers": 4,
        "pooling": "mean",
        "weight_decay": 8.1394854e-06
    },
    "dataset_stats": {
        "name": "FiftyWords",
        "train_size": 360,
        "val_size": 90,
        "input_shape": [
            270,
            1
        ],
        "num_classes": 50
    },
    "epochs": 75,
    "train_loss": [
        3.7938973903656006,
        2.8671212196350098,
        3.3557443618774414,
        3.530557155609131,
        3.0532453060150146,
        3.6191985607147217,
        3.9380483627319336,
        3.044450044631958,
        3.1926774978637695,
        4.01052188873291,
        3.0669164657592773,
        3.10534930229187,
        2.855473279953003,
        2.856780529022217,
        3.577681064605713,
        3.737356185913086,
        3.3084328174591064,
        2.430100440979004,
        2.8155651092529297,
        2.20737624168396,
        2.4545044898986816,
        2.358656883239746,
        3.28501033782959,
        1.7520831823349,
        2.1166017055511475,
        3.2774877548217773,
        2.4206244945526123,
        2.556030035018921,
        3.0671401023864746,
        2.5625555515289307,
        3.242126941680908,
        2.290313959121704,
        2.019822835922241,
        2.5539391040802,
        2.3120646476745605,
        2.1593472957611084,
        2.232034206390381,
        2.543833017349243,
        2.2835798263549805,
        3.354525327682495,
        2.591217041015625,
        2.206425189971924,
        2.831146478652954,
        2.608367443084717,
        3.225999355316162,
        2.883016347885132,
        2.8677921295166016,
        3.154904842376709,
        1.9272254705429077,
        2.3845181465148926,
        1.4669854640960693,
        1.8625603914260864,
        2.2071750164031982,
        2.8910882472991943,
        1.8602701425552368,
        2.0700831413269043,
        2.590522527694702,
        2.53838849067688,
        1.2612043619155884,
        1.9948357343673706,
        2.2884321212768555,
        1.701324701309204,
        2.956739664077759,
        1.644644021987915,
        2.128614902496338,
        1.8815760612487793,
        2.6100077629089355,
        2.1108779907226562,
        1.9555801153182983,
        2.2931559085845947,
        2.2109246253967285,
        1.5484250783920288,
        2.59246826171875,
        2.657033681869507,
        2.9451680183410645
    ],
    "val_loss": [
        4.428473472595215,
        3.949432134628296,
        3.8901960849761963,
        3.843708038330078,
        3.7561018466949463,
        3.811915397644043,
        3.7200448513031006,
        3.7313005924224854,
        3.7022814750671387,
        3.7384233474731445,
        3.601370334625244,
        3.6477019786834717,
        3.5483391284942627,
        3.700289249420166,
        3.518421173095703,
        3.6910884380340576,
        3.4914188385009766,
        3.603938102722168,
        3.6355783939361572,
        3.5537095069885254,
        3.3728349208831787,
        3.542498826980591,
        3.319329261779785,
        3.5702970027923584,
        3.1683621406555176,
        3.192037582397461,
        3.485684871673584,
        3.27266001701355,
        3.2654778957366943,
        3.2604784965515137,
        3.2448925971984863,
        3.2525343894958496,
        3.3076632022857666,
        3.2502753734588623,
        3.1755459308624268,
        3.2832961082458496,
        3.219400405883789,
        3.210362434387207,
        3.211653709411621,
        3.1995511054992676,
        3.2073397636413574,
        3.1946394443511963,
        3.1888322830200195,
        3.171841859817505,
        3.179518222808838,
        3.144850254058838,
        3.211348056793213,
        3.187694549560547,
        3.157522678375244,
        3.223518133163452,
        3.1646807193756104,
        3.207094430923462,
        3.212115526199341,
        3.1675753593444824,
        3.163912057876587,
        3.185586929321289,
        3.178568124771118,
        3.1615986824035645,
        3.167287826538086,
        3.1824421882629395,
        3.18955135345459,
        3.1787543296813965,
        3.167656898498535,
        3.156733512878418,
        3.160179615020752,
        3.158345937728882,
        3.1589550971984863,
        3.1637659072875977,
        3.1633293628692627,
        3.170457363128662,
        3.170750141143799,
        3.1681644916534424,
        3.16894268989563,
        3.1671175956726074,
        3.1655449867248535,
        3.1676981449127197
    ],
    "train_accuracy": [
        0.0,
        0.375,
        0.25,
        0.125,
        0.125,
        0.25,
        0.125,
        0.125,
        0.375,
        0.0,
        0.125,
        0.125,
        0.125,
        0.25,
        0.375,
        0.375,
        0.5,
        0.375,
        0.375,
        0.5,
        0.375,
        0.5,
        0.375,
        0.5,
        0.25,
        0.25,
        0.375,
        0.25,
        0.25,
        0.375,
        0.125,
        0.5,
        0.5,
        0.5,
        0.375,
        0.5,
        0.5,
        0.375,
        0.25,
        0.125,
        0.5,
        0.375,
        0.25,
        0.375,
        0.25,
        0.25,
        0.375,
        0.25,
        0.5,
        0.375,
        0.75,
        0.5,
        0.375,
        0.375,
        0.625,
        0.375,
        0.375,
        0.25,
        0.875,
        0.5,
        0.375,
        0.625,
        0.25,
        0.75,
        0.5,
        0.625,
        0.5,
        0.25,
        0.625,
        0.375,
        0.375,
        0.5,
        0.125,
        0.375,
        0.375
    ],
    "val_accuracy": [
        0.0,
        0.14444445073604584,
        0.1111111119389534,
        0.10000000149011612,
        0.15555556118488312,
        0.08888889104127884,
        0.12222222238779068,
        0.13333334028720856,
        0.13333334028720856,
        0.1666666716337204,
        0.1666666716337204,
        0.17777778208255768,
        0.1666666716337204,
        0.1666666716337204,
        0.20000000298023224,
        0.18888889253139496,
        0.20000000298023224,
        0.21111111342906952,
        0.17777778208255768,
        0.20000000298023224,
        0.2222222238779068,
        0.2222222238779068,
        0.2666666805744171,
        0.18888889253139496,
        0.31111112236976624,
        0.2777777910232544,
        0.2222222238779068,
        0.2666666805744171,
        0.2888889014720917,
        0.31111112236976624,
        0.24444444477558136,
        0.2666666805744171,
        0.23333333432674408,
        0.2777777910232544,
        0.30000001192092896,
        0.24444444477558136,
        0.2666666805744171,
        0.2888889014720917,
        0.24444444477558136,
        0.2666666805744171,
        0.2666666805744171,
        0.2888889014720917,
        0.2888889014720917,
        0.2888889014720917,
        0.2888889014720917,
        0.30000001192092896,
        0.2888889014720917,
        0.2888889014720917,
        0.30000001192092896,
        0.2777777910232544,
        0.30000001192092896,
        0.2666666805744171,
        0.2666666805744171,
        0.31111112236976624,
        0.30000001192092896,
        0.30000001192092896,
        0.2888889014720917,
        0.2888889014720917,
        0.2888889014720917,
        0.2888889014720917,
        0.2888889014720917,
        0.2888889014720917,
        0.2888889014720917,
        0.30000001192092896,
        0.30000001192092896,
        0.30000001192092896,
        0.2888889014720917,
        0.2888889014720917,
        0.2888889014720917,
        0.2888889014720917,
        0.2888889014720917,
        0.2888889014720917,
        0.2888889014720917,
        0.2888889014720917,
        0.2888889014720917,
        0.2888889014720917
    ],