{
    "hyperparameters": {
        "activation": "gelu",
        "dropout_rate": 0.1063315681968,
        "hidden_units": 21,
        "learning_rate": 0.0340386069966,
        "num_layers": 3,
        "weight_decay": 0.0025800575938
    },
    "dataset_stats": {
        "name": "classification_ozone",
        "train_size": 85,
        "val_size": 21,
        "input_shape": [
            1201,
            1
        ],
        "num_classes": 2
    },
    "epochs": 51,
    "train_loss": [
        0.7236494421958923,
        0.6895059943199158,
        0.6984044313430786,
        0.7001271843910217,
        0.673217236995697,
        0.6898938417434692,
        0.6984561085700989,
        0.7206196784973145,
        0.7167466282844543,
        0.685710608959198,
        0.721459686756134,
        0.6740272641181946,
        0.6792676448822021,
        0.6904073357582092,
        0.6729136109352112,
        0.6581381559371948,
        0.7146035432815552,
        0.6787417531013489,
        0.6567703485488892,
        0.6781666278839111,
        0.6589511632919312,
        0.6739263534545898,
        0.6913367509841919,
        0.7103755474090576,
        0.6641198396682739,
        0.6915993690490723,
        0.6687768697738647,
        0.6591923832893372,
        0.7036411166191101,
        0.6788827180862427,
        0.6807380318641663,
        0.6934071183204651,
        0.7016841769218445,
        0.6907336711883545,
        0.6652542352676392,
        0.6723816990852356,
        0.6701064109802246,
        0.6968887448310852,
        0.6751006841659546,
        0.6942690014839172,
        0.6633830666542053,
        0.6592704653739929,
        0.6728776097297668,
        0.6681497693061829,
        0.6699325442314148,
        0.6854504942893982,
        0.6915853023529053,
        0.6645684838294983,
        0.701495885848999,
        0.6713924407958984,
        0.691756010055542
    ],
    "val_loss": [
        0.7298838496208191,
        1.03915274143219,
        0.7659411430358887,
        1.027349829673767,
        0.8749836683273315,
        0.7429819107055664,
        1.0645089149475098,
        1.3145250082015991,
        1.0508644580841064,
        0.7497905492782593,
        0.7398021221160889,
        0.777736485004425,
        0.7867998480796814,
        0.7786980867385864,
        0.7822371125221252,
        0.7988817095756531,
        0.7885081768035889,
        0.7901614904403687,
        0.7954543828964233,
        0.7724069952964783,
        0.7335508465766907,
        0.6964910626411438,
        0.7425808906555176,
        0.8606030344963074,
        0.9779279828071594,
        0.8924040794372559,
        0.8232254981994629,
        0.8043705224990845,
        0.7852641344070435,
        0.7721632122993469,
        0.7854259014129639,
        0.7624104619026184,
        0.7260615229606628,
        0.7257580757141113,
        0.7245706915855408,
        0.7370922565460205,
        0.7437896728515625,
        0.762836754322052,
        0.7875622510910034,
        0.7848342657089233,
        0.7934044599533081,
        0.7823622822761536,
        0.7695303559303284,
        0.7745692133903503,
        0.7740576863288879,
        0.7968905568122864,
        0.7989019751548767,
        0.7955859303474426,
        0.8022987842559814,
        0.7926830053329468,
        0.7921607494354248,
        0.7777163982391357
    ],
    "train_accuracy": [
        0.5058823823928833,
        0.5764706134796143,
        0.529411792755127,
        0.5764706134796143,
        0.5764706134796143,
        0.5647059082984924,
        0.5647059082984924,
        0.6117647290229797,
        0.5529412031173706,
        0.5529412031173706,
        0.4470588266849518,
        0.5764706134796143,
        0.5529412031173706,
        0.5411764979362488,
        0.5882353186607361,
        0.6235294342041016,
        0.5411764979362488,
        0.5411764979362488,
        0.6235294342041016,
        0.5176470875740051,
        0.658823549747467,
        0.6000000238418579,
        0.5176470875740051,
        0.529411792755127,
        0.529411792755127,
        0.5176470875740051,
        0.6000000238418579,
        0.658823549747467,
        0.47058823704719543,
        0.5529412031173706,
        0.5176470875740051,
        0.4941176474094391,
        0.529411792755127,
        0.5058823823928833,
        0.6000000238418579,
        0.5764706134796143,
        0.5882353186607361,
        0.5058823823928833,
        0.5529412031173706,
        0.5176470875740051,
        0.5882353186607361,
        0.6000000238418579,
        0.6117647290229797,
        0.5764706134796143,
        0.5647059082984924,
        0.5764706134796143,
        0.5764706134796143,
        0.6117647290229797,
        0.5411764979362488,
        0.6000000238418579,
        0.4941176474094391
    ],
    "val_accuracy": [
        0.3333333432674408,
        0.2857142984867096,
        0.380952388048172,
        0.2857142984867096,
        0.3333333432674408,
        0.4285714328289032,
        0.4285714328289032,
        0.2857142984867096,
        0.4285714328289032,
        0.4285714328289032,
        0.4761904776096344,
        0.2857142984867096,
        0.2857142984867096,
        0.2857142984867096,
        0.3333333432674408,
        0.2380952388048172,
        0.2380952388048172,
        0.2380952388048172,
        0.2857142984867096,
        0.4285714328289032,
        0.5714285969734192,
        0.5714285969734192,
        0.4761904776096344,
        0.2857142984867096,
        0.2857142984867096,
        0.3333333432674408,
        0.2857142984867096,
        0.2857142984867096,
        0.2380952388048172,
        0.2380952388048172,
        0.2857142984867096,
        0.2857142984867096,
        0.4761904776096344,
        0.2380952388048172,
        0.2857142984867096,
        0.3333333432674408,
        0.3333333432674408,
        0.3333333432674408,
        0.3333333432674408,
        0.3333333432674408,
        0.2857142984867096,
        0.2857142984867096,
        0.2857142984867096,
        0.3333333432674408,
        0.380952388048172,
        0.3333333432674408,
        0.2380952388048172,
        0.3333333432674408,
        0.3333333432674408,
        0.2380952388048172,
        0.2380952388048172,
        0.2380952388048172
    ],
    "epoch_times": [
        1.2170040607452393,
        0.0342559814453125,
        0.03317403793334961,
        0.032926082611083984,
        0.03336310386657715,
        0.033666133880615234,
        0.03311800956726074,
        0.03776097297668457,
        0.03573894500732422,
        0.03284311294555664,
        0.03250694274902344,
        0.03679680824279785,
        0.033952951431274414,
        0.03301501274108887,
        0.03279519081115723,
        0.03377103805541992,
        0.033225059509277344,
        0.03274083137512207,
        0.03583192825317383,
        0.03334927558898926,
        0.03280901908874512,
        0.03335094451904297,
        0.032805681228637695,
        0.03269505500793457,
        0.03304886817932129,
        0.03237295150756836,
        0.03340888023376465,
        0.032547712326049805,
        0.031804800033569336,
        0.03279280662536621,
        0.032773733139038086,
        0.03323221206665039,
        0.03271079063415527,
        0.032715797424316406,
        0.032631874084472656,
        0.03291487693786621,
        0.03303194046020508,
        0.03324294090270996,
        0.03303408622741699,
        0.033498287200927734,
        0.032935142517089844,
        0.032151222229003906,
        0.031622886657714844,
        0.03206491470336914,
        0.033759117126464844,
        0.034173011779785156,
        0.03208613395690918,
        0.03178286552429199,
        0.03178596496582031,
        0.03151679039001465,
        0.03264784812927246
    ]
}