{
    "hyperparameters": {
        "activation": "relu",
        "dropout_rate": 0.5538146001211,
        "hidden_units": 121,
        "learning_rate": 0.0368191754888,
        "num_layers": 3,
        "weight_decay": 0.0058828363479
    },
    "dataset_stats": {
        "name": "BirdChicken",
        "train_size": 36,
        "val_size": 9,
        "input_shape": [
            512,
            1
        ],
        "num_classes": 2
    },
    "epochs": 32,
    "train_loss": [
        0.7733933329582214,
        0.8365771770477295,
        1.230347990989685,
        0.918527364730835,
        0.596321702003479,
        0.8209149837493896,
        0.4692368507385254,
        0.8190922141075134,
        0.5603989362716675,
        0.6632224321365356,
        0.8060840368270874,
        0.4445445239543915,
        0.33858171105384827,
        0.9936242699623108,
        0.661039412021637,
        0.38380107283592224,
        0.5860371589660645,
        0.6417180299758911,
        0.5936067700386047,
        0.5884455442428589,
        1.056478500366211,
        1.4605954885482788,
        0.7732336521148682,
        0.6285834312438965,
        0.3895557224750519,
        0.42365339398384094,
        0.4911777675151825,
        0.9224928617477417,
        0.6402369141578674,
        0.6072999238967896,
        0.49771273136138916,
        0.3568704128265381
    ],
    "val_loss": [
        0.6567603945732117,
        2.1769213676452637,
        0.5856990218162537,
        0.8098254203796387,
        1.7700778245925903,
        3.48944354057312,
        2.6287007331848145,
        1.6384621858596802,
        1.533506989479065,
        1.3341009616851807,
        0.7532879114151001,
        0.6241501569747925,
        0.9082318544387817,
        1.9059380292892456,
        2.147813320159912,
        2.128600597381592,
        2.000105857849121,
        1.6920866966247559,
        1.229791522026062,
        1.0779411792755127,
        1.0018742084503174,
        1.1087549924850464,
        1.0223158597946167,
        1.0612578392028809,
        1.0611965656280518,
        1.0368036031723022,
        1.0675348043441772,
        1.0077471733093262,
        1.0419851541519165,
        1.0694591999053955,
        1.0735280513763428,
        1.0501799583435059,
        1.0453028678894043
    ],
    "train_accuracy": [
        0.5555555820465088,
        0.5555555820465088,
        0.6388888955116272,
        0.6666666865348816,
        0.8055555820465088,
        0.7777777910232544,
        0.8333333134651184,
        0.7777777910232544,
        0.7777777910232544,
        0.7777777910232544,
        0.8333333134651184,
        0.8888888955116272,
        0.8611111044883728,
        0.6944444179534912,
        0.8611111044883728,
        0.8611111044883728,
        0.7222222089767456,
        0.7777777910232544,
        0.7777777910232544,
        0.8611111044883728,
        0.6944444179534912,
        0.6388888955116272,
        0.75,
        0.8333333134651184,
        0.9166666865348816,
        0.8333333134651184,
        0.8055555820465088,
        0.7222222089767456,
        0.7222222089767456,
        0.8611111044883728,
        0.8333333134651184,
        0.8611111044883728
    ],
    "val_accuracy": [
        0.7777777910232544,
        0.5555555820465088,
        0.6666666865348816,
        0.8888888955116272,
        0.7777777910232544,
        0.6666666865348816,
        0.6666666865348816,
        0.7777777910232544,
        0.8888888955116272,
        0.6666666865348816,
        0.6666666865348816,
        0.6666666865348816,
        0.7777777910232544,
        0.5555555820465088,
        0.5555555820465088,
        0.5555555820465088,
        0.7777777910232544,
        0.7777777910232544,
        0.7777777910232544,
        0.7777777910232544,
        0.7777777910232544,
        0.7777777910232544,
        0.7777777910232544,
        0.7777777910232544,
        0.7777777910232544,
        0.7777777910232544,
        0.7777777910232544,
        0.7777777910232544,
        0.6666666865348816,
        0.7777777910232544,
        0.7777777910232544,
        0.7777777910232544,
        0.7777777910232544
    ],
    "epoch_times": [
        0.016400814056396484,
        0.050054311752319336,
        0.03245663642883301,
        0.0491940975189209,
        0.03981375694274902,
        0.04881572723388672,
        0.038495540618896484,
        0.04647541046142578,
        0.04148054122924805,
        0.0479280948638916,
        0.04106783866882324,
        0.046698808670043945,
        0.04154825210571289,
        0.04645562171936035,
        0.036920785903930664,
        0.01647210121154785,
        0.07268095016479492,
        0.016216754913330078,
        0.07175731658935547,
        0.01631760597229004,
        0.07245635986328125,
        0.016170740127563477,
        0.08434510231018066,
        0.07780981063842773,
        0.01841139793395996,
        0.07358050346374512,
        0.01852273941040039,
        0.0456087589263916,
        0.051641225814819336,
        0.04453110694885254,
        0.08010339736938477,
        0.01866006851196289
    ]
}