{
    "hyperparameters": {
        "activation": "gelu",
        "dropout_rate": 0.2008215229364,
        "hidden_units": 64,
        "learning_rate": 0.0068227092628,
        "num_layers": 1,
        "weight_decay": 0.0004572219509
    },
    "dataset_stats": {
        "name": "ArrowHead",
        "train_size": 49,
        "val_size": 12,
        "input_shape": [
            251,
            1
        ],
        "num_classes": 3
    },
    "epochs": 48,
    "train_loss": [
        0.9347803592681885,
        0.7725395560264587,
        0.5456011891365051,
        0.47182705998420715,
        0.5021356344223022,
        0.4569656252861023,
        0.40368497371673584,
        0.3938625752925873,
        0.3743771016597748,
        0.34234872460365295,
        0.3350522816181183,
        0.280036062002182,
        0.27062898874282837,
        0.2714473605155945,
        0.3005625009536743,
        0.30763837695121765,
        0.21575550734996796,
        0.25015538930892944,
        0.20804883539676666,
        0.21611151099205017,
        0.21476811170578003,
        0.20337510108947754,
        0.19851648807525635,
        0.1806051880121231,
        0.2108946442604065,
        0.15936584770679474,
        0.17521007359027863,
        0.15992391109466553,
        0.19039952754974365,
        0.20668946206569672,
        0.10881170630455017,
        0.11592081934213638,
        0.18859437108039856,
        0.1664735972881317,
        0.10702542215585709,
        0.12326500564813614,
        0.11504704505205154,
        0.10594479739665985,
        0.17064082622528076,
        0.1369197964668274,
        0.14487537741661072,
        0.10117851942777634,
        0.12109065800905228,
        0.1395670473575592,
        0.09302971512079239,
        0.10283032059669495,
        0.11215835064649582,
        0.09972807765007019
    ],
    "val_loss": [
        1.0806142091751099,
        1.0092875957489014,
        1.0389913320541382,
        1.070631504058838,
        1.1900891065597534,
        1.2306203842163086,
        1.2814865112304688,
        1.3352313041687012,
        1.3683305978775024,
        1.3762683868408203,
        1.3172649145126343,
        1.2497369050979614,
        1.1630337238311768,
        1.1283799409866333,
        1.1121817827224731,
        1.1326854228973389,
        1.1178392171859741,
        1.0647727251052856,
        1.009269118309021,
        1.0212371349334717,
        1.0867658853530884,
        1.1551316976547241,
        1.2850627899169922,
        1.2741446495056152,
        1.0691267251968384,
        1.0286219120025635,
        1.1011120080947876,
        1.166121244430542,
        1.2695916891098022,
        1.4532755613327026,
        1.4480100870132446,
        1.3696413040161133,
        1.3385071754455566,
        1.3658066987991333,
        1.4070333242416382,
        1.4414266347885132,
        1.3736222982406616,
        1.2969762086868286,
        1.3419378995895386,
        1.4125176668167114,
        1.5022368431091309,
        1.5400428771972656,
        1.4930106401443481,
        1.4774070978164673,
        1.3615989685058594,
        1.3874059915542603,
        1.5476645231246948,
        1.533607840538025,
        1.4221011400222778
    ],
    "train_accuracy": [
        0.5510203838348389,
        0.6530612111091614,
        0.7551020383834839,
        0.8775510191917419,
        0.795918345451355,
        0.8571428656578064,
        0.8571428656578064,
        0.8775510191917419,
        0.8571428656578064,
        0.8571428656578064,
        0.8775510191917419,
        0.8979591727256775,
        0.8775510191917419,
        0.918367326259613,
        0.8979591727256775,
        0.8979591727256775,
        0.918367326259613,
        0.8979591727256775,
        0.918367326259613,
        0.9591836929321289,
        0.8979591727256775,
        0.918367326259613,
        0.918367326259613,
        0.8979591727256775,
        0.918367326259613,
        0.9591836929321289,
        0.918367326259613,
        0.918367326259613,
        0.9387755393981934,
        0.918367326259613,
        0.9795918464660645,
        0.9795918464660645,
        0.8571428656578064,
        0.918367326259613,
        0.9591836929321289,
        0.9387755393981934,
        0.9591836929321289,
        0.9795918464660645,
        0.918367326259613,
        0.9591836929321289,
        0.918367326259613,
        1.0,
        0.9795918464660645,
        0.9387755393981934,
        1.0,
        0.9795918464660645,
        0.9795918464660645,
        0.9795918464660645
    ],
    "val_accuracy": [
        0.5,
        0.5,
        0.5,
        0.5,
        0.4166666567325592,
        0.4166666567325592,
        0.5,
        0.5,
        0.4166666567325592,
        0.5,
        0.6666666865348816,
        0.75,
        0.75,
        0.75,
        0.75,
        0.6666666865348816,
        0.5833333134651184,
        0.5833333134651184,
        0.6666666865348816,
        0.5833333134651184,
        0.5,
        0.5,
        0.4166666567325592,
        0.4166666567325592,
        0.4166666567325592,
        0.5833333134651184,
        0.5,
        0.4166666567325592,
        0.5,
        0.4166666567325592,
        0.4166666567325592,
        0.5,
        0.5,
        0.5,
        0.5,
        0.5833333134651184,
        0.6666666865348816,
        0.6666666865348816,
        0.5,
        0.5833333134651184,
        0.5833333134651184,
        0.5833333134651184,
        0.5,
        0.5,
        0.5833333134651184,
        0.5833333134651184,
        0.5,
        0.5833333134651184,
        0.5833333134651184
    ],
    "epoch_times": [
        0.005953073501586914,
        0.005473136901855469,
        0.00630497932434082,
        0.00524592399597168,
        0.006011009216308594,
        0.005171775817871094,
        0.0054280757904052734,
        0.006005048751831055,
        0.0049626827239990234,
        0.006215333938598633,
        0.005107879638671875,
        0.006346940994262695,
        0.005454063415527344,
        0.00499415397644043,
        0.006061077117919922,
        0.005095005035400391,
        0.005752086639404297,
        0.005088090896606445,
        0.006187915802001953,
        0.005097866058349609,
        0.005361080169677734,
        0.005483150482177734,
        0.005257129669189453,
        0.0057582855224609375,
        0.005181789398193359,
        0.0066950321197509766,
        0.00513005256652832,
        0.006100893020629883,
        0.0050699710845947266,
        0.005309104919433594,
        0.005713939666748047,
        0.005249977111816406,
        0.005510091781616211,
        0.005187034606933594,
        0.005674839019775391,
        0.0049130916595458984,
        0.005975008010864258,
        0.005142927169799805,
        0.0056667327880859375,
        0.00553584098815918,
        0.005516767501831055,
        0.005759000778198242,
        0.005216121673583984,
        0.00557398796081543,
        0.0049190521240234375,
        0.005995988845825195,
        0.005174160003662109,
        0.005864143371582031
    ]
}