{
    "hyperparameters": {
        "bidirectional": true,
        "dropout_rate": 0.0479473145036,
        "hidden_units": 107,
        "learning_rate": 0.0003364581574,
        "num_layers": 1,
        "output_activation": "tanh",
        "weight_decay": 3.07800453e-05
    },
    "dataset_stats": {
        "name": "classification_ozone",
        "train_size": 85,
        "val_size": 21,
        "input_shape": [
            1201,
            1
        ],
        "num_classes": 2
    },
    "epochs": 33,
    "train_loss": [
        0.6985084414482117,
        0.6940523982048035,
        0.6894639134407043,
        0.6931619644165039,
        0.6925545334815979,
        0.6922343373298645,
        0.6902223229408264,
        0.6874179840087891,
        0.6875596642494202,
        0.6877461671829224,
        0.6854548454284668,
        0.6843001842498779,
        0.678390622138977,
        0.6846346855163574,
        0.6748721599578857,
        0.6817878484725952,
        0.6786641478538513,
        0.6799340844154358,
        0.6744060516357422,
        0.6760344505310059,
        0.677262544631958,
        0.6780768632888794,
        0.678027868270874,
        0.6771619319915771,
        0.6739344596862793,
        0.6780646443367004,
        0.6715279817581177,
        0.6752620935440063,
        0.6769349575042725,
        0.6723775863647461,
        0.6720282435417175,
        0.6736065149307251,
        0.6749822497367859
    ],
    "val_loss": [
        0.7152327299118042,
        0.6859353184700012,
        0.679976761341095,
        0.6796696186065674,
        0.6987582445144653,
        0.7212401628494263,
        0.7310296297073364,
        0.7368393540382385,
        0.7244064807891846,
        0.7165781855583191,
        0.7166615128517151,
        0.7142247557640076,
        0.7068422436714172,
        0.7043671607971191,
        0.704654335975647,
        0.702617883682251,
        0.7050556540489197,
        0.7103809118270874,
        0.7136445045471191,
        0.7145836353302002,
        0.7123213410377502,
        0.7130629420280457,
        0.7116764783859253,
        0.7111668586730957,
        0.7111665606498718,
        0.710821270942688,
        0.7084856629371643,
        0.7066241502761841,
        0.7062843441963196,
        0.7060770988464355,
        0.7057890892028809,
        0.7065455317497253,
        0.7069520950317383,
        0.7067368626594543
    ],
    "train_accuracy": [
        0.5647059082984924,
        0.529411792755127,
        0.5764706134796143,
        0.5411764979362488,
        0.5529412031173706,
        0.529411792755127,
        0.5411764979362488,
        0.5647059082984924,
        0.5529412031173706,
        0.5529412031173706,
        0.5647059082984924,
        0.5529412031173706,
        0.6000000238418579,
        0.5411764979362488,
        0.5764706134796143,
        0.5764706134796143,
        0.5882353186607361,
        0.5764706134796143,
        0.5764706134796143,
        0.5529412031173706,
        0.5764706134796143,
        0.5764706134796143,
        0.6000000238418579,
        0.6000000238418579,
        0.5882353186607361,
        0.5764706134796143,
        0.5882353186607361,
        0.5882353186607361,
        0.6000000238418579,
        0.6000000238418579,
        0.5882353186607361,
        0.6000000238418579,
        0.6000000238418579
    ],
    "val_accuracy": [
        0.4285714328289032,
        0.6190476417541504,
        0.6666666865348816,
        0.6666666865348816,
        0.380952388048172,
        0.380952388048172,
        0.3333333432674408,
        0.3333333432674408,
        0.4285714328289032,
        0.4285714328289032,
        0.4285714328289032,
        0.380952388048172,
        0.4285714328289032,
        0.4761904776096344,
        0.4285714328289032,
        0.4761904776096344,
        0.4761904776096344,
        0.4761904776096344,
        0.4761904776096344,
        0.4761904776096344,
        0.4285714328289032,
        0.4285714328289032,
        0.4285714328289032,
        0.4285714328289032,
        0.4285714328289032,
        0.4285714328289032,
        0.4285714328289032,
        0.4285714328289032,
        0.4285714328289032,
        0.4285714328289032,
        0.4285714328289032,
        0.4285714328289032,
        0.4285714328289032,
        0.4285714328289032
    ],
    "epoch_times": [
        0.1502063274383545,
        0.14339852333068848,
        0.1319563388824463,
        0.1405174732208252,
        0.14828109741210938,
        0.15546846389770508,
        0.1591346263885498,
        0.15917611122131348,
        0.15832281112670898,
        0.16017699241638184,
        0.16111278533935547,
        0.16071629524230957,
        0.1590726375579834,
        0.1594541072845459,
        0.16498160362243652,
        0.1638622283935547,
        0.1644454002380371,
        0.16401910781860352,
        0.16490674018859863,
        0.16457009315490723,
        0.16182804107666016,
        0.16323232650756836,
        0.16963720321655273,
        0.1734154224395752,
        0.17101025581359863,
        0.1629927158355713,
        0.1669013500213623,
        0.1669001579284668,
        0.17030882835388184,
        0.16744661331176758,
        0.17152094841003418,
        0.16646575927734375,
        0.16761994361877441
    ]
}