{
    "hyperparameters": {
        "activation": "gelu",
        "dropout_rate": 0.3172593581459,
        "kernel_size": 3,
        "learning_rate": 0.00016592867,
        "num_filters": 164,
        "num_layers": 4,
        "pooling": "max",
        "pooling_size": 2
    },
    "dataset_stats": {
        "name": "ChlorineConcentration",
        "train_size": 748,
        "val_size": 186,
        "input_shape": [
            1,
            166
        ],
        "num_classes": 3
    },
    "epochs": 47,
    "train_loss": [
        1.224734902381897,
        1.1711735725402832,
        1.1362011432647705,
        1.1215029954910278,
        1.1072717905044556,
        1.0856529474258423,
        1.0792365074157715,
        1.0647897720336914,
        1.0697258710861206,
        1.0442744493484497,
        1.0795223712921143,
        1.0498894453048706,
        1.0402053594589233,
        1.0267574787139893,
        1.0337597131729126,
        1.0548160076141357,
        1.012345314025879,
        1.0371596813201904,
        1.0129294395446777,
        0.9944623112678528,
        0.9838807582855225,
        0.9904391765594482,
        0.9945114254951477,
        0.9746699333190918,
        0.9976639151573181,
        0.94957435131073,
        0.9509157538414001,
        0.9605408310890198,
        0.9717645645141602,
        0.9065050482749939,
        0.9275038838386536,
        0.9552233815193176,
        0.9269659519195557,
        0.9147983193397522,
        0.9289389848709106,
        0.910478413105011,
        0.911125898361206,
        0.9296391010284424,
        0.9109830260276794,
        0.8865511417388916,
        0.8942687511444092,
        0.9097009897232056,
        0.8738408088684082,
        0.8838774561882019,
        0.8907539248466492,
        0.8764389753341675,
        0.8847964406013489
    ],
    "val_loss": [
        1.101291298866272,
        1.077370285987854,
        1.0729347467422485,
        1.0951392650604248,
        1.0733119249343872,
        1.0686588287353516,
        1.076917052268982,
        1.0549547672271729,
        1.0542213916778564,
        1.0610812902450562,
        1.053734302520752,
        1.0595307350158691,
        1.05066978931427,
        1.0484235286712646,
        1.0473147630691528,
        1.0312422513961792,
        1.0278891324996948,
        1.0206177234649658,
        1.0220896005630493,
        1.0333012342453003,
        1.0308781862258911,
        1.0371301174163818,
        1.0392390489578247,
        1.028045892715454,
        1.0303924083709717,
        1.0383557081222534,
        1.0464680194854736,
        1.0425326824188232,
        1.0370268821716309,
        1.0360064506530762,
        1.0381051301956177,
        1.0484353303909302,
        1.0349799394607544,
        1.04826819896698,
        1.0558297634124756,
        1.063212513923645,
        1.0655111074447632,
        1.051251769065857,
        1.063106894493103,
        1.0695513486862183,
        1.0820250511169434,
        1.0893603563308716,
        1.0842150449752808,
        1.0813744068145752,
        1.1005654335021973,
        1.0640289783477783,
        1.104597806930542,
        1.085555076599121
    ],
    "train_accuracy": [
        0.3235294222831726,
        0.36631014943122864,
        0.3917112350463867,
        0.4010695219039917,
        0.4050801992416382,
        0.4318181872367859,
        0.42379680275917053,
        0.4491978585720062,
        0.45053476095199585,
        0.47727271914482117,
        0.43983957171440125,
        0.45989304780960083,
        0.4692513346672058,
        0.47192513942718506,
        0.4799465239048004,
        0.47192513942718506,
        0.4946524202823639,
        0.49598929286003113,
        0.490641713142395,
        0.5240641832351685,
        0.5441176295280457,
        0.5133689641952515,
        0.5213903784751892,
        0.5574866533279419,
        0.490641713142395,
        0.5548128485679626,
        0.5548128485679626,
        0.5614973306655884,
        0.5401069521903992,
        0.5828877091407776,
        0.5668449401855469,
        0.5588235259056091,
        0.5628342032432556,
        0.5842245817184448,
        0.5628342032432556,
        0.6016042828559875,
        0.5788770318031311,
        0.5668449401855469,
        0.5855615139007568,
        0.616310179233551,
        0.6082887649536133,
        0.5708556175231934,
        0.6229946613311768,
        0.6002673506736755,
        0.6029411554336548,
        0.6016042828559875,
        0.5935828685760498
    ],
    "val_accuracy": [
        0.1875,
        0.5430107712745667,
        0.4032258093357086,
        0.4193548262119293,
        0.4462365508079529,
        0.4838709533214569,
        0.4301075339317322,
        0.5215053558349609,
        0.5161290168762207,
        0.4838709533214569,
        0.5483871102333069,
        0.5053763389587402,
        0.5268816947937012,
        0.5483871102333069,
        0.5483871102333069,
        0.5806451439857483,
        0.5645161271095276,
        0.5645161271095276,
        0.5591397881507874,
        0.5591397881507874,
        0.5645161271095276,
        0.5215053558349609,
        0.5053763389587402,
        0.5376344323158264,
        0.5483871102333069,
        0.5483871102333069,
        0.5376344323158264,
        0.5322580933570862,
        0.5430107712745667,
        0.5430107712745667,
        0.5376344323158264,
        0.5268816947937012,
        0.5430107712745667,
        0.5215053558349609,
        0.5268816947937012,
        0.5483871102333069,
        0.5322580933570862,
        0.5430107712745667,
        0.5215053558349609,
        0.5322580933570862,
        0.5161290168762207,
        0.5322580933570862,
        0.5107526779174805,
        0.5537634491920471,
        0.5268816947937012,
        0.5322580933570862,
        0.5268816947937012,
        0.5161290168762207
    ],
    "epoch_times": [
        0.5843360424041748,
        0.25983285903930664,
        0.2961721420288086,
        0.3165416717529297,
        0.2948777675628662,
        0.27215051651000977,
        0.300525426864624,
        0.3002767562866211,
        0.2835540771484375,
        0.2847743034362793,
        0.22306585311889648,
        0.21920990943908691,
        0.27697324752807617,
        0.2738926410675049,
        0.2826838493347168,
        0.28971171379089355,
        0.2821469306945801,
        0.2679617404937744,
        0.26853132247924805,
        0.27335476875305176,
        0.26622676849365234,
        0.3180816173553467,
        0.3140838146209717,
        0.28403139114379883,
        0.27970433235168457,
        0.2867882251739502,
        0.31995415687561035,
        0.27678632736206055,
        0.2818455696105957,
        0.2740323543548584,
        0.2871367931365967,
        0.29097843170166016,
        0.2910792827606201,
        0.3012683391571045,
        0.28941965103149414,
        0.29933953285217285,
        0.2818603515625,
        0.27260589599609375,
        0.30016565322875977,
        0.29741954803466797,
        0.27944135665893555,
        0.2913827896118164,
        0.2854595184326172,
        0.26989054679870605,
        0.2699556350708008,
        0.2657158374786377,
        0.23055648803710938
    ]
}