{
    "hyperparameters": {
        "activation": "gelu",
        "dropout_rate": 0.2143119552932,
        "ff_dim": 846,
        "hidden_units": 110,
        "learning_rate": 1.59485593e-05,
        "num_heads": 2,
        "num_layers": 3,
        "pooling": "max",
        "weight_decay": 5.1776829e-05
    },
    "dataset_stats": {
        "name": "BeetleFly",
        "train_size": 32,
        "val_size": 8,
        "input_shape": [
            512,
            1
        ],
        "num_classes": 2
    },
    "epochs": 31,
    "train_loss": [
        0.886640727519989,
        0.9715687036514282,
        0.759075939655304,
        0.9421848654747009,
        1.001813292503357,
        0.8631542921066284,
        0.859102725982666,
        0.8857668042182922,
        0.8119080066680908,
        0.7655168771743774,
        0.7297587394714355,
        0.8057392239570618,
        0.7532451152801514,
        0.8334515690803528,
        0.7267574071884155,
        0.7672377824783325,
        0.7754119634628296,
        0.8455730676651001,
        0.7199020385742188,
        0.687324583530426,
        0.980902373790741,
        0.8226209282875061,
        0.6555703282356262,
        0.7552372217178345,
        0.9400489926338196,
        0.709055483341217,
        0.8929411768913269,
        0.9033952951431274,
        0.6594171524047852,
        0.7780863046646118,
        0.7131677269935608
    ],
    "val_loss": [
        0.5599778294563293,
        0.5601356625556946,
        0.560623049736023,
        0.5625298023223877,
        0.5663443207740784,
        0.5721909403800964,
        0.5804933905601501,
        0.5911457538604736,
        0.5974375605583191,
        0.6030672192573547,
        0.6078829765319824,
        0.6133204698562622,
        0.6185094714164734,
        0.6242488622665405,
        0.6272678971290588,
        0.6301572322845459,
        0.6328589916229248,
        0.6356489658355713,
        0.6382951736450195,
        0.6411019563674927,
        0.6425347328186035,
        0.6439529061317444,
        0.6451212167739868,
        0.6460897922515869,
        0.6470311284065247,
        0.6479458808898926,
        0.6483457088470459,
        0.6487448215484619,
        0.6492270231246948,
        0.6497598886489868,
        0.6502410769462585,
        0.6508164405822754
    ],
    "train_accuracy": [
        0.5,
        0.40625,
        0.5,
        0.34375,
        0.40625,
        0.46875,
        0.5,
        0.4375,
        0.46875,
        0.53125,
        0.59375,
        0.5625,
        0.625,
        0.40625,
        0.5625,
        0.5,
        0.46875,
        0.46875,
        0.65625,
        0.625,
        0.375,
        0.5,
        0.75,
        0.53125,
        0.46875,
        0.5625,
        0.46875,
        0.5625,
        0.6875,
        0.53125,
        0.5625
    ],
    "val_accuracy": [
        0.75,
        0.75,
        0.75,
        0.75,
        0.75,
        0.75,
        0.875,
        0.75,
        0.75,
        0.75,
        0.75,
        0.75,
        0.75,
        0.875,
        0.875,
        0.625,
        0.625,
        0.625,
        0.625,
        0.5,
        0.5,
        0.5,
        0.5,
        0.5,
        0.5,
        0.5,
        0.5,
        0.5,
        0.5,
        0.5,
        0.5,
        0.5
    ],
    "epoch_times": [
        0.05921483039855957,
        0.03416848182678223,
        0.031738996505737305,
        0.03210783004760742,
        0.03286027908325195,
        0.031417131423950195,
        0.03287148475646973,
        0.032228708267211914,
        0.033451080322265625,
        0.03217196464538574,
        0.032444000244140625,
        0.03505349159240723,
        0.033800601959228516,
        0.031590938568115234,
        0.031020402908325195,
        0.0317537784576416,
        0.031059980392456055,
        0.030709505081176758,
        0.031697988510131836,
        0.03186178207397461,
        0.03183293342590332,
        0.03471255302429199,
        0.03291773796081543,
        0.03376460075378418,
        0.03068685531616211,
        0.03204202651977539,
        0.03128385543823242,
        0.030244112014770508,
        0.03074789047241211,
        0.031141281127929688,
        0.03149056434631348
    ]
}