{
    "hyperparameters": {
        "activation": "tanh",
        "dropout_rate": 0.2158965672313,
        "hidden_units": 25,
        "learning_rate": 0.0204941880566,
        "num_layers": 4,
        "weight_decay": 0.0072219114144
    },
    "dataset_stats": {
        "name": "BirdChicken",
        "train_size": 36,
        "val_size": 9,
        "input_shape": [
            512,
            1
        ],
        "num_classes": 2
    },
    "epochs": 37,
    "train_loss": [
        0.728339433670044,
        0.7372375726699829,
        0.6479169130325317,
        0.45431068539619446,
        0.43076422810554504,
        0.35545122623443604,
        0.3599328398704529,
        0.3268406391143799,
        0.37649089097976685,
        0.3508775532245636,
        0.3323124051094055,
        0.3104778826236725,
        0.3083184063434601,
        0.2821776270866394,
        0.3250795602798462,
        0.3344883322715759,
        0.3306530714035034,
        0.3165268301963806,
        0.30226001143455505,
        0.35940513014793396,
        0.24616630375385284,
        0.3690952658653259,
        0.3095778524875641,
        0.34613344073295593,
        0.22824355959892273,
        0.3177154064178467,
        0.2576305568218231,
        0.3606089651584625,
        0.24041172862052917,
        0.24592739343643188,
        0.18682833015918732,
        0.34356915950775146,
        0.45621395111083984,
        0.34373512864112854,
        0.4154287576675415,
        0.2551470398902893,
        0.29516035318374634
    ],
    "val_loss": [
        0.6852870583534241,
        0.6237876415252686,
        0.5739998817443848,
        0.47598880529403687,
        0.41318580508232117,
        0.4123096466064453,
        0.4169667959213257,
        0.3750743567943573,
        0.376514196395874,
        0.43258988857269287,
        0.4599674940109253,
        0.44202160835266113,
        0.4323693811893463,
        0.4747186303138733,
        0.4988185465335846,
        0.47855865955352783,
        0.47304022312164307,
        0.48246920108795166,
        0.5037583708763123,
        0.5166150331497192,
        0.5188128352165222,
        0.49414920806884766,
        0.49960723519325256,
        0.5294077396392822,
        0.5333097577095032,
        0.5254715085029602,
        0.5304515361785889,
        0.522678017616272,
        0.48907196521759033,
        0.46455955505371094,
        0.40904051065444946,
        0.3985908031463623,
        0.3836381733417511,
        0.3873811364173889,
        0.40692102909088135,
        0.4419768750667572,
        0.5140945911407471,
        0.556026816368103
    ],
    "train_accuracy": [
        0.4444444477558136,
        0.5833333134651184,
        0.5833333134651184,
        0.8055555820465088,
        0.8055555820465088,
        0.8888888955116272,
        0.8333333134651184,
        0.9166666865348816,
        0.8055555820465088,
        0.7777777910232544,
        0.8333333134651184,
        0.8611111044883728,
        0.8888888955116272,
        0.9166666865348816,
        0.8333333134651184,
        0.8333333134651184,
        0.8611111044883728,
        0.8333333134651184,
        0.8055555820465088,
        0.8611111044883728,
        0.8611111044883728,
        0.8055555820465088,
        0.8611111044883728,
        0.8611111044883728,
        0.8888888955116272,
        0.8333333134651184,
        0.9166666865348816,
        0.8333333134651184,
        0.8888888955116272,
        0.9166666865348816,
        0.9722222089767456,
        0.8888888955116272,
        0.8611111044883728,
        0.8333333134651184,
        0.8333333134651184,
        0.8611111044883728,
        0.8888888955116272
    ],
    "val_accuracy": [
        0.7777777910232544,
        0.7777777910232544,
        0.7777777910232544,
        0.8888888955116272,
        0.8888888955116272,
        0.7777777910232544,
        0.7777777910232544,
        0.8888888955116272,
        0.8888888955116272,
        0.7777777910232544,
        0.7777777910232544,
        0.6666666865348816,
        0.7777777910232544,
        0.7777777910232544,
        0.7777777910232544,
        0.8888888955116272,
        0.8888888955116272,
        0.8888888955116272,
        0.8888888955116272,
        0.8888888955116272,
        0.8888888955116272,
        0.8888888955116272,
        0.8888888955116272,
        0.8888888955116272,
        0.8888888955116272,
        0.8888888955116272,
        0.8888888955116272,
        0.8888888955116272,
        0.8888888955116272,
        0.8888888955116272,
        0.8888888955116272,
        0.8888888955116272,
        0.8888888955116272,
        0.8888888955116272,
        0.8888888955116272,
        0.8888888955116272,
        0.8888888955116272,
        0.7777777910232544
    ],
    "epoch_times": [
        0.03460812568664551,
        0.030876874923706055,
        0.03254508972167969,
        0.027781963348388672,
        0.027419090270996094,
        0.027971982955932617,
        0.02783203125,
        0.02820563316345215,
        0.02763533592224121,
        0.028293848037719727,
        0.027853965759277344,
        0.027382850646972656,
        0.027245044708251953,
        0.027954816818237305,
        0.02769613265991211,
        0.02716803550720215,
        0.027189016342163086,
        0.027705669403076172,
        0.026911258697509766,
        0.027759075164794922,
        0.027420997619628906,
        0.027195215225219727,
        0.02760028839111328,
        0.027878999710083008,
        0.03074479103088379,
        0.027670621871948242,
        0.028196096420288086,
        0.02840900421142578,
        0.027722835540771484,
        0.02797985076904297,
        0.02752089500427246,
        0.02745795249938965,
        0.02739405632019043,
        0.02716207504272461,
        0.027730941772460938,
        0.027475833892822266,
        0.02721095085144043
    ]
}