{
    "hyperparameters": {
        "activation": "gelu",
        "dropout_rate": 0.27932214181,
        "ff_dim": 639,
        "hidden_units": 208,
        "learning_rate": 1.02616986e-05,
        "num_heads": 5,
        "num_layers": 6,
        "pooling": "max",
        "weight_decay": 8.28719202e-05
    },
    "dataset_stats": {
        "name": "Beef",
        "train_size": 48,
        "val_size": 12,
        "input_shape": [
            470,
            1
        ],
        "num_classes": 5
    },
    "epochs": 123,
    "train_loss": [
        1.6062300205230713,
        2.0698373317718506,
        1.9748730659484863,
        2.719367504119873,
        2.17911434173584,
        1.7593494653701782,
        1.8376362323760986,
        2.5037600994110107,
        2.0478830337524414,
        2.1937804222106934,
        1.8064180612564087,
        1.586995244026184,
        1.7814221382141113,
        1.827597737312317,
        1.8340671062469482,
        1.9491548538208008,
        1.9013437032699585,
        2.106318950653076,
        1.7615070343017578,
        1.8101706504821777,
        1.9046754837036133,
        1.9758412837982178,
        1.6790639162063599,
        1.7048730850219727,
        1.6305677890777588,
        1.8949953317642212,
        1.6656930446624756,
        1.438994288444519,
        1.6075108051300049,
        1.8504464626312256,
        1.7053189277648926,
        1.5715211629867554,
        2.087106943130493,
        1.7319287061691284,
        1.6646909713745117,
        1.7126438617706299,
        1.983014464378357,
        1.845397710800171,
        1.8157241344451904,
        1.6121207475662231,
        1.8533577919006348,
        1.65232515335083,
        2.072317361831665,
        1.834511399269104,
        1.881587028503418,
        1.6082309484481812,
        1.8222116231918335,
        1.8297498226165771,
        1.7138018608093262,
        1.7972838878631592,
        2.0305135250091553,
        1.819685935974121,
        1.7287648916244507,
        2.149143934249878,
        1.801966667175293,
        1.503854513168335,
        1.9636338949203491,
        2.0985260009765625,
        1.4910989999771118,
        1.6911983489990234,
        1.8799126148223877,
        1.9380122423171997,
        1.5716286897659302,
        1.6604865789413452,
        1.8334784507751465,
        1.9066572189331055,
        1.485203742980957,
        2.182462215423584,
        1.6516687870025635,
        1.5217088460922241,
        1.6798057556152344,
        1.7594231367111206,
        1.9182027578353882,
        1.9110134840011597,
        1.6967030763626099,
        1.6970131397247314,
        1.6844266653060913,
        1.5865356922149658,
        1.5124882459640503,
        1.7390328645706177,
        1.6268223524093628,
        1.5437201261520386,
        1.8249518871307373,
        1.7434941530227661,
        1.6639708280563354,
        1.820522427558899,
        1.4297268390655518,
        1.8904255628585815,
        1.730834722518921,
        1.6623204946517944,
        1.620011329650879,
        1.917070746421814,
        1.9552229642868042,
        1.5612006187438965,
        1.8199259042739868,
        1.814259648323059,
        1.4256279468536377,
        1.4974191188812256,
        1.99587881565094,
        1.7831932306289673,
        1.8143744468688965,
        1.9739567041397095,
        1.5083279609680176,
        1.6484639644622803,
        1.837143898010254,
        2.014530658721924,
        1.5687973499298096,
        1.5785977840423584,
        1.9243704080581665,
        1.4569928646087646,
        1.4263800382614136,
        1.690706491470337,
        1.5636985301971436,
        1.4733244180679321,
        1.6827049255371094,
        1.5769901275634766,
        1.796185851097107,
        1.9214133024215698,
        1.6417317390441895,
        1.8911327123641968,
        1.8840442895889282,
        1.7509280443191528,
        1.9410030841827393
    ],
    "val_loss": [
        2.4372215270996094,
        2.3424785137176514,
        2.294548749923706,
        2.2568423748016357,
        2.2351906299591064,
        2.2194607257843018,
        2.2101423740386963,
        2.208209276199341,
        2.2078120708465576,
        2.203106164932251,
        2.1913468837738037,
        2.1764767169952393,
        2.1552016735076904,
        2.126009464263916,
        2.0932157039642334,
        2.0615243911743164,
        2.0387396812438965,
        2.0060770511627197,
        1.9821019172668457,
        1.9680675268173218,
        1.9593406915664673,
        1.9489837884902954,
        1.9403115510940552,
        1.9317431449890137,
        1.9239751100540161,
        1.9163671731948853,
        1.9055171012878418,
        1.8923386335372925,
        1.881489634513855,
        1.8687111139297485,
        1.8577502965927124,
        1.8467508554458618,
        1.834993839263916,
        1.8269258737564087,
        1.8217538595199585,
        1.817145824432373,
        1.8101868629455566,
        1.8064934015274048,
        1.800106406211853,
        1.796402931213379,
        1.7930229902267456,
        1.7878131866455078,
        1.7805842161178589,
        1.776129126548767,
        1.7698302268981934,
        1.7641420364379883,
        1.759740948677063,
        1.7571567296981812,
        1.7542170286178589,
        1.7486428022384644,
        1.7424591779708862,
        1.7392024993896484,
        1.7381081581115723,
        1.7374191284179688,
        1.738321304321289,
        1.7357335090637207,
        1.731535792350769,
        1.7313209772109985,
        1.7317148447036743,
        1.7274378538131714,
        1.7248120307922363,
        1.7253316640853882,
        1.7227978706359863,
        1.719081997871399,
        1.7133455276489258,
        1.7085905075073242,
        1.7010067701339722,
        1.6932967901229858,
        1.6911530494689941,
        1.686893105506897,
        1.6882294416427612,
        1.69056236743927,
        1.6912850141525269,
        1.6914631128311157,
        1.6852731704711914,
        1.6773754358291626,
        1.6679326295852661,
        1.6635255813598633,
        1.656477928161621,
        1.6483473777770996,
        1.6409025192260742,
        1.6382802724838257,
        1.6373611688613892,
        1.6397091150283813,
        1.6416927576065063,
        1.6411956548690796,
        1.643189549446106,
        1.6418017148971558,
        1.6409149169921875,
        1.6421656608581543,
        1.6408915519714355,
        1.639285922050476,
        1.63756263256073,
        1.6363964080810547,
        1.6372922658920288,
        1.6395692825317383,
        1.6415380239486694,
        1.64364755153656,
        1.6462005376815796,
        1.6472759246826172,
        1.6480073928833008,
        1.649269700050354,
        1.6519287824630737,
        1.6549478769302368,
        1.658331274986267,
        1.6612881422042847,
        1.6622051000595093,
        1.6633886098861694,
        1.6650463342666626,
        1.6660889387130737,
        1.66717529296875,
        1.6680488586425781,
        1.668577790260315,
        1.6688534021377563,
        1.6691511869430542,
        1.6691111326217651,
        1.6689473390579224,
        1.668573260307312,
        1.668451189994812,
        1.6684433221817017,
        1.6683735847473145,
        1.6682748794555664,
        1.6681647300720215,
        1.6680822372436523
    ],