{
    "hyperparameters": {
        "bidirectional": true,
        "dropout_rate": 0.4081346253005,
        "hidden_units": 212,
        "learning_rate": 0.0055353020239,
        "num_layers": 2,
        "output_activation": "sigmoid",
        "weight_decay": 0.0005398721405
    },
    "dataset_stats": {
        "name": "CBF",
        "train_size": 44,
        "val_size": 11,
        "input_shape": [
            128,
            1
        ],
        "num_classes": 3
    },
    "epochs": 34,
    "train_loss": [
        1.24513840675354,
        0.7293735146522522,
        1.7039153575897217,
        0.7546897530555725,
        0.6814634799957275,
        0.7468460202217102,
        0.7862457036972046,
        0.5086180567741394,
        0.5955395102500916,
        0.2794322669506073,
        0.4372730255126953,
        0.5240776538848877,
        0.29179105162620544,
        0.479243665933609,
        0.26484477519989014,
        0.44381779432296753,
        0.17105677723884583,
        0.3148307502269745,
        0.18235941231250763,
        0.06905719637870789,
        0.23509883880615234,
        0.24539314210414886,
        0.2112794816493988,
        0.17076309025287628,
        0.13506165146827698,
        0.1922401338815689,
        0.1454763263463974,
        0.14741726219654083,
        0.3148236572742462,
        0.20079420506954193,
        0.14844441413879395,
        0.25613993406295776,
        0.14867176115512848,
        0.19166894257068634
    ],
    "val_loss": [
        1.3404024839401245,
        1.5438522100448608,
        1.4538958072662354,
        1.2607645988464355,
        0.7161126732826233,
        0.847849428653717,
        0.8520219326019287,
        0.9029169082641602,
        0.9952895641326904,
        0.9592233300209045,
        0.7802074551582336,
        0.8616178035736084,
        1.0597063302993774,
        1.1035794019699097,
        1.0013394355773926,
        0.9971904158592224,
        0.9572206139564514,
        0.9761024117469788,
        1.0503259897232056,
        1.0809520483016968,
        1.0911809206008911,
        1.052728533744812,
        1.0781188011169434,
        1.0758254528045654,
        1.0727614164352417,
        1.0778305530548096,
        1.110352635383606,
        1.1795848608016968,
        1.2785228490829468,
        1.2949254512786865,
        1.289228916168213,
        1.263619303703308,
        1.2207456827163696,
        1.1725587844848633,
        1.1268715858459473
    ],
    "train_accuracy": [
        0.3181818127632141,
        0.8181818723678589,
        0.27272728085517883,
        0.7727273106575012,
        0.7272727489471436,
        0.8181818723678589,
        0.6818181872367859,
        0.7727273106575012,
        0.6818181872367859,
        0.9090909361839294,
        0.8636363744735718,
        0.7727273106575012,
        0.8636363744735718,
        0.7727273106575012,
        0.8636363744735718,
        0.7727273106575012,
        0.9545454978942871,
        0.9090909361839294,
        0.9545454978942871,
        1.0,
        0.9090909361839294,
        0.8181818723678589,
        0.9090909361839294,
        0.9090909361839294,
        1.0,
        0.9090909361839294,
        0.9545454978942871,
        0.9545454978942871,
        0.8636363744735718,
        0.9545454978942871,
        1.0,
        0.8636363744735718,
        0.9545454978942871,
        0.9090909361839294
    ],
    "val_accuracy": [
        0.1818181872367859,
        0.5454545617103577,
        0.5454545617103577,
        0.4545454680919647,
        0.6363636255264282,
        0.5454545617103577,
        0.6363636255264282,
        0.3636363744735718,
        0.5454545617103577,
        0.6363636255264282,
        0.8181819319725037,
        0.7272727489471436,
        0.6363636255264282,
        0.5454545617103577,
        0.6363636255264282,
        0.6363636255264282,
        0.6363636255264282,
        0.6363636255264282,
        0.6363636255264282,
        0.6363636255264282,
        0.6363636255264282,
        0.6363636255264282,
        0.6363636255264282,
        0.6363636255264282,
        0.6363636255264282,
        0.6363636255264282,
        0.6363636255264282,
        0.5454545617103577,
        0.5454545617103577,
        0.5454545617103577,
        0.5454545617103577,
        0.5454545617103577,
        0.6363636255264282,
        0.6363636255264282,
        0.6363636255264282
    ],
    "epoch_times": [
        0.2499837875366211,
        0.4503190517425537,
        0.4261128902435303,
        0.5314631462097168,
        0.40195441246032715,
        0.4442007541656494,
        0.4104130268096924,
        0.40796661376953125,
        0.5190765857696533,
        0.44544529914855957,
        0.38988828659057617,
        0.40262579917907715,
        0.41747283935546875,
        0.421034574508667,
        0.4172196388244629,
        0.40112805366516113,
        0.41179919242858887,
        0.39219212532043457,
        0.42005228996276855,
        0.5021340847015381,
        0.41208863258361816,
        0.4939920902252197,
        0.5217523574829102,
        0.4178900718688965,
        0.4697380065917969,
        0.40662360191345215,
        0.4367868900299072,
        0.5356752872467041,
        0.401364803314209,
        0.43798017501831055,
        0.4341731071472168,
        0.5081126689910889,
        0.3831515312194824,
        0.4634673595428467
    ]
}