{
    "hyperparameters": {
        "activation": "tanh",
        "dropout_rate": 0.3858592412077,
        "kernel_size": 5,
        "learning_rate": 0.0003061217952,
        "num_filters": 74,
        "num_layers": 3,
        "pooling": "max",
        "pooling_size": 1
    },
    "dataset_stats": {
        "name": "CBF",
        "train_size": 48,
        "val_size": 12,
        "input_shape": [
            1,
            128
        ],
        "num_classes": 3
    },
    "epochs": 70,
    "train_loss": [
        1.138597011566162,
        1.1983342170715332,
        0.9290599822998047,
        0.9806108474731445,
        0.8939065933227539,
        0.8743591904640198,
        0.8934572339057922,
        0.8240612149238586,
        0.9418167471885681,
        0.7695559859275818,
        0.8401922583580017,
        0.5950059294700623,
        0.6768576502799988,
        0.6366289258003235,
        0.6283320784568787,
        0.712691605091095,
        0.7000944018363953,
        0.6080907583236694,
        0.5859563946723938,
        0.6517104506492615,
        0.6155359745025635,
        0.5496520400047302,
        0.4938962459564209,
        0.5001693367958069,
        0.5170390605926514,
        0.5071220993995667,
        0.5487126111984253,
        0.5235849022865295,
        0.49190279841423035,
        0.5589041709899902,
        0.49614545702934265,
        0.5310726761817932,
        0.3428904712200165,
        0.5193942189216614,
        0.4676811695098877,
        0.37260565161705017,
        0.5378244519233704,
        0.5039312243461609,
        0.4687396287918091,
        0.36503052711486816,
        0.35650256276130676,
        0.430377334356308,
        0.39924025535583496,
        0.3522181510925293,
        0.2888432443141937,
        0.2517881393432617,
        0.3040221929550171,
        0.2906435430049896,
        0.28858378529548645,
        0.35818156599998474,
        0.2913059890270233,
        0.26330381631851196,
        0.242448627948761,
        0.3381340801715851,
        0.26146024465560913,
        0.3620421588420868,
        0.28420087695121765,
        0.26562249660491943,
        0.23833529651165009,
        0.19498586654663086,
        0.25340548157691956,
        0.28724655508995056,
        0.2834834158420563,
        0.2709304690361023,
        0.2148970365524292,
        0.1985187977552414,
        0.25821101665496826,
        0.3134519159793854,
        0.31913548707962036,
        0.2082836627960205
    ],
    "val_loss": [
        1.0842472314834595,
        1.0791741609573364,
        1.071984887123108,
        1.0616649389266968,
        1.0465344190597534,
        1.0269418954849243,
        1.0015358924865723,
        0.9696083664894104,
        0.9301573634147644,
        0.8826520442962646,
        0.8335442543029785,
        0.7816410660743713,
        0.7317561507225037,
        0.688817024230957,
        0.649353563785553,
        0.6102501749992371,
        0.5755227208137512,
        0.5475417971611023,
        0.5335941910743713,
        0.5135955810546875,
        0.49072763323783875,
        0.4582291543483734,
        0.4453429877758026,
        0.43936625123023987,
        0.4320027828216553,
        0.4277745485305786,
        0.42532896995544434,
        0.42554771900177,
        0.43201732635498047,
        0.4280635118484497,
        0.43370869755744934,
        0.4487478733062744,
        0.4493631422519684,
        0.44821539521217346,
        0.4569668471813202,
        0.4649578630924225,
        0.4613390862941742,
        0.43530216813087463,
        0.4227001965045929,
        0.4166865050792694,
        0.4119010269641876,
        0.41671594977378845,
        0.4255330562591553,
        0.42364832758903503,
        0.4400022029876709,
        0.43533626198768616,
        0.4449963867664337,
        0.4464467763900757,
        0.4637066423892975,
        0.4801962673664093,
        0.5068783164024353,
        0.5200523138046265,
        0.5350657105445862,
        0.5452145338058472,
        0.5349223613739014,
        0.5294850468635559,
        0.5348061919212341,
        0.5355917811393738,
        0.5379481911659241,
        0.5594344735145569,
        0.606156051158905,
        0.6408299803733826,
        0.6459349989891052,
        0.6651411652565002,
        0.6390394568443298,
        0.6303083300590515,
        0.5967758297920227,
        0.5713906288146973,
        0.5689306855201721,
        0.5691654086112976,
        0.5811939239501953
    ],
    "train_accuracy": [
        0.4791666567325592,
        0.3958333432674408,
        0.5625,
        0.5,
        0.5625,
        0.5625,
        0.5416666865348816,
        0.6458333134651184,
        0.5208333134651184,
        0.6666666865348816,
        0.5625,
        0.7708333134651184,
        0.7708333134651184,
        0.7916666865348816,
        0.7291666865348816,
        0.6875,
        0.75,
        0.7708333134651184,
        0.75,
        0.6875,
        0.7291666865348816,
        0.7916666865348816,
        0.7916666865348816,
        0.8333333134651184,
        0.7916666865348816,
        0.8333333134651184,
        0.8125,
        0.75,
        0.8125,
        0.75,
        0.875,
        0.8333333134651184,
        0.9166666865348816,
        0.7916666865348816,
        0.8541666865348816,
        0.8958333134651184,
        0.75,
        0.7708333134651184,
        0.7916666865348816,
        0.875,
        0.8541666865348816,
        0.8541666865348816,
        0.875,
        0.8958333134651184,
        0.8958333134651184,
        0.9375,
        0.9166666865348816,
        0.8958333134651184,
        0.8541666865348816,
        0.8125,
        0.875,
        0.9375,
        0.8958333134651184,
        0.8958333134651184,
        0.9583333134651184,
        0.8333333134651184,
        0.8958333134651184,
        0.9375,
        0.9166666865348816,
        0.9791666865348816,
        0.8958333134651184,
        0.9166666865348816,
        0.8958333134651184,
        0.9375,
        0.9375,
        0.9791666865348816,
        0.8958333134651184,
        0.8541666865348816,
        0.8333333134651184,
        0.9375
    ],
    "val_accuracy": [
        0.4166666567325592,
        0.4166666567325592,
        0.4166666567325592,
        0.4166666567325592,
        0.4166666567325592,
        0.5833333730697632,
        0.9166666865348816,
        1.0,
        1.0,
        1.0,
        0.8333333134651184,
        0.75,
        0.75,
        0.75,
        0.75,
        0.75,
        0.75,
        0.75,
        0.75,
        0.75,
        0.75,
        0.75,
        0.75,
        0.75,
        0.75,
        0.75,
        0.75,
        0.75,
        0.75,
        0.75,
        0.75,
        0.75,
        0.75,
        0.75,
        0.75,
        0.75,
        0.75,
        0.75,
        0.75,
        0.75,
        0.75,
        0.75,
        0.75,
        0.75,
        0.75,
        0.75,
        0.75,
        0.75,
        0.75,
        0.75,
        0.75,
        0.75,
        0.75,
        0.75,
        0.8333333134651184,
        0.8333333134651184,
        0.8333333134651184,
        0.8333333134651184,
        0.8333333134651184,
        0.75,
        0.75,
        0.75,
        0.75,
        0.75,
        0.75,
        0.75,
        0.75,
        0.8333333134651184,
        0.8333333134651184,
        0.8333333134651184,
        0.8333333134651184
    ],