{
    "hyperparameters": {
        "activation": "gelu",
        "dropout_rate": 0.2830115084066,
        "ff_dim": 880,
        "hidden_units": 148,
        "learning_rate": 4.31873011e-05,
        "num_heads": 4,
        "num_layers": 3,
        "pooling": "mean",
        "weight_decay": 9.47975004e-05
    },
    "dataset_stats": {
        "name": "Car",
        "train_size": 96,
        "val_size": 24,
        "input_shape": [
            577,
            1
        ],
        "num_classes": 4
    },
    "epochs": 32,
    "train_loss": [
        1.953332543373108,
        1.4921382665634155,
        1.5126579999923706,
        1.5403984785079956,
        1.4913214445114136,
        1.492516040802002,
        1.5542339086532593,
        1.348008394241333,
        1.2366423606872559,
        1.4721345901489258,
        1.4626926183700562,
        1.4356770515441895,
        1.5427968502044678,
        1.497401237487793,
        1.4507724046707153,
        1.4968904256820679,
        1.6001639366149902,
        1.3487231731414795,
        1.2087379693984985,
        1.4950194358825684,
        1.5064998865127563,
        1.276721477508545,
        1.4306720495224,
        1.356404423713684,
        1.2841356992721558,
        1.4339697360992432,
        1.2665005922317505,
        1.1911377906799316,
        1.5999667644500732,
        1.461153507232666,
        1.4248145818710327,
        1.3881778717041016
    ],
    "val_loss": [
        2.804171323776245,
        1.7037104368209839,
        1.4694932699203491,
        1.5635401010513306,
        1.6197900772094727,
        1.6646419763565063,
        1.7105363607406616,
        1.6509780883789062,
        1.5408267974853516,
        1.5116697549819946,
        1.5169529914855957,
        1.5478382110595703,
        1.5841704607009888,
        1.613549828529358,
        1.6128650903701782,
        1.596652865409851,
        1.5863679647445679,
        1.5683807134628296,
        1.544297695159912,
        1.534472942352295,
        1.515966773033142,
        1.5143038034439087,
        1.5154322385787964,
        1.5220608711242676,
        1.525330901145935,
        1.524734616279602,
        1.5251857042312622,
        1.5247691869735718,
        1.525997281074524,
        1.5272544622421265,
        1.5277584791183472,
        1.5273624658584595,
        1.5279537439346313
    ],
    "train_accuracy": [
        0.25,
        0.28125,
        0.3125,
        0.25,
        0.34375,
        0.375,
        0.25,
        0.3125,
        0.40625,
        0.46875,
        0.3125,
        0.34375,
        0.21875,
        0.28125,
        0.3125,
        0.3125,
        0.46875,
        0.375,
        0.40625,
        0.34375,
        0.3125,
        0.4375,
        0.28125,
        0.34375,
        0.46875,
        0.46875,
        0.46875,
        0.4375,
        0.28125,
        0.25,
        0.25,
        0.3125
    ],
    "val_accuracy": [
        0.2083333283662796,
        0.125,
        0.2916666865348816,
        0.2916666865348816,
        0.3333333432674408,
        0.25,
        0.2083333283662796,
        0.25,
        0.2916666865348816,
        0.375,
        0.375,
        0.375,
        0.375,
        0.2916666865348816,
        0.25,
        0.25,
        0.25,
        0.25,
        0.25,
        0.3333333432674408,
        0.3333333432674408,
        0.3333333432674408,
        0.375,
        0.375,
        0.375,
        0.375,
        0.375,
        0.375,
        0.375,
        0.3333333432674408,
        0.3333333432674408,
        0.3333333432674408,
        0.3333333432674408
    ],
    "epoch_times": [
        0.1763930320739746,
        0.15559148788452148,
        0.15229511260986328,
        0.15000510215759277,
        0.14977145195007324,
        0.15459275245666504,
        0.15327191352844238,
        0.1608905792236328,
        0.15257525444030762,
        0.15412306785583496,
        0.1505134105682373,
        0.15183353424072266,
        0.15253067016601562,
        0.14823389053344727,
        0.14857840538024902,
        0.14854645729064941,
        0.1483914852142334,
        0.148529052734375,
        0.14950251579284668,
        0.14882159233093262,
        0.14951276779174805,
        0.14951229095458984,
        0.14935779571533203,
        0.1475069522857666,
        0.14916706085205078,
        0.14877080917358398,
        0.15076708793640137,
        0.14908933639526367,
        0.14741063117980957,
        0.14837145805358887,
        0.1490647792816162,
        0.1499462127685547
    ]
}