{
    "hyperparameters": {
        "bidirectional": true,
        "dropout_rate": 0.2288399378502,
        "hidden_units": 200,
        "learning_rate": 0.0006925168083,
        "num_layers": 1,
        "output_activation": "gelu",
        "weight_decay": 2.78531198e-05
    },
    "dataset_stats": {
        "name": "ArrowHead",
        "train_size": 58,
        "val_size": 14,
        "input_shape": [
            251,
            1
        ],
        "num_classes": 3
    },
    "epochs": 61,
    "train_loss": [
        1.0898338556289673,
        1.0447537899017334,
        0.9388630390167236,
        0.7903360724449158,
        0.6715961694717407,
        0.6078078746795654,
        0.5802208185195923,
        0.5149476528167725,
        0.5395992994308472,
        0.47881338000297546,
        0.4670450687408447,
        0.42546215653419495,
        0.4545595943927765,
        0.3808116018772125,
        0.41162776947021484,
        0.3607485890388489,
        0.3692767918109894,
        0.34661561250686646,
        0.3360694944858551,
        0.3343261480331421,
        0.32495617866516113,
        0.32239121198654175,
        0.3266966938972473,
        0.3171630799770355,
        0.31561627984046936,
        0.3107365667819977,
        0.30716046690940857,
        0.308738648891449,
        0.30462169647216797,
        0.3056555986404419,
        0.3025345504283905,
        0.303142786026001,
        0.3008797764778137,
        0.29973989725112915,
        0.2995704710483551,
        0.2991078495979309,
        0.29913291335105896,
        0.2984135150909424,
        0.29676589369773865,
        0.29745104908943176,
        0.2968282401561737,
        0.2970336377620697,
        0.29707810282707214,
        0.2967895567417145,
        0.2955642640590668,
        0.2982577979564667,
        0.29607856273651123,
        0.29863297939300537,
        0.29662081599235535,
        0.29609090089797974,
        0.29611676931381226,
        0.2953455150127411,
        0.29497185349464417,
        0.29615721106529236,
        0.2968064546585083,
        0.2962944805622101,
        0.29566794633865356,
        0.2960655689239502,
        0.2965446710586548,
        0.2960653603076935,
        0.2956697642803192
    ],
    "val_loss": [
        1.1229294538497925,
        1.1319212913513184,
        1.1509634256362915,
        1.1303492784500122,
        1.1020002365112305,
        1.2238999605178833,
        1.155689001083374,
        1.203425407409668,
        1.1904516220092773,
        1.0881165266036987,
        0.8534942865371704,
        0.73673015832901,
        1.1376806497573853,
        0.9694777727127075,
        0.9090337753295898,
        0.7693725228309631,
        0.9391972422599792,
        0.9295936822891235,
        0.8582650423049927,
        0.7806100845336914,
        0.7063981294631958,
        0.6953796148300171,
        0.8295911550521851,
        0.8895759582519531,
        0.7572644352912903,
        0.7454671859741211,
        0.8231936097145081,
        0.8376229405403137,
        0.7812873125076294,
        0.7291182279586792,
        0.680122971534729,
        0.6615992784500122,
        0.680081307888031,
        0.7256016135215759,
        0.7536789774894714,
        0.7635698318481445,
        0.7548032999038696,
        0.7275927662849426,
        0.7135085463523865,
        0.6978848576545715,
        0.6900565028190613,
        0.6867227554321289,
        0.686451256275177,
        0.6905231475830078,
        0.6953043937683105,
        0.7010247111320496,
        0.7076958417892456,
        0.7128415107727051,
        0.7168573141098022,
        0.71941739320755,
        0.7206335067749023,
        0.7217455506324768,
        0.7230263948440552,
        0.7236274480819702,
        0.7232450246810913,
        0.7231485247612,
        0.7228237986564636,
        0.7224594950675964,
        0.7214856147766113,
        0.7201012969017029,
        0.7183700799942017,
        0.7166827321052551
    ],
    "train_accuracy": [
        0.37931033968925476,
        0.5517241358757019,
        0.6551724076271057,
        0.7931034564971924,
        0.8275862336158752,
        0.8275862336158752,
        0.8275862336158752,
        0.8275862336158752,
        0.8275862336158752,
        0.8965517282485962,
        0.8793103694915771,
        0.8965517282485962,
        0.8965517282485962,
        0.982758641242981,
        0.931034505367279,
        0.9655172228813171,
        0.9482758641242981,
        0.982758641242981,
        0.982758641242981,
        1.0,
        1.0,
        1.0,
        1.0,
        1.0,
        1.0,
        1.0,
        1.0,
        1.0,
        1.0,
        1.0,
        1.0,
        1.0,
        1.0,
        1.0,
        1.0,
        1.0,
        1.0,
        1.0,
        1.0,
        1.0,
        1.0,
        1.0,
        1.0,
        1.0,
        1.0,
        1.0,
        1.0,
        1.0,
        1.0,
        1.0,
        1.0,
        1.0,
        1.0,
        1.0,
        1.0,
        1.0,
        1.0,
        1.0,
        1.0,
        1.0,
        1.0
    ],
    "val_accuracy": [
        0.2857142984867096,
        0.4285714626312256,
        0.3571428656578064,
        0.2857142984867096,
        0.4285714626312256,
        0.2857142984867096,
        0.4285714626312256,
        0.4285714626312256,
        0.4285714626312256,
        0.6428571939468384,
        0.7142857313156128,
        0.7142857313156128,
        0.6428571939468384,
        0.785714328289032,
        0.6428571939468384,
        0.785714328289032,
        0.7142857313156128,
        0.785714328289032,
        0.785714328289032,
        0.8571429252624512,
        0.8571429252624512,
        0.8571429252624512,
        0.8571429252624512,
        0.8571429252624512,
        0.8571429252624512,
        0.8571429252624512,
        0.8571429252624512,
        0.8571429252624512,
        0.8571429252624512,
        0.8571429252624512,
        0.8571429252624512,
        0.8571429252624512,
        0.8571429252624512,
        0.8571429252624512,
        0.8571429252624512,
        0.8571429252624512,
        0.8571429252624512,
        0.8571429252624512,
        0.8571429252624512,
        0.8571429252624512,
        0.8571429252624512,
        0.8571429252624512,
        0.8571429252624512,
        0.8571429252624512,
        0.8571429252624512,
        0.8571429252624512,
        0.8571429252624512,
        0.8571429252624512,
        0.8571429252624512,
        0.8571429252624512,
        0.8571429252624512,
        0.8571429252624512,
        0.8571429252624512,
        0.8571429252624512,
        0.8571429252624512,
        0.8571429252624512,
        0.8571429252624512,
        0.8571429252624512,
        0.8571429252624512,
        0.8571429252624512,
        0.8571429252624512,
        0.8571429252624512
    ],