{
    "hyperparameters": {
        "activation": "gelu",
        "dropout_rate": 0.0845558831264,
        "ff_dim": 617,
        "hidden_units": 261,
        "learning_rate": 0.0001521304248,
        "num_heads": 7,
        "num_layers": 3,
        "pooling": "mean",
        "weight_decay": 6.26805437e-05
    },
    "dataset_stats": {
        "name": "ChlorineConcentration",
        "train_size": 374,
        "val_size": 93,
        "input_shape": [
            166,
            1
        ],
        "num_classes": 3
    },
    "epochs": 43,
    "train_loss": [
        1.001168131828308,
        1.108788013458252,
        1.1403945684432983,
        1.0862858295440674,
        1.0776792764663696,
        0.9096737504005432,
        1.1045836210250854,
        1.0677471160888672,
        1.0613185167312622,
        1.0657083988189697,
        0.7514015436172485,
        1.0108853578567505,
        1.085479974746704,
        1.046016812324524,
        1.0400317907333374,
        0.9244794845581055,
        1.1550551652908325,
        1.1240477561950684,
        0.9956248998641968,
        0.6345617175102234,
        1.2108210325241089,
        0.9863466024398804,
        0.993303120136261,
        1.0727301836013794,
        0.9886158108711243,
        0.968671441078186,
        0.9886235594749451,
        1.0278254747390747,
        1.00360906124115,
        0.9359294772148132,
        1.0894089937210083,
        0.9697065949440002,
        1.1508444547653198,
        0.9697849750518799,
        1.0694540739059448,
        0.7831714153289795,
        1.04545259475708,
        1.1581220626831055,
        1.144140362739563,
        0.9037296175956726,
        0.9668412804603577,
        0.879309892654419,
        0.9624738693237305
    ],
    "val_loss": [
        0.9832409620285034,
        1.061049222946167,
        1.0344581604003906,
        0.9903638362884521,
        1.062259554862976,
        0.9497348666191101,
        0.9531500339508057,
        1.0071769952774048,
        0.9494220614433289,
        0.95656418800354,
        0.9592346549034119,
        0.9564924240112305,
        0.9641783237457275,
        0.9405772686004639,
        0.9772209525108337,
        0.9494764804840088,
        0.94932621717453,
        0.9805755019187927,
        0.9450027346611023,
        0.9582447409629822,
        0.9452863931655884,
        0.9409714341163635,
        0.9547138810157776,
        0.947780966758728,
        0.9425818920135498,
        0.9536197781562805,
        0.9479144811630249,
        0.9464656114578247,
        0.9433870911598206,
        0.9453991055488586,
        0.9521634578704834,
        0.954230010509491,
        0.9505464434623718,
        0.952992856502533,
        0.9499205946922302,
        0.9480989575386047,
        0.9463286995887756,
        0.9457428455352783,
        0.9465553760528564,
        0.9470324516296387,
        0.9475054740905762,
        0.9483692049980164,
        0.9470849633216858,
        0.9462234377861023
    ],
    "train_accuracy": [
        0.5454545617103577,
        0.27272728085517883,
        0.4545454680919647,
        0.4545454680919647,
        0.5454545617103577,
        0.6363636255264282,
        0.3636363744735718,
        0.5,
        0.5454545617103577,
        0.5,
        0.7727273106575012,
        0.4545454680919647,
        0.5,
        0.5909091234207153,
        0.5454545617103577,
        0.6363636255264282,
        0.4545454680919647,
        0.5,
        0.5909091234207153,
        0.9090909361839294,
        0.3636363744735718,
        0.6363636255264282,
        0.5909091234207153,
        0.5,
        0.5,
        0.5454545617103577,
        0.5909091234207153,
        0.5909091234207153,
        0.5454545617103577,
        0.5909091234207153,
        0.40909093618392944,
        0.6363636255264282,
        0.40909093618392944,
        0.5909091234207153,
        0.40909093618392944,
        0.6818181872367859,
        0.40909093618392944,
        0.3636363744735718,
        0.40909093618392944,
        0.5909091234207153,
        0.6363636255264282,
        0.6818181872367859,
        0.5
    ],
    "val_accuracy": [
        0.546875,
        0.602150559425354,
        0.4193548262119293,
        0.5376344323158264,
        0.301075279712677,
        0.602150559425354,
        0.602150559425354,
        0.602150559425354,
        0.602150559425354,
        0.602150559425354,
        0.602150559425354,
        0.602150559425354,
        0.5913978219032288,
        0.602150559425354,
        0.49462366104125977,
        0.602150559425354,
        0.602150559425354,
        0.602150559425354,
        0.602150559425354,
        0.602150559425354,
        0.602150559425354,
        0.602150559425354,
        0.602150559425354,
        0.602150559425354,
        0.602150559425354,
        0.602150559425354,
        0.602150559425354,
        0.602150559425354,
        0.602150559425354,
        0.602150559425354,
        0.602150559425354,
        0.602150559425354,
        0.602150559425354,
        0.5806451439857483,
        0.602150559425354,
        0.602150559425354,
        0.602150559425354,
        0.602150559425354,
        0.602150559425354,
        0.602150559425354,
        0.5913978219032288,
        0.602150559425354,
        0.602150559425354,
        0.5913978219032288
    ],
    "epoch_times": [
        0.2840006351470947,
        0.2185506820678711,
        0.22014260292053223,
        0.22934436798095703,
        0.22079229354858398,
        0.2212216854095459,
        0.21744060516357422,
        0.21343994140625,
        0.21806049346923828,
        0.21979093551635742,
        0.218855619430542,
        0.22208762168884277,
        0.22617101669311523,
        0.2152717113494873,
        0.21707534790039062,
        0.21423959732055664,
        0.2147972583770752,
        0.22499728202819824,
        0.2147982120513916,
        0.2148284912109375,
        0.21219849586486816,
        0.22100472450256348,
        0.22743511199951172,
        0.22104310989379883,
        0.22086238861083984,
        0.21821999549865723,
        0.2225477695465088,
        0.21793389320373535,
        0.22374439239501953,
        0.21688151359558105,
        0.21829676628112793,
        0.2179093360900879,
        0.21683931350708008,
        0.21199250221252441,
        0.21753430366516113,
        0.21602392196655273,
        0.21470165252685547,
        0.21715903282165527,
        0.21356558799743652,
        0.22092819213867188,
        0.21227550506591797,
        0.21770381927490234,
        0.21388745307922363
    ]
}