{
    "hyperparameters": {
        "activation": "relu",
        "dropout_rate": 0.422230201292,
        "hidden_units": 116,
        "learning_rate": 0.0122995695524,
        "num_layers": 4,
        "weight_decay": 0.0068387681915
    },
    "dataset_stats": {
        "name": "CinCECGTorso",
        "train_size": 52,
        "val_size": 13,
        "input_shape": [
            1639,
            1
        ],
        "num_classes": 4
    },
    "epochs": 61,
    "train_loss": [
        1.6025398969650269,
        1.5992724895477295,
        1.4728947877883911,
        1.1253308057785034,
        0.9647074341773987,
        0.7781234383583069,
        0.8158521056175232,
        0.6303992867469788,
        0.8253760933876038,
        0.4998766779899597,
        0.6689303517341614,
        0.520267128944397,
        0.4504926800727844,
        0.4555501341819763,
        0.5152244567871094,
        0.5680361390113831,
        0.27575773000717163,
        0.4520109295845032,
        0.36228179931640625,
        0.35344454646110535,
        0.3045760989189148,
        0.4183848202228546,
        0.36205145716667175,
        0.4367862939834595,
        0.24645182490348816,
        0.2774087190628052,
        0.35224980115890503,
        0.25173357129096985,
        0.38926535844802856,
        0.33838504552841187,
        0.2656521797180176,
        0.21818917989730835,
        0.3911110460758209,
        0.3024204671382904,
        0.4327804148197174,
        0.30183738470077515,
        0.26969772577285767,
        0.23750422894954681,
        0.2574301064014435,
        0.20673483610153198,
        0.2118302434682846,
        0.16856087744235992,
        0.3461480438709259,
        0.338920921087265,
        0.1979542076587677,
        0.1883087307214737,
        0.13661211729049683,
        0.12452530860900879,
        0.12478828430175781,
        0.16225692629814148,
        0.26169872283935547,
        0.23659172654151917,
        0.1931883990764618,
        0.3664683997631073,
        0.2542533874511719,
        0.14774376153945923,
        0.37816378474235535,
        0.2396162897348404,
        0.46811261773109436,
        0.1533421128988266,
        0.23632127046585083
    ],
    "val_loss": [
        1.3679568767547607,
        1.1546313762664795,
        1.0031251907348633,
        1.0722779035568237,
        1.173310399055481,
        1.107657790184021,
        1.0583083629608154,
        1.055185079574585,
        0.9042981863021851,
        0.7677572965621948,
        0.7066057920455933,
        0.7005849480628967,
        0.7019816040992737,
        0.7615925669670105,
        0.7896212935447693,
        0.8285287618637085,
        0.8085883259773254,
        0.7458109259605408,
        0.7303610444068909,
        0.7279137969017029,
        0.7559777498245239,
        0.7595986723899841,
        0.7406303882598877,
        0.7128231525421143,
        0.6593616008758545,
        0.653928816318512,
        0.6325701475143433,
        0.605161190032959,
        0.6037150621414185,
        0.6049914956092834,
        0.6017907857894897,
        0.5995262861251831,
        0.6242026090621948,
        0.6707007884979248,
        0.7023949027061462,
        0.7554163336753845,
        0.7935492992401123,
        0.8160610198974609,
        0.8564668297767639,
        0.8808611631393433,
        0.8962790966033936,
        0.8591251373291016,
        0.8183410167694092,
        0.7817711234092712,
        0.7873980402946472,
        0.7936710119247437,
        0.8172211050987244,
        0.8396787047386169,
        0.8472903370857239,
        0.8511108756065369,
        0.8500185012817383,
        0.8059343099594116,
        0.8092240691184998,
        0.8246110677719116,
        0.8737393617630005,
        0.9927997589111328,
        1.0559935569763184,
        0.946353018283844,
        0.8604490756988525,
        0.9690302610397339,
        1.1067041158676147,
        1.2181451320648193
    ],
    "train_accuracy": [
        0.21153846383094788,
        0.26923078298568726,
        0.38461539149284363,
        0.5192307829856873,
        0.5961538553237915,
        0.75,
        0.75,
        0.75,
        0.6538461446762085,
        0.8461538553237915,
        0.7307692170143127,
        0.8269230723381042,
        0.807692289352417,
        0.8653846383094788,
        0.807692289352417,
        0.75,
        0.9038461446762085,
        0.8269230723381042,
        0.8653846383094788,
        0.8846153616905212,
        0.8846153616905212,
        0.7692307829856873,
        0.8269230723381042,
        0.807692289352417,
        0.942307710647583,
        0.8846153616905212,
        0.8846153616905212,
        0.8653846383094788,
        0.9038461446762085,
        0.8846153616905212,
        0.8846153616905212,
        0.9230769276618958,
        0.8846153616905212,
        0.8846153616905212,
        0.8653846383094788,
        0.942307710647583,
        0.9230769276618958,
        0.9038461446762085,
        0.8846153616905212,
        0.9615384340286255,
        0.9230769276618958,
        0.942307710647583,
        0.8846153616905212,
        0.8846153616905212,
        0.9230769276618958,
        0.9230769276618958,
        0.9615384340286255,
        0.942307710647583,
        0.9807692170143127,
        0.942307710647583,
        0.8461538553237915,
        0.9038461446762085,
        0.942307710647583,
        0.9038461446762085,
        0.9230769276618958,
        0.9615384340286255,
        0.8461538553237915,
        0.9038461446762085,
        0.8461538553237915,
        0.9807692170143127,
        0.8846153616905212
    ],
    "val_accuracy": [
        0.6153846383094788,
        0.5384615659713745,
        0.5384615659713745,
        0.5384615659713745,
        0.5384615659713745,
        0.5384615659713745,
        0.6153846383094788,
        0.6153846383094788,
        0.692307710647583,
        0.7692307829856873,
        0.692307710647583,
        0.692307710647583,
        0.692307710647583,
        0.692307710647583,
        0.692307710647583,
        0.692307710647583,
        0.692307710647583,
        0.6153846383094788,
        0.692307710647583,
        0.692307710647583,
        0.692307710647583,
        0.7692307829856873,
        0.692307710647583,
        0.692307710647583,
        0.7692307829856873,
        0.7692307829856873,
        0.7692307829856873,
        0.7692307829856873,
        0.7692307829856873,
        0.7692307829856873,
        0.7692307829856873,
        0.7692307829856873,
        0.7692307829856873,
        0.692307710647583,
        0.692307710647583,
        0.692307710647583,
        0.6153846383094788,
        0.6153846383094788,
        0.6153846383094788,
        0.6153846383094788,
        0.6153846383094788,
        0.6153846383094788,
        0.692307710647583,
        0.692307710647583,
        0.7692307829856873,
        0.7692307829856873,
        0.7692307829856873,
        0.7692307829856873,
        0.7692307829856873,
        0.692307710647583,
        0.692307710647583,
        0.692307710647583,
        0.692307710647583,
        0.6153846383094788,
        0.5384615659713745,
        0.5384615659713745,
        0.5384615659713745,
        0.5384615659713745,
        0.6153846383094788,
        0.6153846383094788,
        0.692307710647583,
        0.692307710647583
    ],