{
    "hyperparameters": {
        "activation": "tanh",
        "dropout_rate": 0.2584221170003,
        "hidden_units": 25,
        "learning_rate": 0.0021322269372,
        "num_layers": 1,
        "weight_decay": 0.0041733442683
    },
    "dataset_stats": {
        "name": "Car",
        "train_size": 68,
        "val_size": 17,
        "input_shape": [
            577,
            1
        ],
        "num_classes": 4
    },
    "epochs": 38,
    "train_loss": [
        1.4766792058944702,
        1.1698694229125977,
        1.1494325399398804,
        1.1260275840759277,
        0.9928084015846252,
        1.0456690788269043,
        0.8971326351165771,
        0.9380779266357422,
        0.9450276494026184,
        0.9461822509765625,
        0.9402547478675842,
        0.8623704314231873,
        0.9238664507865906,
        0.8442390561103821,
        0.7970128059387207,
        0.7828440070152283,
        0.7650554180145264,
        0.8009696006774902,
        0.7806047201156616,
        0.71830153465271,
        0.7382361888885498,
        0.7310178875923157,
        0.701698899269104,
        0.7635051012039185,
        0.7664666175842285,
        0.782848596572876,
        0.7112412452697754,
        0.7124800682067871,
        0.6974093317985535,
        0.655085563659668,
        0.7210007309913635,
        0.7273372411727905,
        0.7396969795227051,
        0.6900559067726135,
        0.6606537699699402,
        0.6498433351516724,
        0.5835011601448059,
        0.6318345069885254
    ],
    "val_loss": [
        1.5178338289260864,
        1.4600505828857422,
        1.4985766410827637,
        1.4247936010360718,
        1.3860923051834106,
        1.3203295469284058,
        1.209900140762329,
        1.1480923891067505,
        1.1311883926391602,
        1.1652593612670898,
        1.1916933059692383,
        1.2175321578979492,
        1.2731788158416748,
        1.283970832824707,
        1.2778782844543457,
        1.3231191635131836,
        1.3905096054077148,
        1.4115729331970215,
        1.2786760330200195,
        1.1500577926635742,
        1.1535685062408447,
        1.1523895263671875,
        1.1745178699493408,
        1.1945711374282837,
        1.2523850202560425,
        1.3267804384231567,
        1.2917957305908203,
        1.234193205833435,
        1.2880544662475586,
        1.3939850330352783,
        1.4583386182785034,
        1.4814651012420654,
        1.539826512336731,
        1.5771849155426025,
        1.6211873292922974,
        1.6863659620285034,
        1.7206085920333862,
        1.758205533027649,
        1.7998499870300293
    ],
    "train_accuracy": [
        0.3382352888584137,
        0.5441176295280457,
        0.47058823704719543,
        0.529411792755127,
        0.6323529481887817,
        0.5441176295280457,
        0.720588207244873,
        0.6764705777168274,
        0.6470588445663452,
        0.6764705777168274,
        0.6617646813392639,
        0.720588207244873,
        0.720588207244873,
        0.720588207244873,
        0.75,
        0.75,
        0.7352941036224365,
        0.7352941036224365,
        0.75,
        0.779411792755127,
        0.8382353186607361,
        0.7941176295280457,
        0.7941176295280457,
        0.7352941036224365,
        0.7647058963775635,
        0.7058823704719543,
        0.75,
        0.779411792755127,
        0.8529411554336548,
        0.8676470518112183,
        0.7647058963775635,
        0.7647058963775635,
        0.720588207244873,
        0.8235294222831726,
        0.8235294222831726,
        0.8235294222831726,
        0.8529411554336548,
        0.8235294222831726
    ],
    "val_accuracy": [
        0.11764705926179886,
        0.3529411852359772,
        0.3529411852359772,
        0.3529411852359772,
        0.47058823704719543,
        0.4117647111415863,
        0.4117647111415863,
        0.47058823704719543,
        0.5882353186607361,
        0.5882353186607361,
        0.5882353186607361,
        0.47058823704719543,
        0.47058823704719543,
        0.47058823704719543,
        0.47058823704719543,
        0.4117647111415863,
        0.3529411852359772,
        0.4117647111415863,
        0.3529411852359772,
        0.5882353186607361,
        0.5882353186607361,
        0.5882353186607361,
        0.5882353186607361,
        0.529411792755127,
        0.3529411852359772,
        0.29411765933036804,
        0.29411765933036804,
        0.47058823704719543,
        0.4117647111415863,
        0.29411765933036804,
        0.29411765933036804,
        0.29411765933036804,
        0.4117647111415863,
        0.529411792755127,
        0.529411792755127,
        0.5882353186607361,
        0.7058823704719543,
        0.5882353186607361,
        0.5882353186607361
    ],
    "epoch_times": [
        0.0072879791259765625,
        0.007272005081176758,
        0.007662296295166016,
        0.006786823272705078,
        0.007169008255004883,
        0.006384849548339844,
        0.0066297054290771484,
        0.007654905319213867,
        0.006431102752685547,
        0.0073511600494384766,
        0.007450103759765625,
        0.029851198196411133,
        0.007664203643798828,
        0.0075800418853759766,
        0.006598949432373047,
        0.007045745849609375,
        0.007310152053833008,
        0.006382942199707031,
        0.006537199020385742,
        0.006963014602661133,
        0.006318807601928711,
        0.007338047027587891,
        0.00706791877746582,
        0.0063440799713134766,
        0.007246971130371094,
        0.007189035415649414,
        0.006365299224853516,
        0.007238149642944336,
        0.00714111328125,
        0.006387948989868164,
        0.007246971130371094,
        0.007133007049560547,
        0.006410121917724609,
        0.007385969161987305,
        0.009322166442871094,
        0.0066339969635009766,
        0.006918907165527344,
        0.007224082946777344
    ]
}